http://11.UploadMirror.com/uploaded/2/446/glitter_maker_03_22_2007_18_54_35_86908.gif	e7bc9498245cc99a640f01f6578fa73a89601f7e.gif
http://192.197.110.181/large/winpoohhapbi.jpg	be3619cb9b6f6e9df3b3c45368d837451987d0dc.jpg
http://209.215.174.103/webcams/img/56-01-01.jpg	a150728d67816d84e373cea3193aebb1931992ba.jpg
http://216.239.54.9/img/70/1735/640/piss%20bush.jpg	5445904b6ff177b575af2cafefa09db347eb072f.jpg
http://64.224.210.212/fullsize1.jpg	ddad36e3f4bfe1e9d0663d40819a7fe1e5a62492.jpg
http://64.241.25.110/yell/webcams/oldfaith.jpg	ebba6519e15844f8d77f103b4e16851c1fe69b87.jpg
http://82.115.174.126/record/current.jpg	881ef518eb8192014a3a127c922eb41cb92e7d0d.jpg
http://a741.ac-images.myspacecdn.com/images01/1/l_5eee52a620480dd9cb8851e6ae2885e4.jpg	cfc96e0fc0032ac727b3b9281e9953b485523caf.jpg
http://a80.ac-images.myspacecdn.com/images01/35/l_985ac99130350d8b85f4b2cfbb3f172f.jpg	5ebcd0f318f15c6ca1ddfab69f4fae6f55ceb5f7.jpg
http://aycu08.webshots.com/image/6287/2004033717279382603_th.jpg	47189eb7ab683d91944139c2cef3952a3f29e3ef.jpg
http://aycu24.webshots.com/image/6703/2004060230834901227_th.jpg	319f332bbdeb8156ea89366c42d3df77a1e9f705.jpg
http://azzurra.org/forum/images/smilies/classic/icon_smile_approve.gif	6788e0b0b42054f8c0d57e2319093295ce7b56e0.gif
http://azzurra.org/forum/images/smilies/classic/icon_smile_wink.gif	8ef0676433816b523eb196147347e616e1408520.gif
http://barbatruk.altervista.org/oliver.jpg	6fd192045de1f119c755373ccae445189b53e385.jpg
http://blog.immense-serie.de/wp-content/uploads/2008/04/dark-angel-jessica-alba-standing-3700317.jpg	c86fe2c07dc0023049892e95b2ca78a506b1cb11.jpg
http://blog.zszaiss.com/wp-content/auron.jpg	07ac17b83e61f6b31b8b6d1584a45eccb71e6f36.jpg
http://blufiles.storage.live.com/y1pJ4rlO3N47kSdNatjcwymxavmhT8zplgayPW7YwK5TBUH-6n9ZI-NGOkaYRd-p0RYIMZIvIwnSL4	47da6270da01631e8526b5169595ddb270fd62d5.comy
http://borghetto.astrofili.org/mondi/51Peg.jpg	386ff2b48f605dc2aa01d06939e2c8f998bbb6a7.jpg
http://bristian.altervista.org/spem.gif	96eb5731a7197e7e2dfb0971789db9ed149b66ba.gif
http://bs-d.unife.it/formazione/doc-corsi/powerpoint/immagini/animazione-3-pernacchia.gif	d2a425447c4ca9ab646079600eeae03536e2f215.gif
http://byfiles.storage.msn.com/x1pN1mp8dKYgTFBkNYQawh3BUnw6ph54sbVaXHmisHd1Wbyp7r1B-d28nvKZB7CKOXRKx_24-wEDoi-naSdN4qiRdp_XlkNIlLjI8_vH2BkoB32v-OnvWlogw	e2263d9d615066353215f304007b59e4a62cdce7.comx
http://byfiles.storage.msn.com/x1pN1mp8dKYgTFBkNYQawh3BWU07RO5ht9Ph-TxdI_9BrVJQeIuhBQF-_ue9A8X3ulhzO7Ri-kdExmbLs9Imc0GzaYwLwU24jB5qZY4sAEA5jpYBXlJoR3Dig	509e670d2878e8357a7386ea6ffae629dae99df5.comx
http://cache.daylife.com/imageserve/0ctQd3taG76Sy/610x.jpg	b07dda4f4e7cbaf8fc1234809c6bf14e63f9518c.jpg
http://cartolineparlanti.auguri.it/pics/compleanno15_cp.jpg	111a4eb860d1b847b9891a2724feed3806e56b76.jpg
http://cecio.krur.com/wp-content/uploads/2006/07/vaffanculo_guerra_atomica_dito.jpg	50071038ad46b7e2344c8ce918d96ca4809218d1.jpg
http://chanstats.azzurra.org/counters/mestruati.png	881d136c3bd5c6f35cdb1c20ae0ae642d3e71fcf.png
http://community.the-underdogs.org/smiley/happy/biggringift.gif	15c5ab1fd873e76adac87f6f5c2b584a21508c99.gif
http://content.answers.com/main/content/wp/en/thumb/a/a9/250px-Fatality.png	8139c6490be99260f7ff6845d86ccc1e77aa7f0c.png
http://crowland.uw.hu/images/legio/kepi.jpg	3347073471a3c25186efb51c11c1ec8a699ccf4e.jpg
http://darkover.it/twanky/pics/iolao02.jpg	c8006cec769ca88966920177d3fd3e0d59998bee.jpg
http://degra.altervista.org/_altervista_ht/culi.jpg	8fe93be6e9bd62b988d04c0c37871f5e40a974b0.jpg
http://digilander.iol.it/alduccio1/Alduccio-Msi.gif	2d0b7adc0072f1b9cbd42c8cafbba1489f91590a.gif
http://digilander.libero.it/cyberkaos/ECO_planet/Contro/tvarie/vivisezione.jpg	3f33c45736d8f91323c9f26828fc4340fbbf0a35.jpg
http://digilander.libero.it/dolcemaniagif/images/gif%20fiori/rosabluche_luccica.gif	8b1b00b5435e47e5639cc5169850525c8461d7ff.gif
http://digilander.libero.it/doniuccia/faccine/Angeli/littleangel.gif	97650588669444f75e8b20ef18f8795988b1686b.gif
http://digilander.libero.it/doniuccia/faccine/Big/smaward.gif	0e0c058b0345b8f634b7a05888791ddc0738763b.gif
http://digilander.libero.it/doniuccia/faccine/Felici/OLA.gif	cb7ee54b892647d72d5eb8ad589ad1eadfc4ed30.gif
http://digilander.libero.it/doniuccia/faccine/Varie/Varie3/stralol_1_.gif	1d66f272de396838b4d4204d95a71932a980768b.gif
http://digilander.libero.it/erevan/images/img0008.jpg	76eb828d635fd352cf73d9b5b7bdb9b7e80703ad.jpg
http://dx.ampednews.com/images/content/6/content/0016/Redeemer.jpg	aedb2108c484123928c49ba11b1604102f4bfb57.jpg
http://e4u.veiozmedia.com/music/musik01.gif	ca4363435fc2a9a5f10db3f352b1cde903aaf655.gif
http://e4u.veiozmedia.com/music/musik21.gif	a7bdadf87bcc04a176b39303aad22efa1b5d0da8.gif
http://e4u.veiozmedia.com/music/musik29.gif	bdb87f94c0519671c9de092b57b0919551856ad7.gif
http://ec3.images-amazon.com/images/P/079073463X.01._AA280_SCLZZZZZZZ_.jpg	ac108ddc8a6e7c43a6dbe6a64da0fc231e01c462.jpg
http://emmina.blog.excite.it/img/giglio.jpg	a99015359d8afe2c5b614f45ec0c616f421f84f2.jpg
http://eur.i1.yimg.com/eur.yimg.com/i/it/sp/capir.jpg	c54298cc5d670be1cd84b66a8d70985601971775.jpg
http://fabbri01.altervista.org/gruppo.jpg	0b2d174cd9f011663dd3e3cf4115b9e2688e1305.jpg
http://fabbri01.altervista.org/jo-fonzia2.JPG	726161ab454137c84c92a55915b810afc67958e0.jpg
http://fantaitalia.netsons.org/wp-includes/images/smilies/icon_razz.gif	82c1f2638853dbb1357e0669c324d4e46fb8e374.gif
http://forum.azzurra.org/%3E%20minkia%20nas.....co%20quello%20manco%20morta	e76f839b2ce7a8b36ed756fa887b1bac90302159.co20
http://forum.azzurra.org/azzurra/buttons/report.gif	28fce4e8bc73a3f2ad2b1b3f34ac2e6d34b2bbf9.gif
http://forum.azzurra.org/azzurra/statusicon/forum_new.gif	cf68e56d8ba87e7409d4ddb60f5c1170fc716f12.gif
http://forum.azzurra.org/azzurra/statusicon/forum_new_lock.gif	90f580dd6f08b81fb3073d290971931b8ecf1c5a.gif
http://forum.azzurra.org/azzurra/statusicon/forum_old.gif	088e6cf75ef1654a2fff140e2e7ac01146e9bcad.gif
http://forum.azzurra.org/azzurra/statusicon/forum_old_lock.gif	b1a2ff4df70d4ec5e055d3b7a9002760d5d9a55f.gif
http://forum.azzurra.org/azzurra2.0/statusicon/user_offline.gif	98764e17d4a25db10a599798d263a146e0b221f1.gif
http://forum.azzurra.org/customavatars/avatar4775_25.gif	028215280859c4832dd40b9269fb54e4a9764511.gif
http://forum.azzurra.org/forum/images/smiles/icon_biggrin.gif	13fdd55666b82c835ebfbba78f3a155fc6b3cb05.gif
http://forum.azzurra.org/forum/images/smiles/icon_wink.gif	b5f24f2c4bf943e4126b1de17dd418bf5bdcc786.gif
http://forum.azzurra.org/images/smiles/icon_cry.gif	d89167486c5c15cbf889eb7e10ae9df14983a798.gif
http://forum.azzurra.org/images/smiles/icon_eek.gif	9b8ebf8b6da566afc1ba45c6d6a607ad45bf9558.gif
http://forum.azzurra.org/images/smiles/icon_razz.gif	fbd70bb2bda7233fc7587361a4f7424e77b2d4d2.gif
http://forum.azzurra.org/images/smilies/abbassooo.gif	8919c069d008ed55f67c5da9a62ec777a4363a6b.gif
http://forum.azzurra.org/images/smilies/angeli/angel13.gif	e3dc561d7f09bf8019ffafc9fc60f4686df78d2f.gif
http://forum.azzurra.org/images/smilies/angeli/angel20.gif	323e4083cf6602e399464d3da10aad1ac89a4097.gif
http://forum.azzurra.org/images/smilies/angeli/angel25.gif	15033ed9e433cf14e812b7da789492f630b075ae.gif
http://forum.azzurra.org/images/smilies/angeli/angel42.gif	0a4a6f9716d15ffccdecde4fa4ea073cc0dc6e90.gif
http://forum.azzurra.org/images/smilies/animali/anim01.gif	5ac03d921e6d1efaf2ac36cac90dc5cab6ae81ca.gif
http://forum.azzurra.org/images/smilies/animali/anim04.gif	98350bf863112ee7b1824e7634b7120ae6521d12.gif
http://forum.azzurra.org/images/smilies/animali/anim11.gif	d928b2f26fdcebd87fad6ded0bc932fe6d529ddf.gif
http://forum.azzurra.org/images/smilies/animali/anim16.gif	3ceb25e551a063c4b10878a5d601ec6db0570d12.gif
http://forum.azzurra.org/images/smilies/animali/anim18.gif	b49ee527909c4ad9902b05376900f9d704ced315.gif
http://forum.azzurra.org/images/smilies/animali/anim24.gif	2de66fdd6aa17d9c6466d885603f16ae68cb9e26.gif
http://forum.azzurra.org/images/smilies/animali/anim28.gif	31c3f7ee15a62db02fba9a3e106d337d7fdcfc68.gif
http://forum.azzurra.org/images/smilies/animali/anim35.gif	77b1c3ab5425cefe7f91a1937208edd2cc5ed321.gif
http://forum.azzurra.org/images/smilies/animali/anim50.gif	00d1ccbe29d07eff95886c49889297f60b6244c3.gif
http://forum.azzurra.org/images/smilies/animali/anim51.gif	7b33c17aab09d19bf22fbd2b62e3bc2e47055a57.gif
http://forum.azzurra.org/images/smilies/animali/anim53.gif	3b6d757298ed402f165beef9bd4260b0d3153018.gif
http://forum.azzurra.org/images/smilies/barba.gif	8f5c43ea0a61b3e851beaf34f48bb2e7dfe6b4cb.gif
http://forum.azzurra.org/images/smilies/cartelli/cart03.gif	fdd45c137b7801911e5a5c323fc1a870dc96d419.gif
http://forum.azzurra.org/images/smilies/cartelli/cart04.gif	3f559974a912db9b53e55774e3a5909a68c1a3c1.gif
http://forum.azzurra.org/images/smilies/cartelli/cart08.gif	f4ddc4b2eb690db23b8c6ccb14488473f546ca3f.gif
http://forum.azzurra.org/images/smilies/cartelli/cart10.gif	240f506c40f4c4c2e1510b5378d87b0c3a5c2b14.gif
http://forum.azzurra.org/images/smilies/cartelli/cart11.gif	023c6cbc0506344c9b9be16327b75043eabadfb8.gif
http://forum.azzurra.org/images/smilies/cartelli/cart14.gif	9d2051d163ad99c4cbbef368280d71c31633f376.gif
http://forum.azzurra.org/images/smilies/cartelli/cart15.gif	272e1bf4413230cd0b3e54a5d40e6a87cc622797.gif
http://forum.azzurra.org/images/smilies/cartelli/cart23.gif	d645a1f51638f4206eeb12d5a605e0274215afb9.gif
http://forum.azzurra.org/images/smilies/cartelli/cart24.gif	e536ed20c5eef2b385f9598a905bbc82c86718b6.gif
http://forum.azzurra.org/images/smilies/cartelli/cart30.gif	1ec410b3635f5550b09bf8accd85020594faa730.gif
http://forum.azzurra.org/images/smilies/cartelli/cart31.gif	9c73f7f88e71bc747f435ff54c8a6f1d1185284d.gif
http://forum.azzurra.org/images/smilies/cartelli/cart34.gif	85f1f9135700ecb26cc737bdb7266ae23e96663d.gif
http://forum.azzurra.org/images/smilies/cartelli/cart35.gif	9d70ebcef50237b3865fc812e73370dd44b29cbe.gif
http://forum.azzurra.org/images/smilies/cartelli/cart36.gif	4ee899cab5763794d4d69cb021561c5cdb4a6601.gif
http://forum.azzurra.org/images/smilies/cartelli/cart40.gif	75703d35fc67610b50d58fba7499cf82239eb092.gif
http://forum.azzurra.org/images/smilies/cartelli/cart44.gif	ad5fc91be0b31d2164fbdc0ae4b862e6f0b6fb50.gif
http://forum.azzurra.org/images/smilies/cartelli/cart45.gif	43c985babf38f4ff4275eb20cc77ba9c61d34bef.gif
http://forum.azzurra.org/images/smilies/cartelli/cart49.gif	4f9c11b3f6712b5e063b135e85948acb8cb978ae.gif
http://forum.azzurra.org/images/smilies/cartelli/cart51.gif	69f3e7a2939a3c113a22060b40842eae2fcf129f.gif
http://forum.azzurra.org/images/smilies/cartelli/cart53.gif	28282acad5c56158fefab2d5d4499a056cc19670.gif
http://forum.azzurra.org/images/smilies/cartelli/cart56.gif	43c20fa51888a0e52c3d1477b126720c6fee2566.gif
http://forum.azzurra.org/images/smilies/cartelli/cart60.gif	f8d1113bb11951348ed3e45eaa937c933ea93c91.gif
http://forum.azzurra.org/images/smilies/cartelli/cart63.gif	6c214776bbf6ba0262a5099ad75551f1c2db44cd.gif
http://forum.azzurra.org/images/smilies/cartelli/cart80.gif	55a851f1de9d8b2b39100c0036373ea979709c09.gif
http://forum.azzurra.org/images/smilies/cartelli/cart85.gif	ede9ddf340260a15418f343c499b9a401395ca37.gif
http://forum.azzurra.org/images/smilies/cibo/cibo03.gif	d59f8d4ece640efe6f4eff06519b4b84025cb51a.gif
http://forum.azzurra.org/images/smilies/cibo/cibo08.gif	bbeb79273c48bc62c4592864dd88369e8c778bd1.gif
http://forum.azzurra.org/images/smilies/cibo/cibo09.gif	b1aba214e704893080e92bac1dda4c70140e8ca7.gif
http://forum.azzurra.org/images/smilies/cibo/cibo10.gif	9684dd77770f0db52c95bfa2731d62d460d0ed8b.gif
http://forum.azzurra.org/images/smilies/cibo/cibo28.gif	aaecb29a5c4c5e2d08217bc9a2bb604ec8b20edd.gif
http://forum.azzurra.org/images/smilies/cibo/cibo60.gif	1ba19351d13a8fc2520a3191da9884f1bc00ad23.gif
http://forum.azzurra.org/images/smilies/cibo/cibo66.gif	baaf765f3e24434e4cd939690310dcd4a4201dce.gif
http://forum.azzurra.org/images/smilies/cibo/cibo73.gif	6f3b2886293093ca081f553d6490bfe56e781e27.gif
http://forum.azzurra.org/images/smilies/cibo/cibo75.gif	5ae34f5a86116efeb5eea1a3f1d584bfa2390d64.gif
http://forum.azzurra.org/images/smilies/cibo/cibo79.gif	1f739086028f1971e3cc9b75612fc2ebd1b2fc4a.gif
http://forum.azzurra.org/images/smilies/cibo/cibo82.gif	bec58dd38517840339ff719554d7083bfc591fee.gif
http://forum.azzurra.org/images/smilies/classic/icon_biggrin.gif	6d47281fe5f1a7ebf1ca6aab0716f7d5e064afb3.gif
http://forum.azzurra.org/images/smilies/classic/icon_confused.gif	8f67ae290dd4b35d17df14051bb9e6f60af3b8de.gif
http://forum.azzurra.org/images/smilies/classic/icon_cry.gif	20bb99df81b7e509ce023c5d3ae39cef75e1e8cb.gif
http://forum.azzurra.org/images/smilies/classic/icon_eek.gif	e60a6df93011bfb4f09e4e5e4976d2064548da58.gif
http://forum.azzurra.org/images/smilies/classic/icon_evil.gif	ccc1df9f5f254882487485fb702f0f980cce60ac.gif
http://forum.azzurra.org/images/smilies/classic/icon_exclaim.gif	90bbd6935c92396db8538db993f144df398c57b7.gif
http://forum.azzurra.org/images/smilies/classic/icon_frown.gif	a8c6e0eb7607651b0501dc672bfd13b3f5d94af3.gif
http://forum.azzurra.org/images/smilies/classic/icon_lol.gif	3b788dc4adef263e3d1cbe528055dafdb7855d44.gif
http://forum.azzurra.org/images/smilies/classic/icon_mad.gif	47eeb87e15a342c60429a705150cc2630d4bc8a3.gif
http://forum.azzurra.org/images/smilies/classic/icon_mrgreen.gif	16950e54cb53a96025438a138d838b22303dd45d.gif
http://forum.azzurra.org/images/smilies/classic/icon_question.gif	d239cff3b3e2a5ca18cffa50c2e9cbccbed02616.gif
http://forum.azzurra.org/images/smilies/classic/icon_redface.gif	da78f4204ccacca532094a9e4ea6c419fe876b71.gif
http://forum.azzurra.org/images/smilies/classic/icon_rolleyes.gif	6fbfabd07134ecdf9a1d96c9a9e81477f239d788.gif
http://forum.azzurra.org/images/smilies/classic/icon_sad.gif	465e14da90acd0111b9e6745746b8125f729a83e.gif
http://forum.azzurra.org/images/smilies/classic/icon_smile.gif	905d9c6eca39e48d06f64183ce7dca822634a72f.gif
http://forum.azzurra.org/images/smilies/classic/icon_smile_angry.gif	4fc52594a88256cfdc404b46d6593d550c54ec2a.gif
http://forum.azzurra.org/images/smilies/classic/icon_smile_approve.gif	fae28c23cad8b45001cc3d56c2f5ba0bc8614c3f.gif
http://forum.azzurra.org/images/smilies/classic/icon_smile_big.gif	c9683b5920b2b80629220ff4248e3420a9b7a460.gif
http://forum.azzurra.org/images/smilies/classic/icon_smile_blackeye.gif	42c9068dfebd51534d5ab126a99302a64b00d1fc.gif
http://forum.azzurra.org/images/smilies/classic/icon_smile_blush.gif	263d9fee07034da787b3cf86a3b82a2681c3494b.gif
http://forum.azzurra.org/images/smilies/classic/icon_smile_cool.gif	448b2af137d06c38e46a53f0db1f5d44c5e556b2.gif
http://forum.azzurra.org/images/smilies/classic/icon_smile_dead.gif	a965493d31dfe01e4f05b014b6ab68939581b7a1.gif
http://forum.azzurra.org/images/smilies/classic/icon_smile_dissapprove.gif	832a5a3df4b4e4bbc394edc19bd0b73d14a849ea.gif
http://forum.azzurra.org/images/smilies/classic/icon_smile_evil.gif	098fd222ed3e3b2989dca4f1c58f2132b359b13b.gif
http://forum.azzurra.org/images/smilies/classic/icon_smile_kisses.gif	e71b779b090b9c50e62c547d104ac65802eb75f1.gif
http://forum.azzurra.org/images/smilies/classic/icon_smile_question.gif	897b0e38ab91c7f3cc63c6ee02243298f88c78b1.gif
http://forum.azzurra.org/images/smilies/classic/icon_smile_sad.gif	27736e7760c61a7b053ff3ceb44e39d972db9b92.gif
http://forum.azzurra.org/images/smilies/classic/icon_smile_shock.gif	969a698e81b45266fd8d46670db147c0c7708c59.gif
http://forum.azzurra.org/images/smilies/classic/icon_smile_shy.gif	d2691195f24a3b2ea10f21c4788b6a4af1236ff2.gif
http://forum.azzurra.org/images/smilies/classic/icon_smile_sleepy.gif	388bfaaf8a0e1cb1df0fe768b675c0ce22cfd011.gif
http://forum.azzurra.org/images/smilies/classic/icon_smile_tongue.gif	d3681a846e7c64056265cf6b9071b18cc6a69e0e.gif
http://forum.azzurra.org/images/smilies/classic/icon_smile_wink.gif	34e67915d386baeed5aa7e89652f8a809c7b1b3d.gif
http://forum.azzurra.org/images/smilies/classic/icon_twisted.gif	11040826a059cce9e0e75727f1cda9ba81f72c18.gif
http://forum.azzurra.org/images/smilies/confuse/conf05.gif	22e285b032c0298533a9f54f77734834edb7990b.gif
http://forum.azzurra.org/images/smilies/confuse/conf09.gif	0870575149e87115fdfc705df22d3f8a1956d38d.gif
http://forum.azzurra.org/images/smilies/confuse/conf11.gif	10929f30b3c5216f403cae522fd8645f0b1dbf8b.gif
http://forum.azzurra.org/images/smilies/confuse/conf114.gif	2ad0f5951a06ee6ebc0f2c23a6788000e856ba6a.gif
http://forum.azzurra.org/images/smilies/confuse/conf122.gif	dc33307479d34c55994c757bab1874c01e7dc666.gif
http://forum.azzurra.org/images/smilies/confuse/conf125.gif	7ea5394251df54602e6c484b093147fa4770f784.gif
http://forum.azzurra.org/images/smilies/confuse/conf145.gif	cf94dcf4750e6c675f7cf4f07afdc20a629e99a9.gif
http://forum.azzurra.org/images/smilies/confuse/conf180.gif	e2b6ba6d3df02299acba04c1ddad1ca229c3f62e.gif
http://forum.azzurra.org/images/smilies/confuse/conf188.gif	999850084667dfd071d8ce3cb1cb12357af0f8f6.gif
http://forum.azzurra.org/images/smilies/confuse/conf19.gif	6319cdf2eb6fd8223a7970d464f45f25f51ccbe5.gif
http://forum.azzurra.org/images/smilies/confuse/conf26.gif	4f6db6b9bd5cde9888c581e2b17edaa94b8b4b2b.gif
http://forum.azzurra.org/images/smilies/confuse/conf39.gif	be997acbae8a01fe68df0dcaa1695c1908612910.gif
http://forum.azzurra.org/images/smilies/confuse/conf41.gif	256bd664454d5f50e2e698fecc77b9b1e52720b3.gif
http://forum.azzurra.org/images/smilies/confuse/conf61.gif	742b418529ebb7115e2b8cc4f8748f39a35e0888.gif
http://forum.azzurra.org/images/smilies/confuse/conf70.gif	4ea275a4535a1a8dbd0bbcf06eab539a87a8a873.gif
http://forum.azzurra.org/images/smilies/confuse/conf72.gif	d8f6fd92aa6fab27c5b33eb553499c6d34441492.gif
http://forum.azzurra.org/images/smilies/confuse/conf80.gif	8e93da6c3a84a549f0130abb213dd236e7569b73.gif
http://forum.azzurra.org/images/smilies/confuse/conf83.gif	76e163e29d956808847f13f07a433290831a3cc9.gif
http://forum.azzurra.org/images/smilies/cool/cool03.gif	b66756f581a266fd95cfff1ee676b12aa8566d05.gif
http://forum.azzurra.org/images/smilies/cool/cool20.gif	8c229c05d5b194c4fe63217411fe5becde99f373.gif
http://forum.azzurra.org/images/smilies/cool/cool35.gif	151672602d63d33b597e0ac9303e176d45115904.gif
http://forum.azzurra.org/images/smilies/cool/cool75.gif	07d38c1f0f18ae45c5a2b455def6b719e75c1571.gif
http://forum.azzurra.org/images/smilies/donia/donia01.gif	c48be38cf0bfff4d6548f183ef27d1bc443b06e8.gif
http://forum.azzurra.org/images/smilies/donia/donia03.gif	346b2537841d27018ebef06ebec858eb26c52c41.gif
http://forum.azzurra.org/images/smilies/donia/donia14.gif	455c7e27dd8125810c973b8ae1838709a4cb7c77.gif
http://forum.azzurra.org/images/smilies/donia/donia15.gif	02c30de435d84fadc58221babaa2111d8ed08e23.gif
http://forum.azzurra.org/images/smilies/donia/donia29.gif	f1a539e6ab3285b49670851564d9ca46a2e00eab.gif
http://forum.azzurra.org/images/smilies/donia/donia39.gif	36eedf9eeed5f7f41cfc4b8dbd679491f7a2c7f9.gif
http://forum.azzurra.org/images/smilies/donia/donia40.gif	39266d7235c94e67285ba6d1edb951e9bcf9f157.gif
http://forum.azzurra.org/images/smilies/donia/donia43.gif	221b869bca9629aad495d82372010d283318874c.gif
http://forum.azzurra.org/images/smilies/donia/donia46.gif	382cf97811070dbfb180d1b5efe7d3ff0958bee4.gif
http://forum.azzurra.org/images/smilies/donia/donia62.gif	f43b02ac9a9c0eae2a7a18e1b49a71a511d99f54.gif
http://forum.azzurra.org/images/smilies/donia/donia65.gif	9e2548703b0e700d0155722a5ceb999190b2d7be.gif
http://forum.azzurra.org/images/smilies/donia/donia67.gif	256983be84e4bdcca0e992d82d790c3510d7c0aa.gif
http://forum.azzurra.org/images/smilies/dubbio.gif	1b7199a41c314eb42026c753e18661b9fe81c7ad.gif
http://forum.azzurra.org/images/smilies/eek.gif	4e29a6f615af165945095248142e77b4bf11f336.gif
http://forum.azzurra.org/images/smilies/felici-set1/felici10.gif	df295aa0b7bf5e670ac41fc2181b9b1100203b77.gif
http://forum.azzurra.org/images/smilies/felici-set1/felici17.gif	e56a3c1d6965f98adbc89db48e8dbf6c6565f5e9.gif
http://forum.azzurra.org/images/smilies/felici-set1/felici20.gif	ce85b39ff4306916378dcfa48c8934dbecffbf82.gif
http://forum.azzurra.org/images/smilies/felici-set1/felici23.gif	bc024d6e374d37c9beb47c1eb82dd5447ef7ec7d.gif
http://forum.azzurra.org/images/smilies/felici-set1/felici31.gif	8ba1df46a3dd0f0885beb28bdf5ef61f8ea23ce2.gif
http://forum.azzurra.org/images/smilies/felici-set1/felici35.gif	7fc675c402f4d7e771a02480535035c39dc60833.gif
http://forum.azzurra.org/images/smilies/felici-set1/felici37.gif	7a0719dd837bd3591443f08bf9a6b1e8bc2baae1.gif
http://forum.azzurra.org/images/smilies/felici-set1/felici41.gif	cab61dd2365ea6798528af59ee5872598dd735e8.gif
http://forum.azzurra.org/images/smilies/felici-set1/felici51.gif	f0a98aa344684a6ea64f3362595106ee98e56ad3.gif
http://forum.azzurra.org/images/smilies/felici-set1/felici56.gif	d5e96f5113f93fa056ac52457ceaa774c62d9598.gif
http://forum.azzurra.org/images/smilies/frown.gif	2094134ba26f2465903ee6f18c0d52aa6d9bd463.gif
http://forum.azzurra.org/images/smilies/icone/icone140.gif	6a6bcca912f570bcc985fac646d7110d0b157b4e.gif
http://forum.azzurra.org/images/smilies/icone/icone31.gif	50d4658817d5b0f2901b6cea06cd0fba60803d00.gif
http://forum.azzurra.org/images/smilies/icone/icone70.gif	85ec8c65e6e5be3de33c9f7ce2b8f1cb4d0a5499.gif
http://forum.azzurra.org/images/smilies/icone/icone97.gif	76f862b4ac14f9f4bcee1d8100a407e402e86538.gif
http://forum.azzurra.org/images/smilies/jump/jump14.gif	dd26109f837576a4c8cc995411a7de44e83f494b.gif
http://forum.azzurra.org/images/smilies/jump/jump43.gif	7809a6ac1d5619c202139d34a24f14c934488ef6.gif
http://forum.azzurra.org/images/smilies/kaoani/kaoani04.gif	b2925bf0898ff2cd1c7635baec4bf7d802e8e159.gif
http://forum.azzurra.org/images/smilies/kaoani/kaoani05.gif	5601c5a19d028a25334e14edca78036d7bd0c400.gif
http://forum.azzurra.org/images/smilies/kaoani/kaoani09.gif	4d03e388662447f244aae0d707db1b354054d4e1.gif
http://forum.azzurra.org/images/smilies/kaoani/kaoani10.gif	314acf5c9feb69031717f628e00df2f575e9b877.gif
http://forum.azzurra.org/images/smilies/kaoani/kaoani12.gif	cacec36a84cd16845b4f5676c193cd12b7bb6f5e.gif
http://forum.azzurra.org/images/smilies/kaoani/kaoani13.gif	1a8ea81dc79bffb3d20dfce15fa20d3d578389d0.gif
http://forum.azzurra.org/images/smilies/kaoani/kaoani14.gif	12a2f2bd2df4a00e94f0a5af4c922600b9ace082.gif
http://forum.azzurra.org/images/smilies/kaoani/kaoani15.gif	5ac9fedb66fafbb9251ea0f0fac1e3772c666bf0.gif
http://forum.azzurra.org/images/smilies/kaoani/kaoani16.gif	1fc3192d404799991064a67e13a42f58eec08dce.gif
http://forum.azzurra.org/images/smilies/kaoani/kaoani17.gif	d95b6146c501b163f039871ed8d01bc8daad05ab.gif
http://forum.azzurra.org/images/smilies/kaoani/kaoani20.gif	06a802764582c2b12eb0973c9bf275e160e237b4.gif
http://forum.azzurra.org/images/smilies/kaoani/kaoani205.gif	e1a1e98d8effbb31ca1e97af057fafcbbf864a07.gif
http://forum.azzurra.org/images/smilies/kaoani/kaoani21.gif	72e0b7284755e62aa6b524f73dd061fa5254c937.gif
http://forum.azzurra.org/images/smilies/kaoani/kaoani211.gif	decb1bbd18b20df89f7ba0201a436568272bbc4f.gif
http://forum.azzurra.org/images/smilies/kaoani/kaoani228.gif	7b33058be7572f9294ecf59877b958f1f611aed4.gif
http://forum.azzurra.org/images/smilies/kaoani/kaoani23.gif	a2041097995b5ca83685ba0317abd1819b2a91da.gif
http://forum.azzurra.org/images/smilies/kaoani/kaoani238.gif	04e6a14ab13bee54bae1c9ef23eef285365248ca.gif
http://forum.azzurra.org/images/smilies/kaoani/kaoani25.gif	d6b94a36e76ef1574b4e8122587bb955551986df.gif
http://forum.azzurra.org/images/smilies/kaoani/kaoani28.gif	1e35d02b8a016d148ec7a38fcc83269b0776a4e7.gif
http://forum.azzurra.org/images/smilies/kaoani/kaoani31.gif	b9560294a25ce5f552e7ace083e44b080bf86e7b.gif
http://forum.azzurra.org/images/smilies/kaoani/kaoani32.gif	e145b65dcf634c1e9d98ea8c7efa147081d59b29.gif
http://forum.azzurra.org/images/smilies/kaoani/kaoani34.gif	1c2139c664921905f43c4ef444f8426eb41a818b.gif
http://forum.azzurra.org/images/smilies/lingua/lingua11.gif	539378ad7f6ff93e6afb1697340eb80d8b626f29.gif
http://forum.azzurra.org/images/smilies/lingua/lingua20.gif	5995b6513dd11f45797a9d080e868ca704daadcc.gif
http://forum.azzurra.org/images/smilies/lingua/lingua29.gif	dcdf02686c5b9056723487ad4e88be4c2bdef0bf.gif
http://forum.azzurra.org/images/smilies/lingua/lingua39.gif	38582ba1d7c9cf6b1ccde2eb2c1f26bd8a6ad5b0.gif
http://forum.azzurra.org/images/smilies/lingua/lingua43.gif	61c79ca3cd1f9560344a8c060e30aca143ebb1d8.gif
http://forum.azzurra.org/images/smilies/lingua/lingua46.gif	cc505541eb9ca0547c11076fd94a010fb435a03a.gif
http://forum.azzurra.org/images/smilies/lingua/lingua47.gif	e5ab34bf1eb7b3d83a4d4da7bd48a0cb2b7b7dae.gif
http://forum.azzurra.org/images/smilies/lingua/lingua48.gif	d5577e125ab7741bb82814d7d7b94c1c6336d033.gif
http://forum.azzurra.org/images/smilies/lingua/lingua49.gif	917e02c8c2e9f9639cd93f1e461aa0ec54ee02ae.gif
http://forum.azzurra.org/images/smilies/linguaccia.gif	d1d4a40da2747ac5df33f57d95d79f44f4bb1ee2.gif
http://forum.azzurra.org/images/smilies/love.gif	db23c1a6328631bbdd5ab039722636edeab102ad.gif
http://forum.azzurra.org/images/smilies/love/love18.gif	b6758d179a8650460c024517aec4c56730dfebdc.gif
http://forum.azzurra.org/images/smilies/love/love20.gif	f9f3cce1aedc1e24fe36865d1bd375647da45c2d.gif
http://forum.azzurra.org/images/smilies/love/love55.gif	d9d0d765c177690f4225f3d7a7b4951a07c2e6e9.gif
http://forum.azzurra.org/images/smilies/love/love57.gif	bdc16d9c5e024109b07b206a59a902f851201b99.gif
http://forum.azzurra.org/images/smilies/love/love68.gif	f20fd95ab5fcf4cf4ce619f16b6c9757c1e83c29.gif
http://forum.azzurra.org/images/smilies/love/love74.gif	c9a9e701acafbcd36153953bbb82869d4df8502c.gif
http://forum.azzurra.org/images/smilies/mad.gif	72e80b8f346b59f05d743dec655fdae69ec8a57e.gif
http://forum.azzurra.org/images/smilies/muoio.gif	920f1b5246745f3fe498efc5c649ff7931a8e5c8.gif
http://forum.azzurra.org/images/smilies/nonono.gif	47eb8b247126b5c902783b7baf6cca9aad45dbe1.gif
http://forum.azzurra.org/images/smilies/piangoo.gif	327fba3c10c57d41745076c9127d9b9aca38172c.gif
http://forum.azzurra.org/images/smilies/pollicesu.gif	74782d487a91de86e5688ed67c2ab49ba2fc589b.gif
http://forum.azzurra.org/images/smilies/redface.gif	08d39f00ed4f69dbc3ed3f4fd48f5ebd7ca3a6b8.gif
http://forum.azzurra.org/images/smilies/risata.gif	0d1b084888e1f254b2ffb5399b2e90800ccdc7c3.gif
http://forum.azzurra.org/images/smilies/rolleyes.gif	192d06bde296aed306a9407270329fea74b04e37.gif
http://forum.azzurra.org/images/smilies/sm157.gif	84f494ef10cffcfd238beb11fd5e0935b14439bf.gif
http://forum.azzurra.org/images/smilies/sm404.gif	fe27aa31092de909af187bd2a2d663973eda796e.gif
http://forum.azzurra.org/images/smilies/smile.gif	dd51d0fbd3775c44bbf6ec25bf04e1396e175c90.gif
http://forum.azzurra.org/images/smilies/smilee.gif	2144bdef3c20fb66ba1f586a070ee65b191e5d6e.gif
http://forum.azzurra.org/images/smilies/sonno/sonno09.gif	e78f52cc9242336673ee691437a8d4fe13ddd43a.gif
http://forum.azzurra.org/images/smilies/sonno/sonno31.gif	3d48671c51b154d8e8294dee6923e696a135f2b2.gif
http://forum.azzurra.org/images/smilies/sonno/sonno32.gif	8e9d7edee4a7e3a9a61b318b8a9a6c31fcf338b3.gif
http://forum.azzurra.org/images/smilies/sonno/sonno39.gif	849454e156504de224f0a991c3aa7397abbd17dc.gif
http://forum.azzurra.org/images/smilies/sonno/sonno42.gif	33e977292a57f79d04052ba28e784f7f2294c7f8.gif
http://forum.azzurra.org/images/smilies/sonno/sonno46.gif	4182a38bed7f619b5a49a50542150d5bf8634cf6.gif
http://forum.azzurra.org/images/smilies/sonno/sonno53.gif	4a0065789a1d0aea75521c8f8dab111dfcf30243.gif
http://forum.azzurra.org/images/smilies/sospiro.gif	f40f26304d06a65c3136974d27568701916bdd67.gif
http://forum.azzurra.org/images/smilies/speciali/speciali04.gif	a73005edfeb43a15305aad9f39f2043d0e045270.gif
http://forum.azzurra.org/images/smilies/speciali/speciali27.gif	d3fd14fb558b6546a6dd553a0611cf59447c457e.gif
http://forum.azzurra.org/images/smilies/speciali/speciali31.gif	a22cb20bd8bcadedfd406eb23c2192b42d2bfcdf.gif
http://forum.azzurra.org/images/smilies/speciali/speciali37.gif	7b0538539489652fc03916b2181195409499cced.gif
http://forum.azzurra.org/images/smilies/sport/sport09.gif	b6d92bf995d74f0b54709c0202b3c4235b88990c.gif
http://forum.azzurra.org/images/smilies/sport/sport13.gif	171684ae127d6019b9297314017a5fc2882b4496.gif
http://forum.azzurra.org/images/smilies/sport/sport28.gif	39b3cef5bcd18098576b665793feea0646c23741.gif
http://forum.azzurra.org/images/smilies/sport/sport33.gif	d0292ff7dabc3e25fb1f9d701306a704bb4b25ac.gif
http://forum.azzurra.org/images/smilies/sport/sport38.gif	f3d92c5834993e736d595e4bf97edace7ab8a660.gif
http://forum.azzurra.org/images/smilies/sport/sport44.gif	53fbe05cc5feca5663e8ac3a862f8e4024e94fc9.gif
http://forum.azzurra.org/images/smilies/sport/sport51.gif	1433cb59b9fe7eb0a8e809308eb835e6d085023e.gif
http://forum.azzurra.org/images/smilies/sport/sport53.gif	47000f00cc8ccfbd362a12d5abb3fb4c60f11f29.gif
http://forum.azzurra.org/images/smilies/sport/sport59.gif	a8f53a3ffe9d3712b7bb47b5163d93dc374e74cb.gif
http://forum.azzurra.org/images/smilies/tongue.gif	d64eb3cd44f0a346e66c1850be814f1a94aa6e33.gif
http://forum.azzurra.org/images/smilies/varie/varie03.gif	541d09a1e1195a2905b94926f6dff8ab6da84bf2.gif
http://forum.azzurra.org/images/smilies/varie/varie04.gif	180656071e423a61adb4585b33f9a1f013bb4297.gif
http://forum.azzurra.org/images/smilies/varie/varie08.gif	2f2c9de02f50039279f28a5a1d6984c543acfe6f.gif
http://forum.azzurra.org/images/smilies/varie/varie20.gif	fa586fb6125f1a3dc0312624b0e8ca8d14dbb487.gif
http://forum.azzurra.org/images/smilies/varie/varie27.gif	df87e15163978506ba17a27fd94542f87936a061.gif
http://forum.azzurra.org/images/smilies/varie/varie32.gif	d894e9e8c90a836ce9a45d4ab674dd51195f475f.gif
http://forum.azzurra.org/images/smilies/varie/varie46.gif	f07695fdce416372a90b3b00838c7cc9c7ed8695.gif
http://forum.azzurra.org/images/smilies/varie/varie64.gif	2e9331b0977baa410ac75c208bf0025a951e82d7.gif
http://forum.azzurra.org/images/smilies/wink.gif	6903329d1697cc317660a396ab81b0c5105ae675.gif
http://forum.azzurra.org/images/smilies/zitto.gif	a26c297b5c8d458155f04fd6f184d99f72004025.gif
http://forum.html.it/forum/images/smilies/mmmm.gif	f56aa655cc27309fa4c35f762c47bfe99d4cce74.gif
http://forum.html.it/forum/images/smilies/senzasperanza.gif	aeee369b7135458802d34b822cf2859e3ffda953.gif
http://forum.html.it/forum/images/smilies/stordita.gif	33164e09148aefa5b4c07ac98c0893728851904f.gif
http://forum.nexthardware.com/images/smilies/haveniceday.gif	8dc0bd64328e0fe9fca22d055178b957e95fbcb0.gif
http://forum.rscnet.org/images/smilies/feedtroll.gif	a26829b70b96032bd89897505c64b4b710760e16.gif
http://forum.studenti.it/images/icons/icon7.gif	ac7c1c0d5bd9b8da3db58306ff1e3d4ca7082bcb.gif
http://forumtgmonline.futuregamer.it/signaturepics/sigpic3656_2.gif	b44f5896f0d60b1707a1fe7bec6f899e40347ea8.gif
http://freeweb.supereva.com/esorciccio2002/smilies/clown.gif	67c3040e8e9b454168b9eda3c938024b0e4a53a3.gif
http://ghila.altervista.org/ale_e_zlatan.jpg	5ed75533104486566daf581f197faef76f64d7cf.jpg
http://hangar.blog.kataweb.it/hangar/images/buon_compleanno.jpg	96bfc1cc891de9eefabdbfc2d1bbba478758d8a2.jpg
http://home.sch.bme.hu/%7Epatkany/dsk/menya_torta.jpg	f7b26f63dc897c5d0730d8f7e5ad4d5194648a24.jpg
http://hpcc06.lrr.in.tum.de/images/beer_and_boobs.jpg	d5d3432976402515d191beb7b963d99e99b8a1a0.jpg
http://i10.photobucket.com/albums/a140/_niura_/condominio_napoletano.jpg	f8ca784940f3affa043cacd81a090f3160ba38a5.jpg
http://i108.photobucket.com/albums/n24/conor_jm92/Bush_doing_it_wrong.jpg	0be1549fb0b677f32aa4d2f83ba6c843c1256243.jpg
http://i11.tinypic.com/542cxz8.jpg	aa58deed2eb0762d56a0d369ab5a6c4e8ec3b70c.jpg
http://i12.tinypic.com/2gv8p6x.jpg	7073ac984f93101112b7ca36269b3bb6ea500bb6.jpg
http://i12.tinypic.com/4bs3f5d.jpg	3be489f030e996def87547efff143cd628600b4c.jpg
http://i15.tinypic.com/2urtic3.jpg	fa9ef75b809b387c11abafb0c63d594af099eacd.jpg
http://i15.tinypic.com/49go8ap.jpg	a3d237b9653cc1f2863a04f75fe2287bbe6bf10d.jpg
http://i16.tinypic.com/2pynjpx.gif	2bbfabb9d0c667074643089659b3091447e998c2.gif
http://i16.tinypic.com/6wmpyqd.jpg	8c7af1e60a1b2cb28a7c5d78963c40cb3456c32b.jpg
http://i160.photobucket.com/albums/t172/salvo2007/bannerchat/bannersfizio.gif?t=1188855545	795cf69e6a3430fbb8ca3ed68ffe9b64c9c6a97b.gif
http://i18.tinypic.com/2ujsh1t.jpg	763188a3c9641eb1c4f177fefce97437825d96e2.jpg
http://i19.tinypic.com/4dcbux1.jpg	e7c7d6abfa4436d8fd8b6bb64ee15b3cbf796432.jpg
http://i27.tinypic.com/177ehz.jpg	d610db64ec8827617370c24ef3c737b75c690c84.jpg
http://i29.tinypic.com/8vvqx5.jpg	bf9422cd812358d73cf6d398bad873a179a78102.jpg
http://i34.tinypic.com/14brgw6.jpg	3efab98b7d75b49fb4f629589b3e278113f23110.jpg
http://i35.tinypic.com/1zr25qb.jpg	e05672ae070fca32a1f69e3a56454e1892814f23.jpg
http://i36.tinypic.com/2gt8e8h.jpg	ccc981a217f701d84aa58530414b420d7b5114e7.jpg
http://i43.tinypic.com/2llo7m9.jpg	96d4317adfd12e64f194f35286f90eacce344f8d.jpg
http://i5.tinypic.com/2ltr8k0.jpg	7e17f2f8362d66fd7f63125a4ca349ee76db173f.jpg
http://i55.tinypic.com/mb4aqv.jpg	d359e5b67127ea7f2532c05b91ae0c5a04e2b1f9.jpg
http://i7.tinypic.com/2a0b3tf.jpg	b3a8f5ebd508af13a7ed5d7c14e55a7e947e5509.jpg
http://i7.tinypic.com/3y650s7.jpg	62f6a7410b67e8f6f6c1847b726157445a221a37.jpg
http://i7.tinypic.com/4i6hvrm.jpg	ad940e35ae6d624e2423c4a3d344d1cc83796bcd.jpg
http://i80.photobucket.com/albums/j165/kucheto/old-lady.jpg	6d7bbee88766a82105f48827d27e88a191dfaffe.jpg
http://i9.tinypic.com/2h7pcld.jpg	bb904fa1c5ab19d4152e7d5887f095c61d8b0ec3.jpg
http://i90.photobucket.com/albums/k261/synchronis/HotGayAngel.gif	a26e55e1333eb54759cea4cee4da406cde99e1c4.gif
http://ilmondodije.supereva.it/cartoline/Compleanno.gif	2b77f3ff5d8f15e16ce79dc77d2f4e022a085ccb.gif
http://images.amazon.com/images/P/0876057377.01._SS500_SCLZZZZZZZ_V1056503342_.jpg	fd7359ea33a57f669849916e36c31fdbc9c99cd0.jpg
http://images.amazon.com/images/P/B00005NB6P.01._SCLZZZZZZZ_.jpg	9960c700a1d5bbb07466825f97d311efc69bc131.jpg
http://images.ciao.com/iit/images/products/normal/586/Colussi_Gran_Turchese__441586.jpg	797b79a72e6a86a34c314bdba1c25e06db16297e.jpg
http://images.wikia.com/nonciclopedia/images/d/d7/TOUPET.jpg	565736a6fafbc67b02e0420f04603a76d1173bee.jpg
http://img.forumfree.net/html/emoticons/biggrin.gif	67f56318f4cea891c7b84a13aa63354811275a44.gif
http://img.forumfree.net/html/emoticons/smile.gif	7bcde358625d2bb419d299cf6f89a6cc38df69fb.gif
http://img.freeonline.it/img/freemanchat1.gif	ba424fcceaf45fe5971ca716cd6431e0bac127ff.gif
http://img.photobucket.com/albums/v246/LadyVamp_2005/DSCF1654.jpg	732b8bb0767453753c6a44e1b15b4bcb83929e29.jpg
http://img.photobucket.com/albums/v246/LadyVamp_2005/bouquet_2Mazzi.gif	9b967d0317ae67c11fd8404ec4641f5e4faface7.gif
http://img.photobucket.com/albums/v246/LadyVamp_2005/dicembre.jpg	ffe7b0404a23a6c4ed30f94c2c4432af4951dff3.jpg
http://img.photobucket.com/albums/v246/LadyVamp_2005/felicepasqua.jpg	6beb7cd3e7bde6e9bf3673018240909decf7ac8d.jpg
http://img04.21cn.com/2005/03/24/3524382.jpg	12678e310e44f48f7c9b7d94bb180ff7390787c3.jpg
http://img10.imagehosting.gr/out.php/i321046_meservenachattata.JPG	411b32e187b09c8833fa5133016cadb02963ef5d.jpg
http://img101.imageshack.us/img101/2039/dscn3947ix5.jpg	2c4ebea9173fff75fcdd50af6e1751f36e7b76a0.jpg
http://img102.imageshack.us/img102/1858/fr0237bl.th.jpg	aad25bf381b49d7aa8427726f8106e2a5e01463e.jpg
http://img102.imageshack.us/img102/3880/fr0309rx.th.jpg	843450a7cf7a9731e83a7f4b8cebf67a07441a1f.jpg
http://img102.imageshack.us/img102/6015/fr0201oh.th.jpg	e85cf9393ddf94249c32c1298436b19c651553cc.jpg
http://img102.imageshack.us/img102/6637/fr0243lh.th.jpg	b2864f4120cd9f771b094b941c4cc64e7e61e154.jpg
http://img102.imageshack.us/img102/8182/fr0218sd.th.jpg	402cd1d25a5ef57bdac848f768fdf4df122f23ea.jpg
http://img104.imageshack.us/img104/264/1101071423ju6.jpg	2d278281535f54acfc6b997a944f4ecf200b556d.jpg
http://img107.imageshack.us/img107/2873/2712061640yk9.jpg	8c8c0bf0494536ccd01118e30d7e78e67edee5b4.jpg
http://img108.imageshack.us/img108/2228/imag0003ge6.th.jpg	4857589a135b87235f333f2ef4f62faccbbd5b28.jpg
http://img110.imageshack.us/img110/9861/guenda716261wq.jpg	4c5a5c874dd6634d71cdd94a02e731fcd5c1c1dc.jpg
http://img112.imageshack.us/img112/5184/gordopetiso7ra.jpg	ade0692c0855bd67ee6dd217e1a902687b5baf2e.jpg
http://img115.exs.cx/img115/9916/z4dwink.gif	e968d2278e6c3570884f197f13b6283c65eed18d.gif
http://img116.imageshack.us/img116/139/drago2ho8.th.jpg	e68cf763547084036c1bb4a062c33ac546048150.jpg
http://img116.imageshack.us/img116/5338/drago1tp2.th.jpg	3e2e7e433c5dee7fc7eddeb955cc289ab85d3ceb.jpg
http://img117.exs.cx/img117/3329/r5jiconbiggrin.gif	79da98344b984a2965715d42c44576d6c660d731.gif
http://img117.exs.cx/img117/6721/o4fsad.gif	ff4ea20a58a8d87c6e7d888d64a95bf723b2330b.gif
http://img117.imageshack.us/img117/311/leonardout7.jpg	c93225aa764ff8a4434d054894a6d39f28595024.jpg
http://img117.imageshack.us/img117/3479/lolvl2.png	24da92e84117e748844a02e34611af040a0d953c.png
http://img117.imageshack.us/img117/4729/provasj2.jpg	1992e6c7aab6777019f32ea07853aa4336d593fd.jpg
http://img117.imageshack.us/img117/5383/foto0002fb6.th.jpg	038879e20ec7eb333053a6f7e01b3533c52c4acb.jpg
http://img117.imageshack.us/img117/9916/topic2hi1.jpg	b3d13d4213cf242f2f92083d93309553d1d69b1e.jpg
http://img118.imageshack.us/img118/4015/cimg0092gh5.th.jpg	a4a59ade58f7d490aea20051faa45ad5e6608ff3.jpg
http://img118.imageshack.us/img118/4924/cimg0075ch6.th.jpg	05b0d1e12846bdc121b8e7a5be6eccad8a6a886c.jpg
http://img118.imageshack.us/img118/5189/appunti01unobot1bb0.jpg	aa4c007503d652781550177f3cf8f92c6dcaaf00.jpg
http://img119.imageshack.us/img119/5945/volturehu7.th.jpg	4107280a7e1b520538a03e466b50e0530bdf7707.jpg
http://img12.imageshack.us/img12/543/slide6xg.gif	82886a720eaeb1a315c233d619280f320cf7fac4.gif
http://img122.imageshack.us/img122/4905/ss850122pm1gq1.th.jpg	4281bd7b5030b2a4f7104d37add7b98f61a53e89.jpg
http://img123.imageshack.us/img123/5739/drago3fa1.th.jpg	b456940b3dd87a6ee0ffa500fd067b72c33e54a4.jpg
http://img123.imageshack.us/img123/6858/drago4zk0.th.jpg	32f7357116d0df301475d050e91f64cdadf78d19.jpg
http://img126.imageshack.us/img126/7061/colonnatraiana2rr4.jpg	ce9259cb4a9a7cce779156a6d522cd39a522e1f3.jpg
http://img127.imageshack.us/img127/2939/math8yn.gif	0426e89d70873f1a2ca5b671d656c7b14bffaf02.gif
http://img127.imageshack.us/img127/6494/mrkdoomqsj0013pt.th.jpg	7b8cbd6612ab5ef3ec67bc60e5af29bf75d5fc97.jpg
http://img128.imageshack.us/img128/5817/fdsdf79qw.th.jpg	87b8665ec7a1bd8494a34310a8d594e3d096d8ae.jpg
http://img130.imageshack.us/img130/5506/immagine021qu6.jpg	709b6ee552f59059e74182478deb2f050199b14b.jpg
http://img131.imageshack.us/img131/3976/im0002458je.th.jpg	45f9727e9376bd5154e47b3e02b57541d33f8b3e.jpg
http://img133.imageshack.us/img133/9371/dscf4420dw1.th.jpg	c7bf1b67fb9e4333e8ebfadd332ebfa20014e38a.jpg
http://img134.imageshack.us/img134/2595/cid0foxmailya0.gif	7640e988dc3012dfdb8e52b5a5fc4a40daca7730.gif
http://img134.imageshack.us/img134/2968/erroresj1.th.jpg	745806edbc97a74cdf6fb2e23ec03466404bace7.jpg
http://img135.imageshack.us/img135/1995/img55wm4.gif	0a77457c64af8630be8b472715062fd8d57d34cc.gif
http://img135.imageshack.us/img135/5175/040420066un.th.jpg	f82d7da145ebb0476cd3a462c676ec3d6dcb438d.jpg
http://img139.imageshack.us/img139/3663/21122006012lu7.th.jpg	eb97742259270ace0f4ccb4b2efe1cd75d23525e.jpg
http://img139.imageshack.us/img139/5659/aversavillacomunale21az.th.jpg	f7a6ee829daf3c572d9d19f55caf30f69603246b.jpg
http://img140.imageshack.us/img140/7076/im000841wu2.th.jpg	2326d67d33338b77bb863a486ed12f42f78ce936.jpg
http://img141.imageshack.us/img141/336/sembranennosg5.jpg	30a3f733162c4340a6b584f40b7ebded164baa52.jpg
http://img141.imageshack.us/img141/5120/cozibibbo0620ud5.th.jpg	7e6f851cd1325e17e0f7a28cdafb94b9f4e60d57.jpg
http://img144.imageshack.us/img144/3441/1901071757ao2.jpg	9dc301c3e6c1e191db2643f4493167e7210770e4.jpg
http://img144.imageshack.us/img144/4508/ricaricapaginalc6.jpg	db6af8d84f7ea560d13356773239d681dd5ae68a.jpg
http://img145.imageshack.us/img145/1191/drago1iw1.th.jpg	a2c0c62a24bd4de636c77d5da52c718d984feb78.jpg
http://img145.imageshack.us/img145/4825/drago2eo3.th.jpg	343e7f2179f2e83e60b4bb3ce7e8ab20f7523bf8.jpg
http://img146.imageshack.us/img146/6094/2912061300hf2.jpg	3703988823319ce45cb4c88474de28bf112f8df9.jpg
http://img147.imageshack.us/img147/1357/lion14big1xd.th.jpg	a3d548d88ad2fca4c459232b10b12787bbe6749e.jpg
http://img147.imageshack.us/img147/2390/arturoxe5.th.jpg	3e6eacb39599587955522d4feb90c09ea9d0ea28.jpg
http://img147.imageshack.us/img147/3663/cerulean9hh.th.jpg	4d4a5e30556de19b618f36a970ea46c8ab68f36a.jpg
http://img148.imageshack.us/img148/2673/tn9ah116kr.th.jpg	a5c8db49157bf9e2371c2514a1bf9773d2d822b8.jpg
http://img148.imageshack.us/img148/8461/aversavillacomunale108sd.th.jpg	9b2c43f7f73b734fe8cb293b4844a616283661f8.jpg
http://img149.imageshack.us/img149/1899/p1010111dp8.th.jpg	8d688e1d6cc3c74e0e087e98b51551e4b70abca8.jpg
http://img149.imageshack.us/img149/6756/bustymousepadou6.jpg	66127fc0412ef813829385f7cfcc9e9dda8ba104.jpg
http://img152.imageshack.us/img152/7282/biscottinikq5.jpg	3890a8a91fe840f066e75ad22710b0f71fadfb46.jpg
http://img157.imageshack.us/img157/290/tn1ai022ro.th.jpg	2c5fa0323b017b19081245c01b01a34d0b7835fd.jpg
http://img157.imageshack.us/img157/5338/020420062su.th.jpg	bb788d7b05495cd4443a6bf1190b36d351c201a2.jpg
http://img157.imageshack.us/img157/7487/tn2ai035gc.th.jpg	ef14e88af4b31e626b7821c0ae0b8ef6ba5d72c9.jpg
http://img158.imageshack.us/img158/3862/armeriaux0.jpg	aee09421bc68a5ace8ed35764e374af7c7ccf0bc.jpg
http://img159.imageshack.us/img159/8634/07102006dy7.th.jpg	39f6669ad615b6f013bf1f80e32dd51c5877f831.jpg
http://img160.imageshack.us/img160/6865/civicnavigatoreqm2.th.jpg	b7450bb560aa374ac3eb4b5cc9621d81d31b14fa.jpg
http://img161.imageshack.us/img161/2203/aaaa0011yg8.th.jpg	a73aabab0445722bb1ea7ec1ffebbea06534cad7.jpg
http://img161.imageshack.us/img161/7428/dsc00048hm2.jpg	f12af8356bf7467c73d50df376a194cd0a100460.jpg
http://img162.imageshack.us/img162/2190/sextaresistance025my7.th.jpg	67ba8b7433666570aece99c7d585c9027eab67b7.jpg
http://img162.imageshack.us/img162/3844/utarga8fi.gif	36a36390a116ab4823cd10f137b3563e8d6f3531.gif
http://img166.imageshack.us/img166/5097/vabe3zh.png	88b4c0e274f77380305f7b4fd38db6f9ebfe29e2.png
http://img166.imageshack.us/img166/8022/danicalifornia6mo.gif	3dbba9c6d1b9ed4ec6bde2aa09016608e01ea46d.gif
http://img166.imageshack.us/img166/8562/0407071303vw0.th.jpg	23cc901d6ade1a8d2d2b49505400b3caa5bacf91.jpg
http://img167.imageshack.us/img167/5029/smashingpumpkinspowrocayd9.jpg	92ad86f02f7ca137398753510a0189efb9134d53.jpg
http://img168.imageshack.us/img168/6645/24010718166xr.jpg	67e7945722e86e372d57be4ab6f7a5b81bf8d544.jpg
http://img168.imageshack.us/img168/9249/24010718155la.jpg	14931d220d5c9e4906bd160db04a9918dcbf184e.jpg
http://img168.imageshack.us/img168/994/kids9tp.gif	cdafd6519e1fd9ee71402145cdd61e5d84512be1.gif
http://img169.imageshack.us/img169/3333/piantaforiimperialiim1.jpg	00e4b58a96a583dca1bc11eba3cf8d6f0e03fc06.jpg
http://img169.imageshack.us/img169/9751/altrovetvsloganhb0.png	dbba14a641d1f400352334efc72c7255224c2856.png
http://img170.imageshack.us/img170/3048/1301071733ap3.jpg	cd061cc426c8580174d643d88be357ac30737211.jpg
http://img170.imageshack.us/img170/3488/dscf0619nq4.th.jpg	ac35f1155bc61a570a8462b23ba75bc4ef8ae873.jpg
http://img170.imageshack.us/img170/8841/230420060017mh.th.jpg	3e5b7dbc9e04e801eb58dfb024277cffafe31235.jpg
http://img171.imageshack.us/img171/6631/babbo01ip9.gif	07803187689552055a2dea1edd9334ad835eaf80.gif
http://img173.imageshack.us/img173/7630/im0002142ke.th.jpg	247bae05c5efca8e23f2b760b9b64e481c65f80d.jpg
http://img174.imageshack.us/img174/5364/08082007005hd7.jpg	466fa340332abb3df79a680e300af5bec58f56d9.jpg
http://img177.imageshack.us/img177/3738/im000986sh0.th.jpg	2d8bd5b38641ee9808c49f4d20c79b43efb3701e.jpg
http://img177.imageshack.us/img177/7278/im000004zb4.th.jpg	5638a79dbae7428d8a20c1db05b71a37de16aa19.jpg
http://img179.imageshack.us/img179/1382/060520060029ca.th.jpg	89cb71d66007f2662ee7896d4230d49fb48b6dd8.jpg
http://img179.imageshack.us/img179/5677/2712061423cf2.jpg	e9a14d26b9a6aab75de906344673240e92e6243d.jpg
http://img179.imageshack.us/img179/6339/drago2lz8.th.jpg	0801a9e32258f2d1f9fa975753d3891b4e447219.jpg
http://img179.imageshack.us/img179/7638/immagine3vq.jpg	165a9a29ff6c709093a20c55a055c258785a9b93.jpg
http://img18.imageshack.us/img18/4167/pict00027zf.png	be4ad8d788c2eddc9726b72233c3e4dd3af913e2.png
http://img181.imageshack.us/img181/3598/img4372xa2.jpg	4c8e2d7689734253cdc00b79b31fd780f2c8ba7f.jpg
http://img181.imageshack.us/img181/7581/corrieredicomovg1.jpg	be04b94169431dd7c28456ebd17f7949d3d083fd.jpg
http://img182.imageshack.us/img182/2079/fesdonnaritaer8.gif	f757491a26f3e755d03f3510e8ebda138ffde91b.gif
http://img182.imageshack.us/img182/4169/1201071900cg0.jpg	c161cd90498671ddd631a067b38e3eedae7af250.jpg
http://img183.imageshack.us/img183/4012/afp1408115733320ir3.jpg	0eb95ba7524c0cbdd4e941ba087fc5c99df2ad78.jpg
http://img185.imageshack.us/img185/597/ima05so7.jpg	a17cdc24ae46a8b5d7300abc4c654e66e78d159e.jpg
http://img186.imageshack.us/img186/1326/2912061258xm4.jpg	620d58954fd3c9fac3fa03d223275d8986814eb7.jpg
http://img186.imageshack.us/img186/5829/23tjkw9nl6.png	a54736cd671d6a5b513b9435fd63704242c2ebfe.png
http://img19.imageshack.us/img19/2856/smil443643319dc3d6ai.gif	d9664104732627cb822fa7e0c33694f16ded786f.gif
http://img19.imageshack.us/img19/5420/21072007001fa8.jpg	fb48bbf75ab201660891df2d319d15ad2cab86ff.jpg
http://img19.imageshack.us/img19/5645/dragotv0.th.jpg	1c9b39329258d54df01aeac941110a0e65468c1e.jpg
http://img19.imageshack.us/img19/7074/cheflag12kntr4.gif	54d203cd98b348e92826cd8a40978ac357e38909.gif
http://img196.imageshack.us/img196/5735/mini20cooper20paint4kl3tq.jpg	9d719bf91cbfbf84436ea228462b01b7407287fc.jpg
http://img201.imageshack.us/img201/2998/1901071632mp7.jpg	e3ab911b22f455b52bab5f67b6453a31eb1fd780.jpg
http://img201.imageshack.us/img201/4126/1901071758cq0.jpg	3c62f1bb9766ccbf017cf3b1a572e3e935151096.jpg
http://img201.imageshack.us/img201/5138/1901071617oi5.jpg	0b9291e607e39276d8635281d3fe54f8c356558c.jpg
http://img204.imageshack.us/img204/7873/elia0128os.jpg	568cd3f962c7c875ea6d3faf423ea99a073db935.jpg
http://img205.imageshack.us/img205/613/dsc00236nl8.th.jpg	a4b0e9276fbbc10a0c4e0c6993aab93f87161669.jpg
http://img206.imageshack.us/img206/1223/10052007001ej1.jpg	c5d76542425126fac6f6f8051a768e4bb9a42d6f.jpg
http://img206.imageshack.us/img206/1708/patas15ss.jpg	d8d1a37e540b02254fd9a256ffb6047f6a34eb94.jpg
http://img207.imageshack.us/img207/6734/p1010548eg6.jpg	341a097a1d266f41d6f99f352ce85425fe573a0b.jpg
http://img209.imageshack.us/img209/8735/bugqv1.th.png	623ec58d3c2949bb566b711a18e778b89f9be8cb.png
http://img211.imageshack.us/img211/4443/aaaa0007vz5.th.jpg	e8b89c253fe7f8c171842e09b08642186eeb8df2.jpg
http://img212.imageshack.us/img212/3605/imeetingnonfinisconomai021rd7.th.jpg	2ba5757ff236ad744f75f53dd8a2e71e46c70ed7.jpg
http://img212.imageshack.us/img212/4819/20061229145205du7pn2.th.png	57f77c4c80dc2a8743ca616c7b9191a2073e506f.png
http://img212.imageshack.us/img212/8425/foto1111uu9.jpg	f3aff2fd54707b0c6cd785cc912e58c1f8a2d5e7.jpg
http://img213.imageshack.us/img213/1109/foto4421wu.jpg	ad61c7cafc983fb9fb407d3fdc1cf383f1b86b3d.jpg
http://img213.imageshack.us/img213/1333/sirenetta8nr.th.jpg	bc7bcf544d54fdf8a8e463f6075271dc683b70ba.jpg
http://img213.imageshack.us/img213/369/dscf0620og0.th.jpg	a002b460afb85afd5b10f9b230bf3e7526d64f5a.jpg
http://img213.imageshack.us/img213/4227/vasto426bs.th.jpg	aed8b03ff1a03cd699819c4211777adb5ca9b1f0.jpg
http://img213.imageshack.us/img213/4346/dscf0617aq9.th.jpg	08e7cb63cf2863e360245c45dc0228880db7a36b.jpg
http://img213.imageshack.us/img213/682/foto4439ae.jpg	f3fca71024554626a0946d6f4c18d45ef5834555.jpg
http://img214.imageshack.us/img214/2371/08042007001hl3.jpg	520868633c6751bf04510119ace9880b77474161.jpg
http://img214.imageshack.us/img214/5537/immagine4la.gif	0c5d8a71c75dccf2a270317cdb081d0b408c00cb.gif
http://img214.imageshack.us/img214/6950/img0017kn0.th.jpg	77d4333d7531f0240fb4059100d9da527f922f6b.jpg
http://img215.imageshack.us/img215/8467/17112006001dr6.jpg	e4b6e9a8d58e734054fad96f7c2af84085efa405.jpg
http://img217.imageshack.us/img217/251/dsc00178ly9.jpg	9f8bd1991205a5ba1e9c24de9518ef386f785913.jpg
http://img217.imageshack.us/img217/9167/15042007537kr9.jpg	c555792162621eab02c607c86ffd6651b1c6ec64.jpg
http://img220.imageshack.us/img220/2784/12042007ul0.jpg	f1f1d5b89c6421fa93308e212041d1fae685c850.jpg
http://img220.imageshack.us/img220/3348/avisvx3.jpg	3734e745e5ee24176d0391a93af67b9e3989aa0e.jpg
http://img220.imageshack.us/img220/8700/smashingpumpkinspowrocaju5.jpg	ebf1a479cbf777710c7243c456901fb6acb26801.jpg
http://img221.imageshack.us/img221/3641/crazymoms001pg0.jpg	966e9836ab5a7daebd39df9a32d92fc9c41274a5.jpg
http://img221.imageshack.us/img221/406/ulisse2tq.jpg	84b52d7dec3aed09c90b22cf2d85fca5deee1209.jpg
http://img222.imageshack.us/img222/3811/belcielofp5.th.jpg	4427bddd04e0113ec046dfd9f7ef858681c47364.jpg
http://img222.imageshack.us/img222/690/aversavillacomunale54hw.th.jpg	9df665dd5f360dbf52bc6e4dca56e5f5f0fa14ed.jpg
http://img224.exs.cx/img224/1285/diaz130mi.jpg	0df8eb600901e480e0d802803782cc694c8c024c.jpg
http://img224.exs.cx/img224/3483/mstella061me.jpg	7efd9987608b7d87627d8d3b450013035837651d.jpg
http://img224.imageshack.us/img224/7175/cimg0030fo0.th.jpg	a4c07b4298596ea577fb055fd52181ae9fb7649c.jpg
http://img226.imageshack.us/img226/3114/matchpintbreak9ed.th.jpg	4d4e94609e1424db1d9f9d7477ca212f29c134c5.jpg
http://img226.imageshack.us/img226/5852/tortaro8.th.jpg	7732f93609fdf69d604b1b01d60bb0d2c4712ead.jpg
http://img229.imageshack.us/img229/8817/donnagd2.gif	0c67edfe7bf826c00475224d5305301145ed00e1.gif
http://img230.imageshack.us/img230/8272/melandri33zo2.jpg	e2b41583a79c891177351647162cfe41c41ed817.jpg
http://img231.imageshack.us/img231/1575/topic1oz1.jpg	b7d52d679148d86f14f6350e958203536dd9223e.jpg
http://img232.imageshack.us/img232/274/dangerousrw9.jpg	94f78e1f57b95cfce413042a9b8850ef3c5cebf1.jpg
http://img233.echo.cx/img233/3746/slink6nt.th.jpg	65edb55361b1afc5f4b52b9bb995d95523df1451.jpg
http://img233.imageshack.us/img233/1119/matthias1zk2.th.jpg	c1621402227d0f1efe5821d63749a6269da2d0ed.jpg
http://img234.imageshack.us/img234/4393/0801072014xk7.jpg	09e3ee44ee644f8f53f9a4b08bf2f27246a8e0cf.jpg
http://img235.imageshack.us/img235/4403/toscflickr1jc2.jpg	3ba7d7090a934c3fc9106a7bdf69396c24317bce.jpg
http://img235.imageshack.us/img235/9753/3850650vc56sb.th.jpg	4235a2e5f8ce10a014f366ab1b33c6312f451b7c.jpg
http://img236.imageshack.us/img236/1636/undercover17uv.th.jpg	2a42e7fabb3732c389f037643a9fbad3972daafa.jpg
http://img236.imageshack.us/img236/3262/antopagaicaffrj5.jpg	5cdb4a2ffc7628b7426a1d728331652b06a96484.jpg
http://img236.imageshack.us/img236/5158/stretchlimobeaching8jj.th.jpg	ce9ca21c9284f5a7afe80371ae04fab0f4db97c3.jpg
http://img236.imageshack.us/img236/5981/podbor97043bl.th.jpg	f3dd3694568046264118dc4402c830b0cac29895.jpg
http://img236.imageshack.us/img236/6042/civiccruscottorg2.th.jpg	055223762107d0842fb062b83611f2d5b37eb043.jpg
http://img236.imageshack.us/img236/6296/acquaparkmzam9.jpg	38e129980177cbcbbbbb9d2570c9e66f09c87517.jpg
http://img236.imageshack.us/img236/6554/3841754lwr5bg.th.jpg	bc76d0c073a47771545fed94fa336e942a8993c5.jpg
http://img237.imageshack.us/img237/3190/attentionwhoreadvisorysjc6.jpg	b2265013ed0e3a23691789667f628cef8ba8729a.jpg
http://img237.imageshack.us/img237/5641/ammanitiprogym5.jpg	58795fd44e8280a0cdeadefd9675daa28c9548ca.jpg
http://img245.imageshack.us/img245/3213/p4120001mi6.th.jpg	217e5b6956d77be6b70fac2e20e191158f84bcdf.jpg
http://img245.imageshack.us/img245/7663/ftfm7vi.png	2e936b97b18b6922245f2be30fccac14605c7dce.png
http://img246.imageshack.us/img246/4609/po7020bshithappensposteum2.jpg	9b9370ab03d2e64e78bb120e397744125a36e0f7.jpg
http://img248.imageshack.us/img248/6112/06032007006ka7.jpg	f91041ddb804b5e05361e11130efbe5dcf10be09.jpg
http://img250.imageshack.us/img250/5816/img2480ry4vc3.jpg	3529486c3c675069fbff9217281c62ad972271d2.jpg
http://img251.imageshack.us/img251/4521/dissocioqm0.png	d882ca8927b28a7ec632d3ad780c165ba53ec519.png
http://img251.imageshack.us/img251/690/1281ti0.jpg	adb54472994a89c0bca5501ab7a21ac99bcfb453.jpg
http://img251.imageshack.us/img251/8946/immag003nj5.jpg	2df1340a8a8e59acd72b1ff99f340f5844e6a77e.jpg
http://img252.imageshack.us/img252/8202/1901071756he7.jpg	01202d5ccc9d953ca9dc1bb450a0a49ff678b61d.jpg
http://img252.imageshack.us/img252/850/aspirapolvere2gk4.jpg	a2ff3c4fce1d54a9b52e6d739a0c3c8a7396ba36.jpg
http://img253.imageshack.us/img253/1692/72293530ia5.jpg	9fbc521314fbe917a3bda75b1e66241865769209.jpg
http://img253.imageshack.us/img253/726/61159752om4.jpg	fce75ef6c6adf9a1c9097f8102514f911c42a28d.jpg
http://img253.imageshack.us/img253/9590/23082007004fr3.jpg	913daa9ea4666808ee94ab5b68a66b972db49ab2.jpg
http://img255.imageshack.us/img255/4842/zeldahomerrv1.th.jpg	9af81e943b52642456363a2bc72e9c4597d6a408.jpg
http://img256.imageshack.us/img256/2929/rscn2183re2.th.jpg	f05f219989bbac622d91ccc8916a47410e021043.jpg
http://img256.imageshack.us/img256/3148/padrepiopietrelcina276ib.th.jpg	f4be8af982a27fa8ae3f966928058bb918bade5e.jpg
http://img256.imageshack.us/img256/6784/89717163zu8.jpg	f1859552d974a1ee9646994411e147a194c8f824.jpg
http://img256.imageshack.us/img256/9319/padrepiopietrelcina44ue.th.jpg	b40c8cadaa66208e6183ce3958e932c2b39bb18d.jpg
http://img256.imageshack.us/img256/9500/padrepiopietrelcina142pw.th.jpg	af99ed8177c1511675c90cba9e2aed923d7d69e2.jpg
http://img257.imageshack.us/img257/8049/24010718149mo.jpg	ca50013885e177d7560ba65ecf98e78fcbf123ea.jpg
http://img258.imageshack.us/img258/3241/01052007001fe5.jpg	7a07eec3289ac563cb526944c84f7af44fdb6c67.jpg
http://img258.imageshack.us/img258/5762/grappamw5.jpg	5aed32c6b86dc3da25b63a3f2b58e33850faf0f6.jpg
http://img263.imageshack.us/img263/4238/dscn2162uk6.th.jpg	2e7651e41f0f796de4ce994b4a2083d748f04c1b.jpg
http://img264.imageshack.us/img264/1974/tettetortasenogrossefot.jpg	ce1b1f4dcbe8fe9f97733e4447db445543f6f41f.jpg
http://img264.imageshack.us/img264/6595/dscn2112gd0.th.jpg	38a886a0fbf8ffe5d0264f53fe932161c22b82da.jpg
http://img265.imageshack.us/img265/5568/fotoorione044ib2.th.jpg	59d33073c997d11fd556e11238b0d2027b86535c.jpg
http://img266.imageshack.us/img266/6904/tettopanoramiconu7.th.jpg	abb8bf2dfb3305f55c978d3821457b3c89848225.jpg
http://img276.imageshack.us/img276/208/pa120004ch0.th.jpg	1e206782e96a333be8a4edd5a648e84757c4282e.jpg
http://img276.imageshack.us/img276/2157/boobs11zx0.jpg	e002b318364e486db01d390487006cc1fd7c6622.jpg
http://img284.imageshack.us/img284/1957/im0002548ey.th.jpg	5ab07d12c23a5dbbcde1ed2e1e3ba1d9e894706b.jpg
http://img285.imageshack.us/img285/2114/040620060011qx.th.jpg	afc8b8af0e32cf0ceec722744a1f603fe1b99431.jpg
http://img289.imageshack.us/img289/5561/0612061722kk9.jpg	2871bcbf72ff3000b8ba03a386880ed92d90efaf.jpg
http://img291.imageshack.us/img291/406/strano0zl.th.jpg	bca2dae593f59f47b7ff8e3fc6b8e6357c829fec.jpg
http://img291.imageshack.us/img291/9491/imag0001vo1.th.jpg	8d8ae75914a5617b45e3800293e14ad813d39d91.jpg
http://img292.imageshack.us/img292/6751/2sadsawq9.th.jpg	ca73c150c7aea14734f2b26b6ecd70e7efa24bc6.jpg
http://img293.imageshack.us/img293/4637/rscn2174hm8.th.jpg	6628fdc83c3f3e1e30b411dd3834441e47e81748.jpg
http://img293.imageshack.us/img293/7943/dscn2100ta0.th.jpg	00286ac7fecacccb0ade535c4302db72d9771eda.jpg
http://img294.imageshack.us/img294/6412/aaaa0008kt8.th.jpg	b3dcfea3d3e8fe8a5170c9c8bae5cefd53678069.jpg
http://img297.imageshack.us/img297/5388/14112006383sf5.th.jpg	2d26861f8ac6d757f59b382874180f17670c0f12.jpg
http://img297.imageshack.us/img297/9462/171106hc3.th.jpg	a7c39583f86fcceecefb5f0f438ca58320221194.jpg
http://img299.imageshack.us/img299/5241/s8000082pb3.th.jpg	0eb9c87c0f72f0b47e05a49b6df90a6becbe5cc5.jpg
http://img300.imageshack.us/img300/6184/wantedzi6.jpg	cd6688fdc5facdc5bbe0962b66aebc6194c6a291.jpg
http://img300.imageshack.us/img300/9271/yoviroma4tp.th.jpg	8870bf7746a42be6ab339d106f857b72df649fe3.jpg
http://img302.imageshack.us/img302/5773/dscn03736vs.th.jpg	694a34666b146d6e948595ca0f52075857c87899.jpg
http://img305.imageshack.us/img305/9741/super2sj.jpg	4f84c35e7bba0e7cf7947798efbbf9810659a50c.jpg
http://img309.imageshack.us/img309/368/ildonowsized9nx.jpg	1591e814c4d690e344e57daae3e3b2b513da8f44.jpg
http://img319.imageshack.us/img319/482/immag0426qt.jpg	95ff9417ecd48ba53315bb80fcf746bab3d7feee.jpg
http://img320.imageshack.us/img320/2022/ioeseyawmestruati1ys.jpg	f4c9619219e81c5427ce9a5696fc00529adb43f7.jpg
http://img320.imageshack.us/img320/4062/s24000043ug.jpg	6afef0253aa7d0da2b0bf5a1e004bae3ce79212e.jpg
http://img327.imageshack.us/img327/642/aaaa00069vu.th.jpg	b92766440e257a631bc06300c6e0b43460d225b4.jpg
http://img328.imageshack.us/img328/8020/padrepiopietrelcina322vi.th.jpg	4a305f6b3d0b8cae9b3e25ff866a4065d4683905.jpg
http://img329.imageshack.us/img329/3159/cozibibbo0611aj8.th.jpg	f4a877dbc629b9b10eaefb18f11742f6bbea3887.jpg
http://img329.imageshack.us/img329/5202/1301071731xf3.jpg	91f2f125266eac52437b742dd2e81a916d55b4e0.jpg
http://img329.imageshack.us/img329/7306/1301071735xu9.jpg	6b0c945d6d5f1186ca3c2d73ba517d1da82665c4.jpg
http://img335.imageshack.us/img335/8269/sullestrisce0wm.jpg	c55091db333ed2bb1bcaa65a58431ef2cd19a880.jpg
http://img337.imageshack.us/img337/9605/aaaa0010sz9.th.jpg	a92430fcc4d2a0897f9739de22e9fef5dfe47253.jpg
http://img338.imageshack.us/img338/6241/fotoreporterinvalidi2qi.jpg	def1ab847470b8dcf07db81eec5383b770bc79c1.jpg
http://img340.imageshack.us/img340/9484/incidenteauto99877lg.jpg	4540d097685e7f6f7b12837a7d07cb73cb7819a3.jpg
http://img341.imageshack.us/img341/9295/13071mw.jpg	619a39ddbd809a0eb387874bf6e277708fc984a6.jpg
http://img347.imageshack.us/img347/738/berlusconifotodivertentiberlus.jpg	5b6b04317ee26dd2730a0f66ebbc25b14534f8cd.jpg
http://img348.imageshack.us/img348/3056/im0002682ct.th.jpg	9aa9da0c7cde648752acb703a9600122c4558d06.jpg
http://img348.imageshack.us/img348/7338/im0006165ag.th.jpg	6655fa6b243a30832c0fcff90482e11672080d7f.jpg
http://img348.imageshack.us/img348/9322/im0002948kj.th.jpg	79565317caa36b5b43171f48e336ea9ab377a608.jpg
http://img349.imageshack.us/img349/1737/im0002255im.th.jpg	6c12ab828506ad7915b6cf6590f5d12bd13b1cfd.jpg
http://img349.imageshack.us/img349/1852/boobskq4.jpg	5939985767e8595ab6536343aee8657caefc2d9a.jpg
http://img373.imageshack.us/img373/3939/210320070071ul1.jpg	3e0a29404ae378344698ce7cef17d7c25a7b5fff.jpg
http://img374.imageshack.us/img374/166/123259nd6.th.jpg	7f17dd73d2bef2ead9bb6d38224d587e5dc2843b.jpg
http://img374.imageshack.us/img374/1698/civicmrbadguycj0.th.jpg	532a82eee7a1e4e847761cf7a4bc3c2674bd16d6.jpg
http://img375.imageshack.us/img375/9607/09042007534dm9.jpg	fa49dd980752e1ec2cfdc71572477f6eeb271174.jpg
http://img376.imageshack.us/img376/8817/nme1yk2.jpg	e99e7832b5b3ff14d798c12aae132c1162cb8560.jpg
http://img378.imageshack.us/img378/4046/puzzle5ca.gif	fe9c571248c66a7c75d2e52543be5af400453072.gif
http://img380.imageshack.us/img380/2279/ebetewb1.jpg	237b5223ba73af0284d11f34b0a96a0d3f35fde7.jpg
http://img380.imageshack.us/img380/9788/immagine1ey4.jpg	3acb31180cac94733bf7d8165a99c03941465ddf.jpg
http://img381.imageshack.us/img381/4899/im000989ms0.th.jpg	0969be34600d3d1335aaf748dd88d8fe946532ad.jpg
http://img381.imageshack.us/img381/8116/im000005xr8.th.jpg	2d6dc9c55f3e0fb57e787d909632ed2757c7eb4f.jpg
http://img389.imageshack.us/img389/6825/santajx0.gif	c1aa2896de89fdbfb4bf04c05c48f16cf34ff3b5.gif
http://img395.imageshack.us/img395/1243/deer.jpg	d51ca60476afb158d3c0022633c0180993100baf.jpg
http://img396.imageshack.us/img396/8809/esercitocq4.jpg	1cc07496cbdb18dd08b9678470099f31bb1e98a6.jpg
http://img401.imageshack.us/img401/9020/dscf6341it0.th.jpg	3c6eb11bfdd3143448f1c2988123b00b5fe30599.jpg
http://img403.imageshack.us/img403/1840/2712060130mz0.jpg	cc5b7ed037173ea6475e0301fac85ccf9a731b0d.jpg
http://img404.imageshack.us/img404/9244/foto4311ot.jpg	5b38ddeda5fe3dd4872a0904fb3f702fe4a9dc96.jpg
http://img406.imageshack.us/img406/3204/dscn2156xj7.th.jpg	5c6a211f340c808dfc2a75eff9f2b22c619c69e5.jpg
http://img406.imageshack.us/img406/3968/dscn04054il.th.jpg	3793d9a29f9c33df6709e6653d64c1ee74dfaa62.jpg
http://img406.imageshack.us/img406/4136/dscn04034ew.th.jpg	5ea0caf209a2b7c8cb66173dda1da5a3fea2b255.jpg
http://img406.imageshack.us/img406/6116/rscn2179ss9.th.jpg	f7d23979c7d0fb7e8c0048dfd6ec1812857544f2.jpg
http://img408.imageshack.us/img408/9167/dscf2780za7.th.jpg	1495c0c81ee8e89ec1d2f9211dae6ce7e4563846.jpg
http://img409.imageshack.us/img409/4800/img2581mj1ck2.jpg	c6ba2d410ba9f88cf1003eea279094a4a30ee7f7.jpg
http://img409.imageshack.us/img409/7629/storia019us4.jpg	4de1f2e456257fd37feceecea06085897bd443e8.jpg
http://img411.imageshack.us/img411/2009/azaleabq8.jpg	e1a8d31512e1191b6c6170d776c0e79809b8a606.jpg
http://img411.imageshack.us/img411/3685/37930124wi5.jpg	a025d454f85d9b6a2648e29b069ce49fdefb9c74.jpg
http://img411.imageshack.us/img411/7430/2912061259sn0.jpg	b222a86728d65730cce086c1ce6f0ca82ec4fda8.jpg
http://img412.imageshack.us/img412/5898/saddamob4.th.jpg	eb08b667c7a9caa319db8b141205198d511075ee.jpg
http://img413.imageshack.us/img413/2517/mairplanesh7.gif	e768243b309c75ae528ae7a27a615bbf147e53ce.gif
http://img413.imageshack.us/img413/4446/dragorf9.th.jpg	5c0d1d112963658f5833f2766aba071a96e7e7a6.jpg
http://img416.imageshack.us/img416/4782/foto4301br.jpg	77a86f38a132982bf2cf0b14b5eed427070236b5.jpg
http://img422.imageshack.us/img422/345/sexymousenm8.jpg	ec9fe35bb4c4faa7555e162322a7b6737e7f2360.jpg
http://img429.imageshack.us/img429/2261/dscn03825jv.th.jpg	7181761361bfb52caf73de2feb738e55258f801e.jpg
http://img430.imageshack.us/img430/5262/im0002651iq.th.jpg	42d8d86673a854470400fd96430dcf94d50ae354.jpg
http://img431.imageshack.us/img431/9260/15040615329jo.th.jpg	d97955dc9f5d9a9a61195ae942f536136a89be7e.jpg
http://img433.imageshack.us/img433/3423/idearegalofh5.jpg	4eb4175a43fca05e432e30946f48ae50861f7bab.jpg
http://img441.imageshack.us/img441/422/img0120xl5.jpg	8ca50c2b87b2857c09bd466c2a350a820c7cc285.jpg
http://img441.imageshack.us/img441/5915/0801072055ko2.jpg	8eaf212e1da5bbc889579e27e407c3fbb4be0a18.jpg
http://img441.imageshack.us/img441/6325/fboobradio.jpg	275f5cb3b6fc81095464d428fc434fc91cf8df4b.jpg
http://img441.imageshack.us/img441/996/121652531341ae392b88mq4.jpg	05d80ab5151c2cc5f6606a6ff91dff10b65ccd3a.jpg
http://img442.imageshack.us/img442/620/hellokittydartsfe5.jpg	e9d2b797853fa4bf79aac9f72178a85b737e6aaf.jpg
http://img443.imageshack.us/img443/307/immag0075kj.jpg	67cf62d0f652ffecb287c0f7b59a3078c58b6cb8.jpg
http://img443.imageshack.us/img443/4586/elymacchinang5.th.jpg	d5f2b9f355477b440232c209376e17674042cb60.jpg
http://img444.imageshack.us/img444/5274/1103061853hx5.th.jpg	a27e7a17a43c0eb24e4d2043ac8ca02a5cbd6543.jpg
http://img444.imageshack.us/img444/5549/etrbz9.png	4531ef805d883abfb2dbb2ad6a5db3fdaf593e87.png
http://img45.imageshack.us/img45/306/cimg0098fh4.th.jpg	d5d29ff606828eb35bc0059729025053f4cd10e7.jpg
http://img45.imageshack.us/img45/5267/cimg0101ns3.th.jpg	eeaec78b34834dbc71ae9fe8692e435aa19794ca.jpg
http://img45.imageshack.us/img45/5433/0610062136ig3.jpg	f6a9c7c7ae6698d63ff592bc0e82dee438e5ec5e.jpg
http://img451.imageshack.us/img451/9485/1901070006bh2.jpg	2a29cbdad984d491fbef7efd110295c05fbce67a.jpg
http://img452.imageshack.us/img452/5444/aaaa0002ef9.th.jpg	22500da397a60301a60f7a5be6afcc0769cec2ab.jpg
http://img452.imageshack.us/img452/9782/aaaa0004cw0.th.jpg	884b96f140639aa58754c4ded798371ca01e94a0.jpg
http://img453.imageshack.us/img453/1526/8102uk1.jpg	d05713f2779da6ccc1b07e6bd0314487d0052a99.jpg
http://img46.exs.cx/img46/4271/alligator_walking2.gif	5b6ca9777924a113ae8e5a98d1b4df5b4d4309dc.gif
http://img463.imageshack.us/img463/937/set5ov.jpg	2f2486fd2ec9b224be27ab5d068906b3799021e4.jpg
http://img469.imageshack.us/img469/3623/05042007531lt0.jpg	6964a274864be024851dfd270518f37308bcf52f.jpg
http://img476.imageshack.us/img476/4493/coppadelmondopiccolakk3.th.jpg	3670b9bb89e75d296047e062020bef85e47ec702.jpg
http://img478.imageshack.us/img478/3442/casatiellovalejpgtra6ud.th.gif	21c741491590e8f5b4f55fb6318321f2f6736cec.gif
http://img479.imageshack.us/img479/8818/pizzo2qa7.th.jpg	f7e574ea6752b7e0cf506a9a574be310ab84aabc.jpg
http://img48.imageshack.us/img48/1296/cimg0071zi7.th.jpg	645f75b2bd3ce4954b952fd192c996c293b441b1.jpg
http://img48.imageshack.us/img48/245/cimg0073al2.th.jpg	dd45bf6b90963483957306dbdf6227fcc2cfe72e.jpg
http://img48.imageshack.us/img48/866/tramedmoretm8.png	e33c8597a31da6ef42683d498db523545e93217b.png
http://img48.imageshack.us/img48/9458/cimg0076cd7.th.jpg	43f48606aa88373c82e9eea89e9fce413c6417de.jpg
http://img482.imageshack.us/img482/4012/eddie5of.jpg	d5d4a7b97b5437182f55e6c253269ea568468005.jpg
http://img482.imageshack.us/img482/7079/eddiefaildisinvolto2sg.jpg	0485b0044616eec741fc1dd6787fea858dfd887d.jpg
http://img483.imageshack.us/img483/3134/3876883tpd6xb.th.jpg	617adbeafd5f30576daf37175436612e48346529.jpg
http://img483.imageshack.us/img483/9290/militarysquirrel4vr.th.jpg	a70e896b23f559906cdbfe1a726af02ffd234b3c.jpg
http://img487.imageshack.us/img487/184/pavone3ma0.th.jpg	cfce29a4ec9e1326fd4184528f102433ee8a9668.jpg
http://img488.imageshack.us/img488/3715/25122006003ww0.th.jpg	37aafd00c22fa3b82cf69c01f6df42a070c50744.jpg
http://img5.picsplace.to/img5/12/torta.gif	31eb0d4072bf016aaac1c3026ba303c48a4b6c92.gif
http://img50.imageshack.us/img50/2026/nov2004935zd.jpg	5801cc6ce771839c1919a07a19a3bd4ea5e7b3f2.jpg
http://img502.imageshack.us/img502/8334/31102006374em0.th.jpg	1b1f73197603299aa5e3e4570c154aaa53303706.jpg
http://img503.imageshack.us/img503/1786/pillowboobsua1.jpg	bb3d84f505cee764485b5aacac799da4e1fc2ec5.jpg
http://img503.imageshack.us/img503/4653/torta9cj.jpg	572cad5a264377c5ffffe625081c841164e23f9e.jpg
http://img505.imageshack.us/img505/5310/merc025piccola5gm.jpg	62330c8d1ac2525ff7777886a41eddf4199ad891.jpg
http://img505.imageshack.us/img505/6079/napolivm1ss7.jpg	f62e45e6658f9e4a7d3ecf10998f69bc3909448f.jpg
http://img506.imageshack.us/img506/1197/im0002345yi.th.jpg	8e4903542e3dc1bdee41a4cfe039b51620b49ecd.jpg
http://img506.imageshack.us/img506/3302/im0002318an.th.jpg	a757b86e3b9e3c2dc6d9f7a761ae5f14e6422d3a.jpg
http://img506.imageshack.us/img506/6273/im0002241vj.th.jpg	7ebdab4d18dfbf08d9ef2e42c7fe4b727917ddf7.jpg
http://img506.imageshack.us/img506/8026/im0002401kc.th.jpg	ba6665d0befa67d44e6f3849a6e6cbb48cb6ff2d.jpg
http://img507.imageshack.us/img507/667/ima08wa0.jpg	367d8b31385fc103db80f993c96614c807fdb1de.jpg
http://img508.imageshack.us/img508/5554/dragori8.th.jpg	9cc1132d9ff8484e91c4f68944d6a36150a68700.jpg
http://img508.imageshack.us/img508/903/6a00d83451b64669e200e54xj5.jpg	206e0ecf9a89dfaa5a0164379b11e2bb97e2ab72.jpg
http://img509.imageshack.us/img509/9500/reut1408258805430ub3.jpg	84f6da1e95c567c44a702d3e3d58bad4b1bfec10.jpg
http://img512.imageshack.us/img512/8546/img2735uw4.jpg	d044ffff26885f929b8a609f9d33b12dc5215612.jpg
http://img515.imageshack.us/img515/1647/0407071301oz2.th.jpg	758c042f802a5a8b69a7c2d9d50c970eb3c409cc.jpg
http://img516.imageshack.us/img516/458/sansalvatoretorre2pr.th.jpg	52e6bc2a40e1bab4ed33691db8f2014f28de655a.jpg
http://img517.imageshack.us/img517/543/tettedipelucheoo0.jpg	e1e8c7d75e45994474e1aa0bdac22a6860865c7c.jpg
http://img517.imageshack.us/img517/6595/s8000093hi1.th.jpg	6bedae40750e973d446bbced77652fcf36386376.jpg
http://img521.imageshack.us/img521/661/aaaa0013gv2.th.jpg	ac6a7951150f201f80c0488adb93c31a3d1c8e05.jpg
http://img525.imageshack.us/img525/964/minifhmxm9.jpg	319c3fafbc769bb999b31447f6765f2bc668049e.jpg
http://img526.imageshack.us/img526/7938/images17ps.jpg	777078133534204b25047a59a73639b683857dc7.jpg
http://img527.imageshack.us/img527/5504/boobsvl6.jpg	ae413c6264ed1ebefe7320526cce945a50f97c69.jpg
http://img527.imageshack.us/img527/8652/colonnatraianadm3.jpg	6d9035d76f8ba8e5efc0427694d1456a74aa2e1b.jpg
http://img527.imageshack.us/img527/9292/aaaa0013ks9.th.jpg	cb69b113363e312df7c6fa032b3d86dede414456.jpg
http://img528.imageshack.us/img528/1390/boobsapronpi2.jpg	01fee4330dcbe600b9447ca9e9e06b2a43d00d82.jpg
http://img53.imageshack.us/img53/4439/ninabaciyd5.jpg	16a761b9598a306889389e820e05a7eb510462b5.jpg
http://img530.imageshack.us/img530/8591/reut1408258805430ep1.jpg	9456d2586223733682532f73bf880992d3d29ba0.jpg
http://img54.imageshack.us/img54/2424/foto0000ai7.jpg	96e48b70d8e3844af2ce5a8d9c2e8695ff83edde.jpg
http://img54.imageshack.us/img54/8175/cimg0095jh6.th.jpg	620b180d29fb89430c2dadd4ef0eb9f407eb00e3.jpg
http://img55.imageshack.us/img55/5457/immag001er0.th.jpg	0c4a0266b64cd84230bc911066f08c6cb51af10e.jpg
http://img56.imageshack.us/img56/7589/dscn04192cz.th.jpg	1a082c51e60ef839d380314af574de8aaf85eaa3.jpg
http://img56.imageshack.us/img56/9198/dscn04264ch.th.jpg	c20e3323360d67bdb931f883fbdc46b041bdc1b2.jpg
http://img57.imageshack.us/img57/5061/21042007541qr6.jpg	fe16956ededd47a00e0648557576840849f8f2e2.jpg
http://img57.imageshack.us/img57/6260/fotoorione092ry3.th.jpg	5bd1a1ee2740ffd40b42a5d1e004149481c78080.jpg
http://img58.imageshack.us/img58/175/dscn2108ro2.th.jpg	7542a8729b817681c35826061ebe7709146b076c.jpg
http://img58.imageshack.us/img58/3035/dsc00266ra1.th.jpg	be64d5e6f768d92495f0f6d31bce0793e259cd37.jpg
http://img58.imageshack.us/img58/5048/dsc00230hn5.th.jpg	ce280a2302aeaa9264f7eec0c3b6dd8afe051b77.jpg
http://img6.imageshack.us/img6/1332/im0002462me.th.jpg	9c370c62e4f04e7e5df53dda36b2786e060bb4f3.jpg
http://img60.imageshack.us/img60/6608/figo16kd.jpg	54be9a626728773ec0e2b50fa2c905d4322f7499.jpg
http://img62.imageshack.us/img62/2276/puntog01.jpg	60d101fdfecd5203bf9c20cc0e882009d0de7f22.jpg
http://img64.imageshack.us/img64/8503/superfre4ce.th.jpg	2ee17b6f1370d52d3bb962468eb039a38a0a2de7.jpg
http://img65.imageshack.us/img65/7566/210320071bn0.jpg	d9e2dbfb9b25c1248e1dbff703a952eb1cd7427c.jpg
http://img68.imageshack.us/img68/6661/dsc00351jj9.th.jpg	88fe19ec68e8b7e6b7a0b5d67722eb3d943df75d.jpg
http://img69.imageshack.us/img69/5356/geniomalehv6.jpg	c5319de0006512c801958d3c49791127ffcaa723.jpg
http://img70.imageshack.us/img70/3812/mischia11md.jpg	0c1a072a046f6d38f568fce259fd3dfc8e38c207.jpg
http://img71.imageshack.us/img71/9988/fig5dbr9.jpg	0919052031cc89268f5416eaf0ad4c31c6d88065.jpg
http://img72.imageshack.us/img72/3473/2812061805zi8.jpg	e0271f1da982765e46dc8789898a09072da9373c.jpg
http://img74.imageshack.us/img74/1044/lolhg0.png	6ec29617086afeeb75a40e61eefc3504161dfbc5.png
http://img74.imageshack.us/img74/3702/02082007001eb2.th.jpg	12521c3d216a055022ae32fe5aaff6003e3c84df.jpg
http://img74.imageshack.us/img74/7383/pomsheiwa035zi8.th.jpg	60c73505f3c06469533520fa740d3841e3f8f92d.jpg
http://img76.imageshack.us/img76/1244/teresatiamo6gz.jpg	0075bbebbe988d60ab932cf451087235aaad26b5.jpg
http://img77.imageshack.us/img77/8218/vietato022ix.jpg	af052ae7057de676bcf5cc9b376362a0db985686.jpg
http://img78.imageshack.us/img78/1801/idicepd6.jpg	2283c669de2e0281621982d7a1a8165c9fe9e044.jpg
http://img79.imageshack.us/img79/9384/taipeifinancialcenter2ly.jpg	66be830afae16a675deaf8bafc58e650aea73bed.jpg
http://img80.imageshack.us/img80/3163/cozibibbo0637hb6.th.jpg	ae9268630d1537d6fe3cbed8b4972e3e78ae0f3a.jpg
http://img80.imageshack.us/img80/4807/augurifinaleja2.gif	74b322929e32dff5d135f64c2290d3e9252e0084.gif
http://img820.imageshack.us/img820/8237/74863137491242970371100.jpg	7aeeb5483fd7618276c13f9378839916800adda5.jpg
http://img83.imageshack.us/img83/2298/sv4022839tp.th.jpg	25dd487b294d5bf41a5bc9afe6466141e1db4128.jpg
http://img84.imageshack.us/img84/4208/suziecassecouille118sh0.th.jpg	06e5a271185fdf94924984ba5426ea5d32691845.jpg
http://img84.imageshack.us/img84/6664/freddiecw9.jpg	1f918e66574b7ee102c87cdeb9f1755ccd128044.jpg
http://img84.imageshack.us/img84/981/395vh4.jpg	187f2e6735a2fbe3ef909381dae62d708f437022.jpg
http://img85.imageshack.us/img85/7540/tn18ai197sh.th.jpg	44c85155e3c0c57dd33dfd16a115c6bb3151da63.jpg
http://img86.imageshack.us/img86/4191/dscf0621lv7.th.jpg	df2f186151450677fac5698bb4e30048e662d590.jpg
http://img87.imageshack.us/img87/1015/dsc00313ww6.th.jpg	7db550b11211d5c57bcde8913009861c3828f40b.jpg
http://img87.imageshack.us/img87/4729/dsc00275dz8.th.jpg	323189f35f65bbe2facd011c3ef02863ae474e76.jpg
http://img89.imageshack.us/img89/1383/tn21ag235du.th.jpg	582516d815911f189f05fd680e6ed8c56f561155.jpg
http://img90.imageshack.us/img90/8799/aaaa00016np.th.jpg	677f040f3f5de081a2779445e7b3c2599421fce2.jpg
http://img91.imageshack.us/img91/2496/arcobaleno9xt.png	7981a9c7a20364632afa1b0d79d23b2e9ca6923f.png
http://img92.imageshack.us/img92/1807/ima0552a6dcqd1.jpg	b39f5772d4a2d931d8481606ff1dafff07f2d5b8.jpg
http://img93.imageshack.us/img93/3507/aversavillacomunale130tm.th.jpg	72d44c8b88d064a0a0ea2facdda2c45096f08308.jpg
http://img96.exs.cx/img96/1544/immagine7xk.jpg	8476ba437886e0f9b42d3ae1a48deb81c5860abf.jpg
http://img97.imageshack.us/img97/2544/dscf0007trweg8dh.th.jpg	b91a06878a36d47615a0cb60b0577b52651ddd91.jpg
http://img98.imageshack.us/img98/8995/tn8ag104wa.th.jpg	4e7ec030c662b36a5a2a19aca9c1da72d6c0aa7c.jpg
http://img98.imageshack.us/img98/9235/tn22ag243tg.th.jpg	b77bdb68af762d99e39ab67f5f5e37b6af678b94.jpg
http://irc.estraradio.it/estranetlogo.gif	5c176c3e592bc157d07fbc10e612cd1f7695387a.gif
http://jack0204.tripod.com/ebay/butch_sun.jpg	47193fc0fd5cb1f76218d86574338c55c9227f50.jpg
http://jene.altervista.org/immagini/pasqua.jpg	a00b7edce21d8d816ef4a9fbf73ca2de025e586c.jpg
http://knifeoutlet.com/shop/products/cs97kms.jpg	851bfc4d7e007d0157fa65779725dbdbce718c82.jpg
http://kormi.freeblog.hu/files/Jessie/torta.jpg	e4654674559648941658c97302e367758ed3a3de.jpg
http://littlebornmiracles.com/images/chloe12.JPG	8422f4b9a4a86de5a629bcd55921ac70ec0a9e8c.jpg
http://lnx.spaturno.com/Smile/Colorati/col001.gif	8f1dbfa4a373241a138e0e2c883b3bcb3ac560de.gif
http://lnx.spaturno.com/Smile/Colorati/col002.gif	8bf1d093a6c8eff573581c9e3996b8ba7f9873fe.gif
http://lnx.spaturno.com/Smile/Colorati/col004.gif	a2eea4c0661efe81df6edbe117348cb23f9a6251.gif
http://lnx.spaturno.com/Smile/Colorati/col005.gif	15020b6f4ffc8c44d15d5736c38416fda87ea7bc.gif
http://lnx.spaturno.com/Smile/Colorati/col006.gif	e8a634a796a5818b2790acb9e9f16629fcbcc42f.gif
http://lnx.spaturno.com/Smile/Colorati/col007.gif	52e9a16dbf098d06fea130ce1779cb02029b5906.gif
http://lnx.spaturno.com/Smile/Colorati/col008.gif	61dc8d37155948a378d3499454050385ba5132dd.gif
http://lnx.spaturno.com/Smile/Colorati/col009.gif	dee3690a4cba9d080beff6fad6709ffc236bd4fa.gif
http://lnx.spaturno.com/Smile/Colorati/col011.gif	3a0455f0407e6b4fd03306376b4cd23cac5883e2.gif
http://lula.azzurra.net/foto%20miele2/dolce1.jpg	5fbbe11373aeb840b95aa431a56212f52476ee98.jpg
http://lula.azzurra.net/foto%20miele2/dolce2.jpg	0a67d738019d4cb7936b567652546d98b4f2fd8d.jpg
http://lula.azzurra.net/foto%20miele2/dolce3.jpg	67e366e4ab4a976165a54cdf812c2f4c9d06b21a.jpg
http://lula.azzurra.net/foto/lucy_20050822/lucy1.jpg	3e02a09bd93acdd0a19be53b076ac81de5e8b39c.jpg
http://lula.azzurra.net/foto/lucy_20050822/lucy2.jpg	3afdfc70c6cd095499e340325cf5f5d194b504a4.jpg
http://lula.azzurra.net/foto/minidisk/minidisk.jpg	e4bcb29abf2cbe3c416a580b80ac70767143023e.jpg
http://lula.azzurra.net/foto/tj_20050927/tj1.jpg	7a03f4e7431b1e3ff9a1b30c45187bd079cae354.jpg
http://lula.azzurra.net/foto/tj_20050927/tj2.jpg	2bc8cec063f28da2779dee61bacd7dc93d7ca62c.jpg
http://lula.azzurra.net/foto/tj_20050927/tj3.jpg	7fc30d166b62accdec864dc4d5081466985de5b3.jpg
http://m.pimpmyspace.org/glitter/89a1a429b047f362d03eda1810a54935.gif	fdd2c7b1ad926351be72f0c08a88769584641983.gif
http://members.xoom.virgilio.it/fuckm4n/TheSaint.jpg	9d0fc9d9a054d22bb00b50a983977009f3ec496e.jpg
http://members.xoom.virgilio.it/iccp/temp/PATENTE.jpg	45272978f950b7111de856debcd3cd5e8af4ed8f.jpg
http://meteolive.leonardo.it/lib/images/satellite/1.jpg	bdc968a967e1000aaa1910b70b822a256203146e.jpg
http://meteolive.leonardo.it/webcams/big/196.jpg	032f572dcc9b18696e98438125cb34fb7696c75c.jpg
http://meteolive.leonardo.it/webcams/big/198.jpg	33fbd7ce8d4bca091a4e4a461e2a114377f58088.jpg
http://meteolive.leonardo.it/webcams/original/294.jpg	3fc13a52e82b0469e8003451a03ac625fb7bdfc6.jpg
http://meteorovigo.altervista.org/images/cam.jpg	61320e97083b410069044370b18ba2dd832a1051.jpg
http://morpheus.carmat.it/images/edit_a_cazzo.gif	9dcc569697437273320c653f569d90908be80d33.gif
http://morpheus.carmat.it/images/tutte.jpg	c9a98a981b1b09f00c38c54b937dd52bd4426e00.jpg
http://mr-mercury.co.uk/Images/Birthcertificatefreddie.jpg	942c31d7bcab16919cf46e11b6c11aed2b894827.jpg
http://msnbcmedia.msn.com/j/msnbc/Components/Photos/050816/050816_animalhouse_vlg_3p.widec.jpg	918550ec8a00c4f5a0179fc4748f6fceec845c44.jpg
http://nifada.com/webcam/current.jpg	2e3c4096baeee27a625e6b469624262dc9d61b0c.jpg
http://nik349.altervista.org/faccine/ala.gif	c30a6b431fdab9e3ec47e0f080869bc48aeda96f.gif
http://nik349.altervista.org/faccine/birgits_tiredcoffee.gif	5a1aaf8858643c67011d974c2a49a311e1f859d7.gif
http://nik349.altervista.org/faccine/boobies.gif	0c2d7c66f258bceae755836de8ea57253d11580c.gif
http://nik349.altervista.org/faccine/curlers.gif	c3a9c2a0dd7e3da0b89b870a957f17a79c69a301.gif
http://nik349.altervista.org/faccine/drive1.gif	3cb1833cbe5c091a03b65a90e7d9156b44ce1c20.gif
http://nik349.altervista.org/faccine/hoover.gif	b798215ddf9d63b6a273549c20c8b3e0b7a63221.gif
http://nik349.altervista.org/faccine/matrix1.gif	520d790f7955e3849da4f546672ccc9b141fdd64.gif
http://nik349.altervista.org/faccine/partytime.gif	90d195236bd7730a809ca50e25ad311d85f00203.gif
http://nik349.altervista.org/faccine/pontiac_black.gif	7def6e2955e0e0e2a4e49357804cf10c40fe708d.gif
http://nik349.altervista.org/faccine/rasta.gif	40ff0d90d24aebb3936b83af585c33c8197bbe32.gif
http://nik349.altervista.org/faccine/vertag.gif	4ad37603529ca527995090ac51de5f86530995c4.gif
http://nolost.altervista.org/vomitino.jpg	3693f10d39f42ff9e4e9b6cc9bea3730591877ee.jpg
http://notizie.tiscali.it/media/foto/notizie/07/aprile/13/giovani_alcol_grande.jpg	f0bc97d823727e3dd8c2334e97cac6b0dafd2a98.jpg
http://numerabile.it/wp-content/camicia%20di%20forza.jpg	5a6abde04fb17e757a588c39433a55980dcf980d.jpg
http://pamabu.altervista.org/scritt12.jpg	63ac137911cd38e941cd6c0e993acc3a1a572cdb.jpg
http://papoff.altervista.org/immagini/signore_anelli_small.jpg	68c28b150181ba00cc342e9d27a006688e6389f4.jpg
http://pcmedia.gamespy.com/pc/image/article/558/558109/vampire-the-masquerade-bloodlines-20041018071656184-000.jpg	65be7bc4409a5b24e8c8a62a8904d37c798e219f.jpg
http://people.csail.mit.edu/rahimi/helmet/ali2.jpg	304a2606f0476c673bf86cfe937100650dbc4d8d.jpg
http://perso.wanadoo.es/mastersuniverso/images/micoleccionmastersdeluniverso_16.JPG	719a1c70910c17a5c3b95f9c17f48fef1ad3db5b.jpg
http://perso.wanadoo.fr/enfantsdestars/Fabio%20Cannavaro1.jpg	2b296cfde15b09caa16c10e6a4439ebfd1f032af.jpg
http://quotidianiespresso.extra.kataweb.it/finegil/iltirreno/Edizione_19_Aprile_2007/foto/LV301F.jpg	4a369a4fd0a80f8c69dc37308f172a67d5e146a7.jpg
http://s35.photobucket.com/albums/d189/dimebar_probably/Smileys/th_DOh.gif	71ca6655ef5fee401361ae8b52e6361470d9ed67.gif
http://sardegna.indettaglio.it/images/logo_sardegna.gif	bd31a081bd372965e19cd8a9e2bdc045900c4624.gif
http://sdokamoto.altervista.org/_altervista_ht/24-08-05_12401.jpg	46f45c6f717ecac3080cd04c1b82d90090db4ff4.jpg
http://sdokamoto.altervista.org/_altervista_ht/cp1.JPG	9f7eab9db0fc3c13249ef3a3d007f753c2985e03.jpg
http://serendip.clarence.com/archive/images/natale2003.JPG	603672b7de6f7acd0af83ea4e57b2fd66a1a27b8.jpg
http://sfx-images.mozilla.org/affiliates/Buttons/120x60/trust.gif	1d4e66cd51dc307ef224cdfe33052d9fbf20983b.gif
http://shinymedia.headshift.com/images/images/ronaldinhobeforeafter1.jpg	daff028575580997ebd2bff4ce94ee9fc4bd5a2d.jpg
http://ska.fan-art.it/images/smiles/birthday.gif	b76b49ea0aac1b04de0ee518fd78c1f92ece179f.gif
http://smileyonline.free.fr/images/gif/animaux/vignette1/thumbnails/1036535522_gif.gif	db2d3e1eea8e940f01c73e95cf9aa43622446064.gif
http://smileys.smileycentral.com/cat/36/36_1_37.gif	e45bc38bbd5bdb05ef35be6d91f53bb84e03e3e2.gif
http://sociopatica.altervista.org/811.jpg	75f1edc929afbc8fde71afeb32d0567226b185a2.jpg
http://static.blogo.it/tvblog/CostanzoDeFilippi.jpg	8d1c76fd9d99a0f10c25a5bb545f4ec6dd7d8ec7.jpg
http://static.flickr.com/48/174466947_acc91a078f.jpg	6f8c7a533e2db50c83512a1b463207eae950cd63.jpg
http://syn.altervista.org/garbage/1.jpg	f3897374f31003ff79f7b98e202e681d7591bdfe.jpg
http://tarya85.altervista.org/_altervista_ht/template/bacio/cuori.jpg	7e5e4817bc70dd4f7821cba74d86ab8d4dabde0b.jpg
http://template7.nuke.aruba.it/Portals/0/rosablu.gif	202cd3bbcec73c1cb35569b9b131f026f63bf3cf.gif
http://thelastempire.altervista.org/darkspirit.jpg	d4e13945c435a7052b619bf4143c31b48f936fa3.jpg
http://thumb9.webshots.net/t/57/757/3/71/0/2628371000098228469cDCrPZ_th.jpg	360917be856814c9546bf4cd8538f13e45bec0c5.jpg
http://thumb9.webshots.net/t/59/459/0/47/41/2446047410098228469OdOgXT_th.jpg	48393933896cb858168c5a737a77480fcc3cbb4f.jpg
http://upload.wikimedia.org/wikipedia/en/thumb/9/94/Fonzie.jpg/180px-Fonzie.jpg	f1ea8c6c41d5b6924c08b605e863d4fbd11a1a31.jpg
http://upload.wikimedia.org/wikipedia/it/thumb/c/c0/02012007062.jpg/200px-02012007062.jpg	7c2bdf40d114c2711c4a9b81c011a84f67339846.jpg
http://upload7.postimage.org/415228/moscacrop.jpg	0c446542d80f449680784d1f6477839dc0f19535.jpg
http://upload8.postimage.org/100999/farfallagal.jpg	03324e898b0de8b1317b6c08a92ec883fb1834d2.jpg
http://us.f3.yahoofs.com/users/4274...h9SLLDBuGgIQDdk	724ce7536f1c13912edfd8ec8890eb2bfd83d94b.h9sl
http://utenti.lycos.it/antoflora/kazzettini.jpg	c64450adfb6e423b1c602e2fbb5b9c4d0a4360be.jpg
http://utenti.lycos.it/sifredda/amore.jpg	afdb08ad1b91927d401fd0ce443f1003728c0716.jpg
http://utenti.lycos.it/sifredda/forum-adventure-loc1.jpg	01390b8e8adc2cfedc329359721ed51a758f036b.jpg
http://utenti.lycos.it/sifredda/forum-adventure-loc2.jpg	86127a4aa4b753aae93583eb839e5f2b9d97d573.jpg
http://utenti.lycos.it/sifredda/forum-adventure-loc3.jpg	a3d8eaafa6a06e997fd3529ca6ef366a7f93f2bf.jpg
http://utenti.lycos.it/sifredda/forum-adventure-loc4.jpg	ea73c2273aaf87f9bf33bda496bc38a3a0ac986b.jpg
http://utenti.lycos.it/sifredda/gif/gif1/old.gif	a035d1ce52e41d8d31204e8ece50f3949ac3c243.gif
http://utenti.lycos.it/sifredda/ihih.jpg	f3d01d9369dc5ce4b1d7d1d9d938002319ef645b.jpg
http://utenti.lycos.it/sifredda/mano.jpg	478895ce812b0e97a996710c9edc1adb5eaa9d27.jpg
http://utenti.lycos.it/sifredda/ninna.jpg	bfb2c55943066daa786a73240ed5f4794bffd3ae.jpg
http://utenti.lycos.it/ziogoku/foto/D2-06-07-piccola.jpg	8ecb934856ac7444e46fa540efb5a46ed8989bcd.jpg
http://utenti.lycos.it/ziogoku/foto/gatti/gatti1.JPG	0d632aa7bb969293dac56aae8a2436379a26cd66.jpg
http://utenti.lycos.it/ziogoku/foto/gatti/gatti2.JPG	23d38b57f72944d4b881617f8e22c40f4af0bd27.jpg
http://utenti.lycos.it/ziogoku/foto/gatti/gatti3.JPG	0cfbfce9ef937b0b8c345e1266fbbbf6869bcb68.jpg
http://utenti.lycos.it/ziogoku/foto/gatti/rubbi.JPG	7a3a7ab13da3fc0232eccae3b61eedd65150b3e6.jpg
http://webcam.immigrer.com/champlain.jpg	84666a1f98220f804da2ea6471aea25b34ac9331.jpg
http://webcam.ville.woob2.com/NotreDame_full.jpg	a570e6bfc0bda59a6393b48e660f78316632e60c.jpg
http://webchat.azzurra.org/images/cheesy.gif	2e4d2c9e683d185d185433ababada30ce313562d.gif
http://webchat.azzurra.org/images/happy.gif	07f6b814e1ebdd4347527806752428e27182c273.gif
http://webchat.azzurra.org/images/tongue.gif	6776dac74fa0c71e0a34183ff7d2c9a314881c70.gif
http://webchat.azzurra.org/images/wink.gif	9c8b4ad74950ba84632395f8f9ae443c000cc236.gif
http://ww1.pureupload.com/public/35437/scr005.jpg	3440e4fab5befc16f3fd233c6dedbae3a49e9800.jpg
http://www-devel.azzurra.org/images/mangarock.gif	c92e5d348d0a0e0c1fb2d6195c4da1d5629cabc5.gif
http://www.25hoursaday.com/weblog/content/binary/prince-adam.jpg	9b0dcfc52b586fcb994907bf7244dc05c916a70d.jpg
http://www.4kamm.com/magnets/victoria.jpg	6ffa90a7efbefce03fe7bac38d6c384f08087c5b.jpg
http://www.aad.gov.au/asset/webcams/casey/small/C0605251650s.jpg	004bbace94df253a1d89a09cd33e3cce6bea6f0c.jpg
http://www.about.ch/images/flags/uri.gif	18ac56ceb78ec84a7c158eaa00f474e348816b6b.gif
http://www.adamelloski.com/images/ImportAutomatico/WebCam/tonale.jpg	b3af65441b7cd374fdbe8ecdd5008792654836fe.jpg
http://www.agropontino.it/webcam/test71.jpg	6874a1378857f741fb6bad2ec0872e577db2380f.jpg
http://www.agropontino.it/webcam/test72.jpg	1aab7b410b4fbedddfeb6b4c6544c2f1eb75d31b.jpg
http://www.albaria.it/mondellowebcam/fotowebcam/fotoalbaria002.jpg	9075e0e6e238b0bc2e8e5dbaf26bda8ebd4eb4a8.jpg
http://www.alex1.it/mega-ascii-rod.png	228ffc038a606c1b54beea7c9320015c781a42b9.png
http://www.alfemminile.com/couple/05bonneamante/im05bonneamante/shim.gif	bf17519596c375b12ce14df3e0f90673919625a5.gif
http://www.allaboutcabo.com/cabocam3.jpg	57534382733bc004ecc0e8d289ff96580f6b03f5.jpg
http://www.amadeusart.nl/meubels/philippona/Boobycase.jpg	bb8b9bb3f22643a2f30888c98031d6decf3ae81f.jpg
http://www.amalficoastweb.com/lospuntino/imgs/spuntino_5.jpg	c28459b379aabc77f7c297ad82ee086956cb4b2c.jpg
http://www.ansa.it/fdgimages04/1122049236_h_fu_NUOT_20050722.jpg	e746fef9677e4f90d753875d36026208d8780c8e.jpg
http://www.ansa.it/webimages/large/3487/in101yjxX_20090207.jpg	f1d1f046896daf30235394f8647d14af6b202206.jpg
http://www.ansa.it/webimages/large/3487/in107yjtX_20090207.jpg	96b8361e0c32f5c07cf9358e71bad5afdd441284.jpg
http://www.ansa.it/webimages/large/3487/inc07xjwX_20090207.jpg	c570b4fe19ab9e66cc37f3993c90c75b3d1e1179.jpg
http://www.ansa.it/webimages/medium/1068/in118xiiX_20070218.jpg	eb0b51cbf5f620657dd33bc29fa5b401a75a80f3.jpg
http://www.ansa.it/webimages/medium/745/epa20yo6X_20061020.jpg	38f24757276bff9752dcb3abb4aea701cf61fe1d.jpg
http://www.ansa.it/webimages/medium/881/in109xwjX_20061209.jpg	e30d543909d0612e3d59374cea7651ec2790e795.jpg
http://www.area48.com/infinito.gif	816dd4f5e0380103cb957d62ded1ff9fc17325b0.gif
http://www.areamestruati.altervista.org/Meeting/Roma2005/Superfre/images/IM000001.jpg	75b48d27412ed3a944bcb2467a834f4877124680.jpg
http://www.areamestruati.altervista.org/Meeting/Roma2005/Superfre/images/IM000003.jpg	006447f9c7be6c6e864435baa62bdf38be7f81a3.jpg
http://www.arteandesign.com.ar/lineaflores.gif	53b5db4e2f5343b423705b5ea53fbc00c6dc1974.gif
http://www.artsanctuary.com/images/staff/raphoon/cg/001_Alexi_Laiho_SD_01.jpg	b1bae9e4fa83c1c5d548e63e3f9b1a106f3ba7c9.jpg
http://www.asbafo.net/gif_ani/animali_acquatici/acquatici029.gif	f2280aee614c1fd861f4762419142e14f5d25816.gif
http://www.astrofilicolumbia.it/ImagesViaggiEstero/Zambia/autista%20peso%20e%20negro.jpg	3707ebfb41a39fde39e311a1680c2ee3edf500f8.jpg
http://www.auronzomisurina.it/foto/cam41.jpg	76be61cbdc70d441daf99be9f5d38ec5e4bd1df5.jpg
http://www.azzurra.org/forum/azzurra/buttons/firstnew.gif	374cd17c52ad4e4bcf56e84b6b918178206e2cfa.gif
http://www.azzurra.org/forum/images/avatars/182812580440f1ae6f6fdd3.gif	b7d05a47b92327ffd35956750f09aa1ff1c53829.gif
http://www.azzurro.it/accendi2007/images/botcandele.gif	9e9504e8e4a978db79a84a0c06bf07e14c4deb1a.gif
http://www.banchimaison.it/imgs/acaro2.gif	2e72cd46ae345a647b6ce0fcf7cb3165b7fa038c.gif
http://www.bancoalimentare.org/img/colletta07.png	bf13b5e4cf9d612b4b5abc689084ec4b0f7c0664.png
http://www.bbc.co.uk/history/historic_figures/images/hitler_adolf.jpg	d6cc4b94a6a7e54438e81d42f4a722b3c22a2ab5.jpg
http://www.beatsupernovarasa.com/thebeats/mastandr.jpg	df8a94a0012215fe9d19c9c24c83591c5d9fd54c.jpg
http://www.bel3.com/images/ccam.jpg	7f1fdc3c7bbe6ea7654ec1086f9aacc6fb5ebc29.jpg
http://www.bibliolab.it/pic/torta1.gif	ba4024b576f88e6fd935a7a9fdfb281d7e94e73d.gif
http://www.boscodigioia.it/foto/euchessina.jpg	f0c51dc5380807de3bfcf0ea03a1aad0185b853f.jpg
http://www.britney-federline.co.uk/images/frontimage.gif	9dbe7abb92bd702c465454bb2e5dbc305146740e.gif
http://www.bucuticam.com/arubacam.jpg	0c541ae991b21cfdd4e419e0f7f3ba3ef3c80f94.jpg
http://www.calshop.biz/gifanimate/repository/gif-animate/Auguri/Auguri53.gif	3e92ecc771275c6924bcf13d4861c5a257bc666a.gif
http://www.campaniameteo.net/luna/image.jpg	fdd698a298deb251aa574baa771a789f4db3d5b5.jpg
http://www.carlaantonelli.com/Maurizia_Paradiso.jpg	59e1dc1f404ecb9e3d64895001ee3e9f62b988a5.jpg
http://www.cartantica.it/content/toto/toto3.jpg	55656c8aee903a4c2dd6f28da29f740e66148405.jpg
http://www.cartolineparlanti.net/pics/compleanno11_cp.jpg	65b1ea103dee836420f0ea08b1e363657740acfc.jpg
http://www.casa-in-italia.com/rom/images/Roma/Roma_Piazza_Spagna_barcaccia.jpg	cf374068cb0a92e394144e4438354057eda9cea0.jpg
http://www.casadelcinema.it/resources/Immagini/il&#37;20mattatore.jpg	2c92d0d546a8aac6c4dffabde158cdd079b1c1bc.jpg
http://www.casahistoria.net/hitlernaziflag.jpg	7becb2f080c6a7cb2d49f84c1e28cf53cc1c7d2f.jpg
http://www.casino-lipica.si/uploads/content/francoska_ruleta_02.jpg	3cf3947c1589296b59913165190cfe430e3f1b8b.jpg
http://www.cazzateonline.com/foto-divertenti/auto-tette.jpg	b9aeec738998c9c63439173dae6ea8a8aa36a932.jpg
http://www.cenapred.unam.mx/images/popo1.jpg	9e12c62bad848d9b26d15dfe8712373adb787c2a.jpg
http://www.chatsicilia.it/fotolink/1.jpg	7c6a0bdfc928789104a10235f9593810e624fe0a.jpg
http://www.chatsicilia.it/modules/coppermine/albums/userpics/10007/record%20112-2.jpg	39f87478d01df25a8cb1ec36e799426c708ec484.jpg
http://www.chilotitomarino.cl/webcam/easywebcam.jpg	f6f59dbf3f7d9e94973f2cc2f73dc372d70a79cb.jpg
http://www.cienmotos.com/fotos/mg642.jpg	c56c82def77fadbef92ec851442b34c1d21de7e9.jpg
http://www.circoloartisti.it/images2/cartinasgiovanni.jpg	7ff8cd0f94554f990d98bd679724bb50ca9a3cb8.jpg
http://www.claudiosantori.it/fotografie/2001/scudetto_roma/thumbnails/171-7170_IMG_jpg.jpg	ebf477895f74eb6fb704bc60f406203ad55680fd.jpg
http://www.click-smilie.de/sammlung/travesmilies/valentinesday/smilie_liebe10.gif	761e940bdebbd568096b67b98a861ea6f93380f8.gif
http://www.columbia.edu/cu/excel/images/confused.jpg	bdcbdde520d3d96a5ebceeb34f6d68cb21a6ab4c.jpg
http://www.commediabyfava.it/Images/galeria/mascaras/giangurgoloclassico.jpg	30157fddde97dae4e2c1809d32493683aec2d3ae.jpg
http://www.commediabyfava.it/Images/galeria/mascaras/negro.jpg	1f1b799dad45a23f95d599908a034b043dd5339e.jpg
http://www.comune.torino.it/telecamera/gualino/gualinof.jpg	c517de11777d5feac7b9aa78f549d13ccdfd2cae.jpg
http://www.consoleworld.org/forum/images/smilies/biggrin.gif	38f5dc7734617f4f631ebf90e3bd5f2b795f4bfa.gif
http://www.consoleworld.org/forum/images/smilies/xD.gif	4470f89fd4388254abcd3e8d24ea35c30627451b.gif
http://www.cookaround.com/cop/albums/userpics/10052/normal_Photo0389.jpg	fbb7f37045819501538ead224134c3e1b10ecdd2.jpg
http://www.corederoma.net/pictures/icone_commenti/magica2.gif	c2c76dd45231cae149d22db33261bcbf05b09ae4.gif
http://www.corriere.it/Fotogallery/Tagliate/2009/01_Gennaio/27/ROM/01.JPG	844a6e8db18d949258a408c4ff155656050dee09.jpg
http://www.corriere.it/Media/Foto/2004/06_Giugno/23/numeri.jpg	d17b152dbc07df784799b9a56c63cd151ccf886d.jpg
http://www.creativecakes.co.za/gfx/Boobs.jpg	1de91483521e75e8ab6d955b533f6ccd3b54ee0e.jpg
http://www.cs.virginia.edu/~dbi9m/klimt/pix/Women/pKiss.jpg	69221caddca5a3dbea17a16efbbe53039ca5527b.jpg
http://www.cuorinellatormenta.it/gi/d2576.gif	44d96f1ecb1bebb1c32e720e68987851eb398e6f.gif
http://www.cybo.it/foto/n32ga.JPG	678f49b747f8c0d7f62a1ef1c25ac3a775bb3e40.jpg
http://www.cyborgname.com/cybimages/D/handyvac-DRACOO.jpg	308c41909b725ca1e7a0d31659a099ad5152598e.jpg
http://www.cyborgname.com/cybimages/F/governor2k3-FRENGO.jpg	77d29cee05e65a57cb3eba790cb45f83555ea360.jpg
http://www.cyborgname.com/cybimages/I/governor2k3-IRVINE.jpg	791e42df615a1eb53e0fae1f75f4c9484c0d43fd.jpg
http://www.cyborgname.com/cybimages/S/governor2k3-STEVE.jpg	4ef98c8f772aa0df3e663fdf64516437f7bf4e5c.jpg
http://www.cyborgname.com/cybimages/S/governor2k3-SWAT.jpg	0d8009db505c519b06d894d9c60956dc559f898c.jpg
http://www.daltramontoallalba.it/personaggi/immagini/sansevero9.jpg	08d55fca6b0497f89a6b00f03035b768f3597864.jpg
http://www.damablu.it/video.jpg	ad2deb7c6b2f04e2e65bc252a20cb91a2c4ca022.jpg
http://www.danwei.org/images/pamela_anderson_in_china.jpg	a484dd2736c04129bc778dbece14dbc3549554ab.jpg
http://www.daphereikon.com.ar/galeria/diseno/realidad/torta.jpg	ee661a8e24d1c475ca905cbc4be6dbafc289b324.jpg
http://www.databased.at/hattrick/pix/flags/20x10/italien.gif	f2e53f121f0a2607f103be3122bc35aa9c215a48.gif
http://www.derapate.it/img/_1nicky-vi.jpg	2b2895f3fbe3811f45e29381b77dedd09ed5ba54.jpg
http://www.dhm.de/webcams/pics/cam2_large.jpg	a5b997a26811b4bb6b527f084fb9293b6c7cb165.jpg
http://www.digispace.it/images/buone_feste/buon_natale_08.jpg	1e90e43845394089b7f554b78308b206164c5ff7.jpg
http://www.dimenticatoio.it/images/thumb/8/81/Jocelyn.PNG/180px-Jocelyn.PNG	e8b0a3b16d1b6c31a64e948a6782e36961d13f43.png
http://www.druid.net/darcy/coach.gif	07e7a55fb278a46e640656a88d50d1afa6e9e6f0.gif
http://www.drunkendonkey.net/ita/html/emoticons/kiss113in.gif	b1033ad1b2692a065ca58fc4ab2cd3f9855f89e2.gif
http://www.drunkendonkey.net/ita/html/emoticons/wink.gif	f46176e0a4cc4775266dfcaba6aa31f2f5eea589.gif
http://www.dwelle.org/blog/images/crepa_berlusconi.jpg	fdd1f55ceacf4b0dd91e8be37b9784c4c076ab4c.jpg
http://www.e-diddl.it/images/grandi/330.jpg	07de0b57d480ae71e52b37936b5dbebfe3a3e821.jpg
http://www.eagleimg.com/up/33538.jpg	70d2eced8ea3106b3364128c0f358e2ecb4090b9.jpg
http://www.eat-online.net/images/easter_habits/pastiera.jpg	7cbc4232b7a8d5d7a9cb3e0da2c87741ebc91864.jpg
http://www.eferrari.it/steve/borma05/CAT_FF_130.jpg	cee051672440f44a96fa142d777f26d76e91c16b.jpg
http://www.elcotour.com.br/IMAGES/AutoSnap.jpg	5720ac23926f0e455510c6f5b6bcd23a5d04a5e2.jpg
http://www.elmeollo.net/website/manager/fotos/l/d12/incendio.jpg	5a9adf7f74d132fd6b582d9a9237068904423f51.jpg
http://www.enlighted.com/media/bras/rbowbra2/brafrontx200.jpg	9de642b9b5ee506d2f2c7ab212b740609ab6be79.jpg
http://www.ephatch.com/forum/images/smilies/naughty.gif	4b12123a881319bfca59f78912d3cfa495d8c6c7.gif
http://www.estranet.it/public/img/gallery/joce_new.jpg	6a7d38a8fee111697df6848bf5b10d5e1675b17d.jpg
http://www.eurofiori.it/foto/rosa_aranciom.jpg	72b24e698bab131788a8c171f5011f30644567fe.jpg
http://www.eventinotte.it/eventifoto/otter.JPG	b2d86d6afcfb12b599246931e15b2793eefe3d0c.jpg
http://www.everypoker.com/g/poker-cards/world-poker-tour.jpg	1577fe06c9b401516c395831e29f6618cb3e233b.jpg
http://www.experiencescompany.com/SentImages/Astronaut%20Piggy%20Wiggy.jpg	e5be19edcc8f3255ac79e3b7e0f191a539573fff.jpg
http://www.fabiopiferi.it/0/Napoli/DSCN2571_small.JPG	8fb83464ad4ed7af9c9aaabf9d490a960fcc7971.jpg
http://www.fergusonflowers.co.uk/images/romance/flowers%20belfast%20rose%20bouquet%20full.gif	3b8bc7b17fab3e76fc1bf6673ff16b98d1b3e548.gif
http://www.film.org.pl/images2/24_serial/main_2.jpg	4f450d8bf0f3ba411d68fdf5a4bff873a17ec387.jpg
http://www.film.tv.it/imgbank/GALLERY/CO/00269901.JPG	4ad4e4ce03c230083a6949572e76eb2dd5c091ba.jpg
http://www.floridelux.ro/pozemari/176.jpg	154150d9c335253079e8ca5e2656c6231dd7f045.jpg
http://www.fotosearch.it/thumb/SUE/SUE109/FBCL0185.jpg	8a2c5b458b2a0c6fd9239daa3729bbe3ca282763.jpg
http://www.friesenanzeiger.de/webcam/cam-05/cam05.jpg	1e7f3d74b03757537603b9b5de21eb73aa5d0b88.jpg
http://www.fullagency.com/img/torta%20a%20sorpresa_big.jpg	3c17ba0f1d4877e1f4d36ed1e2a450659d6318ca.jpg
http://www.funsport.it/images/berlusca/fatti.jpg	323e535db2e718fac2ce84ef504295fd1157a05d.jpg
http://www.fuorissimo.com/images/gallery4/Calendari%20Uomini/Calendari%202002/Danny%20Quinn/06.jpg	65eb11dd2536632fc0bd9909fa3d3e29756e756f.jpg
http://www.fussball-gott.com/images/asamoah_halbnackt.jpg	cbbeda02be033a33b61897a754ffddea7e18b72e.jpg
http://www.fyyff.com/images/augh.jpg	42930cd93d6d3bdd7d72de2b0a8aa9a2b5568fd5.jpg
http://www.galleriadigitale.it/galleria/d/44794-3/Silvestro_Silvestrino+01.gif	217745f80b73df054f57dab2fa294621fc3375aa.gif
http://www.gazzetta.it/Fotogallery/Tagliate/2006/10_Ottobre/15/EST/11.JPG	2e9ea2f8dcb3b10e9e7ff2775c02c84b59d285be.jpg
http://www.gennarino.org/babafrutta.jpg	489c038e1861edee35949fd602b646962c42e3c2.jpg
http://www.genteomologata.it/images/brutta_figa.jpg	81ca9133f7c230918e4dce6675ccbc5619077add.jpg
http://www.gifanimategratis.biz/gif_animate/feste_ricorrenze/fuochi_artificio/immagini/02.gif	477ad5a41523d5fc7cf3f4dc43f4f7379349a234.gif
http://www.gifanimategratis.biz/gif_animate/feste_ricorrenze/fuochi_artificio/immagini/06.gif	b6f571f07d6706a9c0b03ad1e91a2686141e767e.gif
http://www.gifanimategratis.biz/gif_animate/feste_ricorrenze/fuochi_artificio/immagini/07.gif	41aa7be2d4ab4428a0aa8cdb6e3b9b0d9e0f39c5.gif
http://www.gifanimategratis.biz/gif_animate/feste_ricorrenze/fuochi_artificio/immagini/40.gif	96cd37514f386a2ffebb9aece162eee7dd6ecfa1.gif
http://www.ginevra2000.it/Card/NewYear12.jpg	d206e137f8484905c7ae2aaeddaee1a2ba9d9e01.jpg
http://www.ginodacampo.com/recipeimg/sm_thumb/php2pTgo5.jpg	23d9a32be2fc36891ed20557d7e27b31780572c8.jpg
http://www.giorgiacosplay.com/public/weblog/calippo.jpg	6b7ccfe90cf2b85def17787aa5e9b0e74c6ec02c.jpg
http://www.globalgeografia.com/album/italia/campania/costiera_amalfitana1.jpg	1ecab65dbbb668ab8af21d897d35082dbf5f41a9.jpg
http://www.globalgeografia.com/webcams/perth.jpg	b5a62cc21350b2b792ec457cbf8ab4af4d9c2928.jpg
http://www.goddessmodels.com/images/keyra_agustina_11_010.jpg	c6b243e4a2b35b0fcc807fd66dd9808e8fec3f15.jpg
http://www.gollevante.it/foto/piccole/foto-fabio-cannavaro-interna2250.JPG	b3869ce5b568f60b45d8db7ca8f25e4e1094a169.jpg
http://www.gossipnews.it/tv/party_isola_famosi_5_milano/images/cristiano_malgioglio_isola_dei_famosi_5_99dc.jpg	864ed82fa5089dadaa47d3853c79d483813f5037.jpg
http://www.gothamist.com/attachments/jen/2006_07_warriors1.jpg	2a1016ce3f3480252a0c5fb5d653956a9e740ba7.jpg
http://www.graf7.com/icone%20new%20gif/innamorati.gif	2d69cb50ef9ece43d4a570b0e52b3819065d2e6a.gif
http://www.graf7.com/icone%20new%20gif/present.gif	67aa958e3eba3148f065a829798c8db56137230b.gif
http://www.greenpeace.org/raw/image_full/international/photosvideos/photos/niccolo-ammaniti.jpg	ba1f6682800075e2025a12bdcc65da6666774c41.jpg
http://www.greenplanet.net/maxdev/upload/rte/belle_pannocchie.jpg	86fbf7d99246d8635a27d2f02fd12472eb14af11.jpg
http://www.gruppottobikers.it/follia/kiss.jpg	f38b06a96abf9d6a50395c3e96eca3241e56c5db.jpg
http://www.gwu.edu/~nsarchiv/NSAEBB/NSAEBB82/handshake300.jpg	9b2acdaf9050a6d0c56bbfa5935448e8d9a9a19e.jpg
http://www.homemovies.it/media/pubblicazioni/memorie/svizzera/images/Pierino_Mainardi_1912.jpg	d0d8247eba3c3823a4a45ad1c5c133a53d4610aa.jpg
http://www.hotelpuntanegra.it/webcam/alghero_pn.jpg	ee8612c3272fd66e25eb167410c68980b94ca0fe.jpg
http://www.hotelstellemarine.com/public/webcam.php	32ce31ab244290f0304648556f8dc6931dc2d8d1.php
http://www.ikea.com/PIAimages/46597_PE155780_S4.jpg	a370868de3553e2bcc520600843fb00db390485b.jpg
http://www.ilcannocchiale.it/blogs/bloggerarchimg/IOESISTO/paperino.jpg	b5d60f3be5df1a7753e3744f141ecf5a230a0594.jpg
http://www.ilcircolodimohr.it/jokes/jokes/pork1.gif	e98fdbaca5fef0292d41af26af85cf87796734b7.gif
http://www.ilcircolodimohr.it/jokes/jokes/pork2.gif	7fa2db46d6ec1a3836e7657cc47210c536faa046.gif
http://www.iliamna.com/webcam	a03e6af6526916e55ba79b63bb6fbf0dab26f9a3.comw
http://www.ilmondodeitreni.it/Viterbo%20-%20file/La%20Storta%201990.jpg	beac5ece953829f43ef5d1a2f5b642a67d53cb91.jpg
http://www.ilricettariodibianca.it/images_x_com/ricette/pizzaarrotolatagary.jpg	b61b461d8adb623063f3da1131736b2fd09a3708.jpg
http://www.images1-abcparislive.com/eiffel2.jpg	ad181fd150024ba1516baf44e2249d71c91fd7b3.jpg
http://www.in-amalfi.de/bilder/amalfi_panorama.jpg	4231173b88a30706e90e4c66a8c81c147498ee80.jpg
http://www.interlinguae.it/pdf/Lepre-di-Pasqua.jpg	fdf452d3769bcd927bedc282c044d82f6b6c25b7.jpg
http://www.intermed.it/shuttle/box1004/app.jpg	195534630ebb62eba260b4ba5c82dbdac2ba40ff.jpg
http://www.ischia.it/portaleischia/ischia/pointel_consiglia/ristoro/foto/roccoco.jpg	c6a5d06129b3b04deb830ab84a0bfeeec5174905.jpg
http://www.isolaelba.tv/webcam/320_r.jpg	bece345f2cc5d1670ae0a466ad56a02af0710ecd.jpg
http://www.italian-soccer.net/images/gennaro-gattuso.jpg	c8d77c44aef30c2cd1985f9be23d737b7b36ab76.jpg
http://www.j1897.com/forum/style_emoticons/default/haha.gif	92f1f2d77b71e73aa7e77ca0a0bebcedb60b26b0.gif
http://www.joe-ks.com/archives_may2001/MexicoSunscreen.jpg	145fe67789a30803c06d0b441992afe5ea174f57.jpg
http://www.jojofc.it/LJ/irishflag.gif	d11be0f6ec82c18f8684a401a4ca2b3288e06da8.gif
http://www.jojofc.it/LJ/mostrafirma.jpg	5812aed5dacc953f29ea4d1bb42a9632ff7ad9a1.jpg
http://www.jojofc.it/LJ/vasco.jpg	63d2448e6826c14f00145ccc23203551b1168c3e.jpg
http://www.jojofc.it/amici/steve/O_o.jpg	fc952ab0a2e91a8f6e9d62aa3561dd990e9cf739.jpg
http://www.jugo.it/fotoarticoli/glamour/testimonial_roberta.jpg	7c28c31871982d21d579892f583f4d5ab904abeb.jpg
http://www.juvepoland.com/images/prasa/ravanelli_sad.jpg	569cc61d441d69189685e7e4e0829ad5e23e9a59.jpg
http://www.kataweb.it/speciali/motogp2006/piloti/moto_hayden.jpg	bd25751fe55490219f112e315e2cb6e64e31bda4.jpg
http://www.killerplayer.supereva.it/windowsxp.jpg	1544fe60c0279730b021a39f63222d0f97fe8276.jpg
http://www.kroatien-direkt.de/M1/m1current1200.jpg	5602a5ac5d148893c4247e9bbf66f996df13a319.jpg
http://www.lamerandia.org/images/omr/nw1.png	3a7a01c260d6bda143ce749f0740fcd95f4e5255.png
http://www.lamerandia.org/images/omr/nw2.png	f5f796000d177d0a2cd4cfdb5854bc0e2c0dad36.png
http://www.lamerandia.org/images/omr/nw3.png	85e7868b41cb7f271aeaf824502f0a697744db0b.png
http://www.lamerandia.org/images/omr/nw4.png	b2f58b3b9ea95caa5f451ccb891c771e2b3d1483.png
http://www.lamerandia.org/images/omr/nw5.png	ee793cdfc4161269204b1a9546116b1a1d6464c0.png
http://www.lamerandia.org/images/omr/nw6.png	d6be5116db4f4524632c14edb69384a0f26c4c8d.png
http://www.lamerandia.org/images/omr/nw7.png	eed90b04bf066bd043013907c43eeab7e8fc755f.png
http://www.lamescolanza.com/Pictures/tv-cine/costanzo_cm_1214_6.jpg	651e97fc542db866a743296d88cc34df49b5df16.jpg
http://www.lastampa.it/redazione/cmssezioni/cronache/200702images/coca02g.jpg	e46e63fd872e36b538353721fe88e658dabecde1.jpg
http://www.lastampa.it/redazione/cmssezioni/cronache/200703images/ringo01g.jpg	5700995f843d7b3a57e410418130f0f24971e79a.jpg
http://www.lnxlabs.it/lnx85.jpg	e81aad956ce50a4735d1ea68307e161977069c8f.jpg
http://www.lnxlabs.it/loris85.jpg	99979c3ebf382bdb9ca5ea7bfd00423f0a29ddb9.jpg
http://www.loscomales.com/en/images/interior/content/torta.jpg	80dc69e2ff047886f5f7db53e2d2d7bf270d9d61.jpg
http://www.maneggiocasetta.com/foto/ristoro.jpg	b0ae2d725bf4942f1c11477bba99d5dbf188cdee.jpg
http://www.mangiarebene.com/accademia/pasta/images/ins_fusiros.jpg	8d74e170b6728ad88580689e0221dbfe22089cbb.jpg
http://www.mardelplatawebcam.com.ar/img/webcam_g.jpg	533977e6c16c9b3476ff882be2133d9b5ad2bdf5.jpg
http://www.marketingnews.es/saboresbaileys188910042851e.jpg	5b6033c659acbc23b52866d556d0a0dc9daaf2e0.jpg
http://www.massimilianoalbanese.net/emoticons/emoticons/TFR004.gif	a683ac7901e0dc10074bd714cb2862a43524b3f4.gif
http://www.mauiwindcam.com/image_00001.jpg	4819c3b2ea26657071fb13ae33cfefe43b9b96d1.jpg
http://www.mediamig.com/pics2/Ritek-r8x.jpg	f71ba2929d40722907e6925b7df62077c5afe046.jpg
http://www.megghy.com/immagini/GIF/musica/18%20musica.gif	4ee1356310c1d3ebc89947db8e474af4424c0e36.gif
http://www.megghy.com/immagini/GIF/musica/5%20%20musica.gif	ca2362798ea22ce69e579919e50a975ea8a68c53.gif
http://www.megghy.com/immagini/animated/compleanno/anniv-06.gif	22d633b3835b4ee66f53d01839a5bf23c3551f6b.gif
http://www.megghy.com/immagini/animated/compleanno/anniv-10.gif	12feccde479e00d86f46b2735975867d6d0c2518.gif
http://www.megghy.com/immagini/animated/delfini/2.gif	0df343d399af4984ef73c15bbb08536d795a1292.gif
http://www.megghy.com/immagini/animated/fuochi_artificio/2.gif	3033a91ddae4dfa39a1a1aa955566ff1e1a24206.gif
http://www.megghy.com/immagini/animated/fuochi_artificio/9.gif	166a856f573c88947476994ac0bda3cf87edd2bd.gif
http://www.megghy.com/immagini/animated/nota/2.gif	f10dfaa3ac8f694568b1c4c57e28302709464137.gif
http://www.menesbatto.com/img/zodiaco/acquario_.jpg	8bbb75c8f9e3ea3f80ae67285a4c8fb5791bf472.jpg
http://www.menesbatto.com/img/zodiaco/ariete_.jpg	aa327836f73be4f1860592aa3a6503acbcccfc28.jpg
http://www.menesbatto.com/img/zodiaco/bilancia_.jpg	80fb9ee6b395e60bb197347e646b27289886ae60.jpg
http://www.menesbatto.com/img/zodiaco/cancro_.jpg	6f885b95163a570e0fc6ab9e162a92164ccef1f2.jpg
http://www.menesbatto.com/img/zodiaco/capricorno_.jpg	1f66bb34de0733b11975e3c1648d9938bbb06d08.jpg
http://www.menesbatto.com/img/zodiaco/gemelli_.jpg	8da44e225e0dcf20a409f436cdb51eb1af8bdd99.jpg
http://www.menesbatto.com/img/zodiaco/leone_.jpg	0b60be34ffccdd91611f100a989f460b368d96d9.jpg
http://www.menesbatto.com/img/zodiaco/pesci_.jpg	d1c00437b52af90df571f13aec42da0a59c0c677.jpg
http://www.menesbatto.com/img/zodiaco/sagittario_.jpg	9e2af0421cf066cb9aa10f51ca11cc8618cf68ca.jpg
http://www.menesbatto.com/img/zodiaco/scorpione_.jpg	6400c65102bd423582349b76c10089de16663fc1.jpg
http://www.menesbatto.com/img/zodiaco/toro_.jpg	792e46564ab2470d62b4717642c07041232bcc67.jpg
http://www.menesbatto.com/img/zodiaco/vergine_.jpg	42b13ce4864d6a24955eb67c3ed9f64e77c7a5b8.jpg
http://www.meteogiornale.it/images/reportages/maxi/1245_1_1.gif	2ed730e318e831f1349c3b072ef190779adf28f4.gif
http://www.mid-atlantic-marketing.com/images/logos/KuntaKinte.jpg	4b934d6a01ef5c30db020713cad5bd2d45c9a505.jpg
http://www.missiva.com/ircnapoli/riunionesop_bar.jpg	31b8f59108661524bb792b9030ea6afdde7d9269.jpg
http://www.modulamanopola.com/images/aulin.jpg	c045415b8dd7fe8b187a60ae3d841071f7de2c2a.jpg
http://www.montecarloresort.com/shared/hints/medias/fullsize_montecarlo.jpg	4112e21f4c38b93b2e8704296769cc45d1fd014f.jpg
http://www.motherlandnigeria.com/boomie/images/babychacha.gif	280aa49ee40dd6e13d38bfa7d892768a83d011a5.gif
http://www.motorsport.com/photos/ama-sbk/2002/atl/editorial/amasbk-2002-atl-rs-0101.jpg	5bb93407edd519f57488915a5e45c2f2fcfa329d.jpg
http://www.moviepoopshoot.com/wrestling/images/dec12/dutch.jpg	e5d8139c715af8b927cfec0365516d6553d7a777.jpg
http://www.musicalnews.com/img_art/14062006220102.jpg	b9e7a0a656a9e38134d8854efd452b40f30d52ba.jpg
http://www.musicalnews.com/img_art/17032006161750.jpg	aa67767e7f9527a6a3177f3fed37c0f8d473ff6b.jpg
http://www.musicalstore.it/Valentina%202/Galleria%20attori/Sergio%20Muniz/Calendario%202005/Sergio%20Muniz%203.jpg	75e8f049d08c5d0f61bb5578a6eabe690a1ba8ec.jpg
http://www.my-mistake.net/infinitepics/billy/billy435.jpg	bb4441f40d1fe72172f23a66e287f89f6487e2a7.jpg
http://www.myimagestore.info/upload/images/TYP21724.png	ebb6cc68b0a7ee5c457dcae93954166c46a3c008.png
http://www.nemesi.net/drontedodo/turkey.gif	457b436c835ae99f3768b0b7a328671a84ab82d8.gif
http://www.nennaki.it/assets/images/casatiello.JPG	73b4a6ab7ed711818caf812a90a0b8941e04bc40.jpg
http://www.nextdaypets.com/directory/breeds/images/1100006.jpg	0b80ac57d0712407209b23d2f530c0fe74d3bd44.jpg
http://www.northcapeonline.com/modules/WebCam/image/webcam.jpg	6b5cc2bfac2110e0b1523de645b2287e04a52421.jpg
http://www.novaksblog.com/pictures/moments_frozen_in_time/wake_board.jpg	5240b659932f5507f948aa0696a86d25601b5b8f.jpg
http://www.nuovacosenza.com/cs/spettacoli/foto/knopfler2.jpg	3f7c3f056e0ad6a98fc1ca0da310dcae04096a9a.jpg
http://www.nyvibe.net/nyvibescam/view.jpg	54ae0e8c98d8b28cc6e4b7b3ad6b9edf71d67fc3.jpg
http://www.ocscsailing.com/netcam.jpg	b537b915e9347f5b73273b0061c936d440aed62a.jpg
http://www.ogp.nu/siste.jpg	4b798dced81a58a9e13f51b1facf13d9299b3bc1.jpg
http://www.paginesicilia.it/auguri/cartoline/cards/3.jpg	9f39da61f002dabc48684dcc68d0ec786145abd1.jpg
http://www.panorama.it/media/020001046346.jpg	b46020ae6efa3f8b3e240f1f02e9a93769bc9ca6.jpg
http://www.penart.com/a2z_stockfiles/g_folder/glasshalffull.gif	f6f70100e3422cc3bab289cc7bc9911083553b95.gif
http://www.poppies.net/samuicam/samuicam.jpg	7b518923e0149e5deef9cfa305989581e5559cdc.jpg
http://www.portalangels.com/crisantemo.jpg	38c7625e26d655ac12f1f43fb80f742510ed8c43.jpg
http://www.portalino.it/nuke/modules/coppermine/albums/userpics/10003/normal_Cartello_01.jpg	e8de6fec08c938539c9e92eea742d5a9b068d882.jpg
http://www.portalino.it/nuke/modules/coppermine/albums/userpics/10003/normal_Saggezza&#37;20Napoletana.jpg	4d303c5575bc53d1bcacfe47f23cf4d76b275c16.jpg
http://www.post-gazette.com/images3/20050612wp_robots_450.jpg	6bd93508c47eedec689d8c64caa0e5e619b53ca1.jpg
http://www.prezziesplus.co.uk/furry-boobs.jpg	7cce97d23b2fd19278e1dc0c22663a0fc8923b84.jpg
http://www.pulcinodoro.it/immagini/catalogo/sedie/sedia14.jpg	b7206c7b6ef1986771a56d8f712f38b0e63560f5.jpg
http://www.punto.it/img/spaziofoto/space4/127480/ImmP_teppag_01093021594.jpg	3053c8318b12bce51de60db57adbf48af02235f5.jpg
http://www.pyramidcam.com/pyramids.jpg	8443075e1609d8e1e698a3b161707674ddb3584d.jpg
http://www.questotrentino.it/2004/18/sacrd_rec_eduardo.jpg	bbd3c1ed984f9a92a806e37e42d11f4aad889afe.jpg
http://www.rainews24.rai.it/ran24/immagini/pinodaniele.jpg	1767079b721afbe4668d16a853157594a7e1769b.jpg
http://www.raisport.rai.it/pub/ansa/img/large/re207yxsX_20050107.jpg	3e3d2f8da3ce77adf314000302bc1e6a2c42e066.jpg
http://www.rap-bible.com/kinder.jpg	5139c18335a6c8e2e9893f9bff38ad9b6f9eb245.jpg
http://www.rdv-accommodationsitaly.com/images/fotoquartieri/TN_fontana-di-trevi4.JPG	70f9ef31ded19bb57d9139e0609c8d525d3049c3.jpg
http://www.rdv-accommodationsitaly.com/images/fotoquartieri/TN_piazza-navona3.JPG	c72f296529bbc8d1c4d7b5490438aeb7830f0ebe.jpg
http://www.rdv-accommodationsitaly.com/images/fotoquartieri/TN_piazzaspagna4.JPG	5957823af83be170539548b456b91a15d0b192ac.jpg
http://www.rdv-accommodationsitaly.com/images/fotoquartieri/TN_villaborghese1.JPG	2fdcd2d403cc0af09d4bb419750298ad38256902.jpg
http://www.reborn-baby.com/images/morgan2.jpg	caa6742e43bc3f3aa5da2472eed2c636589a9654.jpg
http://www.reborn-baby.com/images/morgan3.jpg	1e754b8e2db1ccfdfc97cea95d7120d2cfe6e320.jpg
http://www.reborn-baby.com/images/morgangal.jpg	ff0adc1eff4eb68e9793dd3e2ced30695fd74e83.jpg
http://www.regione.piemonte.it/webcam/im/fc_preale.jpg	90e7eefa87ded2af7e96e30e8078c9500cab816a.jpg
http://www.repubblica.it/2006/08/gallerie/gente/berlusconi-palestra/esterne201255382010125632_big.jpg	51fb14362eacd6a0e0a7df3af111ed5cfb002181.jpg
http://www.repubblica.it/2006/09/ARCHIVE/homepage/images/sezioni/cronaca/bambina-bielorussia2/parla-la-nonna_HM/ansa_8948010_42200.jpg	440b619cdf9a59a81db5bbee6d93dead186a2308.jpg
http://www.repubblica.it/2006/12/ARCHIVE/homepage/images/sezioni/esteri/iraq-104/legale-saddam_HM/ap_9470432_06530.jpg	eff5f5bc9f16dbed0eef630d0c8212155469f4c2.jpg
http://www.repubblica.it/2006/12/sezioni/spettacoli_e_cultura/james-brown/james-brown/afp_9455182_16140.jpg	57c447dd551005330feaec68bfcab48c586a781c.jpg
http://www.repubblica.it/2007/01/sezioni/cronaca/pedofilia/sei-arresti-rignano/ansa_10243269_54550.jpg	2aef30a2c36bb3e3658e773af1d75f087102f380.jpg
http://www.repubblica.it/2007/02/sezioni/ambiente/kyoto/kyoto/stor_9785706_40400.jpg	6c9bfc2c95f186e7398bbfde8d569d288eabc0d4.jpg
http://www.repubblica.it/2007/04/sezioni/cronaca/moana-confessione-marito/moana-confessione-marito/lapr_10107060_14190.jpg	b220ed669ca052623fa3da9e59b0a9839a19a8f7.jpg
http://www.repubblica.it/2007/05/sezioni/cronaca/tabaccaio-torino/rabbia-parenti/ansa_10317784_38360.jpg	3902821a49ff14be255c33f85813ab02a6e13680.jpg
http://www.ricettextorte.com/foto/napolisicilia/IMGP1572.jpg	298cc6fa04b05684e73bc9faf8d35b91af2b1ae5.jpg
http://www.riminiturismo.it/eventi/capodanno_2005/images/art_attack_inside.jpg	2c3da47a6167c93174c2f70dba7d3e5f3b08c71c.jpg
http://www.ristobergamo.it/immagini/galateo.jpg	fcd9cef658b7f4b539a440102ea05a830d2273ce.jpg
http://www.risuleo.com/images/big_dipinti/porco.jpg	a23e03408df067f7406837c76602d154c178ccc5.jpg
http://www.rockmusic.org/queen/fotos/freddie/freddie%20mercury%208%20-%20live.jpg	1ab72130c0192f6ace3768eb6362df035a3fdaad.jpg
http://www.romanaderoma.com/MyGraphic/GlitterAleBaci.gif	f6e7c38c1b91c3fc4d484b2152f9c81c45b5b8ac.gif
http://www.romasegreta.it/images/ingresso&#37;20ponte%20milvio.jpg	093d40e78638289dd20cfe9dee506d8a41c69738.jpg
http://www.rombaux.be/images/Buddha_bar_amnesty.jpg	51dd137aeadda4c4e117c6f14ca127f57765dc2b.jpg
http://www.rositour.it/Italia/Campania/Napoli/Sansevero_Cristo&#37;20velato%20(Sammartino).jpg	6f8fc66715e19cd3fb6f0781c1dc39e2497a80fb.jpg
http://www.sardegnaoggi.it/vedifoto.php/id-3573.x-250.y-250.ld-dy.jpg	189432f4df7bbe3edfc20691c189522162510cf2.jpg
http://www.sardinia.net/agritur/motoresardinia/farfallina.gif	8b70bc5b2c9c6ee72f25573964b5bec045b16451.gif
http://www.sbattimento.com/gif-animate/compleanno/au16.gif	a5d29c3ae6d0063a262bd2d29d12fd2a5f23624a.gif
http://www.sbattimento.com/gif-animate/compleanno/comp047.gif	8c256cf4dc5c2e5c68c01d2f3d45c7f741468c54.gif
http://www.scafroglia.rai.it/Static/immagine/15/scafroglia_vulvia_adsl.jpg	ed12c0185262ae8743878f067c0039e2c42cf83d.jpg
http://www.serietv.net/guide_complete/la_famiglia_addams/immagini/morticia.gif	3da29f259600296506e2e8b2de377a51239c92cf.gif
http://www.sestogusto.com/public/prodotti_big/mozzarella-1.jpg	b058d12aec31eb31553c66dff2c64a2d01cef669.jpg
http://www.sfgate.com/blogs/images/sfgate/sportsevents/2006/07/06/cannavaro400x305.JPG	a2b4776fec0224660fb9bf3fbbd1c3a45fd11930.jpg
http://www.shomer-tec.com/images/site_images/tbs_med.jpg	5039c446fc67f3d8f99ca15e4ce46b60a0c1cef2.jpg
http://www.simadspa.it/pag26.1.jpg	c886b87a2c1cc5b23e4c4c4b328f7a6cccb57960.jpg
http://www.skibanff.com/skicam/newcam/cam1_htel.jpg	cd1b9ff80d29e87867f36cadd5643f38848ac6c7.jpg
http://www.smiliemania.de/smilie132/00000877.gif	ed3b7f2f2976dc80451368035516962c527dc238.gif
http://www.soldat.pl/images/soldatenter.gif	e5ab3308379338e64cb49eaec15329e714635786.gif
http://www.specialgratis.it/gif_a_/amore002.gif	52a81c8f7f4c4bf95a6e488929badf822c2297ab.gif
http://www.specialgratis.it/gif_nomi/F-G/Giuseppe.gif	838637bfa53f90eaf45b23014fc794bb1fb130a8.gif
http://www.specialgratis.it/public/upload-strane/tette%20biscottate.jpg	e2997226da663c6447659e3d26d3d931160bd583.jpg
http://www.specialitapizzimenti.com/upload/products/img77AyA4-thumb1.jpg	f43ad0d01b8128af4652b8099ff17baf2c1da2c4.jpg
http://www.st-barths.com/a_cam/view1.jpg	e50d357797f9f4c65ae13461dc85bdaf64572b8d.jpg
http://www.starrylink.it/webcam/brescia/brescia.jpg	f1a05a86e92d71116c6640a3060052e4bf5cfb56.jpg
http://www.supercartoline.it/parlanti/pics/compleanno05_cp.jpg	3bb217820718503d28a9de04d1d035ac34a92950.jpg
http://www.sweetim.com/simiebar/content/emoticons/000200A1.gif	bb1b7f5a0b32d06cd4fbd069ad85bfd48a73c8d4.gif
http://www.sweetim.com/simiebar/content/emoticons/000200A3.gif	5518e68c2664f797cdf3819eebe761d532bc0776.gif
http://www.sweetim.com/simiebar/content/emoticons/000200A7.gif	9703e4a332d9fd9f48d28713f35b94ef24293147.gif
http://www.sweetim.com/simiebar/content/emoticons/000200C3.gif	7f0fc55134e5db618dcd59e111d18ee41085e66d.gif
http://www.sythos.net/bandde00.jpg	61643332c4112f283aad09a364e8a18eb88958cf.jpg
http://www.sythos.net/bandde01.jpg	1e685e8680ba50cabc01ea0c9c55952ce7e5e58d.jpg
http://www.talisman.org/%7Eerlkonig/humour/pooh-is-dead.jpg	9e95614d0b1dcb9efe5b39ec3dc255ad11a0edd1.jpg
http://www.templary.com/TemplaryChat/Quiz/Emoticons/27.gif	91fcaef8795d973cd3f34580bb3e40d6c5b40e68.gif
http://www.tempoitalia.it/images/img_mc_trend/-1.png	776aa7623cf4355758f9437edc0d03c92e18dbe2.png
http://www.tempoitalia.it/images/img_mc_trend/0.png	1a25f1810abb842265c77438d5666894b03d9227.png
http://www.tempoitalia.it/images/img_mc_trend/1.png	dc8fd3f7252ba886ac70d625036cdc9127506d81.png
http://www.tempoitalia.it/images/mc_wth_icons/4.png	4dca0acc891b984d3b4bf985e013ef6448eed80e.png
http://www.temptationgifts.com/ProductImages/Furry%20Boobs%20lg.jpg	f0f798c08f6c7c01928d04bd00289237c895257d.jpg
http://www.tgcom.it/bin/119.$plit/C_0_articolo_230720_listatakes_itemTake_0_immaginetake.jpg	d9dd78e22272bda7b9244eee40ad0e2ef6b55094.jpg
http://www.tgcom.mediaset.it/bin/494.$plit/C_0_articolo_349596_listatakes_itemTake_1_immaginetake.jpg	054827ccb705cb4aac279894dd56cb68299d95fd.jpg
http://www.theage.com.au/ffximage/2004/12/26/2712_paris_ent-lead__200x304.jpg	18e94f7d3537ba95822e64c29015c1a986aa2c09.jpg
http://www.thelivercentre.com.au/development/images/Alcohol-Stages.jpg	290539244c55dd83646d02e2499e5fea3ab6e7c2.jpg
http://www.tierradelfuego.org.ar/webcam/ima/2006/05/20060529-28.jpg	c21152f01c3812c83ca241c886e027e74a61e9b6.jpg
http://www.tomorrowhillfarm.com/Camera1.jpg	e658c67ac841f125c996368c61f419940fa8b289.jpg
http://www.torrescalcio.it/pictures/gallery/Evacuo_Felice.JPG	ab665e4a107f3aae78cedf0468cb50fc137ebc4c.jpg
http://www.unowot.com/webcam32.jpg	f8dd63452c25a75f9f53b5445bcbb8eb6e0982d4.jpg
http://www.velhosamigos.com.br/imagens/dentista.gif	61d4ad84937202b28028a2b880bfafcf9c8df347.gif
http://www.vgmaker.net/me	5378435078fd08193cc4b5105ae7e64d13189e85.netm
http://www.vieuxlille.com/tvweb/camera/fotoscam/Photo_Temp.jpg	e2d4e19c9445934c3424cbce39ea9e616a2d676d.jpg
http://www.virtualseychelles.sc/webcam/beach/video.jpg	f02b4a52b4bf24d18151a6a174910c8d50b88e93.jpg
http://www.visiblelightphoto.com/King,%20BB.jpg	097df240d0d65fbbe61a6b3f3425f27313256041.jpg
http://www.vocinelweb.it/faccine/cool/36.gif	d62db93528f39efd37c6cacb03ed917047eaf5be.gif
http://www.wave.co.il/hilt.0.jpg	5268eb3a3a8883ab7a4e07f781ab48397b68648e.jpg
http://www.webalice.it/marcopiluso/dentiera.gif	ef39c68a2032992d1503a81aaaeaeb85fd53cab8.gif
http://www.webalice.it/ritadegra/Gif%20Animali%202/bengeltje10.gif	b0f0ece256d4a2f31a2769b7db60a824efd216f0.gif
http://www.wema.com/img2000/brindisi.jpg	e09c2c89ec4c2558b16d49d30949fb05c1aaf63f.jpg
http://www.wow.netsons.org/userbar.png	ff6347c49be4de0dd2bdcf8e0e04690664202e03.png
http://www.xrtheme.com/content/emoticons/Animals/33.gif	1ac0642a5dba436dc054b0834a7f73b7d232794c.gif
http://www.zappos.com/images/715/7158789/985-199741-d.jpg	9f30cfa0253c47663b0c8684c29dc2530bd547a1.jpg
http://www.zappos.com/images/722/7229287/1396-258469-d.jpg	9c2595e30b326a7ee9b79ef2e52c10a914f89f39.jpg
http://www.zeroserio.it/azzurra/cartello_altrove_cristiano.jpg	3522eb61b78d6b5cd1fc11eb1889281dc6036432.jpg
http://www.zeroserio.it/azzurra/cartello_altrove_cristiano_2.jpg	afc87edbb1a87ad20d90b1bef2893f6f8f3ec0ee.jpg
http://www.zeroserio.it/azzurra/cristiano.jpg	e73dfcc948a2a94aeec7930eaa7ec0d42b7f9fa5.jpg
http://www.zeroserio.it/pinf.jpg	0ebd667d799b1805e1a417c09f8bbfe4c2929501.jpg
http://www.zeroserio.it/pinf2.jpg	b1677cdb5be63436d056cda31763fed62c3e1543.jpg
http://www.zeroserio.it/testamuro.gif	c33bba83b4659c9a7429b70686d160dd933c8eae.gif
http://www.zeroserio.it/trenino.jpg	d7d3395f6831d0c82679cb93da19075b70df3d7a.jpg
http://www.zeroserio.it/xjack.gif	50262844b16d9560a7a4ffbdc7be5051ba9aab84.gif
http://www.zprod.org/zLab/zLabPics/sexedApproach04.jpg	c8be6610813e46c7c9db0b0940fff65ba9487b03.jpg
http://www.zprod.org/zLab/zLabPics/sexedCoitCu.jpg	7f3fa59335a630a139433e6bc9e23f9ce0b0acbe.jpg
http://www.zprod.org/zLab/zLabPics/sexedMaleAndFemale.jpg	3514d148982adeb5070c08c2e847eb54ec64b81e.jpg
http://www.zuccherina.com/fotolula.gif	ac779219bbd4608ae4a530cfccd855f4de3fc411.gif
http://www.zuccherina.com/lula.jpg	2e4c78e8d5974207c9bde49126d21411afbe9ce7.jpg
http://www1.hellocrazy.com/reserved/cards/200411091258560.tortagiu.gif	d06b493ce0b55c27505e99657a0eb45bbb58e7bd.gif
http://www1.istockphoto.com/file_thumbview_approve/358832/2/istockphoto_358832_neapolitan_fresella.jpg	1ec8e8d13c29d2288fe6591388c2758dfbc48725.jpg
http://www2.raisport.rai.it/news/sport/moto/199704/15/3353e9ec005a9/rossi1.jpg	cd7250ad1a67f8bb6dded891341da52ddd3da7c7.jpg
http://www2.yamaha-motor.fr/actu/IMG/jpg/01_rossi3.jpg	d9796d6797974d3bbca98571fb5582bbd9d4b8f8.jpg
http://xoomer.alice.it/fipine/Azzurra/Connect.jpg	34b669692e7706dcd873a91940b5aa5c78cf3663.jpg
http://xoomer.alice.it/fipine/Azzurra/edit_server.jpg	033c3d3339a2e5cc3d7e25e9b5600b87b259ae46.jpg
http://zoldnyugalom.freeblog.hu/Files/A%20szülinapi%20torta.jpg	70e231e91838d87263bac03b255b848895b9e79a.jpg
