http://forum.azzurra.org/archive/index.php/f-11-p-2.html	20081120190929
http://forum.azzurra.org/archive/index.php/f-144.html	20090105191631 20120726143639 20160430041830
http://forum.azzurra.org/archive/index.php/f-15-p-5.html	20081120212957
http://forum.azzurra.org/archive/index.php/f-16-p-2.html	20081120184806
http://forum.azzurra.org/archive/index.php/f-17-p-2.html	20081120201040
http://forum.azzurra.org/archive/index.php/f-20-p-2.html	20081120195726
http://forum.azzurra.org/archive/index.php/f-35-p-2.html	20090105235043
http://forum.azzurra.org/archive/index.php/f-42-p-2.html	20081120215235
http://forum.azzurra.org/archive/index.php/f-42-p-3.html	20090106020204 20090106020204
http://forum.azzurra.org/archive/index.php/f-42-p-4.html	20081120210337
http://forum.azzurra.org/archive/index.php/f-42-p-5.html	20090106032305
http://forum.azzurra.org/archive/index.php/f-42-p-6.html	20090106024114
http://forum.azzurra.org/archive/index.php/f-48-p-2.html	20090105224351
http://forum.azzurra.org/archive/index.php/t-10.html	20081120190521
http://forum.azzurra.org/archive/index.php/t-100.html	20081120191444
http://forum.azzurra.org/archive/index.php/t-10028.html	20081120220051
http://forum.azzurra.org/archive/index.php/t-1003.html	20090106023305
http://forum.azzurra.org/archive/index.php/t-10035.html	20081120195201
http://forum.azzurra.org/archive/index.php/t-1005.html	20090106021030
http://forum.azzurra.org/archive/index.php/t-10055.html	20081120223536
http://forum.azzurra.org/archive/index.php/t-10058.html	20081120194207
http://forum.azzurra.org/archive/index.php/t-10061.html	20081120222908
http://forum.azzurra.org/archive/index.php/t-10062.html	20081120230931
http://forum.azzurra.org/archive/index.php/t-10066.html	20081120182211
http://forum.azzurra.org/archive/index.php/t-10068.html	20090105230500 20090105230500
http://forum.azzurra.org/archive/index.php/t-10078.html	20090105183010
http://forum.azzurra.org/archive/index.php/t-10108.html	20090105171830
http://forum.azzurra.org/archive/index.php/t-1014.html	20090105215943
http://forum.azzurra.org/archive/index.php/t-1016.html	20081120181214
http://forum.azzurra.org/archive/index.php/t-1018.html	20090105225701
http://forum.azzurra.org/archive/index.php/t-10196.html	20081120202756
http://forum.azzurra.org/archive/index.php/t-10209.html	20090105221819
http://forum.azzurra.org/archive/index.php/t-1021.html	20081120184313
http://forum.azzurra.org/archive/index.php/t-10254.html	20090105170228
http://forum.azzurra.org/archive/index.php/t-10259.html	20090105231442
http://forum.azzurra.org/archive/index.php/t-1029.html	20090105235607
http://forum.azzurra.org/archive/index.php/t-10290.html	20090105185539
http://forum.azzurra.org/archive/index.php/t-1031.html	20090106022403
http://forum.azzurra.org/archive/index.php/t-10316.html	20090105190115
http://forum.azzurra.org/archive/index.php/t-1033.html	20081120220424
http://forum.azzurra.org/archive/index.php/t-10331.html	20090105224950
http://forum.azzurra.org/archive/index.php/t-10369.html	20090105174908
http://forum.azzurra.org/archive/index.php/t-104.html	20090105232318
http://forum.azzurra.org/archive/index.php/t-1043.html	20081120193749
http://forum.azzurra.org/archive/index.php/t-10452.html	20081120194042
http://forum.azzurra.org/archive/index.php/t-10477.html	20081120204331
http://forum.azzurra.org/archive/index.php/t-1048.html	20090105224727
http://forum.azzurra.org/archive/index.php/t-10485.html	20081120223304
http://forum.azzurra.org/archive/index.php/t-1049.html	20081120180119
http://forum.azzurra.org/archive/index.php/t-10496.html	20090105195548
http://forum.azzurra.org/archive/index.php/t-10497.html	20090106025528
http://forum.azzurra.org/archive/index.php/t-10499.html	20081120203809
http://forum.azzurra.org/archive/index.php/t-105.html	20081120195607
http://forum.azzurra.org/archive/index.php/t-10506.html	20081120232130
http://forum.azzurra.org/archive/index.php/t-10509.html	20090105233110
http://forum.azzurra.org/archive/index.php/t-10527.html	20081120210039
http://forum.azzurra.org/archive/index.php/t-10562.html	20090105232034
http://forum.azzurra.org/archive/index.php/t-10569.html	20090105174258
http://forum.azzurra.org/archive/index.php/t-1057.html	20081120200828
http://forum.azzurra.org/archive/index.php/t-1058.html	20081120221807
http://forum.azzurra.org/archive/index.php/t-10581.html	20090105163248
http://forum.azzurra.org/archive/index.php/t-10632.html	20090105211541
http://forum.azzurra.org/archive/index.php/t-10634.html	20090105213604
http://forum.azzurra.org/archive/index.php/t-10649.html	20090105200501
http://forum.azzurra.org/archive/index.php/t-10658.html	20081120185834
http://forum.azzurra.org/archive/index.php/t-10664.html	20090105233648
http://forum.azzurra.org/archive/index.php/t-10668.html	20090105220314
http://forum.azzurra.org/archive/index.php/t-10700.html	20090105223231
http://forum.azzurra.org/archive/index.php/t-10703.html	20090105213846
http://forum.azzurra.org/archive/index.php/t-10705.html	20090105210645
http://forum.azzurra.org/archive/index.php/t-10715.html	20090105200832
http://forum.azzurra.org/archive/index.php/t-10716.html	20090105195128
http://forum.azzurra.org/archive/index.php/t-10717.html	20090106030012
http://forum.azzurra.org/archive/index.php/t-10719.html	20090105193414
http://forum.azzurra.org/archive/index.php/t-10724.html	20090105204457 20090105204457
http://forum.azzurra.org/archive/index.php/t-10726.html	20090106020753
http://forum.azzurra.org/archive/index.php/t-10727.html	20081120214558
http://forum.azzurra.org/archive/index.php/t-10728.html	20090105190537
http://forum.azzurra.org/archive/index.php/t-10731.html	20081120225549
http://forum.azzurra.org/archive/index.php/t-10736.html	20090105163916
http://forum.azzurra.org/archive/index.php/t-10748.html	20090106031426
http://forum.azzurra.org/archive/index.php/t-10759.html	20090105205449 20090105205449
http://forum.azzurra.org/archive/index.php/t-10777.html	20081120201617
http://forum.azzurra.org/archive/index.php/t-10780.html	20090105213231
http://forum.azzurra.org/archive/index.php/t-10781.html	20090105170942
http://forum.azzurra.org/archive/index.php/t-1079.html	20081120230132
http://forum.azzurra.org/archive/index.php/t-10792.html	20090106031716
http://forum.azzurra.org/archive/index.php/t-10795.html	20090105203951
http://forum.azzurra.org/archive/index.php/t-10796.html	20090105203212
http://forum.azzurra.org/archive/index.php/t-108.html	20090105224128
http://forum.azzurra.org/archive/index.php/t-10800.html	20090106024331
http://forum.azzurra.org/archive/index.php/t-10804.html	20090105204744 20090105204744
http://forum.azzurra.org/archive/index.php/t-10813.html	20090105172851 20090105172851
http://forum.azzurra.org/archive/index.php/t-10814.html	20090105223005
http://forum.azzurra.org/archive/index.php/t-10820.html	20090105220851
http://forum.azzurra.org/archive/index.php/t-10822.html	20081120182547
http://forum.azzurra.org/archive/index.php/t-10827.html	20081120191312
http://forum.azzurra.org/archive/index.php/t-10835.html	20090105201832
http://forum.azzurra.org/archive/index.php/t-10837.html	20090106031928
http://forum.azzurra.org/archive/index.php/t-10843.html	20081120192612
http://forum.azzurra.org/archive/index.php/t-10845.html	20081120200139
http://forum.azzurra.org/archive/index.php/t-10852.html	20090105192816
http://forum.azzurra.org/archive/index.php/t-10858.html	20090105202938
http://forum.azzurra.org/archive/index.php/t-10865.html	20090105192427
http://forum.azzurra.org/archive/index.php/t-10866.html	20090105193759
http://forum.azzurra.org/archive/index.php/t-10868.html	20090106031207
http://forum.azzurra.org/archive/index.php/t-10869.html	20090105194456
http://forum.azzurra.org/archive/index.php/t-1087.html	20081120212127
http://forum.azzurra.org/archive/index.php/t-10893.html	20090105165208
http://forum.azzurra.org/archive/index.php/t-109.html	20081120175031
http://forum.azzurra.org/archive/index.php/t-1090.html	20081120184011
http://forum.azzurra.org/archive/index.php/t-10900.html	20090106032740
http://forum.azzurra.org/archive/index.php/t-10902.html	20090105201509
http://forum.azzurra.org/archive/index.php/t-10903.html	20090106023839
http://forum.azzurra.org/archive/index.php/t-10912.html	20090105212809
http://forum.azzurra.org/archive/index.php/t-10918.html	20090105225339
http://forum.azzurra.org/archive/index.php/t-10919.html	20090105182519
http://forum.azzurra.org/archive/index.php/t-10923.html	20090105223539
http://forum.azzurra.org/archive/index.php/t-10924.html	20090105172500 20090105172500
http://forum.azzurra.org/archive/index.php/t-10928.html	20090105180756
http://forum.azzurra.org/archive/index.php/t-10930.html	20081120213218
http://forum.azzurra.org/archive/index.php/t-10935.html	20081120211214
http://forum.azzurra.org/archive/index.php/t-10937.html	20090106024828
http://forum.azzurra.org/archive/index.php/t-10940.html	20090105175325
http://forum.azzurra.org/archive/index.php/t-10944.html	20090105232839
http://forum.azzurra.org/archive/index.php/t-1095.html	20081120191106
http://forum.azzurra.org/archive/index.php/t-10957.html	20090105184449
http://forum.azzurra.org/archive/index.php/t-10960.html	20090105190856
http://forum.azzurra.org/archive/index.php/t-10963.html	20090105183528
http://forum.azzurra.org/archive/index.php/t-10968.html	20090106023105
http://forum.azzurra.org/archive/index.php/t-10969.html	20090105202121
http://forum.azzurra.org/archive/index.php/t-10973.html	20090105230957
http://forum.azzurra.org/archive/index.php/t-10977.html	20090105180120
http://forum.azzurra.org/archive/index.php/t-10980.html	20090106021732
http://forum.azzurra.org/archive/index.php/t-10982.html	20090105205107
http://forum.azzurra.org/archive/index.php/t-10987.html	20090105200056
http://forum.azzurra.org/archive/index.php/t-1099.html	20081120193625
http://forum.azzurra.org/archive/index.php/t-10997.html	20081120224420
http://forum.azzurra.org/archive/index.php/t-11.html	20081120223912
http://forum.azzurra.org/archive/index.php/t-1100.html	20090106024615
http://forum.azzurra.org/archive/index.php/t-11004.html	20081120211551
http://forum.azzurra.org/archive/index.php/t-11005.html	20090106025801
http://forum.azzurra.org/archive/index.php/t-11013.html	20090105161839
http://forum.azzurra.org/archive/index.php/t-11014.html	20090105205720 20090105205720
http://forum.azzurra.org/archive/index.php/t-11022.html	20081120185136
http://forum.azzurra.org/archive/index.php/t-11023.html	20090105212336
http://forum.azzurra.org/archive/index.php/t-11024.html	20090105164631
http://forum.azzurra.org/archive/index.php/t-11025.html	20090105215626
http://forum.azzurra.org/archive/index.php/t-1103.html	20090106030301
http://forum.azzurra.org/archive/index.php/t-11035.html	20090105203603
http://forum.azzurra.org/archive/index.php/t-11036.html	20081120214807
http://forum.azzurra.org/archive/index.php/t-11041.html	20090105234451 20090105234451
http://forum.azzurra.org/archive/index.php/t-11042.html	20090105230743
http://forum.azzurra.org/archive/index.php/t-11052.html	20090105184046 20090105184046
http://forum.azzurra.org/archive/index.php/t-11058.html	20090105202526
http://forum.azzurra.org/archive/index.php/t-1106.html	20090106022634
http://forum.azzurra.org/archive/index.php/t-11060.html	20090105194116
http://forum.azzurra.org/archive/index.php/t-11063.html	20090105192118
http://forum.azzurra.org/archive/index.php/t-11077.html	20090105182041
http://forum.azzurra.org/archive/index.php/t-1108.html	20081120202351
http://forum.azzurra.org/archive/index.php/t-11094.html	20090105215359
http://forum.azzurra.org/archive/index.php/t-11095.html	20090105165713
http://forum.azzurra.org/archive/index.php/t-11096.html	20090105162632
http://forum.azzurra.org/archive/index.php/t-1111.html	20081120224747
http://forum.azzurra.org/archive/index.php/t-11113.html	20081120183411
http://forum.azzurra.org/archive/index.php/t-11119.html	20090105175735
http://forum.azzurra.org/archive/index.php/t-11120.html	20090105211232
http://forum.azzurra.org/archive/index.php/t-11121.html	20090105171436
http://forum.azzurra.org/archive/index.php/t-11122.html	20090105173314
http://forum.azzurra.org/archive/index.php/t-11123.html	20090105210348
http://forum.azzurra.org/archive/index.php/t-11124.html	20090105160024
http://forum.azzurra.org/archive/index.php/t-11128.html	20090105181147
http://forum.azzurra.org/archive/index.php/t-11130.html	20081120212429
http://forum.azzurra.org/archive/index.php/t-1114.html	20090105222712
http://forum.azzurra.org/archive/index.php/t-11149.html	20090105173719
http://forum.azzurra.org/archive/index.php/t-11152.html	20090105185148
http://forum.azzurra.org/archive/index.php/t-11158.html	20090105194825
http://forum.azzurra.org/archive/index.php/t-11166.html	20090105191256
http://forum.azzurra.org/archive/index.php/t-11168.html	20090106021248
http://forum.azzurra.org/archive/index.php/t-11172.html	20081120192741
http://forum.azzurra.org/archive/index.php/t-11175.html	20090105225930
http://forum.azzurra.org/archive/index.php/t-11184.html	20081120221400
http://forum.azzurra.org/archive/index.php/t-11187.html	20081120213528
http://forum.azzurra.org/archive/index.php/t-11195.html	20081120175358
http://forum.azzurra.org/archive/index.php/t-11201.html	20081120211010
http://forum.azzurra.org/archive/index.php/t-11202.html	20090105201135
http://forum.azzurra.org/archive/index.php/t-11208.html	20090105184813
http://forum.azzurra.org/archive/index.php/t-1121.html	20081120181728
http://forum.azzurra.org/archive/index.php/t-11211.html	20090105210109
http://forum.azzurra.org/archive/index.php/t-11212.html	20090105212041
http://forum.azzurra.org/archive/index.php/t-11216.html	20090105161142
http://forum.azzurra.org/archive/index.php/t-11218.html	20090105231826
http://forum.azzurra.org/archive/index.php/t-11219.html	20090105181638
http://forum.azzurra.org/archive/index.php/t-11221.html	20090108031936
http://forum.azzurra.org/archive/index.php/t-11222.html	20090108031928
http://forum.azzurra.org/archive/index.php/t-11227.html	20081120184956
http://forum.azzurra.org/archive/index.php/t-11240.html	20081120192445
http://forum.azzurra.org/archive/index.php/t-11251.html	20081120204915
http://forum.azzurra.org/archive/index.php/t-11275.html	20081120055437
http://forum.azzurra.org/archive/index.php/t-11279.html	20081120043720
http://forum.azzurra.org/archive/index.php/t-11288.html	20081120024210
http://forum.azzurra.org/archive/index.php/t-1129.html	20081120054939
http://forum.azzurra.org/archive/index.php/t-11296.html	20081120000417
http://forum.azzurra.org/archive/index.php/t-113.html	20081120074818
http://forum.azzurra.org/archive/index.php/t-11307.html	20081120041653
http://forum.azzurra.org/archive/index.php/t-11315.html	20081119232247
http://forum.azzurra.org/archive/index.php/t-11318.html	20081120051442
http://forum.azzurra.org/archive/index.php/t-1132.html	20081120094846
http://forum.azzurra.org/archive/index.php/t-11328.html	20081120004346
http://forum.azzurra.org/archive/index.php/t-11349.html	20081119235422
http://forum.azzurra.org/archive/index.php/t-1135.html	20081120031104
http://forum.azzurra.org/archive/index.php/t-11355.html	20081120082027
http://forum.azzurra.org/archive/index.php/t-1136.html	20081120025815
http://forum.azzurra.org/archive/index.php/t-11361.html	20081120082929
http://forum.azzurra.org/archive/index.php/t-11365.html	20081120023932
http://forum.azzurra.org/archive/index.php/t-11382.html	20081120040035
http://forum.azzurra.org/archive/index.php/t-11399.html	20081120003921
http://forum.azzurra.org/archive/index.php/t-114.html	20081120020430
http://forum.azzurra.org/archive/index.php/t-11400.html	20081120070912
http://forum.azzurra.org/archive/index.php/t-11418.html	20081120050044
http://forum.azzurra.org/archive/index.php/t-1142.html	20081120053741
http://forum.azzurra.org/archive/index.php/t-11430.html	20081120021913
http://forum.azzurra.org/archive/index.php/t-11431.html	20081120080345
http://forum.azzurra.org/archive/index.php/t-11433.html	20081120014643
http://forum.azzurra.org/archive/index.php/t-11445.html	20081119233909
http://forum.azzurra.org/archive/index.php/t-11449.html	20081120013308
http://forum.azzurra.org/archive/index.php/t-11454.html	20081120040603
http://forum.azzurra.org/archive/index.php/t-11455.html	20081120100751
http://forum.azzurra.org/archive/index.php/t-11460.html	20081120035749
http://forum.azzurra.org/archive/index.php/t-1149.html	20081119234307
http://forum.azzurra.org/archive/index.php/t-11490.html	20081120011000
http://forum.azzurra.org/archive/index.php/t-1150.html	20081120073706
http://forum.azzurra.org/archive/index.php/t-11509.html	20081120095801
http://forum.azzurra.org/archive/index.php/t-11519.html	20081119233433
http://forum.azzurra.org/archive/index.php/t-11525.html	20081120051921
http://forum.azzurra.org/archive/index.php/t-11528.html	20081120001800
http://forum.azzurra.org/archive/index.php/t-1153.html	20081120071856
http://forum.azzurra.org/archive/index.php/t-11536.html	20081120025030
http://forum.azzurra.org/archive/index.php/t-1154.html	20081120015313
http://forum.azzurra.org/archive/index.php/t-11550.html	20081120102120
http://forum.azzurra.org/archive/index.php/t-1156.html	20081120080026
http://forum.azzurra.org/archive/index.php/t-11561.html	20081120094450
http://forum.azzurra.org/archive/index.php/t-11578.html	20090108033002
http://forum.azzurra.org/archive/index.php/t-1158.html	20081120040840
http://forum.azzurra.org/archive/index.php/t-11582.html	20081120020952
http://forum.azzurra.org/archive/index.php/t-11586.html	20081120070425
http://forum.azzurra.org/archive/index.php/t-11589.html	20081120102311
http://forum.azzurra.org/archive/index.php/t-1159.html	20081120100552
http://forum.azzurra.org/archive/index.php/t-116.html	20081120082329
http://forum.azzurra.org/archive/index.php/t-11613.html	20081120012707
http://forum.azzurra.org/archive/index.php/t-1162.html	20081120081057
http://forum.azzurra.org/archive/index.php/t-11626.html	20081120050339
http://forum.azzurra.org/archive/index.php/t-11638.html	20081120094206
http://forum.azzurra.org/archive/index.php/t-1164.html	20081120074317
http://forum.azzurra.org/archive/index.php/t-11641.html	20081120045436
http://forum.azzurra.org/archive/index.php/t-11643.html	20081119232807
http://forum.azzurra.org/archive/index.php/t-11650.html	20160818211049
http://forum.azzurra.org/archive/index.php/t-1166.html	20081120025332
http://forum.azzurra.org/archive/index.php/t-11713.html	20081120011138
http://forum.azzurra.org/archive/index.php/t-1172.html	20081120011945
http://forum.azzurra.org/archive/index.php/t-11731.html	20081120075235
http://forum.azzurra.org/archive/index.php/t-11734.html	20081120081743
http://forum.azzurra.org/archive/index.php/t-11736.html	20081120021721
http://forum.azzurra.org/archive/index.php/t-1174.html	20081120010356
http://forum.azzurra.org/archive/index.php/t-11754.html	20081120030920
http://forum.azzurra.org/archive/index.php/t-11766.html	20081120041342
http://forum.azzurra.org/archive/index.php/t-11773.html	20081120042919
http://forum.azzurra.org/archive/index.php/t-11779.html	20081120051730
http://forum.azzurra.org/archive/index.php/t-118.html	20081120042353
http://forum.azzurra.org/archive/index.php/t-1180.html	20081120094650
http://forum.azzurra.org/archive/index.php/t-11813.html	20081120024659
http://forum.azzurra.org/archive/index.php/t-11824.html	20081120022401
http://forum.azzurra.org/archive/index.php/t-1183.html	20081120100312
http://forum.azzurra.org/archive/index.php/t-1184.html	20081120031946
http://forum.azzurra.org/archive/index.php/t-11857.html	20081119234909
http://forum.azzurra.org/archive/index.php/t-11869.html	20090108033139
http://forum.azzurra.org/archive/index.php/t-1187.html	20081120030254
http://forum.azzurra.org/archive/index.php/t-1189.html	20081120072312
http://forum.azzurra.org/archive/index.php/t-11895.html	20081120023301
http://forum.azzurra.org/archive/index.php/t-11897.html	20081120070717
http://forum.azzurra.org/archive/index.php/t-11912.html	20081120075642
http://forum.azzurra.org/archive/index.php/t-11914.html	20081120080735
http://forum.azzurra.org/archive/index.php/t-11918.html	20081120093719
http://forum.azzurra.org/archive/index.php/t-11929.html	20081120101852
http://forum.azzurra.org/archive/index.php/t-11934.html	20081120054447
http://forum.azzurra.org/archive/index.php/t-1194.html	20081120044918
http://forum.azzurra.org/archive/index.php/t-11940.html	20081120030011
http://forum.azzurra.org/archive/index.php/t-11942.html	20081120101223
http://forum.azzurra.org/archive/index.php/t-1195.html	20081120000708
http://forum.azzurra.org/archive/index.php/t-1196.html	20081120002907
http://forum.azzurra.org/archive/index.php/t-11965.html	20081120002618
http://forum.azzurra.org/archive/index.php/t-11966.html	20081120001512
http://forum.azzurra.org/archive/index.php/t-1197.html	20081120042720
http://forum.azzurra.org/archive/index.php/t-1198.html	20081120053938
http://forum.azzurra.org/archive/index.php/t-11989.html	20081120044724
http://forum.azzurra.org/archive/index.php/t-1199.html	20081120004653
http://forum.azzurra.org/archive/index.php/t-11998.html	20081120101417
http://forum.azzurra.org/archive/index.php/t-12.html	20081120044225
http://forum.azzurra.org/archive/index.php/t-120.html	20081120022206
http://forum.azzurra.org/archive/index.php/t-12002.html	20081120053454
http://forum.azzurra.org/archive/index.php/t-12018.html	20081120041137
http://forum.azzurra.org/archive/index.php/t-12019.html	20081120100111
http://forum.azzurra.org/archive/index.php/t-12047.html	20081120035602
http://forum.azzurra.org/archive/index.php/t-12048.html	20081120021440
http://forum.azzurra.org/archive/index.php/t-1205.html	20081120102740
http://forum.azzurra.org/archive/index.php/t-12052.html	20081120043435
http://forum.azzurra.org/archive/index.php/t-12053.html	20081120002249
http://forum.azzurra.org/archive/index.php/t-12075.html	20081120031617
http://forum.azzurra.org/archive/index.php/t-12085.html	20081120010715
http://forum.azzurra.org/archive/index.php/t-1209.html	20081120073306
http://forum.azzurra.org/archive/index.php/t-12137.html	20081120010132
http://forum.azzurra.org/archive/index.php/t-12148.html	20081120014944
http://forum.azzurra.org/archive/index.php/t-1215.html	20081120003644
http://forum.azzurra.org/archive/index.php/t-12184.html	20081120054130
http://forum.azzurra.org/archive/index.php/t-12186.html	20081120005349
http://forum.azzurra.org/archive/index.php/t-1219.html	20081120005109
http://forum.azzurra.org/archive/index.php/t-12195.html	20081120071219
http://forum.azzurra.org/archive/index.php/t-12219.html	20081120102501
http://forum.azzurra.org/archive/index.php/t-12232.html	20090108032749
http://forum.azzurra.org/archive/index.php/t-12236.html	20081120050801
http://forum.azzurra.org/archive/index.php/t-12238.html	20090108032115
http://forum.azzurra.org/archive/index.php/t-12255.html	20081120001047
http://forum.azzurra.org/archive/index.php/t-12256.html	20081120001946
http://forum.azzurra.org/archive/index.php/t-12262.html	20081120003331
http://forum.azzurra.org/archive/index.php/t-1228.html	20081120012250
http://forum.azzurra.org/archive/index.php/t-12283.html	20090108032834
http://forum.azzurra.org/archive/index.php/t-12285.html	20081120012837
http://forum.azzurra.org/archive/index.php/t-12303.html	20081121015710
http://forum.azzurra.org/archive/index.php/t-12353.html	20090108031921
http://forum.azzurra.org/archive/index.php/t-12356.html	20090108032242
http://forum.azzurra.org/archive/index.php/t-12364.html	20090108032215
http://forum.azzurra.org/archive/index.php/t-12368.html	20081121014639
http://forum.azzurra.org/archive/index.php/t-12380.html	20090108032919
http://forum.azzurra.org/archive/index.php/t-12389.html	20081121003817
http://forum.azzurra.org/archive/index.php/t-12394.html	20081121022840
http://forum.azzurra.org/archive/index.php/t-12406.html	20090108032631
http://forum.azzurra.org/archive/index.php/t-1243.html	20081121014903
http://forum.azzurra.org/archive/index.php/t-12434.html	20081121002417
http://forum.azzurra.org/archive/index.php/t-1245.html	20081121011211
http://forum.azzurra.org/archive/index.php/t-12453.html	20081121013915
http://forum.azzurra.org/archive/index.php/t-12461.html	20090108033425
http://forum.azzurra.org/archive/index.php/t-12462.html	20090108032939
http://forum.azzurra.org/archive/index.php/t-12464.html	20081121020436
http://forum.azzurra.org/archive/index.php/t-12475.html	20081121020717
http://forum.azzurra.org/archive/index.php/t-12485.html	20081121003333
http://forum.azzurra.org/archive/index.php/t-1249.html	20081121010207
http://forum.azzurra.org/archive/index.php/t-12498.html	20081121022148
http://forum.azzurra.org/archive/index.php/t-12500.html	20090108031951
http://forum.azzurra.org/archive/index.php/t-12503.html	20090108031857
http://forum.azzurra.org/archive/index.php/t-12511.html	20081121053101
http://forum.azzurra.org/archive/index.php/t-1252.html	20081121021028
http://forum.azzurra.org/archive/index.php/t-12531.html	20090108032443
http://forum.azzurra.org/archive/index.php/t-12534.html	20090108031942
http://forum.azzurra.org/archive/index.php/t-1254.html	20081121031638
http://forum.azzurra.org/archive/index.php/t-12556.html	20090108033318
http://forum.azzurra.org/archive/index.php/t-12568.html	20090108031913
http://forum.azzurra.org/archive/index.php/t-1257.html	20081121023335
http://forum.azzurra.org/archive/index.php/t-12583.html	20090108032252
http://forum.azzurra.org/archive/index.php/t-1260.html	20081121030023
http://forum.azzurra.org/archive/index.php/t-12600.html	20090108032226
http://forum.azzurra.org/archive/index.php/t-12603.html	20090108032459
http://forum.azzurra.org/archive/index.php/t-1263.html	20081121024254
http://forum.azzurra.org/archive/index.php/t-12631.html	20081121002939
http://forum.azzurra.org/archive/index.php/t-12634.html	20090108032316
http://forum.azzurra.org/archive/index.php/t-12637.html	20090108032409
http://forum.azzurra.org/archive/index.php/t-12650.html	20090108033743
http://forum.azzurra.org/archive/index.php/t-12653.html	20090108032855
http://forum.azzurra.org/archive/index.php/t-12656.html	20090108034011
http://forum.azzurra.org/archive/index.php/t-12659.html	20090108032152
http://forum.azzurra.org/archive/index.php/t-12662.html	20090108033901
http://forum.azzurra.org/archive/index.php/t-12664.html	20081121012613
http://forum.azzurra.org/archive/index.php/t-12676-p-2.html	20090108032204
http://forum.azzurra.org/archive/index.php/t-12676.html	20081121030511
http://forum.azzurra.org/archive/index.php/t-12679.html	20081121032632
http://forum.azzurra.org/archive/index.php/t-12685.html	20090108032306
http://forum.azzurra.org/archive/index.php/t-12686.html	20090108032354
http://forum.azzurra.org/archive/index.php/t-12691.html	20081121055738
http://forum.azzurra.org/archive/index.php/t-12692.html	20081121051839
http://forum.azzurra.org/archive/index.php/t-12703.html	20120730155302 20120803141619
http://forum.azzurra.org/archive/index.php/t-12706.html	20090108031905
http://forum.azzurra.org/archive/index.php/t-12726.html	20081121051326
http://forum.azzurra.org/archive/index.php/t-12738.html	20090108033458
http://forum.azzurra.org/archive/index.php/t-12741.html	20081121030924
http://forum.azzurra.org/archive/index.php/t-12748.html	20081121054606
http://forum.azzurra.org/archive/index.php/t-12755.html	20090108033936
http://forum.azzurra.org/archive/index.php/t-12764.html	20090108032811
http://forum.azzurra.org/archive/index.php/t-12767.html	20090108033814
http://forum.azzurra.org/archive/index.php/t-12768.html	20081121005151
http://forum.azzurra.org/archive/index.php/t-12785.html	20081121010935
http://forum.azzurra.org/archive/index.php/t-12798.html	20081121024450
http://forum.azzurra.org/archive/index.php/t-12811.html	20081121004724
http://forum.azzurra.org/archive/index.php/t-1287.html	20081121060557
http://forum.azzurra.org/archive/index.php/t-12873.html	20081121012952
http://forum.azzurra.org/archive/index.php/t-1288.html	20081121021239
http://forum.azzurra.org/archive/index.php/t-12886.html	20081121055034
http://forum.azzurra.org/archive/index.php/t-129.html	20081121050722
http://forum.azzurra.org/archive/index.php/t-12920.html	20081121005732
http://forum.azzurra.org/archive/index.php/t-12941.html	20081121014211
http://forum.azzurra.org/archive/index.php/t-1296.html	20081121002638
http://forum.azzurra.org/archive/index.php/t-13.html	20081121005324
http://forum.azzurra.org/archive/index.php/t-13000.html	20081121043659
http://forum.azzurra.org/archive/index.php/t-13006.html	20081121052651
http://forum.azzurra.org/archive/index.php/t-13041.html	20081121012831
http://forum.azzurra.org/archive/index.php/t-1307.html	20081121042330
http://forum.azzurra.org/archive/index.php/t-13079.html	20081121010337
http://forum.azzurra.org/archive/index.php/t-13080.html	20081121054206
http://forum.azzurra.org/archive/index.php/t-13083.html	20081121053908
http://forum.azzurra.org/archive/index.php/t-1324.html	20081121034058
http://forum.azzurra.org/archive/index.php/t-13241.html	20081203230954
http://forum.azzurra.org/archive/index.php/t-13259.html	20081203235708
http://forum.azzurra.org/archive/index.php/t-13275.html	20081203225730
http://forum.azzurra.org/archive/index.php/t-13276.html	20081203225437
http://forum.azzurra.org/archive/index.php/t-1328.html	20081203224322
http://forum.azzurra.org/archive/index.php/t-13325.html	20081121040138
http://forum.azzurra.org/archive/index.php/t-13332.html	20081204001218
http://forum.azzurra.org/archive/index.php/t-13391.html	20081203215511
http://forum.azzurra.org/archive/index.php/t-13403.html	20081203232054
http://forum.azzurra.org/archive/index.php/t-13473.html	20081203215739
http://forum.azzurra.org/archive/index.php/t-13479.html	20081203224909
http://forum.azzurra.org/archive/index.php/t-13517.html	20081203223137
http://forum.azzurra.org/archive/index.php/t-1352.html	20081203233117
http://forum.azzurra.org/archive/index.php/t-13520.html	20081203220617
http://forum.azzurra.org/archive/index.php/t-13537.html	20081203231555
http://forum.azzurra.org/archive/index.php/t-13647.html	20081121034429
http://forum.azzurra.org/archive/index.php/t-13648.html	20081203224553
http://forum.azzurra.org/archive/index.php/t-1365.html	20081203231756
http://forum.azzurra.org/archive/index.php/t-13668.html	20081203235411
http://forum.azzurra.org/archive/index.php/t-13675.html	20081203214359
http://forum.azzurra.org/archive/index.php/t-137.html	20081203222932
http://forum.azzurra.org/archive/index.php/t-1371.html	20081203223259
http://forum.azzurra.org/archive/index.php/t-13729.html	20081203215028
http://forum.azzurra.org/archive/index.php/t-13737.html	20081203233512
http://forum.azzurra.org/archive/index.php/t-13738.html	20081204001853
http://forum.azzurra.org/archive/index.php/t-13744.html	20081121040433
http://forum.azzurra.org/archive/index.php/t-13748.html	20081203225855
http://forum.azzurra.org/archive/index.php/t-13770.html	20081121034650
http://forum.azzurra.org/archive/index.php/t-13791.html	20081203225147
http://forum.azzurra.org/archive/index.php/t-13798.html	20081203214600
http://forum.azzurra.org/archive/index.php/t-13814.html	20081203234107
http://forum.azzurra.org/archive/index.php/t-13844.html	20081204000817
http://forum.azzurra.org/archive/index.php/t-13885.html	20081203225314
http://forum.azzurra.org/archive/index.php/t-13955.html	20081203213910
http://forum.azzurra.org/archive/index.php/t-13959.html	20081203221658
http://forum.azzurra.org/archive/index.php/t-1396.html	20081121035606
http://forum.azzurra.org/archive/index.php/t-13983.html	20081203221505
http://forum.azzurra.org/archive/index.php/t-1401.html	20081203232955
http://forum.azzurra.org/archive/index.php/t-14018.html	20081203233618
http://forum.azzurra.org/archive/index.php/t-14031.html	20081203215945
http://forum.azzurra.org/archive/index.php/t-14050.html	20081203224749
http://forum.azzurra.org/archive/index.php/t-141.html	20081203235613
http://forum.azzurra.org/archive/index.php/t-14103.html	20081121035823
http://forum.azzurra.org/archive/index.php/t-1413.html	20081203230645
http://forum.azzurra.org/archive/index.php/t-1415.html	20081203221859
http://forum.azzurra.org/archive/index.php/t-14156.html	20081203221216
http://forum.azzurra.org/archive/index.php/t-1416.html	20081203222515
http://forum.azzurra.org/archive/index.php/t-14173.html	20081203235136
http://forum.azzurra.org/archive/index.php/t-14179.html	20081201123541
http://forum.azzurra.org/archive/index.php/t-14190.html	20081201154532
http://forum.azzurra.org/archive/index.php/t-1421.html	20081201103809
http://forum.azzurra.org/archive/index.php/t-14245.html	20081201142608
http://forum.azzurra.org/archive/index.php/t-14250.html	20081201104432
http://forum.azzurra.org/archive/index.php/t-14258.html	20081201133735
http://forum.azzurra.org/archive/index.php/t-14262.html	20081201110832
http://forum.azzurra.org/archive/index.php/t-14265.html	20081201140813
http://forum.azzurra.org/archive/index.php/t-14274.html	20081201141435
http://forum.azzurra.org/archive/index.php/t-14279.html	20081201122018
http://forum.azzurra.org/archive/index.php/t-1428.html	20081121061935
http://forum.azzurra.org/archive/index.php/t-14285.html	20081201103305
http://forum.azzurra.org/archive/index.php/t-143.html	20081201154456
http://forum.azzurra.org/archive/index.php/t-14309.html	20081201105818
http://forum.azzurra.org/archive/index.php/t-1438.html	20081201143937
http://forum.azzurra.org/archive/index.php/t-14386.html	20081201102756
http://forum.azzurra.org/archive/index.php/t-14388.html	20081201141008
http://forum.azzurra.org/archive/index.php/t-14389.html	20081201104230
http://forum.azzurra.org/archive/index.php/t-14404.html	20081201134818
http://forum.azzurra.org/archive/index.php/t-1442.html	20081201133926
http://forum.azzurra.org/archive/index.php/t-14430.html	20081201135434
http://forum.azzurra.org/archive/index.php/t-14436.html	20081201140255
http://forum.azzurra.org/archive/index.php/t-14455.html	20081201102052
http://forum.azzurra.org/archive/index.php/t-14471.html	20081201154224
http://forum.azzurra.org/archive/index.php/t-14473.html	20081201124152
http://forum.azzurra.org/archive/index.php/t-14476.html	20081201122131
http://forum.azzurra.org/archive/index.php/t-14481.html	20081201135246
http://forum.azzurra.org/archive/index.php/t-14486.html	20081201104738
http://forum.azzurra.org/archive/index.php/t-14490.html	20081201142424
http://forum.azzurra.org/archive/index.php/t-14495.html	20081201141623
http://forum.azzurra.org/archive/index.php/t-14496.html	20081201141835
http://forum.azzurra.org/archive/index.php/t-145.html	20081201144507
http://forum.azzurra.org/archive/index.php/t-1450.html	20081201154146
http://forum.azzurra.org/archive/index.php/t-14504.html	20081201134341
http://forum.azzurra.org/archive/index.php/t-14505.html	20081201111147
http://forum.azzurra.org/archive/index.php/t-14506.html	20081201110034
http://forum.azzurra.org/archive/index.php/t-1451.html	20081201122944
http://forum.azzurra.org/archive/index.php/t-14510.html	20081201141926
http://forum.azzurra.org/archive/index.php/t-14511.html	20081201115808
http://forum.azzurra.org/archive/index.php/t-14516.html	20081201142334
http://forum.azzurra.org/archive/index.php/t-14520.html	20081201111724
http://forum.azzurra.org/archive/index.php/t-14525.html	20081201115502
http://forum.azzurra.org/archive/index.php/t-1454.html	20081201121326
http://forum.azzurra.org/archive/index.php/t-14543.html	20081201154841
http://forum.azzurra.org/archive/index.php/t-14545.html	20081201143849
http://forum.azzurra.org/archive/index.php/t-14553.html	20081201102855
http://forum.azzurra.org/archive/index.php/t-14554.html	20081201133831
http://forum.azzurra.org/archive/index.php/t-1456.html	20081201154652
http://forum.azzurra.org/archive/index.php/t-14571.html	20081201144112
http://forum.azzurra.org/archive/index.php/t-1460.html	20081201120958
http://forum.azzurra.org/archive/index.php/t-14606.html	20081201105252
http://forum.azzurra.org/archive/index.php/t-14607.html	20081201135814
http://forum.azzurra.org/archive/index.php/t-14621.html	20081201141744
http://forum.azzurra.org/archive/index.php/t-14628.html	20081201144246
http://forum.azzurra.org/archive/index.php/t-14634.html	20081201105923
http://forum.azzurra.org/archive/index.php/t-14640.html	20081201144645
http://forum.azzurra.org/archive/index.php/t-14654.html	20081201124300
http://forum.azzurra.org/archive/index.php/t-14655.html	20081201103502
http://forum.azzurra.org/archive/index.php/t-14658.html	20081201140411
http://forum.azzurra.org/archive/index.php/t-14669.html	20081201134634
http://forum.azzurra.org/archive/index.php/t-14685.html	20081201110405
http://forum.azzurra.org/archive/index.php/t-147.html	20081201123937
http://forum.azzurra.org/archive/index.php/t-1470.html	20081201124706
http://forum.azzurra.org/archive/index.php/t-14700.html	20081201111040
http://forum.azzurra.org/archive/index.php/t-14705.html	20081201105033
http://forum.azzurra.org/archive/index.php/t-14712.html	20081201114918
http://forum.azzurra.org/archive/index.php/t-14748.html	20081201120359
http://forum.azzurra.org/archive/index.php/t-14799.html	20081201154300
http://forum.azzurra.org/archive/index.php/t-148.html	20081201111502
http://forum.azzurra.org/archive/index.php/t-14810.html	20081201140201
http://forum.azzurra.org/archive/index.php/t-14811.html	20081201104936
http://forum.azzurra.org/archive/index.php/t-1482.html	20081201115354
http://forum.azzurra.org/archive/index.php/t-1484.html	20081201112101
http://forum.azzurra.org/archive/index.php/t-14846.html	20081201125459
http://forum.azzurra.org/archive/index.php/t-1485.html	20081201142932
http://forum.azzurra.org/archive/index.php/t-14859.html	20081201112419
http://forum.azzurra.org/archive/index.php/t-1487.html	20081201111949
http://forum.azzurra.org/archive/index.php/t-14903.html	20081201115248
http://forum.azzurra.org/archive/index.php/t-14911.html	20081201103712
http://forum.azzurra.org/archive/index.php/t-1492.html	20081201140012
http://forum.azzurra.org/archive/index.php/t-14931.html	20081201114811
http://forum.azzurra.org/archive/index.php/t-14932.html	20081201111618
http://forum.azzurra.org/archive/index.php/t-14938.html	20081201122618
http://forum.azzurra.org/archive/index.php/t-14951.html	20081201155108
http://forum.azzurra.org/archive/index.php/t-14964.html	20081201121436
http://forum.azzurra.org/archive/index.php/t-14965.html	20081201154801
http://forum.azzurra.org/archive/index.php/t-14977.html	20081201125114
http://forum.azzurra.org/archive/index.php/t-14989.html	20081201122351
http://forum.azzurra.org/archive/index.php/t-1499.html	20081121061653
http://forum.azzurra.org/archive/index.php/t-15.html	20081201102251
http://forum.azzurra.org/archive/index.php/t-1503.html	20081201142842
http://forum.azzurra.org/archive/index.php/t-1506.html	20081201141530
http://forum.azzurra.org/archive/index.php/t-1507.html	20081201120508
http://forum.azzurra.org/archive/index.php/t-1510.html	20081201110615
http://forum.azzurra.org/archive/index.php/t-1511.html	20081201134725
http://forum.azzurra.org/archive/index.php/t-1512.html	20081201135008
http://forum.azzurra.org/archive/index.php/t-1514.html	20081201135528
http://forum.azzurra.org/archive/index.php/t-1516.html	20081201104013
http://forum.azzurra.org/archive/index.php/t-152.html	20081201125324
http://forum.azzurra.org/archive/index.php/t-1523.html	20081201140721
http://forum.azzurra.org/archive/index.php/t-1524.html	20081201111358
http://forum.azzurra.org/archive/index.php/t-1525.html	20081201134248
http://forum.azzurra.org/archive/index.php/t-1526.html	20081201135133
http://forum.azzurra.org/archive/index.php/t-1527.html	20081201110140
http://forum.azzurra.org/archive/index.php/t-1530.html	20081201120129
http://forum.azzurra.org/archive/index.php/t-1533.html	20081201120241
http://forum.azzurra.org/archive/index.php/t-1536.html	20081201114700
http://forum.azzurra.org/archive/index.php/t-1539.html	20081201123650
http://forum.azzurra.org/archive/index.php/t-1540.html	20081121070745
http://forum.azzurra.org/archive/index.php/t-1541.html	20081201133420
http://forum.azzurra.org/archive/index.php/t-1548.html	20081201140558
http://forum.azzurra.org/archive/index.php/t-1549.html	20081201104532
http://forum.azzurra.org/archive/index.php/t-1550.html	20081201144420
http://forum.azzurra.org/archive/index.php/t-1555.html	20081201154341
http://forum.azzurra.org/archive/index.php/t-1560.html	20081201121912
http://forum.azzurra.org/archive/index.php/t-1577.html	20081201102154
http://forum.azzurra.org/archive/index.php/t-158.html	20081201134151
http://forum.azzurra.org/archive/index.php/t-1581.html	20081201115918
http://forum.azzurra.org/archive/index.php/t-1671.html	20081120104427
http://forum.azzurra.org/archive/index.php/t-1687.html	20120730161122 20120803143402
http://forum.azzurra.org/archive/index.php/t-1839.html	20081120104240
http://forum.azzurra.org/archive/index.php/t-1888.html	20081120104721
http://forum.azzurra.org/archive/index.php/t-1939.html	20081120103350
http://forum.azzurra.org/archive/index.php/t-1955.html	20081121183400
http://forum.azzurra.org/archive/index.php/t-1956.html	20081121183624
http://forum.azzurra.org/archive/index.php/t-1957.html	20081121180723
http://forum.azzurra.org/archive/index.php/t-1959.html	20081121184240
http://forum.azzurra.org/archive/index.php/t-196.html	20081121190432
http://forum.azzurra.org/archive/index.php/t-1966.html	20081121180526
http://forum.azzurra.org/archive/index.php/t-1968.html	20081121183956
http://forum.azzurra.org/archive/index.php/t-1969.html	20070928082908 20081121181650 20160304135525
http://forum.azzurra.org/archive/index.php/t-197.html	20081121182533
http://forum.azzurra.org/archive/index.php/t-1970.html	20081121200202
http://forum.azzurra.org/archive/index.php/t-1974.html	20081121183107
http://forum.azzurra.org/archive/index.php/t-1984.html	20081121181553
http://forum.azzurra.org/archive/index.php/t-1986.html	20081121184059
http://forum.azzurra.org/archive/index.php/t-199.html	20081121200023
http://forum.azzurra.org/archive/index.php/t-1990.html	20081121182648
http://forum.azzurra.org/archive/index.php/t-1994.html	20081121193238
http://forum.azzurra.org/archive/index.php/t-1999.html	20081121183300
http://forum.azzurra.org/archive/index.php/t-2.html	20081121183723
http://forum.azzurra.org/archive/index.php/t-200.html	20081121181728
http://forum.azzurra.org/archive/index.php/t-2003.html	20081121181604
http://forum.azzurra.org/archive/index.php/t-2006.html	20081121181017
http://forum.azzurra.org/archive/index.php/t-2024.html	20081121194100
http://forum.azzurra.org/archive/index.php/t-203.html	20081121181506
http://forum.azzurra.org/archive/index.php/t-2035.html	20081121184035
http://forum.azzurra.org/archive/index.php/t-204.html	20081121184315
http://forum.azzurra.org/archive/index.php/t-2041.html	20081121183156
http://forum.azzurra.org/archive/index.php/t-2044.html	20081121183009
http://forum.azzurra.org/archive/index.php/t-2051.html	20081121183820
http://forum.azzurra.org/archive/index.php/t-206.html	20081121181131
http://forum.azzurra.org/archive/index.php/t-2061.html	20081121180710
http://forum.azzurra.org/archive/index.php/t-2062.html	20081121180735
http://forum.azzurra.org/archive/index.php/t-207.html	20081121184339
http://forum.azzurra.org/archive/index.php/t-2072.html	20081121200112
http://forum.azzurra.org/archive/index.php/t-208.html	20081121183347
http://forum.azzurra.org/archive/index.php/t-209.html	20081121180927
http://forum.azzurra.org/archive/index.php/t-21.html	20081121180552
http://forum.azzurra.org/archive/index.php/t-210.html	20081121194327
http://forum.azzurra.org/archive/index.php/t-2100.html	20081121181519
http://forum.azzurra.org/archive/index.php/t-211.html	20081121182011
http://forum.azzurra.org/archive/index.php/t-212.html	20081121182130
http://forum.azzurra.org/archive/index.php/t-213.html	20081121192018
http://forum.azzurra.org/archive/index.php/t-2142.html	20081121183235
http://forum.azzurra.org/archive/index.php/t-2150.html	20081121180632
http://forum.azzurra.org/archive/index.php/t-2168.html	20081121181739
http://forum.azzurra.org/archive/index.php/t-2169.html	20081121183844
http://forum.azzurra.org/archive/index.php/t-2179.html	20081121181815
http://forum.azzurra.org/archive/index.php/t-218.html	20081121182735
http://forum.azzurra.org/archive/index.php/t-2186.html	20081121181616
http://forum.azzurra.org/archive/index.php/t-2195.html	20081121192752
http://forum.azzurra.org/archive/index.php/t-2196.html	20081121193553
http://forum.azzurra.org/archive/index.php/t-2197.html	20081121182049
http://forum.azzurra.org/archive/index.php/t-2198.html	20081121183247
http://forum.azzurra.org/archive/index.php/t-22.html	20081121180501
http://forum.azzurra.org/archive/index.php/t-221.html	20081121191302
http://forum.azzurra.org/archive/index.php/t-2210.html	20081121191443
http://forum.azzurra.org/archive/index.php/t-2216.html	20081121192908
http://forum.azzurra.org/archive/index.php/t-2221.html	20081121194004
http://forum.azzurra.org/archive/index.php/t-2223.html	20081121182142
http://forum.azzurra.org/archive/index.php/t-2225.html	20081121182310
http://forum.azzurra.org/archive/index.php/t-2226.html	20081121182558
http://forum.azzurra.org/archive/index.php/t-2228.html	20081121200403
http://forum.azzurra.org/archive/index.php/t-2231.html	20081121181704
http://forum.azzurra.org/archive/index.php/t-2232.html	20081121181530
http://forum.azzurra.org/archive/index.php/t-2239.html	20081121183336
http://forum.azzurra.org/archive/index.php/t-2249.html	20081121192512
http://forum.azzurra.org/archive/index.php/t-2253.html	20081121180940
http://forum.azzurra.org/archive/index.php/t-226.html	20081121182100
http://forum.azzurra.org/archive/index.php/t-2260.html	20081121183831
http://forum.azzurra.org/archive/index.php/t-2265.html	20081121183636
http://forum.azzurra.org/archive/index.php/t-2269.html	20081121184706
http://forum.azzurra.org/archive/index.php/t-227.html	20081121193348
http://forum.azzurra.org/archive/index.php/t-2275.html	20081121182834
http://forum.azzurra.org/archive/index.php/t-2276.html	20081121182823
http://forum.azzurra.org/archive/index.php/t-2279.html	20081121182622
http://forum.azzurra.org/archive/index.php/t-228.html	20081121195418
http://forum.azzurra.org/archive/index.php/t-2284.html	20081121184327
http://forum.azzurra.org/archive/index.php/t-2285.html	20081121181157
http://forum.azzurra.org/archive/index.php/t-229.html	20081121183056
http://forum.azzurra.org/archive/index.php/t-2295.html	20081121190809
http://forum.azzurra.org/archive/index.php/t-2296.html	20081121185722
http://forum.azzurra.org/archive/index.php/t-23.html	20081121183808
http://forum.azzurra.org/archive/index.php/t-2305.html	20081121123302
http://forum.azzurra.org/archive/index.php/t-2307.html	20081202165252
http://forum.azzurra.org/archive/index.php/t-2313.html	20081202170251
http://forum.azzurra.org/archive/index.php/t-2324.html	20081202165904
http://forum.azzurra.org/archive/index.php/t-233.html	20081202165846
http://forum.azzurra.org/archive/index.php/t-2341.html	20081121140612
http://forum.azzurra.org/archive/index.php/t-2343.html	20081202171340
http://forum.azzurra.org/archive/index.php/t-2346.html	20081202170814
http://forum.azzurra.org/archive/index.php/t-2359.html	20081121130119
http://forum.azzurra.org/archive/index.php/t-2361.html	20081121105612
http://forum.azzurra.org/archive/index.php/t-2364.html	20081121115111
http://forum.azzurra.org/archive/index.php/t-2365.html	20081121151936
http://forum.azzurra.org/archive/index.php/t-2378.html	20081202170235
http://forum.azzurra.org/archive/index.php/t-2380.html	20081121124220
http://forum.azzurra.org/archive/index.php/t-2385.html	20081121120544
http://forum.azzurra.org/archive/index.php/t-2387.html	20081202165517
http://forum.azzurra.org/archive/index.php/t-2388.html	20081202164301
http://forum.azzurra.org/archive/index.php/t-2390.html	20081202170418
http://forum.azzurra.org/archive/index.php/t-2391.html	20081121133755
http://forum.azzurra.org/archive/index.php/t-2399.html	20081202171356
http://forum.azzurra.org/archive/index.php/t-2404.html	20081202165131
http://forum.azzurra.org/archive/index.php/t-2420.html	20081121144422
http://forum.azzurra.org/archive/index.php/t-2422.html	20081202171002
http://forum.azzurra.org/archive/index.php/t-2423.html	20081121143801
http://forum.azzurra.org/archive/index.php/t-2433.html	20081202164719
http://forum.azzurra.org/archive/index.php/t-2434.html	20081121111317
http://forum.azzurra.org/archive/index.php/t-2441.html	20081121134453
http://forum.azzurra.org/archive/index.php/t-2443.html	20081202170013
http://forum.azzurra.org/archive/index.php/t-2447.html	20081121133956
http://forum.azzurra.org/archive/index.php/t-2449.html	20081202170944
http://forum.azzurra.org/archive/index.php/t-2452.html	20081202165724
http://forum.azzurra.org/archive/index.php/t-2454.html	20081202165205
http://forum.azzurra.org/archive/index.php/t-2457.html	20081202165501
http://forum.azzurra.org/archive/index.php/t-2459.html	20081121105330
http://forum.azzurra.org/archive/index.php/t-246.html	20081202171430
http://forum.azzurra.org/archive/index.php/t-2466.html	20081202165812
http://forum.azzurra.org/archive/index.php/t-247.html	20081121140931
http://forum.azzurra.org/archive/index.php/t-2470.html	20081121132450
http://forum.azzurra.org/archive/index.php/t-2472.html	20081202170436
http://forum.azzurra.org/archive/index.php/t-2474.html	20081202170326
http://forum.azzurra.org/archive/index.php/t-248.html	20081121135510
http://forum.azzurra.org/archive/index.php/t-2484.html	20081202164350
http://forum.azzurra.org/archive/index.php/t-2485.html	20081121111830
http://forum.azzurra.org/archive/index.php/t-2486.html	20081121114601
http://forum.azzurra.org/archive/index.php/t-2489.html	20081121120729
http://forum.azzurra.org/archive/index.php/t-249.html	20081202165955
http://forum.azzurra.org/archive/index.php/t-2490.html	20081202170833
http://forum.azzurra.org/archive/index.php/t-2493.html	20081202170925
http://forum.azzurra.org/archive/index.php/t-2494.html	20081121142304
http://forum.azzurra.org/archive/index.php/t-2499.html	20081202170032
http://forum.azzurra.org/archive/index.php/t-25.html	20081121153151
http://forum.azzurra.org/archive/index.php/t-250.html	20081121104215
http://forum.azzurra.org/archive/index.php/t-2500.html	20081121113929
http://forum.azzurra.org/archive/index.php/t-2505.html	20081121105809
http://forum.azzurra.org/archive/index.php/t-2506.html	20081121105022
http://forum.azzurra.org/archive/index.php/t-251.html	20081202165001
http://forum.azzurra.org/archive/index.php/t-2513.html	20081202171149
http://forum.azzurra.org/archive/index.php/t-252.html	20081202164600
http://forum.azzurra.org/archive/index.php/t-2522.html	20081202170617
http://forum.azzurra.org/archive/index.php/t-2523.html	20081121150702
http://forum.azzurra.org/archive/index.php/t-2524.html	20081202171505
http://forum.azzurra.org/archive/index.php/t-253.html	20081121111119
http://forum.azzurra.org/archive/index.php/t-2537.html	20081121112743
http://forum.azzurra.org/archive/index.php/t-2539.html	20081202165652
http://forum.azzurra.org/archive/index.php/t-2550.html	20081121120058
http://forum.azzurra.org/archive/index.php/t-2556.html	20081121130816
http://forum.azzurra.org/archive/index.php/t-2559.html	20081121104018
http://forum.azzurra.org/archive/index.php/t-2563.html	20081202165147
http://forum.azzurra.org/archive/index.php/t-2588.html	20081202165620
http://forum.azzurra.org/archive/index.php/t-2589.html	20081121122644
http://forum.azzurra.org/archive/index.php/t-259.html	20081121120358
http://forum.azzurra.org/archive/index.php/t-2595.html	20081202171447
http://forum.azzurra.org/archive/index.php/t-2597.html	20081121141303 20160817215912
http://forum.azzurra.org/archive/index.php/t-26.html	20081202164335
http://forum.azzurra.org/archive/index.php/t-2615.html	20081202171413
http://forum.azzurra.org/archive/index.php/t-2629.html	20081121134257
http://forum.azzurra.org/archive/index.php/t-2630.html	20081202164528
http://forum.azzurra.org/archive/index.php/t-2632.html	20081121114222
http://forum.azzurra.org/archive/index.php/t-2635.html	20081202164845
http://forum.azzurra.org/archive/index.php/t-2636.html	20081202164737
http://forum.azzurra.org/archive/index.php/t-2637.html	20081121110125
http://forum.azzurra.org/archive/index.php/t-2640.html	20081202170604
http://forum.azzurra.org/archive/index.php/t-2641.html	20081121131914
http://forum.azzurra.org/archive/index.php/t-2644.html	20081121134817
http://forum.azzurra.org/archive/index.php/t-2645.html	20081202170217
http://forum.azzurra.org/archive/index.php/t-2651.html	20081202165221
http://forum.azzurra.org/archive/index.php/t-2653.html	20081121123626
http://forum.azzurra.org/archive/index.php/t-2655.html	20081121121156
http://forum.azzurra.org/archive/index.php/t-2657.html	20081202165740
http://forum.azzurra.org/archive/index.php/t-2661.html	20081121122219
http://forum.azzurra.org/archive/index.php/t-2667.html	20081201174938
http://forum.azzurra.org/archive/index.php/t-2669.html	20081201182557
http://forum.azzurra.org/archive/index.php/t-2671.html	20081201191227
http://forum.azzurra.org/archive/index.php/t-2672.html	20081201190014
http://forum.azzurra.org/archive/index.php/t-2683.html	20081201174226
http://forum.azzurra.org/archive/index.php/t-2688.html	20081201184410
http://forum.azzurra.org/archive/index.php/t-2689.html	20081201174813
http://forum.azzurra.org/archive/index.php/t-2690.html	20081201193504
http://forum.azzurra.org/archive/index.php/t-2691.html	20081201181346
http://forum.azzurra.org/archive/index.php/t-27.html	20081201125705
http://forum.azzurra.org/archive/index.php/t-270.html	20081201181414
http://forum.azzurra.org/archive/index.php/t-271.html	20081201193353
http://forum.azzurra.org/archive/index.php/t-2715.html	20081201193920
http://forum.azzurra.org/archive/index.php/t-2719.html	20081201190805
http://forum.azzurra.org/archive/index.php/t-272.html	20081201193953
http://forum.azzurra.org/archive/index.php/t-2720.html	20081201181004
http://forum.azzurra.org/archive/index.php/t-2724.html	20081201193208
http://forum.azzurra.org/archive/index.php/t-2729.html	20081201175548
http://forum.azzurra.org/archive/index.php/t-2735.html	20081201182728
http://forum.azzurra.org/archive/index.php/t-2739.html	20081201183659
http://forum.azzurra.org/archive/index.php/t-2741.html	20081201175841
http://forum.azzurra.org/archive/index.php/t-2742.html	20081201175614
http://forum.azzurra.org/archive/index.php/t-2744.html	20081201180423
http://forum.azzurra.org/archive/index.php/t-2746.html	20081201191441
http://forum.azzurra.org/archive/index.php/t-2747.html	20081201180234
http://forum.azzurra.org/archive/index.php/t-275.html	20081201181641
http://forum.azzurra.org/archive/index.php/t-2754.html	20081201185542
http://forum.azzurra.org/archive/index.php/t-2760.html	20081201185507
http://forum.azzurra.org/archive/index.php/t-2766.html	20081201183601
http://forum.azzurra.org/archive/index.php/t-2767.html	20081201175303
http://forum.azzurra.org/archive/index.php/t-277.html	20081201192950
http://forum.azzurra.org/archive/index.php/t-2771.html	20081201190235
http://forum.azzurra.org/archive/index.php/t-2775.html	20081201180107
http://forum.azzurra.org/archive/index.php/t-2779.html	20081201181813
http://forum.azzurra.org/archive/index.php/t-2786.html	20081119141656
http://forum.azzurra.org/archive/index.php/t-2787.html	20081201183430
http://forum.azzurra.org/archive/index.php/t-28.html	20081201174447
http://forum.azzurra.org/archive/index.php/t-2808.html	20081201192422
http://forum.azzurra.org/archive/index.php/t-2809.html	20081201175453
http://forum.azzurra.org/archive/index.php/t-281.html	20081201184706
http://forum.azzurra.org/archive/index.php/t-2810.html	20081201181908
http://forum.azzurra.org/archive/index.php/t-2815.html	20081201182938
http://forum.azzurra.org/archive/index.php/t-2816.html	20081201183234
http://forum.azzurra.org/archive/index.php/t-282.html	20081201185650
http://forum.azzurra.org/archive/index.php/t-2820.html	20081119152956
http://forum.azzurra.org/archive/index.php/t-2828.html	20081201185115
http://forum.azzurra.org/archive/index.php/t-2833.html	20081201192646
http://forum.azzurra.org/archive/index.php/t-2845.html	20081201184222
http://forum.azzurra.org/archive/index.php/t-285.html	20081201175034
http://forum.azzurra.org/archive/index.php/t-2854.html	20081201191849
http://forum.azzurra.org/archive/index.php/t-2856.html	20081201175721
http://forum.azzurra.org/archive/index.php/t-2865.html	20081201190320
http://forum.azzurra.org/archive/index.php/t-2869.html	20081201193629
http://forum.azzurra.org/archive/index.php/t-2871.html	20081201184558
http://forum.azzurra.org/archive/index.php/t-2873.html	20081201175329
http://forum.azzurra.org/archive/index.php/t-2875.html	20081201174324
http://forum.azzurra.org/archive/index.php/t-2878.html	20081201182530
http://forum.azzurra.org/archive/index.php/t-2879.html	20081201125809
http://forum.azzurra.org/archive/index.php/t-288.html	20081201182633
http://forum.azzurra.org/archive/index.php/t-2881.html	20081201193243
http://forum.azzurra.org/archive/index.php/t-2882.html	20081201192724
http://forum.azzurra.org/archive/index.php/t-2885.html	20081201181033
http://forum.azzurra.org/archive/index.php/t-289.html	20081119154527
http://forum.azzurra.org/archive/index.php/t-2891.html	20081119160331
http://forum.azzurra.org/archive/index.php/t-2899.html	20081201184947
http://forum.azzurra.org/archive/index.php/t-29.html	20081201185246
http://forum.azzurra.org/archive/index.php/t-290.html	20081201191100
http://forum.azzurra.org/archive/index.php/t-2900.html	20081201181249
http://forum.azzurra.org/archive/index.php/t-2905.html	20081201181841
http://forum.azzurra.org/archive/index.php/t-2906.html	20081201181512
http://forum.azzurra.org/archive/index.php/t-2909-p-25.html	20090108114011
http://forum.azzurra.org/archive/index.php/t-2909-p-26.html	20090108113407
http://forum.azzurra.org/archive/index.php/t-2909-p-29.html	20090108105928
http://forum.azzurra.org/archive/index.php/t-2909-p-30.html	20090108120305
http://forum.azzurra.org/archive/index.php/t-2909-p-31.html	20090108093850
http://forum.azzurra.org/archive/index.php/t-2909-p-32.html	20090108095750
http://forum.azzurra.org/archive/index.php/t-2909-p-33.html	20090108114717
http://forum.azzurra.org/archive/index.php/t-2909-p-34.html	20090108092234
http://forum.azzurra.org/archive/index.php/t-2909-p-35.html	20090108121551
http://forum.azzurra.org/archive/index.php/t-2909-p-36.html	20090108120931
http://forum.azzurra.org/archive/index.php/t-2909-p-37.html	20090108092437
http://forum.azzurra.org/archive/index.php/t-2909-p-4.html	20090108104101
http://forum.azzurra.org/archive/index.php/t-2909-p-5.html	20090108122005
http://forum.azzurra.org/archive/index.php/t-2909-p-6.html	20090108122848
http://forum.azzurra.org/archive/index.php/t-2909-p-7.html	20090108103300
http://forum.azzurra.org/archive/index.php/t-2909-p-8.html	20090108092553
http://forum.azzurra.org/archive/index.php/t-2909-p-9.html	20090108120829
http://forum.azzurra.org/archive/index.php/t-2909.html	20081201175815
http://forum.azzurra.org/archive/index.php/t-2911.html	20090108094757
http://forum.azzurra.org/archive/index.php/t-2912.html	20090108095214
http://forum.azzurra.org/archive/index.php/t-2921.html	20081201183106
http://forum.azzurra.org/archive/index.php/t-2923-p-2.html	20090108121804
http://forum.azzurra.org/archive/index.php/t-2923-p-3.html	20090108092121
http://forum.azzurra.org/archive/index.php/t-2923-p-4.html	20090108114813
http://forum.azzurra.org/archive/index.php/t-2923-p-5.html	20090108095638
http://forum.azzurra.org/archive/index.php/t-2923-p-6.html	20090108094131
http://forum.azzurra.org/archive/index.php/t-2923.html	20081119145807
http://forum.azzurra.org/archive/index.php/t-2927.html	20081201182004
http://forum.azzurra.org/archive/index.php/t-2928.html	20081201185326
http://forum.azzurra.org/archive/index.php/t-293.html	20081201190104
http://forum.azzurra.org/archive/index.php/t-2931.html	20090108113825
http://forum.azzurra.org/archive/index.php/t-2932.html	20090108113306
http://forum.azzurra.org/archive/index.php/t-2934.html	20090108112116
http://forum.azzurra.org/archive/index.php/t-2941.html	20090108101908
http://forum.azzurra.org/archive/index.php/t-2942.html	20090108101020
http://forum.azzurra.org/archive/index.php/t-2944.html	20090108104436
http://forum.azzurra.org/archive/index.php/t-2947.html	20081201174746
http://forum.azzurra.org/archive/index.php/t-2948.html	20090108092705
http://forum.azzurra.org/archive/index.php/t-2949.html	20081201183036
http://forum.azzurra.org/archive/index.php/t-2951.html	20081201190507
http://forum.azzurra.org/archive/index.php/t-2955.html	20081201175357
http://forum.azzurra.org/archive/index.php/t-2959.html	20090108113621
http://forum.azzurra.org/archive/index.php/t-2960.html	20081201192145
http://forum.azzurra.org/archive/index.php/t-2965.html	20081201191146
http://forum.azzurra.org/archive/index.php/t-2966.html	20081201185849
http://forum.azzurra.org/archive/index.php/t-2973.html	20090108103407
http://forum.azzurra.org/archive/index.php/t-2978.html	20081201182201
http://forum.azzurra.org/archive/index.php/t-2985.html	20090108111600
http://forum.azzurra.org/archive/index.php/t-2994.html	20081119161528
http://forum.azzurra.org/archive/index.php/t-30.html	20081201181612
http://forum.azzurra.org/archive/index.php/t-3005.html	20081201181443
http://forum.azzurra.org/archive/index.php/t-301.html	20081201184057
http://forum.azzurra.org/archive/index.php/t-3010.html	20081201183135
http://forum.azzurra.org/archive/index.php/t-3018.html	20090108101408
http://forum.azzurra.org/archive/index.php/t-302.html	20081201183726
http://forum.azzurra.org/archive/index.php/t-3028.html	20081201184139
http://forum.azzurra.org/archive/index.php/t-3030.html	20081201193812
http://forum.azzurra.org/archive/index.php/t-3032.html	20081201180906
http://forum.azzurra.org/archive/index.php/t-3034.html	20090108114616
http://forum.azzurra.org/archive/index.php/t-3037.html	20090108112844
http://forum.azzurra.org/archive/index.php/t-3042.html	20090108103518
http://forum.azzurra.org/archive/index.php/t-3045.html	20081201184631
http://forum.azzurra.org/archive/index.php/t-3046.html	20081201185616
http://forum.azzurra.org/archive/index.php/t-306.html	20081201174544
http://forum.azzurra.org/archive/index.php/t-3061.html	20081201180326
http://forum.azzurra.org/archive/index.php/t-3067.html	20090108105728
http://forum.azzurra.org/archive/index.php/t-307.html	20081201185031
http://forum.azzurra.org/archive/index.php/t-3077.html	20090108122621
http://forum.azzurra.org/archive/index.php/t-3083.html	20090108110703
http://forum.azzurra.org/archive/index.php/t-3088.html	20081201191932
http://forum.azzurra.org/archive/index.php/t-3093.html	20081201182130
http://forum.azzurra.org/archive/index.php/t-3097.html	20090108093516
http://forum.azzurra.org/archive/index.php/t-31.html	20081201192913
http://forum.azzurra.org/archive/index.php/t-311.html	20081201175746
http://forum.azzurra.org/archive/index.php/t-3110.html	20081201182841
http://forum.azzurra.org/archive/index.php/t-3111.html	20090108093257
http://forum.azzurra.org/archive/index.php/t-3112.html	20090108091619
http://forum.azzurra.org/archive/index.php/t-3114.html	20090108095334
http://forum.azzurra.org/archive/index.php/t-312.html	20081201175520
http://forum.azzurra.org/archive/index.php/t-313.html	20081201192342
http://forum.azzurra.org/archive/index.php/t-3154.html	20081201190154
http://forum.azzurra.org/archive/index.php/t-3155.html	20081201180353
http://forum.azzurra.org/archive/index.php/t-316.html	20081201190858
http://forum.azzurra.org/archive/index.php/t-317.html	20081202051501
http://forum.azzurra.org/archive/index.php/t-3173.html	20081202045557
http://forum.azzurra.org/archive/index.php/t-3174.html	20081202070406
http://forum.azzurra.org/archive/index.php/t-3178.html	20081202061920
http://forum.azzurra.org/archive/index.php/t-3182.html	20081202081340
http://forum.azzurra.org/archive/index.php/t-3183.html	20090108112014
http://forum.azzurra.org/archive/index.php/t-3193.html	20081202055811
http://forum.azzurra.org/archive/index.php/t-3196.html	20081202061811
http://forum.azzurra.org/archive/index.php/t-3197.html	20090108091959
http://forum.azzurra.org/archive/index.php/t-3198.html	20090108104205
http://forum.azzurra.org/archive/index.php/t-32.html	20081202075934
http://forum.azzurra.org/archive/index.php/t-320.html	20081202052234
http://forum.azzurra.org/archive/index.php/t-3209.html	20090108110148
http://forum.azzurra.org/archive/index.php/t-321.html	20081202073919
http://forum.azzurra.org/archive/index.php/t-3213.html	20090108115117
http://forum.azzurra.org/archive/index.php/t-3216.html	20090108120724
http://forum.azzurra.org/archive/index.php/t-3217.html	20090108093032
http://forum.azzurra.org/archive/index.php/t-3218.html	20090108102830
http://forum.azzurra.org/archive/index.php/t-3219.html	20081202071052
http://forum.azzurra.org/archive/index.php/t-322.html	20081202074210
http://forum.azzurra.org/archive/index.php/t-3220.html	20081120060141
http://forum.azzurra.org/archive/index.php/t-3223.html	20090108093147
http://forum.azzurra.org/archive/index.php/t-3224.html	20081202055153
http://forum.azzurra.org/archive/index.php/t-3226.html	20081202044613
http://forum.azzurra.org/archive/index.php/t-3231.html	20081202054712
http://forum.azzurra.org/archive/index.php/t-3234.html	20090108111138
http://forum.azzurra.org/archive/index.php/t-3249.html	20081202055859
http://forum.azzurra.org/archive/index.php/t-325.html	20081202051131
http://forum.azzurra.org/archive/index.php/t-3250.html	20081202051347
http://forum.azzurra.org/archive/index.php/t-3256.html	20081202050948
http://forum.azzurra.org/archive/index.php/t-3259.html	20090108112640
http://forum.azzurra.org/archive/index.php/t-3261.html	20090108104643
http://forum.azzurra.org/archive/index.php/t-3264.html	20081202052024
http://forum.azzurra.org/archive/index.php/t-3266.html	20081202073832
http://forum.azzurra.org/archive/index.php/t-3267.html	20090108110450
http://forum.azzurra.org/archive/index.php/t-327.html	20081202075342
http://forum.azzurra.org/archive/index.php/t-328.html	20081202080313
http://forum.azzurra.org/archive/index.php/t-3281.html	20081202075848
http://forum.azzurra.org/archive/index.php/t-329.html	20081202054328
http://forum.azzurra.org/archive/index.php/t-3295.html	20081202055315
http://forum.azzurra.org/archive/index.php/t-3298.html	20090108100906
http://forum.azzurra.org/archive/index.php/t-33.html	20081202054513
http://forum.azzurra.org/archive/index.php/t-330.html	20081202071924
http://forum.azzurra.org/archive/index.php/t-3303.html	20090108110804
http://forum.azzurra.org/archive/index.php/t-331.html	20081202045042
http://forum.azzurra.org/archive/index.php/t-3317.html	20090108091505
http://forum.azzurra.org/archive/index.php/t-3319.html	20081202063048
http://forum.azzurra.org/archive/index.php/t-332.html	20081202045406
http://forum.azzurra.org/archive/index.php/t-333.html	20081202071603
http://forum.azzurra.org/archive/index.php/t-3331.html	20081202054128
http://forum.azzurra.org/archive/index.php/t-3337.html	20090108112321
http://forum.azzurra.org/archive/index.php/t-3338.html	20060510192533
http://forum.azzurra.org/archive/index.php/t-3339.html	20081202074049
http://forum.azzurra.org/archive/index.php/t-3344.html	20090108103055
http://forum.azzurra.org/archive/index.php/t-3346.html	20081202062408
http://forum.azzurra.org/archive/index.php/t-3347.html	20081202050148
http://forum.azzurra.org/archive/index.php/t-335.html	20081202071149
http://forum.azzurra.org/archive/index.php/t-3357.html	20081202075545
http://forum.azzurra.org/archive/index.php/t-336.html	20081202062731
http://forum.azzurra.org/archive/index.php/t-337.html	20081202050029
http://forum.azzurra.org/archive/index.php/t-3375.html	20081202044923
http://forum.azzurra.org/archive/index.php/t-3376-p-3.html	20090108111809
http://forum.azzurra.org/archive/index.php/t-3376.html	20081202045521
http://forum.azzurra.org/archive/index.php/t-3377.html	20081202071339
http://forum.azzurra.org/archive/index.php/t-3379.html	20090108094243
http://forum.azzurra.org/archive/index.php/t-3385.html	20090108110557
http://forum.azzurra.org/archive/index.php/t-3392.html	20081120061208
http://forum.azzurra.org/archive/index.php/t-34.html	20081202084422
http://forum.azzurra.org/archive/index.php/t-3405.html	20081202050440
http://forum.azzurra.org/archive/index.php/t-3409.html	20090108113206
http://forum.azzurra.org/archive/index.php/t-341.html	20081202054249
http://forum.azzurra.org/archive/index.php/t-3411.html	20090108102018
http://forum.azzurra.org/archive/index.php/t-3412.html	20090108101523
http://forum.azzurra.org/archive/index.php/t-3418.html	20090108092822
http://forum.azzurra.org/archive/index.php/t-3419.html	20090108120509
http://forum.azzurra.org/archive/index.php/t-3424.html	20090108123050
http://forum.azzurra.org/archive/index.php/t-3426.html	20090108100310
http://forum.azzurra.org/archive/index.php/t-3428.html	20090108115215
http://forum.azzurra.org/archive/index.php/t-3431.html	20090108105200
http://forum.azzurra.org/archive/index.php/t-3432.html	20081202050702
http://forum.azzurra.org/archive/index.php/t-3445.html	20081202062211
http://forum.azzurra.org/archive/index.php/t-345.html	20081202084009
http://forum.azzurra.org/archive/index.php/t-3461.html	20090108114110
http://forum.azzurra.org/archive/index.php/t-3462.html	20081202054207
http://forum.azzurra.org/archive/index.php/t-347.html	20081202054009
http://forum.azzurra.org/archive/index.php/t-3474.html	20090108120158
http://forum.azzurra.org/archive/index.php/t-3477.html	20081202054749
http://forum.azzurra.org/archive/index.php/t-3479.html	20090108101256
http://forum.azzurra.org/archive/index.php/t-3482.html	20081202074744
http://forum.azzurra.org/archive/index.php/t-3488.html	20081202083126
http://forum.azzurra.org/archive/index.php/t-3490.html	20090108122422
http://forum.azzurra.org/archive/index.php/t-3494.html	20090108102458
http://forum.azzurra.org/archive/index.php/t-3497.html	20090108100754
http://forum.azzurra.org/archive/index.php/t-35.html	20081202052746
http://forum.azzurra.org/archive/index.php/t-3504.html	20081202074956
http://forum.azzurra.org/archive/index.php/t-3505.html	20090108105624
http://forum.azzurra.org/archive/index.php/t-3506.html	20090108104955
http://forum.azzurra.org/archive/index.php/t-3509.html	20090108114403
http://forum.azzurra.org/archive/index.php/t-351.html	20081202061118
http://forum.azzurra.org/archive/index.php/t-3511.html	20090108100428
http://forum.azzurra.org/archive/index.php/t-3514.html	20090108103626
http://forum.azzurra.org/archive/index.php/t-3515.html	20081202065645
http://forum.azzurra.org/archive/index.php/t-3516.html	20070625123728 20081202062947
http://forum.azzurra.org/archive/index.php/t-3517.html	20090108103846
http://forum.azzurra.org/archive/index.php/t-3520.html	20090108102607
http://forum.azzurra.org/archive/index.php/t-3522.html	20090108122107
http://forum.azzurra.org/archive/index.php/t-3526.html	20090108102241
http://forum.azzurra.org/archive/index.php/t-3527.html	20081202071653
http://forum.azzurra.org/archive/index.php/t-353.html	20081120060713
http://forum.azzurra.org/archive/index.php/t-3536.html	20081202074257
http://forum.azzurra.org/archive/index.php/t-3538.html	20090108112221
http://forum.azzurra.org/archive/index.php/t-3545.html	20090108121246
http://forum.azzurra.org/archive/index.php/t-355.html	20081202044735
http://forum.azzurra.org/archive/index.php/t-3553.html	20090108111704
http://forum.azzurra.org/archive/index.php/t-3558.html	20081202075804
http://forum.azzurra.org/archive/index.php/t-3559.html	20081202050403
http://forum.azzurra.org/archive/index.php/t-356.html	20081202044307
http://forum.azzurra.org/archive/index.php/t-3560.html	20081202080438
http://forum.azzurra.org/archive/index.php/t-3561.html	20090108112538
http://forum.azzurra.org/archive/index.php/t-3562.html	20090108114207
http://forum.azzurra.org/archive/index.php/t-3564.html	20081202053015
http://forum.azzurra.org/archive/index.php/t-3567.html	20090108111344
http://forum.azzurra.org/archive/index.php/t-357.html	20081202055721
http://forum.azzurra.org/archive/index.php/t-3570.html	20081202043954
http://forum.azzurra.org/archive/index.php/t-3571.html	20081202060359
http://forum.azzurra.org/archive/index.php/t-3574.html	20090108115410
http://forum.azzurra.org/archive/index.php/t-3580.html	20081202051022
http://forum.azzurra.org/archive/index.php/t-3582.html	20081202075720
http://forum.azzurra.org/archive/index.php/t-3583.html	20090108104540
http://forum.azzurra.org/archive/index.php/t-359.html	20081202045251
http://forum.azzurra.org/archive/index.php/t-3590.html	20081202070903
http://forum.azzurra.org/archive/index.php/t-3591.html	20081202045756
http://forum.azzurra.org/archive/index.php/t-36.html	20081202053740
http://forum.azzurra.org/archive/index.php/t-360.html	20081202054958
http://forum.azzurra.org/archive/index.php/t-3603.html	20081202051207
http://forum.azzurra.org/archive/index.php/t-361.html	20081202044536
http://forum.azzurra.org/archive/index.php/t-3615.html	20090108123150
http://forum.azzurra.org/archive/index.php/t-3616.html	20081202073136
http://forum.azzurra.org/archive/index.php/t-3617.html	20081202045118
http://forum.azzurra.org/archive/index.php/t-3618.html	20090108095517
http://forum.azzurra.org/archive/index.php/t-3619.html	20090108114909
http://forum.azzurra.org/archive/index.php/t-362.html	20081202044343
http://forum.azzurra.org/archive/index.php/t-3621.html	20090108122948
http://forum.azzurra.org/archive/index.php/t-3623.html	20090108100153
http://forum.azzurra.org/archive/index.php/t-3624.html	20090108122324
http://forum.azzurra.org/archive/index.php/t-3625.html	20090108103951
http://forum.azzurra.org/archive/index.php/t-363.html	20081202055233
http://forum.azzurra.org/archive/index.php/t-3634.html	20090108105056
http://forum.azzurra.org/archive/index.php/t-3638.html	20090108113103
http://forum.azzurra.org/archive/index.php/t-3640.html	20090108121904
http://forum.azzurra.org/archive/index.php/t-3641.html	20090108091735
http://forum.azzurra.org/archive/index.php/t-3645.html	20090108115713
http://forum.azzurra.org/archive/index.php/t-3648.html	20090108100644
http://forum.azzurra.org/archive/index.php/t-3653.html	20081202054049
http://forum.azzurra.org/archive/index.php/t-3654.html	20081202081812
http://forum.azzurra.org/archive/index.php/t-3655.html	20090108111240
http://forum.azzurra.org/archive/index.php/t-3657.html	20081202082915
http://forum.azzurra.org/archive/index.php/t-3658.html	20081202073647
http://forum.azzurra.org/archive/index.php/t-3664.html	20081202054634
http://forum.azzurra.org/archive/index.php/t-3668.html	20081202051057
http://forum.azzurra.org/archive/index.php/t-3671.html	20090108115945
http://forum.azzurra.org/archive/index.php/t-3679.html	20090108102940
http://forum.azzurra.org/archive/index.php/t-3685.html	20090108105514
http://forum.azzurra.org/archive/index.php/t-3689.html	20090108112741
http://forum.azzurra.org/archive/index.php/t-369.html	20081202064758
http://forum.azzurra.org/archive/index.php/t-3696.html	20090108122522
http://forum.azzurra.org/archive/index.php/t-3698.html	20090108093627
http://forum.azzurra.org/archive/index.php/t-3699.html	20090108120408
http://forum.azzurra.org/archive/index.php/t-37.html	20081202080603
http://forum.azzurra.org/archive/index.php/t-370.html	20081202053224
http://forum.azzurra.org/archive/index.php/t-3701.html	20081202074912
http://forum.azzurra.org/archive/index.php/t-3703.html	20090108104853
http://forum.azzurra.org/archive/index.php/t-3704.html	20081202073529
http://forum.azzurra.org/archive/index.php/t-3706.html	20090108110255
http://forum.azzurra.org/archive/index.php/t-3707.html	20081202074341
http://forum.azzurra.org/archive/index.php/t-3709.html	20090108111034
http://forum.azzurra.org/archive/index.php/t-3710.html	20081202065541
http://forum.azzurra.org/archive/index.php/t-3714.html	20081202044811
http://forum.azzurra.org/archive/index.php/t-3715.html	20081202073441
http://forum.azzurra.org/archive/index.php/t-3717.html	20090108102348
http://forum.azzurra.org/archive/index.php/t-3718.html	20090108094623
http://forum.azzurra.org/archive/index.php/t-3722.html	20081202071743
http://forum.azzurra.org/archive/index.php/t-3728.html	20090108121346
http://forum.azzurra.org/archive/index.php/t-373.html	20081202053500
http://forum.azzurra.org/archive/index.php/t-3734.html	20090108110040
http://forum.azzurra.org/archive/index.php/t-3737.html	20081201195859
http://forum.azzurra.org/archive/index.php/t-3740.html	20090108121030
http://forum.azzurra.org/archive/index.php/t-3743.html	20090108121448
http://forum.azzurra.org/archive/index.php/t-3744.html	20090108095901
http://forum.azzurra.org/archive/index.php/t-3746.html	20090108115841
http://forum.azzurra.org/archive/index.php/t-3747.html	20090108093738
http://forum.azzurra.org/archive/index.php/t-3748.html	20090108101759
http://forum.azzurra.org/archive/index.php/t-3749.html	20081201204719
http://forum.azzurra.org/archive/index.php/t-3750.html	20090108113723
http://forum.azzurra.org/archive/index.php/t-3753.html	20081201202232
http://forum.azzurra.org/archive/index.php/t-376.html	20081201202432
http://forum.azzurra.org/archive/index.php/t-3767.html	20090108114305
http://forum.azzurra.org/archive/index.php/t-3768.html	20090108105304
http://forum.azzurra.org/archive/index.php/t-377.html	20081201210523
http://forum.azzurra.org/archive/index.php/t-3770.html	20090108094905
http://forum.azzurra.org/archive/index.php/t-3771.html	20090108115312
http://forum.azzurra.org/archive/index.php/t-3773.html	20090108094354
http://forum.azzurra.org/archive/index.php/t-3777.html	20090107160341
http://forum.azzurra.org/archive/index.php/t-3778.html	20081201203940
http://forum.azzurra.org/archive/index.php/t-378.html	20081201210040
http://forum.azzurra.org/archive/index.php/t-3781.html	20081201205223
http://forum.azzurra.org/archive/index.php/t-3782.html	20090107164250
http://forum.azzurra.org/archive/index.php/t-3783.html	20090107144625
http://forum.azzurra.org/archive/index.php/t-3784.html	20090107164833
http://forum.azzurra.org/archive/index.php/t-3785.html	20090107143445
http://forum.azzurra.org/archive/index.php/t-379.html	20081201200039
http://forum.azzurra.org/archive/index.php/t-3797.html	20090107142525
http://forum.azzurra.org/archive/index.php/t-3799.html	20090107160033
http://forum.azzurra.org/archive/index.php/t-3800.html	20090107134652
http://forum.azzurra.org/archive/index.php/t-3801.html	20090107163257
http://forum.azzurra.org/archive/index.php/t-3802.html	20090107161948
http://forum.azzurra.org/archive/index.php/t-3803.html	20090107135502
http://forum.azzurra.org/archive/index.php/t-3804.html	20090107161512
http://forum.azzurra.org/archive/index.php/t-3805.html	20090107141434
http://forum.azzurra.org/archive/index.php/t-3806.html	20090107141552
http://forum.azzurra.org/archive/index.php/t-3808.html	20081201203642
http://forum.azzurra.org/archive/index.php/t-3811.html	20090107145722
http://forum.azzurra.org/archive/index.php/t-3813.html	20081201205653
http://forum.azzurra.org/archive/index.php/t-3818.html	20090107152742
http://forum.azzurra.org/archive/index.php/t-3822.html	20090107170217
http://forum.azzurra.org/archive/index.php/t-3828.html	20081201211222
http://forum.azzurra.org/archive/index.php/t-3835.html	20090107162622
http://forum.azzurra.org/archive/index.php/t-384.html	20081201204246
http://forum.azzurra.org/archive/index.php/t-3840.html	20090107172351
http://forum.azzurra.org/archive/index.php/t-3842.html	20090107150734
http://forum.azzurra.org/archive/index.php/t-3843.html	20090107171609
http://forum.azzurra.org/archive/index.php/t-3844.html	20090107151558
http://forum.azzurra.org/archive/index.php/t-3845.html	20090107171041
http://forum.azzurra.org/archive/index.php/t-3849.html	20090107170346
http://forum.azzurra.org/archive/index.php/t-3850.html	20090107134437
http://forum.azzurra.org/archive/index.php/t-3852.html	20090107153842
http://forum.azzurra.org/archive/index.php/t-3853.html	20090107132201
http://forum.azzurra.org/archive/index.php/t-3854.html	20090107155729
http://forum.azzurra.org/archive/index.php/t-3855.html	20090107131056
http://forum.azzurra.org/archive/index.php/t-3859.html	20090107142406
http://forum.azzurra.org/archive/index.php/t-386.html	20081201195401
http://forum.azzurra.org/archive/index.php/t-3861.html	20090107131639
http://forum.azzurra.org/archive/index.php/t-3864.html	20090107133210
http://forum.azzurra.org/archive/index.php/t-3867.html	20090107132704
http://forum.azzurra.org/archive/index.php/t-3868.html	20090107135944
http://forum.azzurra.org/archive/index.php/t-387.html	20081201203708
http://forum.azzurra.org/archive/index.php/t-3870.html	20090107151202
http://forum.azzurra.org/archive/index.php/t-3871.html	20090107171325
http://forum.azzurra.org/archive/index.php/t-3873.html	20090107152500
http://forum.azzurra.org/archive/index.php/t-3874.html	20090107171925
http://forum.azzurra.org/archive/index.php/t-3876.html	20090107150626
http://forum.azzurra.org/archive/index.php/t-388.html	20081201203520
http://forum.azzurra.org/archive/index.php/t-3882.html	20081201203735
http://forum.azzurra.org/archive/index.php/t-3884.html	20090107162759
http://forum.azzurra.org/archive/index.php/t-3886.html	20090107135344
http://forum.azzurra.org/archive/index.php/t-3887.html	20090107162446
http://forum.azzurra.org/archive/index.php/t-3888.html	20090107153940
http://forum.azzurra.org/archive/index.php/t-3889.html	20090107132037
http://forum.azzurra.org/archive/index.php/t-3890.html	20090107165029
http://forum.azzurra.org/archive/index.php/t-3892.html	20090107142644
http://forum.azzurra.org/archive/index.php/t-3894.html	20090107145218
http://forum.azzurra.org/archive/index.php/t-3895.html	20090107163556
http://forum.azzurra.org/archive/index.php/t-3896.html	20090107164205
http://forum.azzurra.org/archive/index.php/t-39.html	20081201200834
http://forum.azzurra.org/archive/index.php/t-390.html	20081201205249
http://forum.azzurra.org/archive/index.php/t-3908.html	20090107155315
http://forum.azzurra.org/archive/index.php/t-3910.html	20081201205626
http://forum.azzurra.org/archive/index.php/t-3916.html	20090107164750
http://forum.azzurra.org/archive/index.php/t-3921.html	20090107165837
http://forum.azzurra.org/archive/index.php/t-3922.html	20090107165541
http://forum.azzurra.org/archive/index.php/t-3924.html	20090107164414
http://forum.azzurra.org/archive/index.php/t-393.html	20081201205343
http://forum.azzurra.org/archive/index.php/t-3935.html	20081201204557
http://forum.azzurra.org/archive/index.php/t-3939.html	20090107152953
http://forum.azzurra.org/archive/index.php/t-3942.html	20090107150233
http://forum.azzurra.org/archive/index.php/t-3943.html	20090107172201
http://forum.azzurra.org/archive/index.php/t-3944.html	20090107152249
http://forum.azzurra.org/archive/index.php/t-3945.html	20090107170644
http://forum.azzurra.org/archive/index.php/t-3947.html	20090107151307
http://forum.azzurra.org/archive/index.php/t-395.html	20081201205817
http://forum.azzurra.org/archive/index.php/t-3951.html	20081201203017
http://forum.azzurra.org/archive/index.php/t-3957.html	20090107154858
http://forum.azzurra.org/archive/index.php/t-3958.html	20081201204100
http://forum.azzurra.org/archive/index.php/t-3970.html	20090107151917
http://forum.azzurra.org/archive/index.php/t-3972.html	20090107170855
http://forum.azzurra.org/archive/index.php/t-3973.html	20090107151416
http://forum.azzurra.org/archive/index.php/t-3974.html	20090107171726
http://forum.azzurra.org/archive/index.php/t-3975.html	20090107150846
http://forum.azzurra.org/archive/index.php/t-3976.html	20090107145832
http://forum.azzurra.org/archive/index.php/t-3978.html	20090107163950
http://forum.azzurra.org/archive/index.php/t-3985.html	20090107140334
http://forum.azzurra.org/archive/index.php/t-3987.html	20081201205038
http://forum.azzurra.org/archive/index.php/t-3989.html	20090107133448
http://forum.azzurra.org/archive/index.php/t-399.html	20081201210744
http://forum.azzurra.org/archive/index.php/t-3990.html	20090107165752
http://forum.azzurra.org/archive/index.php/t-3993.html	20090107165240
http://forum.azzurra.org/archive/index.php/t-3995.html	20090107164540
http://forum.azzurra.org/archive/index.php/t-3998.html	20090107150119
http://forum.azzurra.org/archive/index.php/t-3999.html	20090107172237
http://forum.azzurra.org/archive/index.php/t-4.html	20081201202948
http://forum.azzurra.org/archive/index.php/t-400.html	20081201130854
http://forum.azzurra.org/archive/index.php/t-4003.html	20081201131958
http://forum.azzurra.org/archive/index.php/t-4005.html	20090107131223
http://forum.azzurra.org/archive/index.php/t-4007.html	20090107155821
http://forum.azzurra.org/archive/index.php/t-4009.html	20090107141922
http://forum.azzurra.org/archive/index.php/t-4015.html	20090107171124
http://forum.azzurra.org/archive/index.php/t-4018.html	20090107142934
http://forum.azzurra.org/archive/index.php/t-4019.html	20090107170132
http://forum.azzurra.org/archive/index.php/t-4021.html	20090107171203
http://forum.azzurra.org/archive/index.php/t-4025.html	20081201201235
http://forum.azzurra.org/archive/index.php/t-4029.html	20090107144032
http://forum.azzurra.org/archive/index.php/t-4030.html	20090107155222
http://forum.azzurra.org/archive/index.php/t-4032.html	20090107130043
http://forum.azzurra.org/archive/index.php/t-4036.html	20090107153501
http://forum.azzurra.org/archive/index.php/t-4037.html	20090107132823
http://forum.azzurra.org/archive/index.php/t-4038.html	20090107135830
http://forum.azzurra.org/archive/index.php/t-4039.html	20090107162039
http://forum.azzurra.org/archive/index.php/t-4040.html	20090107163507
http://forum.azzurra.org/archive/index.php/t-4041.html	20090107145614
http://forum.azzurra.org/archive/index.php/t-4046.html	20090107165709
http://forum.azzurra.org/archive/index.php/t-4047.html	20081201200000
http://forum.azzurra.org/archive/index.php/t-4051.html	20090107163118
http://forum.azzurra.org/archive/index.php/t-4057.html	20090107161140
http://forum.azzurra.org/archive/index.php/t-4059.html	20090107130217
http://forum.azzurra.org/archive/index.php/t-406.html	20081201132856
http://forum.azzurra.org/archive/index.php/t-4060.html	20081201204220
http://forum.azzurra.org/archive/index.php/t-4064.html	20090107135229
http://forum.azzurra.org/archive/index.php/t-4065.html	20090107163030
http://forum.azzurra.org/archive/index.php/t-4066.html	20090107162217
http://forum.azzurra.org/archive/index.php/t-407.html	20081201202651
http://forum.azzurra.org/archive/index.php/t-4071.html	20090107165157
http://forum.azzurra.org/archive/index.php/t-4076.html	20090107144406
http://forum.azzurra.org/archive/index.php/t-4078.html	20090107171648
http://forum.azzurra.org/archive/index.php/t-408.html	20081201204811
http://forum.azzurra.org/archive/index.php/t-4081.html	20090107154954
http://forum.azzurra.org/archive/index.php/t-4084.html	20090107153401
http://forum.azzurra.org/archive/index.php/t-4086.html	20081201132138
http://forum.azzurra.org/archive/index.php/t-4087.html	20090107153639
http://forum.azzurra.org/archive/index.php/t-4089.html	20090107140103
http://forum.azzurra.org/archive/index.php/t-4090.html	20090107171528
http://forum.azzurra.org/archive/index.php/t-4092.html	20090107152143
http://forum.azzurra.org/archive/index.php/t-41.html	20081201204746
http://forum.azzurra.org/archive/index.php/t-410.html	20081201210810
http://forum.azzurra.org/archive/index.php/t-412.html	20081201202008
http://forum.azzurra.org/archive/index.php/t-4125.html	20090107151053
http://forum.azzurra.org/archive/index.php/t-4127.html	20090107172314
http://forum.azzurra.org/archive/index.php/t-4129.html	20090107144733
http://forum.azzurra.org/archive/index.php/t-4130.html	20081201203403
http://forum.azzurra.org/archive/index.php/t-4131.html	20081201130751
http://forum.azzurra.org/archive/index.php/t-4133.html	20090107155501
http://forum.azzurra.org/archive/index.php/t-4134.html	20090107131805
http://forum.azzurra.org/archive/index.php/t-4135.html	20090107154417
http://forum.azzurra.org/archive/index.php/t-4137.html	20090107134201
http://forum.azzurra.org/archive/index.php/t-4139.html	20090107162535
http://forum.azzurra.org/archive/index.php/t-4140.html	20081201205410
http://forum.azzurra.org/archive/index.php/t-4142.html	20090107145106
http://forum.azzurra.org/archive/index.php/t-4144.html	20081201195755
http://forum.azzurra.org/archive/index.php/t-4145.html	20090107170304
http://forum.azzurra.org/archive/index.php/t-415.html	20081201211315
http://forum.azzurra.org/archive/index.php/t-4150.html	20081201194313
http://forum.azzurra.org/archive/index.php/t-4152.html	20090107162940
http://forum.azzurra.org/archive/index.php/t-4153.html	20090107134936
http://forum.azzurra.org/archive/index.php/t-4155.html	20081201195432
http://forum.azzurra.org/archive/index.php/t-4156.html	20090107140614
http://forum.azzurra.org/archive/index.php/t-4160.html	20090107161047
http://forum.azzurra.org/archive/index.php/t-4162.html	20081201195109
http://forum.azzurra.org/archive/index.php/t-4168.html	20090107133328
http://forum.azzurra.org/archive/index.php/t-4170.html	20090107143049
http://forum.azzurra.org/archive/index.php/t-4171.html	20090107165625
http://forum.azzurra.org/archive/index.php/t-4172.html	20090107165322
http://forum.azzurra.org/archive/index.php/t-4173.html	20090107143202
http://forum.azzurra.org/archive/index.php/t-4174.html	20090107164457
http://forum.azzurra.org/archive/index.php/t-4176.html	20081201201135
http://forum.azzurra.org/archive/index.php/t-4178.html	20090107171847
http://forum.azzurra.org/archive/index.php/t-4183.html	20090107130804
http://forum.azzurra.org/archive/index.php/t-4187.html	20090107152848
http://forum.azzurra.org/archive/index.php/t-4189.html	20090107134810
http://forum.azzurra.org/archive/index.php/t-4191.html	20081201202204
http://forum.azzurra.org/archive/index.php/t-4194-p-2.html	20090107171807
http://forum.azzurra.org/archive/index.php/t-42.html	20081201204624
http://forum.azzurra.org/archive/index.php/t-420.html	20081201201528
http://forum.azzurra.org/archive/index.php/t-4201.html	20090107155406
http://forum.azzurra.org/archive/index.php/t-4218.html	20081201200654
http://forum.azzurra.org/archive/index.php/t-4219.html	20081201205600
http://forum.azzurra.org/archive/index.php/t-422.html	20081201211441
http://forum.azzurra.org/archive/index.php/t-4221.html	20060507051709
http://forum.azzurra.org/archive/index.php/t-423.html	20081201201401
http://forum.azzurra.org/archive/index.php/t-4232.html	20081201132339
http://forum.azzurra.org/archive/index.php/t-4237.html	20081120092345
http://forum.azzurra.org/archive/index.php/t-425.html	20081201202528
http://forum.azzurra.org/archive/index.php/t-4254.html	20081201205011
http://forum.azzurra.org/archive/index.php/t-427.html	20081201211056
http://forum.azzurra.org/archive/index.php/t-428.html	20081201210010
http://forum.azzurra.org/archive/index.php/t-429.html	20081201200111
http://forum.azzurra.org/archive/index.php/t-4291.html	20081201201430
http://forum.azzurra.org/archive/index.php/t-43.html	20081201194421
http://forum.azzurra.org/archive/index.php/t-430.html	20081201202807
http://forum.azzurra.org/archive/index.php/t-4303.html	20081201131359
http://forum.azzurra.org/archive/index.php/t-4304.html	20081201202917
http://forum.azzurra.org/archive/index.php/t-4321.html	20081201211248
http://forum.azzurra.org/archive/index.php/t-4325.html	20090107151705
http://forum.azzurra.org/archive/index.php/t-4329.html	20081201200423
http://forum.azzurra.org/archive/index.php/t-433.html	20081201202741
http://forum.azzurra.org/archive/index.php/t-434.html	20081120092547
http://forum.azzurra.org/archive/index.php/t-435.html	20081201203616
http://forum.azzurra.org/archive/index.php/t-4352.html	20081201204154
http://forum.azzurra.org/archive/index.php/t-436.html	20081201203140
http://forum.azzurra.org/archive/index.php/t-4367.html	20081201195038
http://forum.azzurra.org/archive/index.php/t-437.html	20081201135910
http://forum.azzurra.org/archive/index.php/t-4379.html	20081201201656
http://forum.azzurra.org/archive/index.php/t-439.html	20081201204005
http://forum.azzurra.org/archive/index.php/t-440.html	20081201210105
http://forum.azzurra.org/archive/index.php/t-4400.html	20081201194825
http://forum.azzurra.org/archive/index.php/t-441.html	20081201195930
http://forum.azzurra.org/archive/index.php/t-442.html	20081201200351
http://forum.azzurra.org/archive/index.php/t-443.html	20081201205907
http://forum.azzurra.org/archive/index.php/t-4432.html	20081201194456
http://forum.azzurra.org/archive/index.php/t-4439.html	20090107160629
http://forum.azzurra.org/archive/index.php/t-4440.html	20090107171244
http://forum.azzurra.org/archive/index.php/t-4452.html	20090107160444
http://forum.azzurra.org/archive/index.php/t-4453.html	20081120093517
http://forum.azzurra.org/archive/index.php/t-446.html	20081201205156
http://forum.azzurra.org/archive/index.php/t-4477.html	20081201210647
http://forum.azzurra.org/archive/index.php/t-4478.html	20081201210356
http://forum.azzurra.org/archive/index.php/t-4492.html	20081201200452
http://forum.azzurra.org/archive/index.php/t-4499.html	20081201210620
http://forum.azzurra.org/archive/index.php/t-4501-p-2.html	20090107170520
http://forum.azzurra.org/archive/index.php/t-4501.html	20081201203802
http://forum.azzurra.org/archive/index.php/t-453.html	20081201195004
http://forum.azzurra.org/archive/index.php/t-454.html	20081201204530
http://forum.azzurra.org/archive/index.php/t-4542-p-2.html	20090107161811
http://forum.azzurra.org/archive/index.php/t-4542.html	20081201202038
http://forum.azzurra.org/archive/index.php/t-455.html	20081201194601
http://forum.azzurra.org/archive/index.php/t-4561.html	20090107132544
http://forum.azzurra.org/archive/index.php/t-4564.html	20081120093236
http://forum.azzurra.org/archive/index.php/t-457.html	20081201205103
http://forum.azzurra.org/archive/index.php/t-4574.html	20081201210552
http://forum.azzurra.org/archive/index.php/t-4575-p-2.html	20090107165112
http://forum.azzurra.org/archive/index.php/t-4575-p-3.html	20090107143558
http://forum.azzurra.org/archive/index.php/t-4575-p-4.html	20090107164120
http://forum.azzurra.org/archive/index.php/t-4575-p-5.html	20090107144515
http://forum.azzurra.org/archive/index.php/t-4575-p-6.html	20090107145503
http://forum.azzurra.org/archive/index.php/t-4575-p-7.html	20090107163743
http://forum.azzurra.org/archive/index.php/t-4575.html	20081201202405
http://forum.azzurra.org/archive/index.php/t-4577.html	20081201211124
http://forum.azzurra.org/archive/index.php/t-4601.html	20090107162712
http://forum.azzurra.org/archive/index.php/t-4612.html	20090107144141
http://forum.azzurra.org/archive/index.php/t-4615.html	20081202132439
http://forum.azzurra.org/archive/index.php/t-462.html	20081202122220
http://forum.azzurra.org/archive/index.php/t-4622.html	20081202133355
http://forum.azzurra.org/archive/index.php/t-463.html	20081202131849
http://forum.azzurra.org/archive/index.php/t-4636.html	20070807195304 20081202131655
http://forum.azzurra.org/archive/index.php/t-4638.html	20090107133053
http://forum.azzurra.org/archive/index.php/t-464.html	20081202123035
http://forum.azzurra.org/archive/index.php/t-467.html	20081202122509
http://forum.azzurra.org/archive/index.php/t-4672.html	20081202134011
http://forum.azzurra.org/archive/index.php/t-4677.html	20081202134443
http://forum.azzurra.org/archive/index.php/t-4696.html	20081202132355
http://forum.azzurra.org/archive/index.php/t-4706.html	20081202122809
http://forum.azzurra.org/archive/index.php/t-4707.html	20081202131345
http://forum.azzurra.org/archive/index.php/t-471.html	20081202132251
http://forum.azzurra.org/archive/index.php/t-4716.html	20081202133228
http://forum.azzurra.org/archive/index.php/t-4751.html	20090107154040
http://forum.azzurra.org/archive/index.php/t-476.html	20081202123502
http://forum.azzurra.org/archive/index.php/t-4764.html	20081202121415
http://forum.azzurra.org/archive/index.php/t-4777.html	20081202135008
http://forum.azzurra.org/archive/index.php/t-4791.html	20081202123126
http://forum.azzurra.org/archive/index.php/t-4807.html	20081202132122
http://forum.azzurra.org/archive/index.php/t-4813.html	20081202131323
http://forum.azzurra.org/archive/index.php/t-482.html	20081202125803
http://forum.azzurra.org/archive/index.php/t-4821.html	20081202131802
http://forum.azzurra.org/archive/index.php/t-4828.html	20081202130505
http://forum.azzurra.org/archive/index.php/t-483.html	20081202121817
http://forum.azzurra.org/archive/index.php/t-4833.html	20081202132228
http://forum.azzurra.org/archive/index.php/t-4836.html	20081202132501
http://forum.azzurra.org/archive/index.php/t-484.html	20081202130856
http://forum.azzurra.org/archive/index.php/t-4841.html	20081120034106
http://forum.azzurra.org/archive/index.php/t-4856.html	20081202124233
http://forum.azzurra.org/archive/index.php/t-4866.html	20090107171407
http://forum.azzurra.org/archive/index.php/t-487.html	20081202130317
http://forum.azzurra.org/archive/index.php/t-4877.html	20090107154803
http://forum.azzurra.org/archive/index.php/t-4886.html	20081202123531
http://forum.azzurra.org/archive/index.php/t-4888.html	20081202134219
http://forum.azzurra.org/archive/index.php/t-490.html	20081202134509
http://forum.azzurra.org/archive/index.php/t-4916.html	20090107162131
http://forum.azzurra.org/archive/index.php/t-4923.html	20090107135714
http://forum.azzurra.org/archive/index.php/t-4924.html	20081202131432
http://forum.azzurra.org/archive/index.php/t-4926.html	20090107141806
http://forum.azzurra.org/archive/index.php/t-493.html	20081202134926
http://forum.azzurra.org/archive/index.php/t-4932.html	20090107143919
http://forum.azzurra.org/archive/index.php/t-4937.html	20081202123242
http://forum.azzurra.org/archive/index.php/t-4938.html	20081202125443
http://forum.azzurra.org/archive/index.php/t-4947.html	20081202121515
http://forum.azzurra.org/archive/index.php/t-4949.html	20090107161902
http://forum.azzurra.org/archive/index.php/t-4950.html	20081202124832
http://forum.azzurra.org/archive/index.php/t-4964.html	20081202125207
http://forum.azzurra.org/archive/index.php/t-4969.html	20081202133743
http://forum.azzurra.org/archive/index.php/t-4974.html	20081202130640
http://forum.azzurra.org/archive/index.php/t-498.html	20081202123436
http://forum.azzurra.org/archive/index.php/t-4989.html	20081202125319
http://forum.azzurra.org/archive/index.php/t-499.html	20081202133146
http://forum.azzurra.org/archive/index.php/t-4990.html	20081202131958
http://forum.azzurra.org/archive/index.php/t-5.html	20081202073009
http://forum.azzurra.org/archive/index.php/t-50.html	20081202132206
http://forum.azzurra.org/archive/index.php/t-501.html	20081202130441
http://forum.azzurra.org/archive/index.php/t-5010.html	20090107163208
http://forum.azzurra.org/archive/index.php/t-5018.html	20081120032608
http://forum.azzurra.org/archive/index.php/t-5019.html	20090107160810
http://forum.azzurra.org/archive/index.php/t-5021.html	20081202131611
http://forum.azzurra.org/archive/index.php/t-5031.html	20081202123557
http://forum.azzurra.org/archive/index.php/t-5047.html	20081120033915
http://forum.azzurra.org/archive/index.php/t-510.html	20081202134312
http://forum.azzurra.org/archive/index.php/t-5104.html	20081202133641
http://forum.azzurra.org/archive/index.php/t-5107.html	20090107164710
http://forum.azzurra.org/archive/index.php/t-511.html	20081202125051
http://forum.azzurra.org/archive/index.php/t-5120.html	20081202122907
http://forum.azzurra.org/archive/index.php/t-5123.html	20081202122700
http://forum.azzurra.org/archive/index.php/t-5126.html	20081202122013
http://forum.azzurra.org/archive/index.php/t-5128.html	20081202125740
http://forum.azzurra.org/archive/index.php/t-5141-p-10.html	20090107160903
http://forum.azzurra.org/archive/index.php/t-5141-p-11.html	20090107142039
http://forum.azzurra.org/archive/index.php/t-5141-p-12.html	20090107140456
http://forum.azzurra.org/archive/index.php/t-5141-p-13.html	20090107161651
http://forum.azzurra.org/archive/index.php/t-5141-p-2.html	20090107133919
http://forum.azzurra.org/archive/index.php/t-5141-p-3.html	20090107153151
http://forum.azzurra.org/archive/index.php/t-5141-p-4.html	20090107125759
http://forum.azzurra.org/archive/index.php/t-5141-p-5.html	20090107160535
http://forum.azzurra.org/archive/index.php/t-5141-p-6.html	20090107155052
http://forum.azzurra.org/archive/index.php/t-5141-p-7.html	20090107131348
http://forum.azzurra.org/archive/index.php/t-5141-p-8.html	20090107141316
http://forum.azzurra.org/archive/index.php/t-5141-p-9.html	20090107161421
http://forum.azzurra.org/archive/index.php/t-516.html	20081202134806
http://forum.azzurra.org/archive/index.php/t-5169.html	20090107164035
http://forum.azzurra.org/archive/index.php/t-5174.html	20090107154317
http://forum.azzurra.org/archive/index.php/t-5186.html	20081202124208
http://forum.azzurra.org/archive/index.php/t-519.html	20081202132333
http://forum.azzurra.org/archive/index.php/t-52.html	20081202123835
http://forum.azzurra.org/archive/index.php/t-520.html	20081202124351
http://forum.azzurra.org/archive/index.php/t-5202.html	20081202133430
http://forum.azzurra.org/archive/index.php/t-5206.html	20081202123625
http://forum.azzurra.org/archive/index.php/t-5216.html	20081202131718
http://forum.azzurra.org/archive/index.php/t-522.html	20081202134416
http://forum.azzurra.org/archive/index.php/t-5234.html	20090107143709
http://forum.azzurra.org/archive/index.php/t-5240.html	20081202130702
http://forum.azzurra.org/archive/index.php/t-5244.html	20081202121943
http://forum.azzurra.org/archive/index.php/t-5245.html	20081202125555
http://forum.azzurra.org/archive/index.php/t-526.html	20081202125232
http://forum.azzurra.org/archive/index.php/t-5268.html	20081202123337
http://forum.azzurra.org/archive/index.php/t-5272.html	20090107153741
http://forum.azzurra.org/archive/index.php/t-5274.html	20090107154711
http://forum.azzurra.org/archive/index.php/t-528.html	20081202133712
http://forum.azzurra.org/archive/index.php/t-5289.html	20090107151811
http://forum.azzurra.org/archive/index.php/t-529.html	20081202123153
http://forum.azzurra.org/archive/index.php/t-5298.html	20081120033620
http://forum.azzurra.org/archive/index.php/t-53.html	20081202132312
http://forum.azzurra.org/archive/index.php/t-532.html	20081202072830
http://forum.azzurra.org/archive/index.php/t-5326.html	20081202122838
http://forum.azzurra.org/archive/index.php/t-5345.html	20081202130120
http://forum.azzurra.org/archive/index.php/t-5349.html	20081202131932
http://forum.azzurra.org/archive/index.php/t-5352.html	20081202134350
http://forum.azzurra.org/archive/index.php/t-5354.html	20081202134541
http://forum.azzurra.org/archive/index.php/t-5355.html	20081202124534
http://forum.azzurra.org/archive/index.php/t-536.html	20081202130750
http://forum.azzurra.org/archive/index.php/t-5369.html	20081202132942
http://forum.azzurra.org/archive/index.php/t-54.html	20081201161811
http://forum.azzurra.org/archive/index.php/t-540.html	20081201172138
http://forum.azzurra.org/archive/index.php/t-5400.html	20081201163703
http://forum.azzurra.org/archive/index.php/t-5401.html	20081201173224
http://forum.azzurra.org/archive/index.php/t-541.html	20081201161555
http://forum.azzurra.org/archive/index.php/t-5424.html	20081201165108
http://forum.azzurra.org/archive/index.php/t-5425.html	20070625123522 20081120070227
http://forum.azzurra.org/archive/index.php/t-5431.html	20081201162720
http://forum.azzurra.org/archive/index.php/t-5433.html	20081201173447
http://forum.azzurra.org/archive/index.php/t-5434.html	20081201163837
http://forum.azzurra.org/archive/index.php/t-5435.html	20081201173022
http://forum.azzurra.org/archive/index.php/t-5436.html	20081201172924
http://forum.azzurra.org/archive/index.php/t-544.html	20081201162258
http://forum.azzurra.org/archive/index.php/t-545.html	20081201171703
http://forum.azzurra.org/archive/index.php/t-5453.html	20081201161137
http://forum.azzurra.org/archive/index.php/t-5455.html	20081201162355
http://forum.azzurra.org/archive/index.php/t-546.html	20081201171857
http://forum.azzurra.org/archive/index.php/t-5460.html	20081201171605
http://forum.azzurra.org/archive/index.php/t-5474.html	20090107161602
http://forum.azzurra.org/archive/index.php/t-5475.html	20081201160441
http://forum.azzurra.org/archive/index.php/t-5477.html	20081201170321
http://forum.azzurra.org/archive/index.php/t-5478.html	20081201165622
http://forum.azzurra.org/archive/index.php/t-5479.html	20081120062613
http://forum.azzurra.org/archive/index.php/t-548.html	20081201163248
http://forum.azzurra.org/archive/index.php/t-5483.html	20081201163454
http://forum.azzurra.org/archive/index.php/t-5486.html	20081201164216
http://forum.azzurra.org/archive/index.php/t-5489.html	20081201161212
http://forum.azzurra.org/archive/index.php/t-549.html	20081201173546
http://forum.azzurra.org/archive/index.php/t-5498-p-3.html	20090107170603
http://forum.azzurra.org/archive/index.php/t-5498-p-4.html	20090107150343
http://forum.azzurra.org/archive/index.php/t-5498-p-5.html	20090107172122
http://forum.azzurra.org/archive/index.php/t-55.html	20081201172107
http://forum.azzurra.org/archive/index.php/t-5501.html	20081201172850
http://forum.azzurra.org/archive/index.php/t-5503.html	20081201163939
http://forum.azzurra.org/archive/index.php/t-5507.html	20081201173937
http://forum.azzurra.org/archive/index.php/t-551.html	20081201170529
http://forum.azzurra.org/archive/index.php/t-5517.html	20081201155348
http://forum.azzurra.org/archive/index.php/t-552.html	20081201170007
http://forum.azzurra.org/archive/index.php/t-5520.html	20081201114229
http://forum.azzurra.org/archive/index.php/t-5521.html	20081201164645
http://forum.azzurra.org/archive/index.php/t-5522.html	20081201164542
http://forum.azzurra.org/archive/index.php/t-5523.html	20081201155240
http://forum.azzurra.org/archive/index.php/t-553.html	20081201161029
http://forum.azzurra.org/archive/index.php/t-554.html	20081201171201
http://forum.azzurra.org/archive/index.php/t-5540.html	20090107160956
http://forum.azzurra.org/archive/index.php/t-5549.html	20090107153256
http://forum.azzurra.org/archive/index.php/t-555.html	20081201155831
http://forum.azzurra.org/archive/index.php/t-5559.html	20081201163038
http://forum.azzurra.org/archive/index.php/t-5563.html	20081201171635
http://forum.azzurra.org/archive/index.php/t-557.html	20081201171130
http://forum.azzurra.org/archive/index.php/t-5591.html	20081201114116
http://forum.azzurra.org/archive/index.php/t-56.html	20081201172501
http://forum.azzurra.org/archive/index.php/t-5608.html	20081201172432
http://forum.azzurra.org/archive/index.php/t-5628.html	20081201170933
http://forum.azzurra.org/archive/index.php/t-563.html	20081201170632
http://forum.azzurra.org/archive/index.php/t-564.html	20081201160516
http://forum.azzurra.org/archive/index.php/t-565.html	20081201170351
http://forum.azzurra.org/archive/index.php/t-5652.html	20081201171830
http://forum.azzurra.org/archive/index.php/t-5656.html	20081201161103
http://forum.azzurra.org/archive/index.php/t-567.html	20081201160552
http://forum.azzurra.org/archive/index.php/t-5672.html	20081201170249
http://forum.azzurra.org/archive/index.php/t-5675.html	20081201155722
http://forum.azzurra.org/archive/index.php/t-5677.html	20081201170832
http://forum.azzurra.org/archive/index.php/t-5686.html	20081201163419
http://forum.azzurra.org/archive/index.php/t-569.html	20081201165653
http://forum.azzurra.org/archive/index.php/t-570.html	20081201162428
http://forum.azzurra.org/archive/index.php/t-5701.html	20081201173418
http://forum.azzurra.org/archive/index.php/t-572.html	20081201171926
http://forum.azzurra.org/archive/index.php/t-575.html	20081201161519
http://forum.azzurra.org/archive/index.php/t-5766.html	20081201171732
http://forum.azzurra.org/archive/index.php/t-577.html	20081201172335
http://forum.azzurra.org/archive/index.php/t-5770.html	20081201160920
http://forum.azzurra.org/archive/index.php/t-5773.html	20120730160218
http://forum.azzurra.org/archive/index.php/t-5784.html	20081201173814
http://forum.azzurra.org/archive/index.php/t-579.html	20081201164248
http://forum.azzurra.org/archive/index.php/t-5791.html	20081120062824
http://forum.azzurra.org/archive/index.php/t-58.html	20081201164115
http://forum.azzurra.org/archive/index.php/t-580.html	20081201155524
http://forum.azzurra.org/archive/index.php/t-5805.html	20081201113218
http://forum.azzurra.org/archive/index.php/t-581.html	20081201164320
http://forum.azzurra.org/archive/index.php/t-586.html	20081120064845
http://forum.azzurra.org/archive/index.php/t-5863.html	20081201171230
http://forum.azzurra.org/archive/index.php/t-5872.html	20090107163650
http://forum.azzurra.org/archive/index.php/t-5880.html	20070625123510
http://forum.azzurra.org/archive/index.php/t-5888.html	20081201170422
http://forum.azzurra.org/archive/index.php/t-59.html	20081201172823
http://forum.azzurra.org/archive/index.php/t-591.html	20081201162643
http://forum.azzurra.org/archive/index.php/t-592.html	20081201163347
http://forum.azzurra.org/archive/index.php/t-594.html	20081201164043
http://forum.azzurra.org/archive/index.php/t-5948.html	20081202104609
http://forum.azzurra.org/archive/index.php/t-595.html	20081202120317
http://forum.azzurra.org/archive/index.php/t-5954.html	20081202114344
http://forum.azzurra.org/archive/index.php/t-596.html	20081202120116
http://forum.azzurra.org/archive/index.php/t-5960.html	20081202114414
http://forum.azzurra.org/archive/index.php/t-5967.html	20081202091416
http://forum.azzurra.org/archive/index.php/t-597.html	20081202110117
http://forum.azzurra.org/archive/index.php/t-5976.html	20081202094425
http://forum.azzurra.org/archive/index.php/t-5981.html	20081202110829
http://forum.azzurra.org/archive/index.php/t-599.html	20081202115754
http://forum.azzurra.org/archive/index.php/t-6.html	20081202072119
http://forum.azzurra.org/archive/index.php/t-601.html	20081202112646
http://forum.azzurra.org/archive/index.php/t-6012.html	20081202120248
http://forum.azzurra.org/archive/index.php/t-6019-p-2.html	20090108145432
http://forum.azzurra.org/archive/index.php/t-6019.html	20081202101423
http://forum.azzurra.org/archive/index.php/t-602.html	20081202111301
http://forum.azzurra.org/archive/index.php/t-6020.html	20081202120930
http://forum.azzurra.org/archive/index.php/t-6021.html	20081202104003
http://forum.azzurra.org/archive/index.php/t-6028-p-2.html	20090108152451
http://forum.azzurra.org/archive/index.php/t-6028-p-3.html	20090108135325
http://forum.azzurra.org/archive/index.php/t-603.html	20081202072440
http://forum.azzurra.org/archive/index.php/t-6036.html	20081120155836
http://forum.azzurra.org/archive/index.php/t-604.html	20081202113256
http://forum.azzurra.org/archive/index.php/t-6043.html	20090108140305
http://forum.azzurra.org/archive/index.php/t-605.html	20081120154651
http://forum.azzurra.org/archive/index.php/t-6050.html	20081202113657
http://forum.azzurra.org/archive/index.php/t-606.html	20081120155409
http://forum.azzurra.org/archive/index.php/t-6071.html	20081202100521
http://forum.azzurra.org/archive/index.php/t-6072.html	20081202101051
http://forum.azzurra.org/archive/index.php/t-608.html	20081202114034
http://forum.azzurra.org/archive/index.php/t-6083.html	20081202111706
http://forum.azzurra.org/archive/index.php/t-6085.html	20081202113417
http://forum.azzurra.org/archive/index.php/t-6095.html	20090108144911
http://forum.azzurra.org/archive/index.php/t-61.html	20081202115326
http://forum.azzurra.org/archive/index.php/t-610.html	20081202120659
http://forum.azzurra.org/archive/index.php/t-6111.html	20081202120626
http://forum.azzurra.org/archive/index.php/t-6112.html	20081202115948
http://forum.azzurra.org/archive/index.php/t-6118.html	20081202115201
http://forum.azzurra.org/archive/index.php/t-612.html	20081202102710
http://forum.azzurra.org/archive/index.php/t-6120.html	20081202121248
http://forum.azzurra.org/archive/index.php/t-6123.html	20081202120758
http://forum.azzurra.org/archive/index.php/t-6129.html	20081202115825
http://forum.azzurra.org/archive/index.php/t-613.html	20081202121121
http://forum.azzurra.org/archive/index.php/t-6131.html	20081202111115
http://forum.azzurra.org/archive/index.php/t-6139.html	20081202092341
http://forum.azzurra.org/archive/index.php/t-614.html	20081202105821
http://forum.azzurra.org/archive/index.php/t-616.html	20081202120421
http://forum.azzurra.org/archive/index.php/t-6160.html	20081202084621
http://forum.azzurra.org/archive/index.php/t-6163.html	20081202090250
http://forum.azzurra.org/archive/index.php/t-6170.html	20081202114734
http://forum.azzurra.org/archive/index.php/t-6174.html	20081202094759
http://forum.azzurra.org/archive/index.php/t-6177.html	20090108135841
http://forum.azzurra.org/archive/index.php/t-6178.html	20081202110659
http://forum.azzurra.org/archive/index.php/t-618.html	20081202100013
http://forum.azzurra.org/archive/index.php/t-6185.html	20090108150917
http://forum.azzurra.org/archive/index.php/t-6186.html	20090108151514
http://forum.azzurra.org/archive/index.php/t-6190.html	20090108142839
http://forum.azzurra.org/archive/index.php/t-6191.html	20090108162440
http://forum.azzurra.org/archive/index.php/t-6196.html	20090108144526
http://forum.azzurra.org/archive/index.php/t-6197.html	20090108160700
http://forum.azzurra.org/archive/index.php/t-6199.html	20081202093305
http://forum.azzurra.org/archive/index.php/t-62.html	20081202115526
http://forum.azzurra.org/archive/index.php/t-620.html	20081202110411
http://forum.azzurra.org/archive/index.php/t-6202.html	20090108133023
http://forum.azzurra.org/archive/index.php/t-6205.html	20090108151943
http://forum.azzurra.org/archive/index.php/t-6206.html	20090108150959
http://forum.azzurra.org/archive/index.php/t-6209.html	20081202113941
http://forum.azzurra.org/archive/index.php/t-621.html	20081202115853
http://forum.azzurra.org/archive/index.php/t-6210-p-2.html	20090108143013
http://forum.azzurra.org/archive/index.php/t-6210-p-3.html	20090108162256
http://forum.azzurra.org/archive/index.php/t-6210-p-4.html	20090108145050
http://forum.azzurra.org/archive/index.php/t-6210-p-5.html	20090108160206
http://forum.azzurra.org/archive/index.php/t-6210-p-6.html	20090108161122
http://forum.azzurra.org/archive/index.php/t-6210-p-8.html	20090108140354
http://forum.azzurra.org/archive/index.php/t-6210.html	20081202104743
http://forum.azzurra.org/archive/index.php/t-6211.html	20081202120826
http://forum.azzurra.org/archive/index.php/t-6212.html	20090108162645
http://forum.azzurra.org/archive/index.php/t-6214.html	20090108160619
http://forum.azzurra.org/archive/index.php/t-6222.html	20090108143834
http://forum.azzurra.org/archive/index.php/t-6223.html	20090108161239
http://forum.azzurra.org/archive/index.php/t-6225.html	20090108161359
http://forum.azzurra.org/archive/index.php/t-6226.html	20090108162143
http://forum.azzurra.org/archive/index.php/t-6227.html	20081202103347
http://forum.azzurra.org/archive/index.php/t-6229.html	20081202115005
http://forum.azzurra.org/archive/index.php/t-623.html	20081202105219
http://forum.azzurra.org/archive/index.php/t-6232.html	20090108150615
http://forum.azzurra.org/archive/index.php/t-6233.html	20090108132431
http://forum.azzurra.org/archive/index.php/t-6236.html	20081120165131
http://forum.azzurra.org/archive/index.php/t-624.html	20081202120953
http://forum.azzurra.org/archive/index.php/t-6245.html	20090108135926
http://forum.azzurra.org/archive/index.php/t-6246.html	20081202094614
http://forum.azzurra.org/archive/index.php/t-6247.html	20090108155247
http://forum.azzurra.org/archive/index.php/t-625.html	20081202103656
http://forum.azzurra.org/archive/index.php/t-6250.html	20090108153655
http://forum.azzurra.org/archive/index.php/t-6252.html	20090108133226
http://forum.azzurra.org/archive/index.php/t-6254.html	20090108134801
http://forum.azzurra.org/archive/index.php/t-6259.html	20090108150800
http://forum.azzurra.org/archive/index.php/t-626.html	20081202102857
http://forum.azzurra.org/archive/index.php/t-6260.html	20090108134843
http://forum.azzurra.org/archive/index.php/t-6268.html	20081202111421
http://forum.azzurra.org/archive/index.php/t-627.html	20081202121023
http://forum.azzurra.org/archive/index.php/t-6270.html	20090108160040
http://forum.azzurra.org/archive/index.php/t-6272.html	20081202095831
http://forum.azzurra.org/archive/index.php/t-6274.html	20081202100336
http://forum.azzurra.org/archive/index.php/t-6276.html	20081202115104
http://forum.azzurra.org/archive/index.php/t-6277.html	20081202101232
http://forum.azzurra.org/archive/index.php/t-6278.html	20090108142704
http://forum.azzurra.org/archive/index.php/t-6279.html	20081202121152
http://forum.azzurra.org/archive/index.php/t-628.html	20081202114704
http://forum.azzurra.org/archive/index.php/t-6282.html	20090108132155
http://forum.azzurra.org/archive/index.php/t-6284.html	20081120163030
http://forum.azzurra.org/archive/index.php/t-6286.html	20090108145602
http://forum.azzurra.org/archive/index.php/t-6287.html	20081202072303
http://forum.azzurra.org/archive/index.php/t-6288.html	20090108133145
http://forum.azzurra.org/archive/index.php/t-6289.html	20090108154109
http://forum.azzurra.org/archive/index.php/t-629.html	20081202102228
http://forum.azzurra.org/archive/index.php/t-6292.html	20081202120554
http://forum.azzurra.org/archive/index.php/t-6294.html	20090108161735
http://forum.azzurra.org/archive/index.php/t-6296.html	20081202103038
http://forum.azzurra.org/archive/index.php/t-630.html	20081202113449
http://forum.azzurra.org/archive/index.php/t-6301.html	20081120164825
http://forum.azzurra.org/archive/index.php/t-6302.html	20081120162535
http://forum.azzurra.org/archive/index.php/t-6305.html	20090108150531
http://forum.azzurra.org/archive/index.php/t-6307.html	20081120153328
http://forum.azzurra.org/archive/index.php/t-631.html	20081120152644
http://forum.azzurra.org/archive/index.php/t-6312.html	20090108161618
http://forum.azzurra.org/archive/index.php/t-6316.html	20090108144824
http://forum.azzurra.org/archive/index.php/t-6317.html	20090108160538
http://forum.azzurra.org/archive/index.php/t-6318.html	20090108155801
http://forum.azzurra.org/archive/index.php/t-6319.html	20081202094046
http://forum.azzurra.org/archive/index.php/t-632.html	20081120155648
http://forum.azzurra.org/archive/index.php/t-6322.html	20081202105948
http://forum.azzurra.org/archive/index.php/t-6324.html	20081202102539
http://forum.azzurra.org/archive/index.php/t-6326.html	20081202120728
http://forum.azzurra.org/archive/index.php/t-6328.html	20090108141826
http://forum.azzurra.org/archive/index.php/t-633.html	20081202112933
http://forum.azzurra.org/archive/index.php/t-6335.html	20081202072609
http://forum.azzurra.org/archive/index.php/t-6336.html	20081120161016
http://forum.azzurra.org/archive/index.php/t-634.html	20081120163506
http://forum.azzurra.org/archive/index.php/t-6340.html	20081202100839
http://forum.azzurra.org/archive/index.php/t-6341.html	20090108154313
http://forum.azzurra.org/archive/index.php/t-6345.html	20081202095643
http://forum.azzurra.org/archive/index.php/t-6347.html	20081202115624
http://forum.azzurra.org/archive/index.php/t-6348.html	20081202120218
http://forum.azzurra.org/archive/index.php/t-6349.html	20090108144358
http://forum.azzurra.org/archive/index.php/t-6351.html	20081202085230
http://forum.azzurra.org/archive/index.php/t-6352.html	20081202090054
http://forum.azzurra.org/archive/index.php/t-6354.html	20090108133827
http://forum.azzurra.org/archive/index.php/t-6355.html	20090108153446
http://forum.azzurra.org/archive/index.php/t-6356.html	20081202113553
http://forum.azzurra.org/archive/index.php/t-636.html	20081202111834
http://forum.azzurra.org/archive/index.php/t-6363.html	20081202091614
http://forum.azzurra.org/archive/index.php/t-6364.html	20081202114636
http://forum.azzurra.org/archive/index.php/t-6365.html	20081202072745
http://forum.azzurra.org/archive/index.php/t-6366.html	20081202090501
http://forum.azzurra.org/archive/index.php/t-6368.html	20081202112240
http://forum.azzurra.org/archive/index.php/t-637.html	20081202072212
http://forum.azzurra.org/archive/index.php/t-6370.html	20090108155558
http://forum.azzurra.org/archive/index.php/t-6371.html	20081202094940
http://forum.azzurra.org/archive/index.php/t-6372.html	20081202093513
http://forum.azzurra.org/archive/index.php/t-6373.html	20081202115555
http://forum.azzurra.org/archive/index.php/t-638.html	20081202072655
http://forum.azzurra.org/archive/index.php/t-6381.html	20090108132044
http://forum.azzurra.org/archive/index.php/t-6382.html	20090108131830
http://forum.azzurra.org/archive/index.php/t-6384.html	20090108132939
http://forum.azzurra.org/archive/index.php/t-6387.html	20081120160024
http://forum.azzurra.org/archive/index.php/t-6389.html	20090108153943
http://forum.azzurra.org/archive/index.php/t-639.html	20081202114534
http://forum.azzurra.org/archive/index.php/t-6392.html	20081202120148
http://forum.azzurra.org/archive/index.php/t-6399.html	20090108141743
http://forum.azzurra.org/archive/index.php/t-640.html	20081202115229
http://forum.azzurra.org/archive/index.php/t-6405.html	20090108152534
http://forum.azzurra.org/archive/index.php/t-6406.html	20090108153113
http://forum.azzurra.org/archive/index.php/t-6407.html	20090108134046
http://forum.azzurra.org/archive/index.php/t-6408.html	20090108131940
http://forum.azzurra.org/archive/index.php/t-6409.html	20090108151424
http://forum.azzurra.org/archive/index.php/t-641.html	20081202100154
http://forum.azzurra.org/archive/index.php/t-6414.html	20081202115724
http://forum.azzurra.org/archive/index.php/t-6415.html	20081202092727
http://forum.azzurra.org/archive/index.php/t-6418.html	20090108160822
http://forum.azzurra.org/archive/index.php/t-642.html	20081202101733
http://forum.azzurra.org/archive/index.php/t-6420.html	20090108155638
http://forum.azzurra.org/archive/index.php/t-6421.html	20081202094240
http://forum.azzurra.org/archive/index.php/t-6423.html	20090108155207
http://forum.azzurra.org/archive/index.php/t-6424.html	20090108141224
http://forum.azzurra.org/archive/index.php/t-6428.html	20090108143304
http://forum.azzurra.org/archive/index.php/t-643.html	20081202114832
http://forum.azzurra.org/archive/index.php/t-6430.html	20081202091227
http://forum.azzurra.org/archive/index.php/t-6432.html	20081202113812
http://forum.azzurra.org/archive/index.php/t-6433.html	20090108134549
http://forum.azzurra.org/archive/index.php/t-6437.html	20081123045141
http://forum.azzurra.org/archive/index.php/t-6442.html	20090108162219
http://forum.azzurra.org/archive/index.php/t-6443.html	20090108142925
http://forum.azzurra.org/archive/index.php/t-6444.html	20090108160326
http://forum.azzurra.org/archive/index.php/t-6446.html	20090108143920
http://forum.azzurra.org/archive/index.php/t-6447.html	20090108161038
http://forum.azzurra.org/archive/index.php/t-6448.html	20090108155326
http://forum.azzurra.org/archive/index.php/t-6449.html	20090108140438
http://forum.azzurra.org/archive/index.php/t-6451.html	20090108132546
http://forum.azzurra.org/archive/index.php/t-6452.html	20090108132707
http://forum.azzurra.org/archive/index.php/t-6453-p-2.html	20090108145901
http://forum.azzurra.org/archive/index.php/t-6453.html	20081123040906
http://forum.azzurra.org/archive/index.php/t-6455.html	20090108152157
http://forum.azzurra.org/archive/index.php/t-6461.html	20090108151856
http://forum.azzurra.org/archive/index.php/t-6463.html	20090108132117
http://forum.azzurra.org/archive/index.php/t-6464.html	20090108150102
http://forum.azzurra.org/archive/index.php/t-647.html	20081123032905
http://forum.azzurra.org/archive/index.php/t-6471.html	20090108144443
http://forum.azzurra.org/archive/index.php/t-6472.html	20081123040435
http://forum.azzurra.org/archive/index.php/t-6477.html	20090108142752
http://forum.azzurra.org/archive/index.php/t-6478.html	20090108142139
http://forum.azzurra.org/archive/index.php/t-6479.html	20081123045539
http://forum.azzurra.org/archive/index.php/t-648.html	20081123035922
http://forum.azzurra.org/archive/index.php/t-6483.html	20081123043421
http://forum.azzurra.org/archive/index.php/t-6493.html	20081123032831
http://forum.azzurra.org/archive/index.php/t-6503.html	20081123044146
http://forum.azzurra.org/archive/index.php/t-6506.html	20090108152946
http://forum.azzurra.org/archive/index.php/t-6509.html	20081123042208
http://forum.azzurra.org/archive/index.php/t-6510.html	20081123034307
http://forum.azzurra.org/archive/index.php/t-6513.html	20090108141314
http://forum.azzurra.org/archive/index.php/t-6514.html	20090108155004
http://forum.azzurra.org/archive/index.php/t-6515.html	20090108140832
http://forum.azzurra.org/archive/index.php/t-6516.html	20090108140218
http://forum.azzurra.org/archive/index.php/t-6518.html	20090108160405
http://forum.azzurra.org/archive/index.php/t-652.html	20081123045105
http://forum.azzurra.org/archive/index.php/t-6524.html	20090108142434
http://forum.azzurra.org/archive/index.php/t-6525.html	20090108154234
http://forum.azzurra.org/archive/index.php/t-653.html	20081123030900
http://forum.azzurra.org/archive/index.php/t-6535.html	20090108133616
http://forum.azzurra.org/archive/index.php/t-6536.html	20081123031306
http://forum.azzurra.org/archive/index.php/t-6538.html	20090108150000
http://forum.azzurra.org/archive/index.php/t-654.html	20081123043146
http://forum.azzurra.org/archive/index.php/t-6544.html	20081123050834
http://forum.azzurra.org/archive/index.php/t-655.html	20081123032203
http://forum.azzurra.org/archive/index.php/t-6551.html	20090108132745
http://forum.azzurra.org/archive/index.php/t-6555.html	20081123042020
http://forum.azzurra.org/archive/index.php/t-6559.html	20090108152617
http://forum.azzurra.org/archive/index.php/t-6563.html	20090108131512
http://forum.azzurra.org/archive/index.php/t-657.html	20081123043530
http://forum.azzurra.org/archive/index.php/t-6574.html	20090108143216
http://forum.azzurra.org/archive/index.php/t-6578.html	20090108141447
http://forum.azzurra.org/archive/index.php/t-6579.html	20090108154736
http://forum.azzurra.org/archive/index.php/t-6589.html	20090108150400
http://forum.azzurra.org/archive/index.php/t-6593.html	20081123032420
http://forum.azzurra.org/archive/index.php/t-66.html	20081123033527
http://forum.azzurra.org/archive/index.php/t-660.html	20081123042926
http://forum.azzurra.org/archive/index.php/t-6605.html	20081123044619
http://forum.azzurra.org/archive/index.php/t-6607.html	20090108133534
http://forum.azzurra.org/archive/index.php/t-661.html	20081123032312
http://forum.azzurra.org/archive/index.php/t-6624-p-2.html	20090108154152
http://forum.azzurra.org/archive/index.php/t-6624.html	20081123032651
http://forum.azzurra.org/archive/index.php/t-6628.html	20081123035817
http://forum.azzurra.org/archive/index.php/t-663.html	20081123043715
http://forum.azzurra.org/archive/index.php/t-6630.html	20081123031622
http://forum.azzurra.org/archive/index.php/t-6636.html	20090108134252
http://forum.azzurra.org/archive/index.php/t-6638.html	20081123041527
http://forum.azzurra.org/archive/index.php/t-6641.html	20081123050624
http://forum.azzurra.org/archive/index.php/t-6647.html	20081123051743
http://forum.azzurra.org/archive/index.php/t-6658.html	20081123030816
http://forum.azzurra.org/archive/index.php/t-6664.html	20090108151648
http://forum.azzurra.org/archive/index.php/t-6666.html	20081123024208
http://forum.azzurra.org/archive/index.php/t-667.html	20081123031103
http://forum.azzurra.org/archive/index.php/t-6690.html	20081123033454
http://forum.azzurra.org/archive/index.php/t-67.html	20081123045759
http://forum.azzurra.org/archive/index.php/t-671.html	20081123050514
http://forum.azzurra.org/archive/index.php/t-6719.html	20081123035500
http://forum.azzurra.org/archive/index.php/t-672.html	20081123050057
http://forum.azzurra.org/archive/index.php/t-6725.html	20081123050021
http://forum.azzurra.org/archive/index.php/t-673.html	20081123033211
http://forum.azzurra.org/archive/index.php/t-6734.html	20081123043638
http://forum.azzurra.org/archive/index.php/t-6743.html	20081123040539
http://forum.azzurra.org/archive/index.php/t-675.html	20081123033903
http://forum.azzurra.org/archive/index.php/t-676.html	20081123034240
http://forum.azzurra.org/archive/index.php/t-677.html	20081123045504
http://forum.azzurra.org/archive/index.php/t-6771.html	20081123035004
http://forum.azzurra.org/archive/index.php/t-678.html	20081123052053
http://forum.azzurra.org/archive/index.php/t-6780.html	20081123044653
http://forum.azzurra.org/archive/index.php/t-6786.html	20081123043111
http://forum.azzurra.org/archive/index.php/t-679.html	20081123034539
http://forum.azzurra.org/archive/index.php/t-68-p-2.html	20090108143437
http://forum.azzurra.org/archive/index.php/t-68.html	20081123051712
http://forum.azzurra.org/archive/index.php/t-6806.html	20081123050205
http://forum.azzurra.org/archive/index.php/t-681.html	20081123042443
http://forum.azzurra.org/archive/index.php/t-682.html	20081123041639
http://forum.azzurra.org/archive/index.php/t-6853.html	20081123051353
http://forum.azzurra.org/archive/index.php/t-6864.html	20081123051849
http://forum.azzurra.org/archive/index.php/t-6871.html	20081123024643
http://forum.azzurra.org/archive/index.php/t-688.html	20081123045031
http://forum.azzurra.org/archive/index.php/t-6885.html	20081123045613
http://forum.azzurra.org/archive/index.php/t-6886.html	20081123045724
http://forum.azzurra.org/archive/index.php/t-6890.html	20081123031737
http://forum.azzurra.org/archive/index.php/t-6899.html	20081123025718
http://forum.azzurra.org/archive/index.php/t-69.html	20081123035246
http://forum.azzurra.org/archive/index.php/t-690.html	20081123050728
http://forum.azzurra.org/archive/index.php/t-692.html	20081123035848
http://forum.azzurra.org/archive/index.php/t-6928.html	20081123030052
http://forum.azzurra.org/archive/index.php/t-694.html	20081123035532
http://forum.azzurra.org/archive/index.php/t-6944.html	20081123042705
http://forum.azzurra.org/archive/index.php/t-695.html	20081123051535
http://forum.azzurra.org/archive/index.php/t-6955.html	20081123050655
http://forum.azzurra.org/archive/index.php/t-6969.html	20081123033934
http://forum.azzurra.org/archive/index.php/t-6972.html	20081123024228
http://forum.azzurra.org/archive/index.php/t-698.html	20081123034337
http://forum.azzurra.org/archive/index.php/t-6987.html	20081123034438
http://forum.azzurra.org/archive/index.php/t-699.html	20081123045321
http://forum.azzurra.org/archive/index.php/t-6994.html	20090108153612
http://forum.azzurra.org/archive/index.php/t-70.html	20081123043455
http://forum.azzurra.org/archive/index.php/t-700.html	20081123030351
http://forum.azzurra.org/archive/index.php/t-7008.html	20081123035106
http://forum.azzurra.org/archive/index.php/t-701.html	20081123040936
http://forum.azzurra.org/archive/index.php/t-702.html	20081123041149
http://forum.azzurra.org/archive/index.php/t-7026.html	20081123043605
http://forum.azzurra.org/archive/index.php/t-7033.html	20090108142350
http://forum.azzurra.org/archive/index.php/t-704.html	20081123041830
http://forum.azzurra.org/archive/index.php/t-7040.html	20090108131738
http://forum.azzurra.org/archive/index.php/t-7043.html	20081123024413
http://forum.azzurra.org/archive/index.php/t-7044.html	20081123041447
http://forum.azzurra.org/archive/index.php/t-705.html	20081123024435
http://forum.azzurra.org/archive/index.php/t-7050.html	20081123050801
http://forum.azzurra.org/archive/index.php/t-7052.html	20090108144051
http://forum.azzurra.org/archive/index.php/t-7058.html	20081123034036
http://forum.azzurra.org/archive/index.php/t-706.html	20081123024023
http://forum.azzurra.org/archive/index.php/t-7063.html	20081123034935
http://forum.azzurra.org/archive/index.php/t-707.html	20081123042629
http://forum.azzurra.org/archive/index.php/t-7070.html	20081123041330
http://forum.azzurra.org/archive/index.php/t-7078.html	20090108134633
http://forum.azzurra.org/archive/index.php/t-7081.html	20081123033833
http://forum.azzurra.org/archive/index.php/t-7082.html	20081123034005
http://forum.azzurra.org/archive/index.php/t-7092.html	20090108154027
http://forum.azzurra.org/archive/index.php/t-7093.html	20081123031224
http://forum.azzurra.org/archive/index.php/t-7095.html	20090108135235
http://forum.azzurra.org/archive/index.php/t-710.html	20081123051815
http://forum.azzurra.org/archive/index.php/t-7100.html	20081123050131
http://forum.azzurra.org/archive/index.php/t-7106.html	20081123045650
http://forum.azzurra.org/archive/index.php/t-711.html	20081123034838
http://forum.azzurra.org/archive/index.php/t-7111.html	20090108153237
http://forum.azzurra.org/archive/index.php/t-712.html	20081123035353
http://forum.azzurra.org/archive/index.php/t-7126.html	20081123043220
http://forum.azzurra.org/archive/index.php/t-713.html	20081123051639
http://forum.azzurra.org/archive/index.php/t-7139.html	20090108144613
http://forum.azzurra.org/archive/index.php/t-7152.html	20090108144958
http://forum.azzurra.org/archive/index.php/t-7155.html	20090108162331
http://forum.azzurra.org/archive/index.php/t-7156.html	20090108161816
http://forum.azzurra.org/archive/index.php/t-716.html	20081123050550
http://forum.azzurra.org/archive/index.php/t-7169.html	20090108135627
http://forum.azzurra.org/archive/index.php/t-717.html	20081123040646
http://forum.azzurra.org/archive/index.php/t-7173.html	20090108150148
http://forum.azzurra.org/archive/index.php/t-7198.html	20081123042519
http://forum.azzurra.org/archive/index.php/t-720.html	20081123040402
http://forum.azzurra.org/archive/index.php/t-721.html	20081205081433
http://forum.azzurra.org/archive/index.php/t-7210.html	20090108133744
http://forum.azzurra.org/archive/index.php/t-7212.html	20081205075725
http://forum.azzurra.org/archive/index.php/t-7213.html	20081120134058
http://forum.azzurra.org/archive/index.php/t-7216.html	20090108134335
http://forum.azzurra.org/archive/index.php/t-7218.html	20090108150445
http://forum.azzurra.org/archive/index.php/t-722.html	20081205081225
http://forum.azzurra.org/archive/index.php/t-7222.html	20081120143017
http://forum.azzurra.org/archive/index.php/t-7225.html	20081205075525
http://forum.azzurra.org/archive/index.php/t-7228.html	20090108133104
http://forum.azzurra.org/archive/index.php/t-7229.html	20081205073732
http://forum.azzurra.org/archive/index.php/t-7230.html	20090108135412
http://forum.azzurra.org/archive/index.php/t-7233.html	20090108141008
http://forum.azzurra.org/archive/index.php/t-7234.html	20081205080304
http://forum.azzurra.org/archive/index.php/t-7236.html	20090108142303
http://forum.azzurra.org/archive/index.php/t-7242.html	20081205073815
http://forum.azzurra.org/archive/index.php/t-7245.html	20090108131913
http://forum.azzurra.org/archive/index.php/t-725.html	20081205073111
http://forum.azzurra.org/archive/index.php/t-7255.html	20081205081208
http://forum.azzurra.org/archive/index.php/t-7256.html	20090108160901
http://forum.azzurra.org/archive/index.php/t-7258.html	20081120171101
http://forum.azzurra.org/archive/index.php/t-726.html	20081205073311
http://forum.azzurra.org/archive/index.php/t-7264.html	20090108161851
http://forum.azzurra.org/archive/index.php/t-727.html	20081205081618
http://forum.azzurra.org/archive/index.php/t-7270.html	20081205074825
http://forum.azzurra.org/archive/index.php/t-7272.html	20081120124509
http://forum.azzurra.org/archive/index.php/t-7278.html	20090108133449
http://forum.azzurra.org/archive/index.php/t-7279.html	20081205075805
http://forum.azzurra.org/archive/index.php/t-728.html	20081205080402
http://forum.azzurra.org/archive/index.php/t-7280-p-2.html	20090108151600
http://forum.azzurra.org/archive/index.php/t-7280.html	20081205080839
http://forum.azzurra.org/archive/index.php/t-7290.html	20090108135151
http://forum.azzurra.org/archive/index.php/t-730.html	20081205074622
http://forum.azzurra.org/archive/index.php/t-731.html	20081120123022
http://forum.azzurra.org/archive/index.php/t-7310.html	20081120134921
http://forum.azzurra.org/archive/index.php/t-7317.html	20090108152405
http://forum.azzurra.org/archive/index.php/t-7330.html	20081120165615
http://forum.azzurra.org/archive/index.php/t-734.html	20081120131644
http://forum.azzurra.org/archive/index.php/t-735.html	20081205073928
http://forum.azzurra.org/archive/index.php/t-7356.html	20090108160245
http://forum.azzurra.org/archive/index.php/t-7359.html	20090108155841
http://forum.azzurra.org/archive/index.php/t-7362.html	20090108160739
http://forum.azzurra.org/archive/index.php/t-7384.html	20090108142521
http://forum.azzurra.org/archive/index.php/t-7386.html	20081205080422
http://forum.azzurra.org/archive/index.php/t-7387.html	20081120172224
http://forum.azzurra.org/archive/index.php/t-7389.html	20081205081807
http://forum.azzurra.org/archive/index.php/t-7391.html	20090108153029
http://forum.azzurra.org/archive/index.php/t-7396.html	20081120140921
http://forum.azzurra.org/archive/index.php/t-7398.html	20081205074113
http://forum.azzurra.org/archive/index.php/t-7409.html	20090108155124
http://forum.azzurra.org/archive/index.php/t-741.html	20081205072816
http://forum.azzurra.org/archive/index.php/t-7415.html	20090108131604
http://forum.azzurra.org/archive/index.php/t-742.html	20081205072735
http://forum.azzurra.org/archive/index.php/t-7422.html	20081120121217
http://forum.azzurra.org/archive/index.php/t-7424.html	20081120130042
http://forum.azzurra.org/archive/index.php/t-7428.html	20081120134718
http://forum.azzurra.org/archive/index.php/t-743.html	20081205080244
http://forum.azzurra.org/archive/index.php/t-7431.html	20081205081129
http://forum.azzurra.org/archive/index.php/t-7433.html	20081205073550
http://forum.azzurra.org/archive/index.php/t-7434.html	20081205081732
http://forum.azzurra.org/archive/index.php/t-7435.html	20081205073231
http://forum.azzurra.org/archive/index.php/t-7439.html	20081205072929
http://forum.azzurra.org/archive/index.php/t-744.html	20081120170728
http://forum.azzurra.org/archive/index.php/t-7442.html	20081205075603
http://forum.azzurra.org/archive/index.php/t-7444.html	20090108152700
http://forum.azzurra.org/archive/index.php/t-7472.html	20081120143926
http://forum.azzurra.org/archive/index.php/t-7475.html	20090108153738
http://forum.azzurra.org/archive/index.php/t-7479.html	20090108145817
http://forum.azzurra.org/archive/index.php/t-7484.html	20090108143526
http://forum.azzurra.org/archive/index.php/t-749.html	20081205081013
http://forum.azzurra.org/archive/index.php/t-7493.html	20090108132011
http://forum.azzurra.org/archive/index.php/t-7494.html	20081205074453
http://forum.azzurra.org/archive/index.php/t-7495.html	20081120125617
http://forum.azzurra.org/archive/index.php/t-750.html	20081120134355
http://forum.azzurra.org/archive/index.php/t-7503.html	20081205081654
http://forum.azzurra.org/archive/index.php/t-751.html	20081205075624
http://forum.azzurra.org/archive/index.php/t-7510.html	20081120132609
http://forum.azzurra.org/archive/index.php/t-752.html	20081205075505
http://forum.azzurra.org/archive/index.php/t-7523.html	20081205074805
http://forum.azzurra.org/archive/index.php/t-7529.html	20090108153528
http://forum.azzurra.org/archive/index.php/t-7534.html	20090108162107
http://forum.azzurra.org/archive/index.php/t-7539.html	20081120171458
http://forum.azzurra.org/archive/index.php/t-7542.html	20081205075327
http://forum.azzurra.org/archive/index.php/t-7551-p-2.html	20090108140919
http://forum.azzurra.org/archive/index.php/t-7551.html	20081205073010
http://forum.azzurra.org/archive/index.php/t-7561.html	20081205080608
http://forum.azzurra.org/archive/index.php/t-7563.html	20081120150005
http://forum.azzurra.org/archive/index.php/t-7567.html	20090108154610
http://forum.azzurra.org/archive/index.php/t-757.html	20081205074846
http://forum.azzurra.org/archive/index.php/t-7579.html	20081205074338
http://forum.azzurra.org/archive/index.php/t-759.html	20081120120416
http://forum.azzurra.org/archive/index.php/t-7596.html	20090108132626
http://forum.azzurra.org/archive/index.php/t-76.html	20081205075306
http://forum.azzurra.org/archive/index.php/t-7603.html	20090108161159
http://forum.azzurra.org/archive/index.php/t-7610.html	20090108131629
http://forum.azzurra.org/archive/index.php/t-7613.html	20081120125149
http://forum.azzurra.org/archive/index.php/t-7617.html	20081205074054
http://forum.azzurra.org/archive/index.php/t-7624.html	20120528190158 20120604134852 20120609230240 20120616210412 20120618091242 20120625055458 20120628212720 20120707130347 20120709181301 20120711010435 20120713153017
http://forum.azzurra.org/archive/index.php/t-7626.html	20090108151045
http://forum.azzurra.org/archive/index.php/t-763.html	20081205075023
http://forum.azzurra.org/archive/index.php/t-7632.html	20081205081950
http://forum.azzurra.org/archive/index.php/t-764.html	20081120133734
http://forum.azzurra.org/archive/index.php/t-7640.html	20090108134927
http://forum.azzurra.org/archive/index.php/t-766.html	20081205075246
http://forum.azzurra.org/archive/index.php/t-7661.html	20090108154818
http://forum.azzurra.org/archive/index.php/t-7665.html	20081120150721
http://forum.azzurra.org/archive/index.php/t-7676.html	20081205075045
http://forum.azzurra.org/archive/index.php/t-768.html	20081120130440
http://forum.azzurra.org/archive/index.php/t-7692.html	20090108145516
http://forum.azzurra.org/archive/index.php/t-77.html	20081120140603
http://forum.azzurra.org/archive/index.php/t-770.html	20081120170113
http://forum.azzurra.org/archive/index.php/t-7700.html	20081205081301
http://forum.azzurra.org/archive/index.php/t-7707.html	20090108143352
http://forum.azzurra.org/archive/index.php/t-7711.html	20090108151337
http://forum.azzurra.org/archive/index.php/t-7717.html	20081205074255
http://forum.azzurra.org/archive/index.php/t-7718.html	20081205075544
http://forum.azzurra.org/archive/index.php/t-7724.html	20090108132233
http://forum.azzurra.org/archive/index.php/t-7738.html	20090108155717
http://forum.azzurra.org/archive/index.php/t-7741.html	20081205075105
http://forum.azzurra.org/archive/index.php/t-7744.html	20081205075846
http://forum.azzurra.org/archive/index.php/t-7745.html	20090108133305
http://forum.azzurra.org/archive/index.php/t-7757.html	20090108141358
http://forum.azzurra.org/archive/index.php/t-7760.html	20090108141911
http://forum.azzurra.org/archive/index.php/t-7772.html	20090108133702
http://forum.azzurra.org/archive/index.php/t-778.html	20081205081750
http://forum.azzurra.org/archive/index.php/t-7788.html	20081120150435
http://forum.azzurra.org/archive/index.php/t-779.html	20081205073152
http://forum.azzurra.org/archive/index.php/t-7795.html	20081120123524
http://forum.azzurra.org/archive/index.php/t-7799.html	20090108134716
http://forum.azzurra.org/archive/index.php/t-780.html	20081120121852
http://forum.azzurra.org/archive/index.php/t-781.html	20081205074701
http://forum.azzurra.org/archive/index.php/t-782.html	20081205074743
http://forum.azzurra.org/archive/index.php/t-7821.html	20090108143611
http://forum.azzurra.org/archive/index.php/t-7826.html	20090108161657
http://forum.azzurra.org/archive/index.php/t-7829.html	20081205080442
http://forum.azzurra.org/archive/index.php/t-783.html	20081120115721
http://forum.azzurra.org/archive/index.php/t-7830.html	20081120124903
http://forum.azzurra.org/archive/index.php/t-7845.html	20090108140523
http://forum.azzurra.org/archive/index.php/t-7856.html	20090108152901
http://forum.azzurra.org/archive/index.php/t-7857.html	20081120144800
http://forum.azzurra.org/archive/index.php/t-787.html	20081205074316
http://forum.azzurra.org/archive/index.php/t-7872.html	20090108135757
http://forum.azzurra.org/archive/index.php/t-7874.html	20090108141954
http://forum.azzurra.org/archive/index.php/t-7877.html	20090108141534
http://forum.azzurra.org/archive/index.php/t-7879.html	20081205081601
http://forum.azzurra.org/archive/index.php/t-7881.html	20081120124102
http://forum.azzurra.org/archive/index.php/t-7882.html	20090108131539
http://forum.azzurra.org/archive/index.php/t-7885.html	20081205073950
http://forum.azzurra.org/archive/index.php/t-789.html	20081120135501
http://forum.azzurra.org/archive/index.php/t-7893.html	20090108145346
http://forum.azzurra.org/archive/index.php/t-7897.html	20090108161927
http://forum.azzurra.org/archive/index.php/t-7898.html	20090108154652
http://forum.azzurra.org/archive/index.php/t-7900.html	20081205074216
http://forum.azzurra.org/archive/index.php/t-7906.html	20081205074536
http://forum.azzurra.org/archive/index.php/t-7908.html	20090108134209
http://forum.azzurra.org/archive/index.php/t-7918.html	20090108155045
http://forum.azzurra.org/archive/index.php/t-7919.html	20090108140741
http://forum.azzurra.org/archive/index.php/t-792.html	20081205073609
http://forum.azzurra.org/archive/index.php/t-7925.html	20090108161318
http://forum.azzurra.org/archive/index.php/t-793.html	20081205081111
http://forum.azzurra.org/archive/index.php/t-7931.html	20090108152027
http://forum.azzurra.org/archive/index.php/t-7935.html	20090108132510
http://forum.azzurra.org/archive/index.php/t-794.html	20081205073051
http://forum.azzurra.org/archive/index.php/t-7941.html	20081205080342
http://forum.azzurra.org/archive/index.php/t-7944.html	20090108214529
http://forum.azzurra.org/archive/index.php/t-7948.html	20081205081357
http://forum.azzurra.org/archive/index.php/t-795.html	20081205082007
http://forum.azzurra.org/archive/index.php/t-7950.html	20081205075346
http://forum.azzurra.org/archive/index.php/t-7951.html	20090108200748
http://forum.azzurra.org/archive/index.php/t-796.html	20081205081714
http://forum.azzurra.org/archive/index.php/t-797.html	20081205073212
http://forum.azzurra.org/archive/index.php/t-7977.html	20090108204602
http://forum.azzurra.org/archive/index.php/t-7978.html	20090108204831
http://forum.azzurra.org/archive/index.php/t-798.html	20081205072755
http://forum.azzurra.org/archive/index.php/t-7981.html	20090108194752
http://forum.azzurra.org/archive/index.php/t-799.html	20081205080225
http://forum.azzurra.org/archive/index.php/t-7991.html	20090108215432
http://forum.azzurra.org/archive/index.php/t-7998.html	20090108213507
http://forum.azzurra.org/archive/index.php/t-800.html	20081205073407
http://forum.azzurra.org/archive/index.php/t-8000.html	20090108204126
http://forum.azzurra.org/archive/index.php/t-8008.html	20090108215810
http://forum.azzurra.org/archive/index.php/t-801.html	20081205081451
http://forum.azzurra.org/archive/index.php/t-8012.html	20090108195911
http://forum.azzurra.org/archive/index.php/t-802.html	20081205080917
http://forum.azzurra.org/archive/index.php/t-8024.html	20090108212615
http://forum.azzurra.org/archive/index.php/t-8025.html	20090108200940
http://forum.azzurra.org/archive/index.php/t-8029.html	20090108195531
http://forum.azzurra.org/archive/index.php/t-803.html	20081205073711
http://forum.azzurra.org/archive/index.php/t-8030.html	20090108214632
http://forum.azzurra.org/archive/index.php/t-804.html	20081205081858
http://forum.azzurra.org/archive/index.php/t-8043.html	20090108210349
http://forum.azzurra.org/archive/index.php/t-8046.html	20081205074642
http://forum.azzurra.org/archive/index.php/t-8060.html	20081205080954
http://forum.azzurra.org/archive/index.php/t-8063.html	20090108220040
http://forum.azzurra.org/archive/index.php/t-8065.html	20090108220221
http://forum.azzurra.org/archive/index.php/t-8067.html	20090108205026
http://forum.azzurra.org/archive/index.php/t-8069.html	20090108213403
http://forum.azzurra.org/archive/index.php/t-807.html	20081205081824
http://forum.azzurra.org/archive/index.php/t-8072.html	20090108211251
http://forum.azzurra.org/archive/index.php/t-8078.html	20090108213036
http://forum.azzurra.org/archive/index.php/t-8082.html	20090108214240
http://forum.azzurra.org/archive/index.php/t-8087.html	20081205080106
http://forum.azzurra.org/archive/index.php/t-8089.html	20081205073031
http://forum.azzurra.org/archive/index.php/t-8091.html	20081120145208
http://forum.azzurra.org/archive/index.php/t-8093.html	20081205075226
http://forum.azzurra.org/archive/index.php/t-8094.html	20081120135301
http://forum.azzurra.org/archive/index.php/t-8095.html	20081205075407
http://forum.azzurra.org/archive/index.php/t-8101.html	20090108213436
http://forum.azzurra.org/archive/index.php/t-8105.html	20090108203728
http://forum.azzurra.org/archive/index.php/t-8107.html	20081205080821
http://forum.azzurra.org/archive/index.php/t-811.html	20081120090611
http://forum.azzurra.org/archive/index.php/t-812.html	20081120083759
http://forum.azzurra.org/archive/index.php/t-8137.html	20090108203920
http://forum.azzurra.org/archive/index.php/t-814.html	20081202011849
http://forum.azzurra.org/archive/index.php/t-815.html	20081203175022
http://forum.azzurra.org/archive/index.php/t-8151.html	20081203211719
http://forum.azzurra.org/archive/index.php/t-816.html	20081203180315
http://forum.azzurra.org/archive/index.php/t-8161.html	20090108205919
http://forum.azzurra.org/archive/index.php/t-817.html	20081202011741
http://forum.azzurra.org/archive/index.php/t-8170.html	20090108195121
http://forum.azzurra.org/archive/index.php/t-8172.html	20090108211541
http://forum.azzurra.org/archive/index.php/t-8181.html	20081203202502
http://forum.azzurra.org/archive/index.php/t-8186.html	20090108203805
http://forum.azzurra.org/archive/index.php/t-819.html	20081203192649
http://forum.azzurra.org/archive/index.php/t-8190.html	20090108212211
http://forum.azzurra.org/archive/index.php/t-8191.html	20090108201659
http://forum.azzurra.org/archive/index.php/t-8194.html	20090108200033
http://forum.azzurra.org/archive/index.php/t-8206.html	20090108204434
http://forum.azzurra.org/archive/index.php/t-8208.html	20081203212323
http://forum.azzurra.org/archive/index.php/t-8209.html	20090108204753
http://forum.azzurra.org/archive/index.php/t-8226.html	20081203133316
http://forum.azzurra.org/archive/index.php/t-8238.html	20081203170259
http://forum.azzurra.org/archive/index.php/t-8248.html	20090108200501
http://forum.azzurra.org/archive/index.php/t-8252.html	20090108215502
http://forum.azzurra.org/archive/index.php/t-8253.html	20090108205843
http://forum.azzurra.org/archive/index.php/t-8259.html	20081203160128
http://forum.azzurra.org/archive/index.php/t-826.html	20081120085102
http://forum.azzurra.org/archive/index.php/t-8260.html	20081203211244
http://forum.azzurra.org/archive/index.php/t-8265.html	20090108214943
http://forum.azzurra.org/archive/index.php/t-827.html	20081203182221
http://forum.azzurra.org/archive/index.php/t-8297.html	20090108201619
http://forum.azzurra.org/archive/index.php/t-8298.html	20090108195038
http://forum.azzurra.org/archive/index.php/t-831.html	20081203163050
http://forum.azzurra.org/archive/index.php/t-8311.html	20090108201422
http://forum.azzurra.org/archive/index.php/t-8314.html	20090108200625
http://forum.azzurra.org/archive/index.php/t-8316.html	20090108212647
http://forum.azzurra.org/archive/index.php/t-8317.html	20090108201101
http://forum.azzurra.org/archive/index.php/t-8339.html	20081203203905
http://forum.azzurra.org/archive/index.php/t-8342.html	20090108194547
http://forum.azzurra.org/archive/index.php/t-8346.html	20081203180610
http://forum.azzurra.org/archive/index.php/t-8348.html	20090108201302
http://forum.azzurra.org/archive/index.php/t-8358.html	20081203200710
http://forum.azzurra.org/archive/index.php/t-8359.html	20081203152405
http://forum.azzurra.org/archive/index.php/t-8360.html	20081203213716
http://forum.azzurra.org/archive/index.php/t-8367.html	20090108210231
http://forum.azzurra.org/archive/index.php/t-8370.html	20090108195656
http://forum.azzurra.org/archive/index.php/t-838.html	20081203142246
http://forum.azzurra.org/archive/index.php/t-8383.html	20081203151414
http://forum.azzurra.org/archive/index.php/t-8385.html	20090108203648
http://forum.azzurra.org/archive/index.php/t-840.html	20081203191522
http://forum.azzurra.org/archive/index.php/t-8401.html	20090108214810
http://forum.azzurra.org/archive/index.php/t-8408.html	20090108213331
http://forum.azzurra.org/archive/index.php/t-841.html	20081203133625
http://forum.azzurra.org/archive/index.php/t-842.html	20081203141306
http://forum.azzurra.org/archive/index.php/t-8433.html	20090108220429
http://forum.azzurra.org/archive/index.php/t-8435.html	20090108215251
http://forum.azzurra.org/archive/index.php/t-844.html	20081203131234
http://forum.azzurra.org/archive/index.php/t-8440.html	20090108211649
http://forum.azzurra.org/archive/index.php/t-8452.html	20090108214206
http://forum.azzurra.org/archive/index.php/t-8470.html	20090108201223
http://forum.azzurra.org/archive/index.php/t-8471.html	20090108212509
http://forum.azzurra.org/archive/index.php/t-8472.html	20090108213143
http://forum.azzurra.org/archive/index.php/t-8474.html	20090108211955
http://forum.azzurra.org/archive/index.php/t-848.html	20081202011342
http://forum.azzurra.org/archive/index.php/t-8480.html	20090108205343
http://forum.azzurra.org/archive/index.php/t-8482.html	20090108220608
http://forum.azzurra.org/archive/index.php/t-8485.html	20090108210114
http://forum.azzurra.org/archive/index.php/t-8487.html	20090108215602
http://forum.azzurra.org/archive/index.php/t-849.html	20081203180838
http://forum.azzurra.org/archive/index.php/t-8499.html	20090108212402
http://forum.azzurra.org/archive/index.php/t-8503.html	20090108210035
http://forum.azzurra.org/archive/index.php/t-851.html	20081203201856
http://forum.azzurra.org/archive/index.php/t-8513.html	20090108211506
http://forum.azzurra.org/archive/index.php/t-8516.html	20090108211135
http://forum.azzurra.org/archive/index.php/t-852.html	20081203203148
http://forum.azzurra.org/archive/index.php/t-8525.html	20081120090854
http://forum.azzurra.org/archive/index.php/t-8530.html	20090108220359
http://forum.azzurra.org/archive/index.php/t-8534.html	20090108205804
http://forum.azzurra.org/archive/index.php/t-8535.html	20090108215843
http://forum.azzurra.org/archive/index.php/t-8536.html	20090108214736
http://forum.azzurra.org/archive/index.php/t-8537.html	20081203173857
http://forum.azzurra.org/archive/index.php/t-8540.html	20090108212136
http://forum.azzurra.org/archive/index.php/t-8549.html	20090108211019
http://forum.azzurra.org/archive/index.php/t-8550.html	20090108203609
http://forum.azzurra.org/archive/index.php/t-8557.html	20090108214028
http://forum.azzurra.org/archive/index.php/t-8562.html	20090108204202
http://forum.azzurra.org/archive/index.php/t-8565.html	20081203202017
http://forum.azzurra.org/archive/index.php/t-8569.html	20090108215221
http://forum.azzurra.org/archive/index.php/t-8570.html	20090108200424
http://forum.azzurra.org/archive/index.php/t-8580.html	20090108205229
http://forum.azzurra.org/archive/index.php/t-8581.html	20090108220252
http://forum.azzurra.org/archive/index.php/t-859.html	20081203164129
http://forum.azzurra.org/archive/index.php/t-8590.html	20090108210753
http://forum.azzurra.org/archive/index.php/t-860.html	20081203194921
http://forum.azzurra.org/archive/index.php/t-8607.html	20090108215705
http://forum.azzurra.org/archive/index.php/t-8608.html	20090108214423
http://forum.azzurra.org/archive/index.php/t-8609.html	20090108203406
http://forum.azzurra.org/archive/index.php/t-8611.html	20081202011630
http://forum.azzurra.org/archive/index.php/t-8615.html	20081203184808
http://forum.azzurra.org/archive/index.php/t-862.html	20081203150835
http://forum.azzurra.org/archive/index.php/t-8628.html	20081203192916
http://forum.azzurra.org/archive/index.php/t-8635.html	20090108220147
http://forum.azzurra.org/archive/index.php/t-8638.html	20090108204318
http://forum.azzurra.org/archive/index.php/t-864.html	20081203145007
http://forum.azzurra.org/archive/index.php/t-8643.html	20090108212929
http://forum.azzurra.org/archive/index.php/t-8645.html	20081203185916
http://forum.azzurra.org/archive/index.php/t-8646.html	20090108212328
http://forum.azzurra.org/archive/index.php/t-8651.html	20090108213717
http://forum.azzurra.org/archive/index.php/t-8663.html	20090108214313
http://forum.azzurra.org/archive/index.php/t-8668.html	20090108204910
http://forum.azzurra.org/archive/index.php/t-867.html	20081203142446
http://forum.azzurra.org/archive/index.php/t-8671.html	20090108211921
http://forum.azzurra.org/archive/index.php/t-8673.html	20090108201736
http://forum.azzurra.org/archive/index.php/t-8675.html	20090108201141
http://forum.azzurra.org/archive/index.php/t-8680.html	20081203172444
http://forum.azzurra.org/archive/index.php/t-8681.html	20090108215119
http://forum.azzurra.org/archive/index.php/t-8686.html	20081203162015
http://forum.azzurra.org/archive/index.php/t-8688.html	20081203195250
http://forum.azzurra.org/archive/index.php/t-8691.html	20090108194630
http://forum.azzurra.org/archive/index.php/t-8696.html	20081203174342
http://forum.azzurra.org/archive/index.php/t-8697.html	20090108195737
http://forum.azzurra.org/archive/index.php/t-8698.html	20090108200115
http://forum.azzurra.org/archive/index.php/t-87.html	20081203165234
http://forum.azzurra.org/archive/index.php/t-8706.html	20081203171836
http://forum.azzurra.org/archive/index.php/t-8707.html	20090108215323
http://forum.azzurra.org/archive/index.php/t-8708.html	20090108214601
http://forum.azzurra.org/archive/index.php/t-8716.html	20081203183000
http://forum.azzurra.org/archive/index.php/t-8721.html	20090108211326
http://forum.azzurra.org/archive/index.php/t-8739.html	20090108213955
http://forum.azzurra.org/archive/index.php/t-874.html	20081203191133
http://forum.azzurra.org/archive/index.php/t-8740.html	20090108213110
http://forum.azzurra.org/archive/index.php/t-875.html	20081203134325
http://forum.azzurra.org/archive/index.php/t-8752.html	20090108214100
http://forum.azzurra.org/archive/index.php/t-8755.html	20090108203531
http://forum.azzurra.org/archive/index.php/t-876.html	20081203135701
http://forum.azzurra.org/archive/index.php/t-8761.html	20081203145353
http://forum.azzurra.org/archive/index.php/t-8766.html	20090108213614
http://forum.azzurra.org/archive/index.php/t-8774.html	20090108213001
http://forum.azzurra.org/archive/index.php/t-8775.html	20090108200238
http://forum.azzurra.org/archive/index.php/t-8779.html	20090108195248
http://forum.azzurra.org/archive/index.php/t-878.html	20081203183852
http://forum.azzurra.org/archive/index.php/t-8780.html	20090108205536
http://forum.azzurra.org/archive/index.php/t-8781.html	20090108220004
http://forum.azzurra.org/archive/index.php/t-8785.html	20090108205153
http://forum.azzurra.org/archive/index.php/t-879.html	20081120084311
http://forum.azzurra.org/archive/index.php/t-8793.html	20090108211614
http://forum.azzurra.org/archive/index.php/t-8796.html	20090108210944
http://forum.azzurra.org/archive/index.php/t-88.html	20081203154550
http://forum.azzurra.org/archive/index.php/t-8803.html	20090108194956
http://forum.azzurra.org/archive/index.php/t-8804.html	20090108210503
http://forum.azzurra.org/archive/index.php/t-8809.html	20090108201021
http://forum.azzurra.org/archive/index.php/t-882.html	20081203210737
http://forum.azzurra.org/archive/index.php/t-8830.html	20090108210620
http://forum.azzurra.org/archive/index.php/t-8833.html	20090108210831
http://forum.azzurra.org/archive/index.php/t-885.html	20081203170530
http://forum.azzurra.org/archive/index.php/t-8855.html	20081203125523
http://forum.azzurra.org/archive/index.php/t-886.html	20081203172101
http://forum.azzurra.org/archive/index.php/t-8862.html	20090108200705
http://forum.azzurra.org/archive/index.php/t-887.html	20081203204331
http://forum.azzurra.org/archive/index.php/t-8872.html	20090108213645
http://forum.azzurra.org/archive/index.php/t-8877.html	20090108214705
http://forum.azzurra.org/archive/index.php/t-8878.html	20090108215149
http://forum.azzurra.org/archive/index.php/t-8882.html	20090108210908
http://forum.azzurra.org/archive/index.php/t-8894.html	20090108205459
http://forum.azzurra.org/archive/index.php/t-8896.html	20090108215014
http://forum.azzurra.org/archive/index.php/t-8897.html	20090108210311
http://forum.azzurra.org/archive/index.php/t-892.html	20081202011414
http://forum.azzurra.org/archive/index.php/t-8925-p-2.html	20090108205728
http://forum.azzurra.org/archive/index.php/t-8925.html	20081203171529
http://forum.azzurra.org/archive/index.php/t-895.html	20081203181914
http://forum.azzurra.org/archive/index.php/t-896.html	20081203183303
http://forum.azzurra.org/archive/index.php/t-897.html	20081120084529
http://forum.azzurra.org/archive/index.php/t-8996.html	20081203205156
http://forum.azzurra.org/archive/index.php/t-9.html	20081203125436
http://forum.azzurra.org/archive/index.php/t-90.html	20081120090119
http://forum.azzurra.org/archive/index.php/t-9007.html	20090108211359
http://forum.azzurra.org/archive/index.php/t-9019.html	20090108214132
http://forum.azzurra.org/archive/index.php/t-9020.html	20081203174109
http://forum.azzurra.org/archive/index.php/t-903.html	20081203165901
http://forum.azzurra.org/archive/index.php/t-904.html	20081203210114
http://forum.azzurra.org/archive/index.php/t-9041.html	20081203151919
http://forum.azzurra.org/archive/index.php/t-906.html	20081203162401
http://forum.azzurra.org/archive/index.php/t-908.html	20081203195757
http://forum.azzurra.org/archive/index.php/t-9087.html	20081203175548
http://forum.azzurra.org/archive/index.php/t-9097.html	20090108204947
http://forum.azzurra.org/archive/index.php/t-91.html	20081203181650
http://forum.azzurra.org/archive/index.php/t-910.html	20081203182749
http://forum.azzurra.org/archive/index.php/t-9101.html	20090108210542
http://forum.azzurra.org/archive/index.php/t-911.html	20081120085403
http://forum.azzurra.org/archive/index.php/t-9111.html	20090108204716
http://forum.azzurra.org/archive/index.php/t-9112.html	20090108205307
http://forum.azzurra.org/archive/index.php/t-913.html	20081203181406
http://forum.azzurra.org/archive/index.php/t-9134.html	20090108195449
http://forum.azzurra.org/archive/index.php/t-914.html	20081120092108
http://forum.azzurra.org/archive/index.php/t-9146.html	20081203202940
http://forum.azzurra.org/archive/index.php/t-9181.html	20090108211433
http://forum.azzurra.org/archive/index.php/t-919.html	20081203193159
http://forum.azzurra.org/archive/index.php/t-920.html	20081202011554
http://forum.azzurra.org/archive/index.php/t-9206.html	20090108195614
http://forum.azzurra.org/archive/index.php/t-921.html	20081203180048
http://forum.azzurra.org/archive/index.php/t-9218.html	20090108204355
http://forum.azzurra.org/archive/index.php/t-922.html	20081203175215
http://forum.azzurra.org/archive/index.php/t-9229.html	20081203144305
http://forum.azzurra.org/archive/index.php/t-923.html	20081202011924
http://forum.azzurra.org/archive/index.php/t-924.html	20081203184214
http://forum.azzurra.org/archive/index.php/t-9243.html	20081203202257
http://forum.azzurra.org/archive/index.php/t-926.html	20081120091102
http://forum.azzurra.org/archive/index.php/t-9262.html	20090108200156
http://forum.azzurra.org/archive/index.php/t-929.html	20081203134843
http://forum.azzurra.org/archive/index.php/t-93.html	20081120084843
http://forum.azzurra.org/archive/index.php/t-9300.html	20081120091343
http://forum.azzurra.org/archive/index.php/t-933.html	20081203212813
http://forum.azzurra.org/archive/index.php/t-9347.html	20090108204242
http://forum.azzurra.org/archive/index.php/t-936.html	20081203205629
http://forum.azzurra.org/archive/index.php/t-9360.html	20160817230549
http://forum.azzurra.org/archive/index.php/t-9366.html	20090108212028
http://forum.azzurra.org/archive/index.php/t-937.html	20081203165522
http://forum.azzurra.org/archive/index.php/t-9379.html	20081203173017
http://forum.azzurra.org/archive/index.php/t-9397.html	20081203172653
http://forum.azzurra.org/archive/index.php/t-940.html	20081203190526
http://forum.azzurra.org/archive/index.php/t-942.html	20081203133821
http://forum.azzurra.org/archive/index.php/t-9420.html	20081203153728
http://forum.azzurra.org/archive/index.php/t-9428.html	20090108215737
http://forum.azzurra.org/archive/index.php/t-9437.html	20090108201815
http://forum.azzurra.org/archive/index.php/t-945.html	20081203192335
http://forum.azzurra.org/archive/index.php/t-946.html	20081203193720
http://forum.azzurra.org/archive/index.php/t-9463.html	20090108210425
http://forum.azzurra.org/archive/index.php/t-949.html	20081203175725
http://forum.azzurra.org/archive/index.php/t-95.html	20081203124954
http://forum.azzurra.org/archive/index.php/t-9504.html	20081203194434
http://forum.azzurra.org/archive/index.php/t-9514.html	20081203161258
http://forum.azzurra.org/archive/index.php/t-9516.html	20081203200250
http://forum.azzurra.org/archive/index.php/t-9523.html	20081203155016
http://forum.azzurra.org/archive/index.php/t-9524.html	20081203201625
http://forum.azzurra.org/archive/index.php/t-953.html	20081203144625
http://forum.azzurra.org/archive/index.php/t-9534.html	20090108201500
http://forum.azzurra.org/archive/index.php/t-9535.html	20090108212435
http://forum.azzurra.org/archive/index.php/t-9536.html	20090108211844
http://forum.azzurra.org/archive/index.php/t-9538.html	20090108194712
http://forum.azzurra.org/archive/index.php/t-9555.html	20081203125319
http://forum.azzurra.org/archive/index.php/t-9557.html	20090108211057
http://forum.azzurra.org/archive/index.php/t-956.html	20081203160545
http://forum.azzurra.org/archive/index.php/t-9577.html	20090108215046
http://forum.azzurra.org/archive/index.php/t-958.html	20081203211854
http://forum.azzurra.org/archive/index.php/t-9580.html	20081203130951
http://forum.azzurra.org/archive/index.php/t-9581.html	20081203193421
http://forum.azzurra.org/archive/index.php/t-96.html	20081120091900
http://forum.azzurra.org/archive/index.php/t-960.html	20081203195937
http://forum.azzurra.org/archive/index.php/t-9625.html	20081203154119
http://forum.azzurra.org/archive/index.php/t-963.html	20081203195456
http://forum.azzurra.org/archive/index.php/t-9634.html	20081203133041
http://forum.azzurra.org/archive/index.php/t-967.html	20081201150642
http://forum.azzurra.org/archive/index.php/t-9672.html	20081201153604
http://forum.azzurra.org/archive/index.php/t-969.html	20081201153643
http://forum.azzurra.org/archive/index.php/t-9693.html	20081201153323
http://forum.azzurra.org/archive/index.php/t-9694.html	20081201150855
http://forum.azzurra.org/archive/index.php/t-9699.html	20090108220325
http://forum.azzurra.org/archive/index.php/t-97.html	20081201152036
http://forum.azzurra.org/archive/index.php/t-9700.html	20090108195950
http://forum.azzurra.org/archive/index.php/t-9713.html	20090108213923
http://forum.azzurra.org/archive/index.php/t-973.html	20081201145622
http://forum.azzurra.org/archive/index.php/t-9740.html	20081201154032
http://forum.azzurra.org/archive/index.php/t-9752.html	20081201151912
http://forum.azzurra.org/archive/index.php/t-9755.html	20090108195206
http://forum.azzurra.org/archive/index.php/t-976.html	20081201150010
http://forum.azzurra.org/archive/index.php/t-9765.html	20081201151748
http://forum.azzurra.org/archive/index.php/t-9784.html	20090108212855
http://forum.azzurra.org/archive/index.php/t-9786.html	20081201145755
http://forum.azzurra.org/archive/index.php/t-9796.html	20090108213748
http://forum.azzurra.org/archive/index.php/t-98.html	20081201152655
http://forum.azzurra.org/archive/index.php/t-9806.html	20090108204046
http://forum.azzurra.org/archive/index.php/t-981.html	20081201153837
http://forum.azzurra.org/archive/index.php/t-9815.html	20090108213216
http://forum.azzurra.org/archive/index.php/t-982.html	20081201153954
http://forum.azzurra.org/archive/index.php/t-983.html	20081201151012
http://forum.azzurra.org/archive/index.php/t-9833.html	20081201153123
http://forum.azzurra.org/archive/index.php/t-9834.html	20081201150727
http://forum.azzurra.org/archive/index.php/t-984.html	20081201153440
http://forum.azzurra.org/archive/index.php/t-9850.html	20090108205955
http://forum.azzurra.org/archive/index.php/t-9851.html	20090108215531
http://forum.azzurra.org/archive/index.php/t-9856.html	20090108205420
http://forum.azzurra.org/archive/index.php/t-986.html	20081201151345
http://forum.azzurra.org/archive/index.php/t-9875.html	20081120152307
http://forum.azzurra.org/archive/index.php/t-988.html	20081201153401
http://forum.azzurra.org/archive/index.php/t-9894.html	20090108201539
http://forum.azzurra.org/archive/index.php/t-99.html	20081201145924
http://forum.azzurra.org/archive/index.php/t-9907.html	20090108213541
http://forum.azzurra.org/archive/index.php/t-9909.html	20090108204640
http://forum.azzurra.org/archive/index.php/t-992.html	20081201145407
http://forum.azzurra.org/archive/index.php/t-9921.html	20090108212541
http://forum.azzurra.org/archive/index.php/t-9923.html	20081201145536
http://forum.azzurra.org/archive/index.php/t-993.html	20081201151829
http://forum.azzurra.org/archive/index.php/t-9933.html	20081201152934
http://forum.azzurra.org/archive/index.php/t-9935.html	20090108214455
http://forum.azzurra.org/archive/index.php/t-995.html	20081201152324
http://forum.azzurra.org/archive/index.php/t-9952.html	20090108220114
http://forum.azzurra.org/archive/index.php/t-9957.html	20081201153917
http://forum.azzurra.org/archive/index.php/t-9963.html	20090108220534
http://forum.azzurra.org/archive/index.php/t-9967.html	20081201151625
http://forum.azzurra.org/archive/index.php/t-9968.html	20081201150555
http://forum.azzurra.org/archive/index.php/t-997.html	20081201145112
http://forum.azzurra.org/archive/index.php/t-999.html	20081201152403
http://forum.azzurra.org:80/archive/index.php/f-10.html	20050227070043 20050426214929 20051101084715 20060430122357 20060626102914 20060718121749 20060718225913 20061117054750 20070303230651 20070430071713 20070703095402 20070828072639 20071029002937 20071030034631 20080528102132 20090203140658 20090424063740 20091017030421 20100624081142 20111127195300 20120617145242 20140406081153 20160527053946
http://forum.azzurra.org:80/archive/index.php/f-107.html	20060430122436 20060626104320 20060719133029 20060720010154 20070110043126
http://forum.azzurra.org:80/archive/index.php/f-108.html	20060626104332 20060714061250 20060714195114 20060720004534 20060901122637 20061017004553 20061208005243 20070604033104 20070607154802 20070804010157 20070807092641 20070808072438 20071008212624 20071010022727
http://forum.azzurra.org:80/archive/index.php/f-109.html	20060626104345 20060714061302 20060714195126 20060720010206 20060901122650 20061208094739 20070404042524 20070604031953 20070607154515 20071002111631 20071005032737 20071006182006 20071008000956 20071009063541 20071010142357
http://forum.azzurra.org:80/archive/index.php/f-11.html	20050301013429 20060117113056 20060626102849 20060720153657 20061215042327 20070205200240 20070331200114 20070402022047 20070429032952 20070510053711 20070610004141 20070702152630 20070710174519 20070813223440 20070819120135 20080420202428 20080620080042 20080915124449 20081223141530 20090222094420 20090426053808 20090710050913 20100210042308 20100516155651 20110620002007 20110728150845 20111127195141 20120627051219 20120928000125 20160527055828
http://forum.azzurra.org:80/archive/index.php/f-110.html	20060626104357 20060714061330 20060714195138 20060720010218 20060901122703 20061017004604 20061211024208 20070404041846 20070604024228 20070607152543 20070803104933 20070804010804 20070806121214 20070808100318 20071008212603 20071010022841
http://forum.azzurra.org:80/archive/index.php/f-112.html	20060626104412 20060714061342 20060714195150 20060720010230 20060901122715 20070301180944 20070607152340 20070804171226 20080502035704 20080917020840 20090216091008 20090813123751 20100426214021 20100626224708 20101219000125 20110508102523 20111127172640 20160527055834
http://forum.azzurra.org:80/archive/index.php/f-114.html	20060626104428 20060714061355 20060714195203 20060720010245 20060901122729 20061017004616 20070604041923 20070607164856 20070804010311 20070808044237 20071008164257 20071009235724
http://forum.azzurra.org:80/archive/index.php/f-115.html	20060626104442 20060714061407 20060714195218 20060720010254 20060901122741 20061017004629 20061208005947 20070604024603 20070607164641 20070805030637 20070806013457 20070807022945 20070807172545 20070808072632 20071008164158 20071010022846
http://forum.azzurra.org:80/archive/index.php/f-116.html	20060205005217 20060626104453 20060714061418 20060714195230 20060720010307 20060901122753 20061017004643 20061208005512 20070328091622 20070404042615 20070604064511 20070607150912 20080616082439 20080919134145 20090216091302 20101219000946 20111127172645 20160527055059
http://forum.azzurra.org:80/archive/index.php/f-117.html	20060626104507 20060714061431 20060714195244 20060720010319 20060901122805 20061017004655 20061208005959 20070404041601 20070607171911 20080616082444 20080919134150 20090215062002 20090216091853 20090418092744 20101219001028 20111127172650 20160527060357
http://forum.azzurra.org:80/archive/index.php/f-118.html	20060430030921
http://forum.azzurra.org:80/archive/index.php/f-119.html	20060626104518 20060714061443 20060714195257 20060720010330 20060901122817 20061017004707 20061208005255 20070404021307 20070604042916 20070607151615 20070804135033 20070805054216 20070807045710 20070807131113 20070808100345 20071008164420 20071010022745
http://forum.azzurra.org:80/archive/index.php/f-121.html	20060626104531 20060714061458 20060714195316 20060720010342 20060901122830 20061017004719 20070404024022 20070604032024 20070607170621 20070804184007 20070805054041 20070807022908 20070807172439 20070808072450 20071008164327 20071009235745
http://forum.azzurra.org:80/archive/index.php/f-122.html	20060626102813 20060714061512 20060714195330 20060720010355 20060901120952 20061017200857 20070103090236 20070226193525 20070404023406 20070604030549 20070607151247 20070804042824 20070806083308 20070824101202 20080502035919 20080919134155 20090129085908 20090408173459 20090618092207 20100708150117 20101219062834 20111126184734 20111229082639 20160527051829
http://forum.azzurra.org:80/archive/index.php/f-123.html	20060626104543 20060714061523 20060714195349 20060720010406 20060901122842 20061017004731 20061208010029 20070404022956 20070604032645 20070607152537 20071001161027 20071002233715 20071005003523 20071006182255 20071008000858 20071009121508
http://forum.azzurra.org:80/archive/index.php/f-125.html	20060426043728 20060626104557 20060714061536 20060714195401 20060720010419 20060901122854 20061017004743 20070604024846 20070607154509 20070803212302 20070805154241 20070807002232 20070807172606 20070808100138 20071008164225 20071010022820
http://forum.azzurra.org:80/archive/index.php/f-126.html	20060626104608 20060714061553 20060714195413 20060720010430 20060901122906 20061017004755 20061208010042 20070604032636 20070607154445 20070807002709 20070807152146 20070808100415 20071008212424 20071009235800
http://forum.azzurra.org:80/archive/index.php/f-127.html	20060626104621 20060714061603 20060714195441 20060720010442 20060815075141 20060901122919 20060902144811 20061017004808 20061208163605 20070226193534 20070404023046 20070607170545 20070803212535 20070804215113 20070805154638 20070807093142 20070909091030 20080616082449 20080919134200 20090215062020 20090216091904 20101219062613 20111127172655 20160527053951
http://forum.azzurra.org:80/archive/index.php/f-128.html	20060626104634 20060714061620 20060714195453 20060720010454 20060901122930 20061017004820 20061207171631 20070604032332 20070607151342 20070805030703 20070806012658 20070807023045 20070807172553 20070808072504 20071008164415 20071009235750
http://forum.azzurra.org:80/archive/index.php/f-129.html	20070430070806 20070703021631 20070826122246 20080616082454 20080919134206 20090216091604 20101219000655 20111127172700 20160527055104
http://forum.azzurra.org:80/archive/index.php/f-13.html	20050301014024 20060312093856 20060501011321 20060626102927 20060713212118 20060714004339 20060720153501 20060822035653 20061017003658 20061208005053 20070205002628 20070404050745 20070528082228 20070607172502 20070630114142 20070804010150 20070806083420 20070807111808 20070816055753 20070819120309 20070926030145 20071006041524 20071008020535 20071029002942 20080420202432 20080620063127 20081010230905 20081221214546 20090224071238 20091021211530 20091222073929 20091222073929 20100516155656 20110509025724 20111127195146 20160527053110
http://forum.azzurra.org:80/archive/index.php/f-130.html	20070430070712 20070703021722 20080616082501 20080919134212 20090216091316 20101219000007 20111127160037 20120418011513 20160527052036
http://forum.azzurra.org:80/archive/index.php/f-131.html	20070202202709 20070430071519 20070702064213 20070905160156 20080421230431 20080919134217 20090208152200 20091125110131 20100413225333 20100413225333 20101219000730 20111127172705 20160527060427
http://forum.azzurra.org:80/archive/index.php/f-133.html	20070430071537 20070703021744 20080502035924
http://forum.azzurra.org:80/archive/index.php/f-135.html	20070429033212 20070702152654 20080503022822 20080919134222 20090216091018 20101218232506 20111127172710 20160527055645
http://forum.azzurra.org:80/archive/index.php/f-136.html	20070323141318 20070430071553 20070702152857 20080616082505 20080919134227 20090216091610 20090531063046 20101218233050 20111127172715 20150711151241 20160527060135
http://forum.azzurra.org:80/archive/index.php/f-137.html	20070430071054 20070703021519 20080502035929 20090216091024 20111127195305 20160527053034
http://forum.azzurra.org:80/archive/index.php/f-138.html	20090220084908
http://forum.azzurra.org:80/archive/index.php/f-139.html	20090215062025 20090216091916 20111127195310 20160527060433
http://forum.azzurra.org:80/archive/index.php/f-14.html	20050301013409 20060626102825 20060720153629 20070430070614 20070703095537 20080513232521 20090216091324 20111127195315 20160527051836
http://forum.azzurra.org:80/archive/index.php/f-140.html	20090216091615 20111127195151 20160527060438
http://forum.azzurra.org:80/archive/index.php/f-141.html	20090216091337 20111127195320 20160527055650
http://forum.azzurra.org:80/archive/index.php/f-142.html	20090216091342 20111127195325 20160527053956
http://forum.azzurra.org:80/archive/index.php/f-15-p-2.html	20050515041104 20060308120700
http://forum.azzurra.org:80/archive/index.php/f-15-p-3.html	20050515041002 20050728100513
http://forum.azzurra.org:80/archive/index.php/f-15-p-4.html	20050515041107
http://forum.azzurra.org:80/archive/index.php/f-15.html	20050301013744 20050503182822 20051119155909 20051220120135 20060426043659 20060626102939 20060718121830 20060718225925 20070110043145 20070128015317 20070303230701 20070430070854 20070701204518 20070826122150 20071012103447 20071028151126 20080616082512 20080816023032 20090211095605 20090413044553 20090827201437 20111127195331 20131003060556 20160527060444
http://forum.azzurra.org:80/archive/index.php/f-16.html	20050301013426 20050521090828 20051119154131 20060426004344 20060617082808 20060718121843 20060718225937 20060815074240 20061017200821 20070105040859 20070205204510 20070218112337 20070404101047 20070430070938 20070701204459 20071023173356 20080625032205 20090103130028 20090302073303 20090502030719 20090711210846 20091128133442 20091128133442 20100305104108 20100624081147 20101218051345 20110620210005 20110820212735 20111020130711 20111220032529 20160527055145
http://forum.azzurra.org:80/archive/index.php/f-17.html	20050301014005 20050416102654 20050906050512 20051119155947 20060430114628 20060617082919 20060719095808 20061127102455 20070105040339 20070301180914 20070429032730 20070703095442 20070827061526 20071016104808 20080517152012 20081005185401 20090103130032 20100620232337 20100726212954 20100925152759 20111127195336 20160527055841 20161102151341
http://forum.azzurra.org:80/archive/index.php/f-18.html	20050302123408 20060430122403 20060626102953 20060720153750 20060901121813 20061017003710 20070404043636 20070604031218 20070607171811 20070804171722 20080502035934 20111127195156 20160527053125
http://forum.azzurra.org:80/archive/index.php/f-19.html	20050302091207 20060304182032 20060312080429 20060430122501 20060626103012 20060720153516 20061214000739 20070429032204 20070702152101 20070819115925 20080502035939 20080606065535 20090125100841 20090608235120 20090615065502 20111127195201 20160527054017
http://forum.azzurra.org:80/archive/index.php/f-20.html	20050302122823 20050310184444 20051119153919 20060430114722 20060615203906 20060719095720 20070104032931 20070325061225 20070429032858 20080616082521 20090101162731 20090312010752 20111127195341 20160527060455
http://forum.azzurra.org:80/archive/index.php/f-21.html	20050302122306 20060626102837 20060714060255 20060714194030 20060901121825 20061017200833 20061208005408 20070604083729 20070607154827 20070805030738 20070806012529 20080616082522 20080919134232 20090215062059 20090216092009 20101219001053 20111127172725 20160527055847
http://forum.azzurra.org:80/archive/index.php/f-22.html	20050302122522 20060626103024 20060714060305 20060714194044 20060720005101 20060901121838 20061017003723 20061208005614 20070404021459 20070604030819 20070607151253 20070929221948 20070930231635 20071002111534 20071005032958 20071006182241 20071007223333 20071009063516
http://forum.azzurra.org:80/archive/index.php/f-23.html	20050302122729 20051026090741 20051218010753 20051231014430 20060118165825 20060504235654 20060626103037 20060713212133 20060714004351 20060720153721 20060822035707 20060823212037 20061017003734 20061215042303 20070205205206 20070404021402 20070607151700 20070804171632 20070925020439 20080421230435 20080621054712 20081225012436 20090523093712 20100622010304 20101019031336 20101218135950 20110506221008 20111108155128 20150117011844 20150322195324 20160527055656
http://forum.azzurra.org:80/archive/index.php/f-24.html	20050302122738 20060430234750 20060626103049 20060714060321 20060714194057 20060720004800 20060901121850 20061208005526 20070301180924 20070404042246 20070604083722 20070607154437 20070806064725 20070807093247 20070902053852 20080625015911 20080919134237 20090211095609 20101219000024 20111127172730 20160527052041
http://forum.azzurra.org:80/archive/index.php/f-25.html	20050302122910 20050802104240 20060430114714 20060617082943 20060717053752 20070105040432 20070430071423 20070703095637 20071024191856 20080616082527 20080716192011 20090103130037 20090422151700 20111127195346 20120130040946 20160520155643
http://forum.azzurra.org:80/archive/index.php/f-26.html	20060626103101 20060714060335 20060714194110 20060720004610 20060901121906 20061017003746 20070604024645 20070607150534 20071001161144 20071002233720 20071005032933 20071006205205 20071007223456 20071009121615 20071010142317
http://forum.azzurra.org:80/archive/index.php/f-27.html	20060617063827 20060702011857 20060713175315 20060713223339 20060718191922 20060901121920 20061017003758 20070218091539 20070604031554 20070607150430 20070804135025 20070807092559 20070819120210 20080418020549 20080617131650 20080919134242 20090216091400 20090419005946 20101219000131 20111127172735 20160527060500
http://forum.azzurra.org:80/archive/index.php/f-28.html	20050514184326 20060501011731 20060626103115 20060706163109 20060706223118 20060711164410 20060718152716 20060718225954 20060815075101 20060822035719 20060823210234 20060824132516 20060901041308 20060901041351 20061017003811 20061207171450 20070205204534 20070404052354 20070607164850 20070803212529 20070807092627 20080625020525 20081009181458 20081223141537 20090222094756 20090424084159 20100607222408 20111127195351 20160527055852
http://forum.azzurra.org:80/archive/index.php/f-3.html	20050227070458 20050416135811 20050925091723 20051119155718 20051210130053 20051220103410 20060312093714 20060426004638 20060717053716 20070108115812 20070301180904 20070524003100 20070524163116 20070701171554 20070826122121 20071012103454 20071028130422 20080528102136 20080919103213 20090129085912 20090331022129 20090530180828 20090827201451 20091027140025 20100624081152 20101011035421 20120617145247 20131003060601 20140406081207
http://forum.azzurra.org:80/archive/index.php/f-30.html	20060430122512 20060626103130 20060720153803 20061215042049 20070206182048 20070429032056 20070703021541 20080502035709 20081005092438 20081201025551 20090203140702 20090516234020 20110212155536 20110620210010 20110820212851 20111127195356 20160527053903
http://forum.azzurra.org:80/archive/index.php/f-31.html	20060501011416 20060626103141 20060714060346 20060714194123 20060720005214 20060901121931 20061017003825 20061207171105 20070404020939 20070607154638 20070807092620 20080616082533 20080803224930 20090216091630 20101219001001 20111127172740 20160527061259
http://forum.azzurra.org:80/archive/index.php/f-32.html	20051023235340 20060626103209 20060714060359 20060714194136 20060720004647 20060901121943 20061017003837 20061208005420 20070404022626 20070604025204 20070607152240 20070806013403 20070807023021 20070807172458 20070808072354 20071008212403 20071010022805
http://forum.azzurra.org:80/archive/index.php/f-35.html	20060429232047 20060626103213 20060714060411 20060714194149 20060901121956 20061017003035 20061207171506 20070226193113 20070604064459 20070607154211 20070805030608 20070806012647 20070807111444 20070819120205 20080506183407 20080919134251 20090216091043 20090618092212 20101219001006 20111127172745 20160527051841
http://forum.azzurra.org:80/archive/index.php/f-36.html	20060430122352 20060626103230 20060720153644 20061215041821 20070430071402 20070703100149 20080502035713 20080803224936 20090216091053 20111127195401 20160527055700
http://forum.azzurra.org:80/archive/index.php/f-37.html	20060626103244 20060714060423 20060714194202 20060720004827 20060901120557 20061017003855 20070404043048 20070604031317 20070607151051 20070804172002 20071002071908 20071005033047 20071006182251 20071008000951 20071009121538 20071010142337
http://forum.azzurra.org:80/archive/index.php/f-38.html	20050424005637 20051029083449 20060626103301 20060714060437 20060714194217 20060720005434 20060901122008 20061017003907 20061208005433 20070604025814 20070607151538 20070930195557 20071002024403 20071005032921 20071006205104 20071008001027 20071009063725
http://forum.azzurra.org:80/archive/index.php/f-39.html	20050225090049 20050226095214 20050416140532 20050909220645 20050929124152 20051029083513 20051215212853 20060426043702 20060626103315 20060719132836 20060720005449 20061118051852 20070108115820 20070301180934 20070430071228 20070703100232 20071022101215 20080616082539 20080919103219 20090129085918 20090401133845 20090601100658 20101011035434 20111127195206 20160527060140
http://forum.azzurra.org:80/archive/index.php/f-4.html	20050310184817 20051101083936 20060426004413 20060615203927 20060717053728 20060815074613 20061017200632 20070104032726 20070429032414 20070819120014 20071016104813 20071024191901 20080625024255 20080716192016 20081005185405 20090101162736 20090303120626 20090503022540 20090711210850 20091128133447 20091128133447 20100305104117 20100620232902 20100726212959 20100925152824 20101218051349 20110620210015 20110820214755 20111020130132 20120130040951 20160520155734 20161102151350
http://forum.azzurra.org:80/archive/index.php/f-41.html	20050503181233 20051101090314 20060312093913 20060430122451 20060626103330 20060719132848 20060720005458 20061118051639 20070110043102 20070303230711 20070430071610 20070703095626 20070901013830 20080616082544 20090216091440 20090418092749 20111127195407 20160527053908
http://forum.azzurra.org:80/archive/index.php/f-42.html	20050815081739 20051028000747 20051029005350 20051030092844 20051107023026 20051127115254 20060127011324 20060127085148 20060626103339 20060713175329 20060713223405 20060718230006 20060719132901 20060830165910 20061017003922 20061208005627 20070202202447 20070404024004 20070604033055 20070607152859 20070805030755 20070806013506 20070819120029 20071013055857 20071029060809 20080421230440 20080702020457 20080716190108 20080919134252 20081228122146 20090227080524 20090429161201 20090629171832 20090704192053 20090903175411 20091103152649 20100403004641 20100404022916 20100604014308 20101013015756 20101212235841 20110531073550 20111002092205 20111202021736 20120215142528 20120907024022 20121107111140 20130107000246 20131126020503 20150711151248 20150910014945 20151218214630 20160218164238 20160527060408 20160728173342 20171225011452
http://forum.azzurra.org:80/archive/index.php/f-43.html	20050503181929 20051029083542 20051215205342
http://forum.azzurra.org:80/archive/index.php/f-44-p-2.html	20080430011623
http://forum.azzurra.org:80/archive/index.php/f-44-p-3.html	20080430020137
http://forum.azzurra.org:80/archive/index.php/f-44-p-4.html	20080430011626
http://forum.azzurra.org:80/archive/index.php/f-44-p-5.html	20080430020142
http://forum.azzurra.org:80/archive/index.php/f-44-p-6.html	20080430011631
http://forum.azzurra.org:80/archive/index.php/f-44-p-7.html	20061027075539 20080430020644
http://forum.azzurra.org:80/archive/index.php/f-44-p-8.html	20080430011636
http://forum.azzurra.org:80/archive/index.php/f-44-p-9.html	20080430014945
http://forum.azzurra.org:80/archive/index.php/f-44.html	20050224235957 20050728101520 20051101090946 20060426043708 20060626103351 20060714060454 20060714194227 20060720005513 20060815075259 20060901122021 20060902144723 20061208005118 20070216200701 20070604030232 20070607164835 20080428145137 20080629024529 20081225195831 20090224154230 20090426053813 20090903165431 20091103090222 20100203185825 20100405235251 20100405235251 20100924111744 20101217030709 20110318020949 20111029060126 20111229004805 20120613181115 20120813072500 20121210071921 20130220131323 20130422101337 20131010055935 20131210063434 20140209010952 20160503214946 20160813030152
http://forum.azzurra.org:80/archive/index.php/f-45.html	20050912190638 20051029083609 20051215204233 20060626103404 20060714060506 20060714194243 20060720005525 20060814234428 20060815014518 20060901122036 20061017003945 20061207171322 20070222043923 20070404042647 20070604064420 20070607153809 20070806064705 20070824101404 20071002144717 20071005205809 20071008051144 20071010044238 20080415054639 20080616082549 20080919134257 20081230130825 20090301002824 20090720074619 20090919081323 20091119065715 20100119002452 20101106191040 20111127172751 20120426013342 20120731224407 20130802123338 20150510203222 20160527055608
http://forum.azzurra.org:80/archive/index.php/f-48.html	20060312093920 20060501011737 20060626103415 20060706163121 20060706222931 20060711164422 20060719132913 20060720005537 20060814234708 20060815015028 20060901122059 20060902144735 20061017003959 20061207170951 20070226193144 20070404023913 20070607170842 20070806121244 20070807111802 20070819120140 20080421230449 20080621054718 20080919134302 20081222202401 20090222011251 20090425082909 20090625073609 20090713020721 20091016011316 20100510175613 20101219001114 20111127172757 20130911031009 20160527055114
http://forum.azzurra.org:80/archive/index.php/f-49.html	20060626103431 20060714060518 20060714194255 20060720005549 20060901122110 20061017004010 20061208005028 20070404042607 20070604032808 20070607154457 20070803212443 20070806144637 20070807023138 20070807131031 20070808095453 20071008212448 20071009235942
http://forum.azzurra.org:80/archive/index.php/f-5.html	20070502134013 20070703100307 20080513232526
http://forum.azzurra.org:80/archive/index.php/f-50.html	20060430055126 20060626103450 20060714060530 20060714194314 20060720005603 20060901122121 20061017004025 20070404023324 20070604031537 20070607164940 20071002111636 20071005033127 20071006182139 20071008001032 20071009063608
http://forum.azzurra.org:80/archive/index.php/f-52.html	20060626103501 20060714060542 20060714194338 20060720005614 20060901122134 20061017004037 20070404023454 20070604042822 20070607153838 20070804195918 20070806083328 20070807045727 20070807152232 20070808072420 20071008212547 20071009235806
http://forum.azzurra.org:80/archive/index.php/f-53.html	20060626103514 20060714060554 20060714194347 20060720005626 20060901122145 20061017004048 20061208163654 20070604025226 20070607150435 20070805000640 20070807023009 20070807152347 20070808044259 20071008164400 20071009235740
http://forum.azzurra.org:80/archive/index.php/f-58.html	20051016191638 20051215205543 20060430030941 20060626103527 20060714060606 20060714194401 20060720005641 20060901122159 20060901191307 20061120140148 20061208005856 20070202190913 20070404021431 20070604032926 20070607153746 20070805000759 20070807111659 20070831074540 20071012103501 20080426093725 20080625225712 20080716190113 20080919134307 20081222030657 20090312010757 20090519121655 20090727083040 20090927085943 20100224083345 20101218232510 20110404035415 20111127172802 20160527052052
http://forum.azzurra.org:80/archive/index.php/f-59.html	20050418062858 20051215204642 20060626103538 20060714060619 20060714194414 20060720005655 20060901122211 20061017004101 20061208005218 20070604032722 20070607150831 20070804123338 20070805000041 20070807002259 20070807130910 20070808072546 20071008164350 20071009235932
http://forum.azzurra.org:80/archive/index.php/f-6.html	20060117112105 20060426043650 20060815074136 20061017200656 20061214001506 20070205200546 20070429033142 20070819120018 20080420202438 20080620051136 20080702021721 20080716190120 20080915124453 20081223141542 20090222094420 20090424090907 20090624062840 20091121083838 20100121134452 20100323090744 20100523023008 20110212155550 20110506010623 20110705180113 20110904101126 20120627051246 20120928000200 20161019133939
http://forum.azzurra.org:80/archive/index.php/f-60.html	20060504235503 20060626103550 20060713212146 20060714004405 20060720153538 20060813211622 20060814001345 20060821021931 20060827095523 20060829224858 20060901002345 20060901120610 20061017004112 20061208005908 20070205205620 20070404022246 20070607165006 20080502035944 20081225004326 20090224071613 20111127195211 20160527053913
http://forum.azzurra.org:80/archive/index.php/f-61.html	20060626103605 20060714060634 20060714194427 20060720005704 20060901122227 20061017004125 20061208005229 20070404045813 20070604024838 20070607153424 20070806101849 20070807152409 20070808072614 20071008164410 20071010022740
http://forum.azzurra.org:80/archive/index.php/f-62.html	20060312085158 20060504235704 20060626103615 20060713212230 20060714004432 20060720153603 20060901041436 20060901041620 20061017004138 20061208005105 20070205205650 20070404043405 20070604064445 20070607152035 20070804010608 20070806064559 20070807111636 20070830023304 20080502035949 20080915124459
http://forum.azzurra.org:80/archive/index.php/f-63.html	20060312085205 20060430030916 20060626103627 20060720153816 20060815075003 20061017200845 20061214001245 20070427021531 20070429033110 20070527162848 20070630125908 20070702152458 20070815223324 20080620054238 20081014151911 20090216091640 20090516234025 20091121083844 20100121134800 20110506010649 20111127195412 20160527055506 20161019133951
http://forum.azzurra.org:80/archive/index.php/f-64.html	20060626103640 20060714194444 20060720005737 20060901122235 20061017004149 20061207171518 20070604030005 20070607152817 20071001161011 20071002210754 20071005003353 20071006013321 20071007074447 20071008164449 20071010022647
http://forum.azzurra.org:80/archive/index.php/f-65.html	20060626103652 20060714194453 20060720005738 20060901122252 20070607152958 20070805030319 20070806012604 20080602110411 20080919134312 20090203140707 20101219000156 20111127172807 20160527052057
http://forum.azzurra.org:80/archive/index.php/f-68-p-2.html	20070314060349
http://forum.azzurra.org:80/archive/index.php/f-68.html	20060626103706 20060714194508 20060720005812 20060901122307 20070105040757 20070302211514 20070404043531 20070604024831 20070607152210 20070804134950 20070805000742 20070807045736 20070903044856 20080421230454 20080621142731 20080919134317 20090216091100 20090507080558 20090810160010 20100710120138 20101216044659 20111127172812 20160527061320
http://forum.azzurra.org:80/archive/index.php/f-69.html	20060626103723 20060714060743 20060720005813 20060901122321 20070404023738 20070607171629 20070804134956 20070806051118 20070807111834 20080616082555 20080919035748 20090216091725 20101219061847 20111127172817 20160527053931
http://forum.azzurra.org:80/archive/index.php/f-7.html	20050227063927 20051016191612 20051221143743 20060205005249 20060617063737 20060702011852 20060706222906 20060711164357 20060717053740 20060814213457 20060819091001 20060830165737 20060901120543 20060903153733 20061017200720 20061207171542 20070202191230 20070404045853 20070607154151 20070818165252 20070926031648 20070929222121 20071002071913 20071003120817 20071005003318 20071006205130 20071007223349 20071009063556 20071012103516 20071029060814 20080415045841 20080614200656 20080701124619 20080702153030 20080704003031 20080706050015 20080707065938 20080708115627 20080709130437 20080710165627 20080712023500 20080713030300 20080714030642 20080717102657 20080718121928 20080721160228 20080802172120 20080919035752 20081222030702 20090221054142 20090423061055 20090622173403 20090829070152 20091228092336 20091228092336 20100227233258 20100430000425 20100630000542 20100924111754 20101123221703 20101216044708 20111002092211 20111126212027 20111229082530 20131126132733 20140201121114 20150510203227 20150711031620 20150909163323 20151218214653 20160218164242 20160503214950 20160728173345 20171225011526
http://forum.azzurra.org:80/archive/index.php/f-70.html	20060626103850 20060714060758 20060720005828 20060901122332 20061209031543 20070404023022 20070604032703 20070607172630 20070930195633 20071002111641 20071005033026 20071006182217 20071008000819 20071009063709 20071010142302
http://forum.azzurra.org:80/archive/index.php/f-71.html	20060501011742 20060626103924 20060714060814 20060720005837 20060901122344 20070604032622 20070607152612 20070804010205 20080426093729 20080625225717 20080919134323 20090216091106 20101219061805 20111127172823 20160527055717
http://forum.azzurra.org:80/archive/index.php/f-72.html	20051016191709 20060430234713 20060626103939 20060714060831 20060720005850 20060815074013 20060901122358 20060902144747 20061017004306 20061208005548 20070221121029 20070404023436 20070604024703 20070607153816 20080616082600 20090215062105 20090216092025 20090418092828 20090829070158 20091104212706 20101219000232 20110414020331 20110613231354 20111127172828 20150711031626 20151001042931 20160527055613
http://forum.azzurra.org:80/archive/index.php/f-74.html	20060626104000 20060714060840 20060714194641 20060720005902 20060901122408 20061017004319 20061207171531 20070404023337 20070607154221 20080616082605 20080919035757 20090216091731 20101219000032 20111127172832 20160527051846
http://forum.azzurra.org:80/archive/index.php/f-75.html	20060626104012 20060720153839 20070430071017 20070703095724 20080616082610 20090216091118 20111127195217 20160527055856
http://forum.azzurra.org:80/archive/index.php/f-76.html	20060626104024 20060720153852 20070430071340 20070703095005 20080616082615 20090216091123 20111127195248 20160527051925
http://forum.azzurra.org:80/archive/index.php/f-77.html	20050514082000 20051119160127 20060312085211 20060426004409
http://forum.azzurra.org:80/archive/index.php/f-78.html	20060205005255 20060626102901 20060714060854 20060714194654 20060720005915 20060901122420 20061017004333 20061208005923 20070404023344 20070604024406 20070607150609 20070803104943 20070805054105 20070807152335 20070808100306 20071008212521 20071010022733
http://forum.azzurra.org:80/archive/index.php/f-79.html	20060626104036 20060714060907 20060714194707 20060720005926 20060901122433 20061017004345 20061208163933 20070607154419 20070806121258 20070807022746 20080616082620 20080919134328 20090216091145 20101219000807 20111127172837 20160527055119
http://forum.azzurra.org:80/archive/index.php/f-8.html	20060113072416 20060117055750 20060312093721 20060430234808 20060620001018 20060706163056 20060706223343 20060711162315 20060720214825 20060815044324 20060815075004 20060821020830 20060830152226 20060901002248 20060905031953 20060905193840 20061214000934 20070205002538 20070429033034 20070818224650 20070925174135 20071002145216 20071005205733 20071008020911 20071029002947 20080420202440 20080620051142 20080803224941 20081209144623 20081210193606 20081221214626 20090221054245 20090423061100 20091021211535 20091222073933 20091222073933 20100516155701 20100716184749 20101012055416 20101212091656 20110506221013 20110707092611 20110906073621 20111108155132 20150117012621 20150322195328
http://forum.azzurra.org:80/archive/index.php/f-80.html	20051119154512 20060626104048 20060714060921 20060714194720 20060720005938 20060901122445 20061017004402 20070108115827 20070604025554 20070607151925 20070804010838 20070805154510 20070807093231 20070808100424 20071008164317 20071009235735
http://forum.azzurra.org:80/archive/index.php/f-81.html	20060626104100 20060714060933 20060714194732 20060720010001 20060901122457 20061017004414 20070404023719 20070607153449 20070804024913 20070805030749 20070806013320 20080616082625 20080919134333 20090216091234 20101219001023 20111127172843 20160527055511
http://forum.azzurra.org:80/archive/index.php/f-82.html	20060626104113 20060714060945 20060714194749 20060720010007 20060901122509 20061017004428 20061208094154 20070404044924 20070604030024 20070607150752 20070805054327 20070807044752 20070807152320 20070808100405 20071008212438 20071010022856
http://forum.azzurra.org:80/archive/index.php/f-83.html	20060626104129 20060714060957 20060714194804 20060720010020 20060901122522 20061017004440 20061208005345 20070607170604 20071013055903 20080611165823 20080919134338 20090208152205 20090216091505 20090716035212 20101008175419 20101219001207 20111127172848 20121110210313 20160527060219
http://forum.azzurra.org:80/archive/index.php/f-85.html	20060426043718 20060626104141 20060714061009 20060714194815 20060720010037 20060901122535 20061017004451 20061208005935 20070404051726 20070604030731 20070607153040 20071002084946 20071005032916 20071006182213 20071007223256 20071009121604
http://forum.azzurra.org:80/archive/index.php/f-86.html	20060626104153 20060714194829 20060720010041 20060901122547 20061017004504 20061207171610 20070404042559 20070604032450 20070607170916 20071001161212 20071002185936 20071005003436 20071006013316 20071007074457 20071008212608 20071009235820
http://forum.azzurra.org:80/archive/index.php/f-87.html	20051221152439 20051231023526 20060501011755 20060626104206 20060714194841 20060720010053 20060901122600 20061017200533 20070404050215 20070604033022 20070607171538 20070804171653 20071001161149 20071002233725 20071005003328 20071006182326 20071008001017 20071009063649 20071010142252
http://forum.azzurra.org:80/archive/index.php/f-88.html	20060626104218 20060714194856 20060720010105 20060815074624 20060901122612 20060902144759 20061017004516 20061208005445 20070102074426 20070107005831 20070111213407 20070116163035 20070121144338 20070126182353 20070127044255 20070604031304 20070607151836 20070804025134 20070807002305 20070807172538 20070808044200 20071008212443 20071009235810
http://forum.azzurra.org:80/archive/index.php/f-89.html	20060626104233 20060714061100 20060714194917 20060720010117 20060901122623 20061017004528 20061207171334 20070404042915 20070604032439 20070607152024 20070930150706 20071001161001 20071002190055 20071005032856 20071006205054 20071008000848 20071009063601
http://forum.azzurra.org:80/archive/index.php/f-92.html	20060626104245 20060714061110 20060714194930 20060720010129 20060901120649 20061017004541 20061208163923 20070604025444 20070607153340 20070807152421 20070808044216 20071008164405 20071010022750
http://forum.azzurra.org:80/archive/index.php/f-99.html	20060430122408 20060626104306 20060719132924 20060720010141 20061118051212 20070110043118
http://forum.azzurra.org:80/archive/index.php/t-1.html	20050514192549
http://forum.azzurra.org:80/archive/index.php/t-1000.html	20080624231049 20090621014749
http://forum.azzurra.org:80/archive/index.php/t-1001.html	20050515040958
http://forum.azzurra.org:80/archive/index.php/t-10024.html	20060524000606
http://forum.azzurra.org:80/archive/index.php/t-10026.html	20070211153956
http://forum.azzurra.org:80/archive/index.php/t-10036.html	20060113060807 20060117045135
http://forum.azzurra.org:80/archive/index.php/t-1004.html	20050729084230
http://forum.azzurra.org:80/archive/index.php/t-10040.html	20060721081526 20060831093709 20080919114102 20081205064527
http://forum.azzurra.org:80/archive/index.php/t-10043.html	20060715022028 20070225035005
http://forum.azzurra.org:80/archive/index.php/t-10044.html	20070630085429 20070818002951
http://forum.azzurra.org:80/archive/index.php/t-10053.html	20080624140729 20090629041500
http://forum.azzurra.org:80/archive/index.php/t-10056.html	20061031214059
http://forum.azzurra.org:80/archive/index.php/t-1006.html	20091127184440 20100110215621
http://forum.azzurra.org:80/archive/index.php/t-10063.html	20060522035919 20060721202633 20060822115155 20070418134711 20070518195619 20070618132148 20070819033741
http://forum.azzurra.org:80/archive/index.php/t-10073.html	20070211154006
http://forum.azzurra.org:80/archive/index.php/t-10077.html	20070717001847
http://forum.azzurra.org:80/archive/index.php/t-10081.html	20070315174331 20070715225148
http://forum.azzurra.org:80/archive/index.php/t-10082.html	20060113063810 20060117040618
http://forum.azzurra.org:80/archive/index.php/t-1009.html	20111201013738 20111231172914
http://forum.azzurra.org:80/archive/index.php/t-10091.html	20070211154015
http://forum.azzurra.org:80/archive/index.php/t-10096.html	20070502220232 20070515043426 20070715181911 20070816055320 20070902000839 20081004045700 20081204074829 20081230041908 20090207085057
http://forum.azzurra.org:80/archive/index.php/t-10098.html	20061031163046
http://forum.azzurra.org:80/archive/index.php/t-1010.html	20050515041007
http://forum.azzurra.org:80/archive/index.php/t-10104.html	20060424085019 20060526071909
http://forum.azzurra.org:80/archive/index.php/t-10107.html	20070830022933
http://forum.azzurra.org:80/archive/index.php/t-1011.html	20080624140733 20090703225722
http://forum.azzurra.org:80/archive/index.php/t-1012.html	20060629224158
http://forum.azzurra.org:80/archive/index.php/t-10132.html	20060721202647
http://forum.azzurra.org:80/archive/index.php/t-10134.html	20060507090704 20060721081538
http://forum.azzurra.org:80/archive/index.php/t-10144.html	20070830022658
http://forum.azzurra.org:80/archive/index.php/t-1015.html	20050515041011
http://forum.azzurra.org:80/archive/index.php/t-1019.html	20050515040955
http://forum.azzurra.org:80/archive/index.php/t-1020.html	20050515041015
http://forum.azzurra.org:80/archive/index.php/t-1023.html	20070211152140
http://forum.azzurra.org:80/archive/index.php/t-1024.html	20080624140739 20090629040313
http://forum.azzurra.org:80/archive/index.php/t-10255.html	20060720215433
http://forum.azzurra.org:80/archive/index.php/t-1026.html	20080624140744
http://forum.azzurra.org:80/archive/index.php/t-1027.html	20050515041019
http://forum.azzurra.org:80/archive/index.php/t-10275.html	20060721081551
http://forum.azzurra.org:80/archive/index.php/t-10277.html	20060626200041 20060721202702 20070826090752
http://forum.azzurra.org:80/archive/index.php/t-10289.html	20070314124346
http://forum.azzurra.org:80/archive/index.php/t-1030.html	20050515041023
http://forum.azzurra.org:80/archive/index.php/t-10306.html	20070211154026
http://forum.azzurra.org:80/archive/index.php/t-10311.html	20060621041458 20060621235035
http://forum.azzurra.org:80/archive/index.php/t-10312.html	20070321120000
http://forum.azzurra.org:80/archive/index.php/t-1032.html	20050515040951
http://forum.azzurra.org:80/archive/index.php/t-10336.html	20060720215446 20061031080243
http://forum.azzurra.org:80/archive/index.php/t-1034.html	20050515041027
http://forum.azzurra.org:80/archive/index.php/t-1035.html	20050515041031 20070129091118
http://forum.azzurra.org:80/archive/index.php/t-1036.html	20080624140749 20090629040318
http://forum.azzurra.org:80/archive/index.php/t-10370.html	20060720215500
http://forum.azzurra.org:80/archive/index.php/t-10378.html	20060720215514
http://forum.azzurra.org:80/archive/index.php/t-10392.html	20060720215526
http://forum.azzurra.org:80/archive/index.php/t-10395.html	20061031032958
http://forum.azzurra.org:80/archive/index.php/t-1040.html	20050515041035
http://forum.azzurra.org:80/archive/index.php/t-10401.html	20060505162700
http://forum.azzurra.org:80/archive/index.php/t-10402.html	20060505162838
http://forum.azzurra.org:80/archive/index.php/t-10413.html	20060223111146 20061016154543
http://forum.azzurra.org:80/archive/index.php/t-1042.html	20050515041040
http://forum.azzurra.org:80/archive/index.php/t-10428.html	20090421174606 20110414071842
http://forum.azzurra.org:80/archive/index.php/t-1044.html	20050515041043
http://forum.azzurra.org:80/archive/index.php/t-10443.html	20060822035612
http://forum.azzurra.org:80/archive/index.php/t-1045.html	20050515041047
http://forum.azzurra.org:80/archive/index.php/t-1046.html	20070211152150
http://forum.azzurra.org:80/archive/index.php/t-10471.html	20070310041811
http://forum.azzurra.org:80/archive/index.php/t-10476.html	20060218100500
http://forum.azzurra.org:80/archive/index.php/t-10488.html	20130106033602
http://forum.azzurra.org:80/archive/index.php/t-10491.html	20070310005322
http://forum.azzurra.org:80/archive/index.php/t-1051.html	20111001221826 20111101094752 20111202112956 20120102065901
http://forum.azzurra.org:80/archive/index.php/t-1052.html	20080624235039
http://forum.azzurra.org:80/archive/index.php/t-1053.html	20070211152200
http://forum.azzurra.org:80/archive/index.php/t-10531.html	20080420131918 20080521064827 20080620184349 20091207100102 20100111042105
http://forum.azzurra.org:80/archive/index.php/t-10540.html	20061025233322
http://forum.azzurra.org:80/archive/index.php/t-10547.html	20060716094400
http://forum.azzurra.org:80/archive/index.php/t-1055.html	20050515041052
http://forum.azzurra.org:80/archive/index.php/t-1056.html	20050515041056 20060422201248
http://forum.azzurra.org:80/archive/index.php/t-10564.html	20060719063538 20060719204010
http://forum.azzurra.org:80/archive/index.php/t-10565.html	20060716094706
http://forum.azzurra.org:80/archive/index.php/t-10566.html	20060719063808 20060719204032
http://forum.azzurra.org:80/archive/index.php/t-10577.html	20070310041823
http://forum.azzurra.org:80/archive/index.php/t-10586.html	20070314091727
http://forum.azzurra.org:80/archive/index.php/t-10590.html	20060823060830 20070306050708
http://forum.azzurra.org:80/archive/index.php/t-10591.html	20060719063821 20060719204043 20061016001248
http://forum.azzurra.org:80/archive/index.php/t-10602.html	20070310005334
http://forum.azzurra.org:80/archive/index.php/t-1061.html	20050515041059
http://forum.azzurra.org:80/archive/index.php/t-10611.html	20060507090751 20060721081608
http://forum.azzurra.org:80/archive/index.php/t-10612.html	20060716094718
http://forum.azzurra.org:80/archive/index.php/t-10626.html	20070320040025 20070326121407 20070327185258 20070509155551 20071013020109
http://forum.azzurra.org:80/archive/index.php/t-10627.html	20070310005345
http://forum.azzurra.org:80/archive/index.php/t-1063.html	20080624140754 20090629041355
http://forum.azzurra.org:80/archive/index.php/t-10640.html	20080927234731
http://forum.azzurra.org:80/archive/index.php/t-10642.html	20060831120351 20070317014949 20070318064235
http://forum.azzurra.org:80/archive/index.php/t-10648.html	20070715111724
http://forum.azzurra.org:80/archive/index.php/t-1065.html	20060113072528 20060117053947 20080914173028
http://forum.azzurra.org:80/archive/index.php/t-10652.html	20081031185141 20081031185141 20081201114136
http://forum.azzurra.org:80/archive/index.php/t-10657.html	20060423083438 20060526191248 20161017190536
http://forum.azzurra.org:80/archive/index.php/t-10666.html	20060215162240 20060901122942 20061017004832 20070604032421 20070607171443 20070807092613
http://forum.azzurra.org:80/archive/index.php/t-1067.html	20050515124940 20060328112049 20070503034048 20070602152231 20070703082723 20070816055217
http://forum.azzurra.org:80/archive/index.php/t-10681.html	20060719063833 20060719204055
http://forum.azzurra.org:80/archive/index.php/t-1069.html	20050515124923
http://forum.azzurra.org:80/archive/index.php/t-107.html	20050515124932
http://forum.azzurra.org:80/archive/index.php/t-1070.html	20060721080255
http://forum.azzurra.org:80/archive/index.php/t-1071.html	20050515124944
http://forum.azzurra.org:80/archive/index.php/t-1072.html	20050515124919
http://forum.azzurra.org:80/archive/index.php/t-10729.html	20060721081620
http://forum.azzurra.org:80/archive/index.php/t-10730.html	20060629223850
http://forum.azzurra.org:80/archive/index.php/t-10744.html	20110507090615
http://forum.azzurra.org:80/archive/index.php/t-1075.html	20080624140759
http://forum.azzurra.org:80/archive/index.php/t-1076.html	20080624231051
http://forum.azzurra.org:80/archive/index.php/t-1077.html	20050515124911 20060103080956
http://forum.azzurra.org:80/archive/index.php/t-1078.html	20050515124928
http://forum.azzurra.org:80/archive/index.php/t-10791.html	20060528093942
http://forum.azzurra.org:80/archive/index.php/t-10793.html	20060424084714 20060526071858
http://forum.azzurra.org:80/archive/index.php/t-10808.html	20060721202724
http://forum.azzurra.org:80/archive/index.php/t-1082.html	20070211152211 20090226143106
http://forum.azzurra.org:80/archive/index.php/t-1083.html	20050515124949
http://forum.azzurra.org:80/archive/index.php/t-10833.html	20080516214444 20080616064538
http://forum.azzurra.org:80/archive/index.php/t-10838.html	20121105185600 20150414030446 20150930051721 20160318151215 20160421012234
http://forum.azzurra.org:80/archive/index.php/t-1084.html	20050515124953
http://forum.azzurra.org:80/archive/index.php/t-1086.html	20060113063543 20060117072502 20060528093646 20080917020844 20090325064443 20100110133013 20101202052029 20110608004103 20111107213954 20111209053828
http://forum.azzurra.org:80/archive/index.php/t-1088.html	20060408143633 20060414081125
http://forum.azzurra.org:80/archive/index.php/t-10896.html	20060822070718
http://forum.azzurra.org:80/archive/index.php/t-1091.html	20070211152221
http://forum.azzurra.org:80/archive/index.php/t-10934.html	20060113061638 20060117065655
http://forum.azzurra.org:80/archive/index.php/t-10939.html	20060623234151
http://forum.azzurra.org:80/archive/index.php/t-10981.html	20100207151218
http://forum.azzurra.org:80/archive/index.php/t-10988.html	20070102074350 20070107005620 20070111212559 20070116162926 20070121144104 20070126182047 20070127044701 20070316005054
http://forum.azzurra.org:80/archive/index.php/t-10995.html	20070310061226
http://forum.azzurra.org:80/archive/index.php/t-10999.html	20070227230503
http://forum.azzurra.org:80/archive/index.php/t-11001.html	20060719063846 20060719204108
http://forum.azzurra.org:80/archive/index.php/t-1101.html	20050515124957
http://forum.azzurra.org:80/archive/index.php/t-11010.html	20060721202736
http://forum.azzurra.org:80/archive/index.php/t-1102.html	20050515125001
http://forum.azzurra.org:80/archive/index.php/t-11026-p-2.html	20070321062917 20070911085108
http://forum.azzurra.org:80/archive/index.php/t-11026-p-3.html	20070323064523 20070911033653
http://forum.azzurra.org:80/archive/index.php/t-11026-p-4.html	20070323064532 20070911034004
http://forum.azzurra.org:80/archive/index.php/t-11026-p-5.html	20070323064542 20070910133005
http://forum.azzurra.org:80/archive/index.php/t-11026-p-6.html	20070323064552 20070910201918
http://forum.azzurra.org:80/archive/index.php/t-11026-p-7.html	20070323064602 20070911033055
http://forum.azzurra.org:80/archive/index.php/t-11026-p-8.html	20070323064612 20070911032931
http://forum.azzurra.org:80/archive/index.php/t-11026.html	20060127004737 20070323064419 20070909002301
http://forum.azzurra.org:80/archive/index.php/t-11055.html	20091118102158 20100110111150
http://forum.azzurra.org:80/archive/index.php/t-11059.html	20060616082630 20060823061623 20070224081543 20070607173530 20070708141112 20070816113154 20090515141602 20100110122921
http://forum.azzurra.org:80/archive/index.php/t-1107.html	20050515125005
http://forum.azzurra.org:80/archive/index.php/t-11083.html	20070310041833
http://forum.azzurra.org:80/archive/index.php/t-1109.html	20050515125009
http://forum.azzurra.org:80/archive/index.php/t-111.html	20050515124916
http://forum.azzurra.org:80/archive/index.php/t-11104.html	20070221220811 20070908074555
http://forum.azzurra.org:80/archive/index.php/t-11111.html	20061031213421
http://forum.azzurra.org:80/archive/index.php/t-11115.html	20070718160037
http://forum.azzurra.org:80/archive/index.php/t-11116.html	20060113073647 20060117063736
http://forum.azzurra.org:80/archive/index.php/t-11117.html	20060716045628
http://forum.azzurra.org:80/archive/index.php/t-1112.html	20060519173422 20061216215950
http://forum.azzurra.org:80/archive/index.php/t-1113.html	20060127002218 20060519173321 20061228215056 20080803224946
http://forum.azzurra.org:80/archive/index.php/t-1115.html	20060113054655 20060117043612 20130624001522
http://forum.azzurra.org:80/archive/index.php/t-1116.html	20060113052934 20060117073211 20070112151259 20070117135757 20070122211708 20070127183204
http://forum.azzurra.org:80/archive/index.php/t-1117.html	20050515125013
http://forum.azzurra.org:80/archive/index.php/t-11176.html	20070718011117
http://forum.azzurra.org:80/archive/index.php/t-11177.html	20061031163058
http://forum.azzurra.org:80/archive/index.php/t-1118.html	20050515125019
http://forum.azzurra.org:80/archive/index.php/t-11181.html	20060720215538
http://forum.azzurra.org:80/archive/index.php/t-11186.html	20060720215550
http://forum.azzurra.org:80/archive/index.php/t-1119.html	20070211151947
http://forum.azzurra.org:80/archive/index.php/t-11196.html	20061025142251
http://forum.azzurra.org:80/archive/index.php/t-11197.html	20060814032635 20060814104108 20061020070133
http://forum.azzurra.org:80/archive/index.php/t-11198.html	20070302083655
http://forum.azzurra.org:80/archive/index.php/t-112.html	20050515124935
http://forum.azzurra.org:80/archive/index.php/t-11203.html	20060328110937
http://forum.azzurra.org:80/archive/index.php/t-1122.html	20060113061503 20060117065227
http://forum.azzurra.org:80/archive/index.php/t-1123.html	20080624140804
http://forum.azzurra.org:80/archive/index.php/t-11231.html	20060113061614 20060117072852
http://forum.azzurra.org:80/archive/index.php/t-1124.html	20061013133341 20070123111312 20070206050847 20070331200622 20070402035122 20070819121846 20090605074638
http://forum.azzurra.org:80/archive/index.php/t-11242.html	20081014043315
http://forum.azzurra.org:80/archive/index.php/t-11245.html	20060128111139 20060201031745 20060204234045 20060205092238 20061031075436
http://forum.azzurra.org:80/archive/index.php/t-11248.html	20060716094730 20090326023214
http://forum.azzurra.org:80/archive/index.php/t-11257.html	20061031033010
http://forum.azzurra.org:80/archive/index.php/t-1127.html	20070609193743 20070710174628 20070815223318
http://forum.azzurra.org:80/archive/index.php/t-11273.html	20070630060436 20070713232526 20070815223613
http://forum.azzurra.org:80/archive/index.php/t-11274.html	20060822045746 20061016154453 20070228201537 20070825202115
http://forum.azzurra.org:80/archive/index.php/t-11284.html	20070317015021 20070321021521
http://forum.azzurra.org:80/archive/index.php/t-1130.html	20050515125021
http://forum.azzurra.org:80/archive/index.php/t-11301.html	20060721081633
http://forum.azzurra.org:80/archive/index.php/t-1131.html	20050515125025
http://forum.azzurra.org:80/archive/index.php/t-11326.html	20060526121459
http://forum.azzurra.org:80/archive/index.php/t-11332.html	20060526121515
http://forum.azzurra.org:80/archive/index.php/t-11337.html	20060526121531
http://forum.azzurra.org:80/archive/index.php/t-1134.html	20050729085130 20050731085805
http://forum.azzurra.org:80/archive/index.php/t-11350.html	20060526121540
http://forum.azzurra.org:80/archive/index.php/t-11351.html	20060526121559
http://forum.azzurra.org:80/archive/index.php/t-11357.html	20070211151911
http://forum.azzurra.org:80/archive/index.php/t-11369.html	20060813151758 20070517205904
http://forum.azzurra.org:80/archive/index.php/t-1137.html	20050515125029
http://forum.azzurra.org:80/archive/index.php/t-11374.html	20060720153951
http://forum.azzurra.org:80/archive/index.php/t-11375.html	20070528081842 20070630195416 20070813223311
http://forum.azzurra.org:80/archive/index.php/t-11376.html	20060720154005
http://forum.azzurra.org:80/archive/index.php/t-11379.html	20060423083216 20060526191234
http://forum.azzurra.org:80/archive/index.php/t-1138.html	20080624140809
http://forum.azzurra.org:80/archive/index.php/t-11387.html	20060526121612
http://forum.azzurra.org:80/archive/index.php/t-1139.html	20050515125034
http://forum.azzurra.org:80/archive/index.php/t-11392.html	20080624140814 20090621031004
http://forum.azzurra.org:80/archive/index.php/t-11396.html	20080506091839 20080605231011
http://forum.azzurra.org:80/archive/index.php/t-11398.html	20060526121639
http://forum.azzurra.org:80/archive/index.php/t-1140.html	20060628020654
http://forum.azzurra.org:80/archive/index.php/t-11401.html	20080624231056 20090703225737
http://forum.azzurra.org:80/archive/index.php/t-11405.html	20080624140819
http://forum.azzurra.org:80/archive/index.php/t-11407.html	20070301034355
http://forum.azzurra.org:80/archive/index.php/t-11415.html	20070323172851 20070630085541 20070705104353 20070818033531
http://forum.azzurra.org:80/archive/index.php/t-11425.html	20070302100555 20070310061236
http://forum.azzurra.org:80/archive/index.php/t-11429.html	20070321120010
http://forum.azzurra.org:80/archive/index.php/t-1143.html	20061031213710
http://forum.azzurra.org:80/archive/index.php/t-11438.html	20060526121651
http://forum.azzurra.org:80/archive/index.php/t-1144.html	20061031162620
http://forum.azzurra.org:80/archive/index.php/t-11440.html	20060720154019
http://forum.azzurra.org:80/archive/index.php/t-11441.html	20060720154030
http://forum.azzurra.org:80/archive/index.php/t-11443.html	20060720154042
http://forum.azzurra.org:80/archive/index.php/t-11447.html	20160616085943
http://forum.azzurra.org:80/archive/index.php/t-11451.html	20070310190955 20070322070829 20070403163939
http://forum.azzurra.org:80/archive/index.php/t-11453.html	20080624230814 20090629040522
http://forum.azzurra.org:80/archive/index.php/t-11458.html	20060719063900 20060719204120
http://forum.azzurra.org:80/archive/index.php/t-11466.html	20060507090732 20060721081646
http://forum.azzurra.org:80/archive/index.php/t-11469.html	20060629224824
http://forum.azzurra.org:80/archive/index.php/t-11470.html	20060629224838 20070502012630
http://forum.azzurra.org:80/archive/index.php/t-11471.html	20061031080256 20090601063749
http://forum.azzurra.org:80/archive/index.php/t-11487.html	20070114063122 20070119033654 20070119114219 20070124111532 20070129054645 20070718123820
http://forum.azzurra.org:80/archive/index.php/t-11488.html	20060629224855
http://forum.azzurra.org:80/archive/index.php/t-11495.html	20090924035215
http://forum.azzurra.org:80/archive/index.php/t-11502-p-2.html	20060706223206 20060711162801 20060718152807 20060718230157 20070128014824
http://forum.azzurra.org:80/archive/index.php/t-11502.html	20060629224906 20060713175513 20060714004628 20080627134717
http://forum.azzurra.org:80/archive/index.php/t-11505.html	20070211154036
http://forum.azzurra.org:80/archive/index.php/t-11506.html	20070211154047
http://forum.azzurra.org:80/archive/index.php/t-1151.html	20050515125037
http://forum.azzurra.org:80/archive/index.php/t-11513.html	20070902000923
http://forum.azzurra.org:80/archive/index.php/t-11514.html	20070317015032 20070321120021
http://forum.azzurra.org:80/archive/index.php/t-11515.html	20060721202752
http://forum.azzurra.org:80/archive/index.php/t-1152.html	20061031032758
http://forum.azzurra.org:80/archive/index.php/t-11521.html	20060629224917 20070427101356 20070527163144 20070630150129 20070817172310
http://forum.azzurra.org:80/archive/index.php/t-11524.html	20060720154055
http://forum.azzurra.org:80/archive/index.php/t-11526.html	20060526121704
http://forum.azzurra.org:80/archive/index.php/t-11543.html	20160726072442
http://forum.azzurra.org:80/archive/index.php/t-11545.html	20070211154056
http://forum.azzurra.org:80/archive/index.php/t-11546.html	20060526121716
http://forum.azzurra.org:80/archive/index.php/t-11549.html	20060629224930
http://forum.azzurra.org:80/archive/index.php/t-1155.html	20060721080310
http://forum.azzurra.org:80/archive/index.php/t-11551.html	20060721202815 20070225034933
http://forum.azzurra.org:80/archive/index.php/t-11553.html	20060505162733
http://forum.azzurra.org:80/archive/index.php/t-11556.html	20061024114152
http://forum.azzurra.org:80/archive/index.php/t-1157.html	20050515125041
http://forum.azzurra.org:80/archive/index.php/t-11572.html	20061124171620
http://forum.azzurra.org:80/archive/index.php/t-11574.html	20060629224947
http://forum.azzurra.org:80/archive/index.php/t-11577.html	20060721202829 20061016001400 20070901014424
http://forum.azzurra.org:80/archive/index.php/t-11580.html	20070312200055
http://forum.azzurra.org:80/archive/index.php/t-11583.html	20060629224953 20090323062902
http://forum.azzurra.org:80/archive/index.php/t-11590.html	20060629225008 20060822045758 20070303215311
http://forum.azzurra.org:80/archive/index.php/t-11593.html	20060526121730
http://forum.azzurra.org:80/archive/index.php/t-11607.html	20060814162934
http://forum.azzurra.org:80/archive/index.php/t-11608.html	20060721202840
http://forum.azzurra.org:80/archive/index.php/t-11616.html	20060629225020
http://forum.azzurra.org:80/archive/index.php/t-11617.html	20060629223835 20070224164523
http://forum.azzurra.org:80/archive/index.php/t-11618.html	20080620021914
http://forum.azzurra.org:80/archive/index.php/t-11621-p-2.html	20070326155029 20070327222320 20070428131029 20070505024232 20070528190154 20070630115342 20070704145544 20070818055146
http://forum.azzurra.org:80/archive/index.php/t-11621-p-3.html	20070326155049 20070328022511 20070501123527 20070703225907
http://forum.azzurra.org:80/archive/index.php/t-11621-p-4.html	20070322070911 20070505024416 20070703021601
http://forum.azzurra.org:80/archive/index.php/t-11621-p-5.html	20070326155009 20070327222328 20070502220323 20070704052345
http://forum.azzurra.org:80/archive/index.php/t-11621-p-6.html	20070327222339 20070502215818 20070703021758
http://forum.azzurra.org:80/archive/index.php/t-11621-p-7.html	20070327003205 20070328152424 20070328194859 20070501123123 20070703225938
http://forum.azzurra.org:80/archive/index.php/t-11621-p-8.html	20070326121419 20070328022524 20070502220659 20070703021814
http://forum.azzurra.org:80/archive/index.php/t-11621-p-9.html	20070326184818 20070328022533 20070502220351 20070703021659
http://forum.azzurra.org:80/archive/index.php/t-11621.html	20070314211022 20070327003022 20070328022430 20070502220251 20070703021618
http://forum.azzurra.org:80/archive/index.php/t-11624.html	20070309144052 20070403164028
http://forum.azzurra.org:80/archive/index.php/t-11631.html	20061216235036 20061229225904 20061230062635 20070103133925 20070108215441 20070113164614 20070124001806 20070129033305
http://forum.azzurra.org:80/archive/index.php/t-11646.html	20080430011641 20080619075856
http://forum.azzurra.org:80/archive/index.php/t-11649.html	20070824180118 20080611055521
http://forum.azzurra.org:80/archive/index.php/t-1165.html	20050515125045
http://forum.azzurra.org:80/archive/index.php/t-11652.html	20060623011246
http://forum.azzurra.org:80/archive/index.php/t-1167.html	20070317234305 20070321041018
http://forum.azzurra.org:80/archive/index.php/t-1168.html	20050515125049
http://forum.azzurra.org:80/archive/index.php/t-1169.html	20060822070929
http://forum.azzurra.org:80/archive/index.php/t-11707.html	20080714165100
http://forum.azzurra.org:80/archive/index.php/t-11714.html	20070606094941 20070707030705 20070816054853 20080604043124
http://forum.azzurra.org:80/archive/index.php/t-11719.html	20060526121742
http://forum.azzurra.org:80/archive/index.php/t-11727.html	20110609034347
http://forum.azzurra.org:80/archive/index.php/t-11735.html	20060505162739
http://forum.azzurra.org:80/archive/index.php/t-11739.html	20060629225033 20061027180009 20061103055419 20061111111033 20061116044826 20061120223827 20061125141409 20090405185304
http://forum.azzurra.org:80/archive/index.php/t-11744.html	20060505162718
http://forum.azzurra.org:80/archive/index.php/t-1175.html	20070902000825
http://forum.azzurra.org:80/archive/index.php/t-11759.html	20060721202900
http://forum.azzurra.org:80/archive/index.php/t-1176.html	20060721201328
http://forum.azzurra.org:80/archive/index.php/t-11762.html	20060721202913 20070102074400 20070107005804 20070111213251 20070116162905 20070121144826 20070126182251 20070127044548
http://forum.azzurra.org:80/archive/index.php/t-11763.html	20060721202926
http://forum.azzurra.org:80/archive/index.php/t-1177.html	20050515125053
http://forum.azzurra.org:80/archive/index.php/t-11777.html	20060721202939 20061031213456 20070223210329
http://forum.azzurra.org:80/archive/index.php/t-11778.html	20060721202953
http://forum.azzurra.org:80/archive/index.php/t-11781.html	20061025192340
http://forum.azzurra.org:80/archive/index.php/t-11784.html	20060720215603 20061031163110
http://forum.azzurra.org:80/archive/index.php/t-11785.html	20060721203009
http://forum.azzurra.org:80/archive/index.php/t-11787.html	20060328111035
http://forum.azzurra.org:80/archive/index.php/t-1179.html	20050515125058
http://forum.azzurra.org:80/archive/index.php/t-11791.html	20070317015107 20070321092056
http://forum.azzurra.org:80/archive/index.php/t-11803.html	20080624140824 20090703225742
http://forum.azzurra.org:80/archive/index.php/t-11805.html	20080919095319
http://forum.azzurra.org:80/archive/index.php/t-11806.html	20070312200109 20070718123831
http://forum.azzurra.org:80/archive/index.php/t-11807-p-2.html	20060707050320 20060712041223 20060718152727 20060718230241
http://forum.azzurra.org:80/archive/index.php/t-11807-p-3.html	20060707050546 20060712041317 20060718152737 20060718230242
http://forum.azzurra.org:80/archive/index.php/t-11807.html	20060629225050 20060713175518 20060713223417
http://forum.azzurra.org:80/archive/index.php/t-1181.html	20050515125101
http://forum.azzurra.org:80/archive/index.php/t-11811.html	20060526121807
http://forum.azzurra.org:80/archive/index.php/t-11815.html	20060721203033
http://forum.azzurra.org:80/archive/index.php/t-11817.html	20060721203044
http://forum.azzurra.org:80/archive/index.php/t-11818.html	20060720215616
http://forum.azzurra.org:80/archive/index.php/t-1182.html	20050515201703
http://forum.azzurra.org:80/archive/index.php/t-11822.html	20060721203057 20061031080307
http://forum.azzurra.org:80/archive/index.php/t-11831.html	20070112032140 20070116180552 20070122011958 20070127075241 20070707010726 20070814192059 20080421163155 20080522144448 20080621212055 20080715061023 20081225062406 20090207084428 20100111031546
http://forum.azzurra.org:80/archive/index.php/t-11835.html	20060721203119
http://forum.azzurra.org:80/archive/index.php/t-11838.html	20070211154108
http://forum.azzurra.org:80/archive/index.php/t-1185.html	20050515201707
http://forum.azzurra.org:80/archive/index.php/t-11868.html	20060304182202 20060312080438 20060427022059
http://forum.azzurra.org:80/archive/index.php/t-11874.html	20060721203131
http://forum.azzurra.org:80/archive/index.php/t-11883.html	20061031033022
http://forum.azzurra.org:80/archive/index.php/t-11885.html	20060629225057
http://forum.azzurra.org:80/archive/index.php/t-119.html	20050515201710
http://forum.azzurra.org:80/archive/index.php/t-11900.html	20060629223730
http://forum.azzurra.org:80/archive/index.php/t-11910.html	20060629225114
http://forum.azzurra.org:80/archive/index.php/t-11915.html	20061117015936 20070901013931 20100707071104 20111126212038 20111229083637
http://forum.azzurra.org:80/archive/index.php/t-11916.html	20070223210339
http://forum.azzurra.org:80/archive/index.php/t-11917.html	20060721081657
http://forum.azzurra.org:80/archive/index.php/t-11919.html	20070102073737 20070107005611 20070111213210 20070116162309 20070121143450 20070126182421 20070127044242 20111127160046
http://forum.azzurra.org:80/archive/index.php/t-11926.html	20060716133045
http://forum.azzurra.org:80/archive/index.php/t-11928.html	20070902001024 20111127160053
http://forum.azzurra.org:80/archive/index.php/t-1193.html	20050515201714
http://forum.azzurra.org:80/archive/index.php/t-11937.html	20060721081710
http://forum.azzurra.org:80/archive/index.php/t-11938.html	20080928073909 20090408024641 20111127160102
http://forum.azzurra.org:80/archive/index.php/t-11954.html	20060720215643
http://forum.azzurra.org:80/archive/index.php/t-11958.html	20070901013807 20111127160106
http://forum.azzurra.org:80/archive/index.php/t-11962.html	20060721203152
http://forum.azzurra.org:80/archive/index.php/t-11968.html	20070902001519 20111126195402 20111229082645
http://forum.azzurra.org:80/archive/index.php/t-11976.html	20060526121811
http://forum.azzurra.org:80/archive/index.php/t-11977.html	20060526121833
http://forum.azzurra.org:80/archive/index.php/t-11980.html	20060328111432 20070211154117
http://forum.azzurra.org:80/archive/index.php/t-11981.html	20070211154126 20070225105002 20070404192347
http://forum.azzurra.org:80/archive/index.php/t-11987.html	20060721203204
http://forum.azzurra.org:80/archive/index.php/t-11990.html	20060526121844
http://forum.azzurra.org:80/archive/index.php/t-11994.html	20060526121431
http://forum.azzurra.org:80/archive/index.php/t-11997.html	20060526121915
http://forum.azzurra.org:80/archive/index.php/t-1200.html	20070901013350
http://forum.azzurra.org:80/archive/index.php/t-12000.html	20060629225127 20070222011251 20090226190252 20100111031551 20121114014133
http://forum.azzurra.org:80/archive/index.php/t-12001.html	20060526121929
http://forum.azzurra.org:80/archive/index.php/t-12003-p-2.html	20070902072848
http://forum.azzurra.org:80/archive/index.php/t-12003.html	20070901013802 20111127160127
http://forum.azzurra.org:80/archive/index.php/t-12005.html	20060721203219 20070312200116
http://forum.azzurra.org:80/archive/index.php/t-12011.html	20070830022531 20111127160131
http://forum.azzurra.org:80/archive/index.php/t-1202.html	20060715022014
http://forum.azzurra.org:80/archive/index.php/t-12023.html	20060629225139
http://forum.azzurra.org:80/archive/index.php/t-12027.html	20061222125211 20061231022000 20070104165823 20070109131419 20070114110917 20070119125050 20070124182651
http://forum.azzurra.org:80/archive/index.php/t-1203.html	20060629224213
http://forum.azzurra.org:80/archive/index.php/t-12050.html	20070112032117 20070116180715 20070122012436 20070127075027 20070427025056
http://forum.azzurra.org:80/archive/index.php/t-12054.html	20070901014441 20111126212043 20111229082650
http://forum.azzurra.org:80/archive/index.php/t-12055.html	20060629225151 20070222011301
http://forum.azzurra.org:80/archive/index.php/t-12056.html	20060526121945
http://forum.azzurra.org:80/archive/index.php/t-12058.html	20060716133338
http://forum.azzurra.org:80/archive/index.php/t-1206.html	20050515201719
http://forum.azzurra.org:80/archive/index.php/t-12064.html	20060721203233
http://forum.azzurra.org:80/archive/index.php/t-1207.html	20050515201723
http://forum.azzurra.org:80/archive/index.php/t-12074.html	20060629225207 20070827020310
http://forum.azzurra.org:80/archive/index.php/t-1208.html	20050225091050 20050515201726
http://forum.azzurra.org:80/archive/index.php/t-12081.html	20060721203245
http://forum.azzurra.org:80/archive/index.php/t-12090.html	20060721081722
http://forum.azzurra.org:80/archive/index.php/t-12094-p-2.html	20070903063819
http://forum.azzurra.org:80/archive/index.php/t-12094.html	20070902001157 20111127160137
http://forum.azzurra.org:80/archive/index.php/t-12096.html	20070718160238
http://forum.azzurra.org:80/archive/index.php/t-12098.html	20060623063219 20080510143937 20080610013707
http://forum.azzurra.org:80/archive/index.php/t-1210.html	20050515201731
http://forum.azzurra.org:80/archive/index.php/t-12111.html	20070901013840 20111127160142
http://forum.azzurra.org:80/archive/index.php/t-12119.html	20060629225220 20130209201139
http://forum.azzurra.org:80/archive/index.php/t-12126.html	20060526121958
http://forum.azzurra.org:80/archive/index.php/t-12131.html	20060721203305
http://forum.azzurra.org:80/archive/index.php/t-12132.html	20061031214111
http://forum.azzurra.org:80/archive/index.php/t-12134.html	20060721081734
http://forum.azzurra.org:80/archive/index.php/t-12135.html	20060814161744
http://forum.azzurra.org:80/archive/index.php/t-1214.html	20061031162520
http://forum.azzurra.org:80/archive/index.php/t-12143.html	20060721203327
http://forum.azzurra.org:80/archive/index.php/t-12144.html	20061030044954
http://forum.azzurra.org:80/archive/index.php/t-12147.html	20060721081746
http://forum.azzurra.org:80/archive/index.php/t-1216.html	20050819130902 20050826191707
http://forum.azzurra.org:80/archive/index.php/t-12160.html	20070211154137
http://forum.azzurra.org:80/archive/index.php/t-12161.html	20061016154605 20070216040731 20070225135233 20070404191138 20111127160147
http://forum.azzurra.org:80/archive/index.php/t-12167.html	20090606100818
http://forum.azzurra.org:80/archive/index.php/t-12168.html	20070119085956 20070124182712 20070714221547
http://forum.azzurra.org:80/archive/index.php/t-12170.html	20060721203356 20070322113545
http://forum.azzurra.org:80/archive/index.php/t-12171.html	20060721203419
http://forum.azzurra.org:80/archive/index.php/t-12175.html	20060720154109
http://forum.azzurra.org:80/archive/index.php/t-1218.html	20050515201735
http://forum.azzurra.org:80/archive/index.php/t-12189.html	20060629225232 20070222011312
http://forum.azzurra.org:80/archive/index.php/t-122.html	20070216040509 20070404062846
http://forum.azzurra.org:80/archive/index.php/t-1220.html	20060427223556 20070825202109
http://forum.azzurra.org:80/archive/index.php/t-12200.html	20060526122016
http://forum.azzurra.org:80/archive/index.php/t-12201.html	20060526122027
http://forum.azzurra.org:80/archive/index.php/t-12209.html	20060412145141 20070307030559
http://forum.azzurra.org:80/archive/index.php/t-1222.html	20080624140831
http://forum.azzurra.org:80/archive/index.php/t-12221.html	20090629040323
http://forum.azzurra.org:80/archive/index.php/t-12223.html	20070317015119 20070321120030
http://forum.azzurra.org:80/archive/index.php/t-12224.html	20060720154121 20061031080320
http://forum.azzurra.org:80/archive/index.php/t-12225.html	20070225013121 20070902000634 20081202082459 20111126212048 20111229081606
http://forum.azzurra.org:80/archive/index.php/t-12229.html	20070830022652 20111127160151
http://forum.azzurra.org:80/archive/index.php/t-12245.html	20060721203441 20061031033034
http://forum.azzurra.org:80/archive/index.php/t-12251.html	20060629225244
http://forum.azzurra.org:80/archive/index.php/t-12254.html	20070714221453
http://forum.azzurra.org:80/archive/index.php/t-12264.html	20070824180056
http://forum.azzurra.org:80/archive/index.php/t-12265.html	20080516214449 20080616064544 20090501141842 20090901221308 20101121054714 20120401215949 20120503034456 20130129122024 20151218023825 20160318133338 20160319143412
http://forum.azzurra.org:80/archive/index.php/t-12268.html	20060629225257
http://forum.azzurra.org:80/archive/index.php/t-12275.html	20060721203458
http://forum.azzurra.org:80/archive/index.php/t-12276.html	20070211154148
http://forum.azzurra.org:80/archive/index.php/t-12277.html	20070503210309 20070705104254
http://forum.azzurra.org:80/archive/index.php/t-12289.html	20070506064726 20070507104629 20070830023019 20111127160202
http://forum.azzurra.org:80/archive/index.php/t-123.html	20050515201655
http://forum.azzurra.org:80/archive/index.php/t-1230.html	20070211151949
http://forum.azzurra.org:80/archive/index.php/t-12314.html	20070502012414 20070517044352 20070517083707 20070718020903 20070818123537 20080516214756 20080616064549 20090427093410
http://forum.azzurra.org:80/archive/index.php/t-12318.html	20060716094418
http://forum.azzurra.org:80/archive/index.php/t-12319.html	20060721203524
http://forum.azzurra.org:80/archive/index.php/t-1232.html	20050515201739
http://forum.azzurra.org:80/archive/index.php/t-1233.html	20050211095309 20050515201743
http://forum.azzurra.org:80/archive/index.php/t-12336.html	20060629225309
http://forum.azzurra.org:80/archive/index.php/t-12354.html	20111127160207
http://forum.azzurra.org:80/archive/index.php/t-12357.html	20111127160212
http://forum.azzurra.org:80/archive/index.php/t-12359.html	20070211154158 20081102075615 20081102075615 20081204074838
http://forum.azzurra.org:80/archive/index.php/t-12377.html	20060629225321
http://forum.azzurra.org:80/archive/index.php/t-1238.html	20050825174138
http://forum.azzurra.org:80/archive/index.php/t-12384.html	20061026124719 20070102202641 20070107131257 20070112093509 20070117055200 20070122125409 20070127155924 20100111031307
http://forum.azzurra.org:80/archive/index.php/t-12392.html	20070714071835
http://forum.azzurra.org:80/archive/index.php/t-12397.html	20070211154208
http://forum.azzurra.org:80/archive/index.php/t-12400.html	20060716094825
http://forum.azzurra.org:80/archive/index.php/t-12408.html	20070901013655
http://forum.azzurra.org:80/archive/index.php/t-12409.html	20080517163247 20080617034030
http://forum.azzurra.org:80/archive/index.php/t-12421.html	20060629225334 20060822115308 20070218112227 20070404101251 20070422225427 20070523051422 20070630190859 20070818055221
http://forum.azzurra.org:80/archive/index.php/t-12430.html	20070713232155
http://forum.azzurra.org:80/archive/index.php/t-12431.html	20070321021532
http://forum.azzurra.org:80/archive/index.php/t-12437.html	20070316005108
http://forum.azzurra.org:80/archive/index.php/t-12450.html	20070901013444 20111126212058 20111229081710
http://forum.azzurra.org:80/archive/index.php/t-12455.html	20070228130102 20070404191951 20070519013638
http://forum.azzurra.org:80/archive/index.php/t-12469.html	20061018160239 20070224185452 20070830023247 20111127160217
http://forum.azzurra.org:80/archive/index.php/t-12470.html	20070902001408 20111127160222
http://forum.azzurra.org:80/archive/index.php/t-12473.html	20070716102324
http://forum.azzurra.org:80/archive/index.php/t-12478.html	20060526122044 20060616132846 20060813151811 20060813191543 20061016001412
http://forum.azzurra.org:80/archive/index.php/t-1248.html	20080606054043 20090629040527
http://forum.azzurra.org:80/archive/index.php/t-12489.html	20070611130331 20070712093535 20070814192835 20070904193940
http://forum.azzurra.org:80/archive/index.php/t-12496.html	20060721203538
http://forum.azzurra.org:80/archive/index.php/t-1250.html	20050515201747
http://forum.azzurra.org:80/archive/index.php/t-12507.html	20060629225345
http://forum.azzurra.org:80/archive/index.php/t-12509.html	20060304182207 20060312080356
http://forum.azzurra.org:80/archive/index.php/t-1251.html	20070902001320
http://forum.azzurra.org:80/archive/index.php/t-12514.html	20060304182215 20060312080607
http://forum.azzurra.org:80/archive/index.php/t-12526.html	20060720154133
http://forum.azzurra.org:80/archive/index.php/t-12539.html	20060526122056
http://forum.azzurra.org:80/archive/index.php/t-12541.html	20060629225357 20070222011433
http://forum.azzurra.org:80/archive/index.php/t-12543.html	20070901014255 20111127160232
http://forum.azzurra.org:80/archive/index.php/t-12550.html	20060721203550
http://forum.azzurra.org:80/archive/index.php/t-12554.html	20060721203607 20070322070839
http://forum.azzurra.org:80/archive/index.php/t-12555.html	20061027150957 20070901013329
http://forum.azzurra.org:80/archive/index.php/t-12559.html	20060716094837
http://forum.azzurra.org:80/archive/index.php/t-12561.html	20060629225409 20070222011443
http://forum.azzurra.org:80/archive/index.php/t-12564.html	20070902001033 20111127160237
http://forum.azzurra.org:80/archive/index.php/t-12566.html	20060822115320 20080921031059
http://forum.azzurra.org:80/archive/index.php/t-1258.html	20070211152231
http://forum.azzurra.org:80/archive/index.php/t-12581.html	20060328110758
http://forum.azzurra.org:80/archive/index.php/t-12589.html	20070714221422
http://forum.azzurra.org:80/archive/index.php/t-1259.html	20050515201750 20080921231649 20090324102140
http://forum.azzurra.org:80/archive/index.php/t-12596.html	20061031213432
http://forum.azzurra.org:80/archive/index.php/t-126.html	20070901013530
http://forum.azzurra.org:80/archive/index.php/t-12602.html	20111127160242
http://forum.azzurra.org:80/archive/index.php/t-12606.html	20060721081758
http://forum.azzurra.org:80/archive/index.php/t-1261.html	20060113064713 20060117071250
http://forum.azzurra.org:80/archive/index.php/t-12628.html	20060524000628 20061031163122
http://forum.azzurra.org:80/archive/index.php/t-12629.html	20070830022602 20090126043254 20090228185446 20111127160247
http://forum.azzurra.org:80/archive/index.php/t-12647.html	20070901014419 20111127160253
http://forum.azzurra.org:80/archive/index.php/t-12665.html	20070501062325 20070531194059 20070701132909 20070815223312
http://forum.azzurra.org:80/archive/index.php/t-12667.html	20060629225421 20070222011453
http://forum.azzurra.org:80/archive/index.php/t-1267.html	20080516214801 20080616064554
http://forum.azzurra.org:80/archive/index.php/t-12673.html	20060814162049 20070510025906 20070706070550 20070911112510
http://forum.azzurra.org:80/archive/index.php/t-12674.html	20111127160258
http://forum.azzurra.org:80/archive/index.php/t-12675.html	20070208123932 20070401014008 20070402055956 20090712043501
http://forum.azzurra.org:80/archive/index.php/t-12680.html	20061031080331
http://forum.azzurra.org:80/archive/index.php/t-12683.html	20060417080718
http://forum.azzurra.org:80/archive/index.php/t-12689.html	20071022034948 20150322063612
http://forum.azzurra.org:80/archive/index.php/t-12699.html	20060721203625 20060822071022 20070113101008 20070118045312 20070123114241 20070128145730 20070315222535
http://forum.azzurra.org:80/archive/index.php/t-12701.html	20070317015129 20070321062548
http://forum.azzurra.org:80/archive/index.php/t-12705.html	20060526122110
http://forum.azzurra.org:80/archive/index.php/t-12718.html	20061125085956 20070827020505
http://forum.azzurra.org:80/archive/index.php/t-1272.html	20060721080327 20061031032810
http://forum.azzurra.org:80/archive/index.php/t-12727.html	20111127160313
http://forum.azzurra.org:80/archive/index.php/t-12729.html	20070227230513
http://forum.azzurra.org:80/archive/index.php/t-1273.html	20050515201755
http://forum.azzurra.org:80/archive/index.php/t-12736.html	20060721203637
http://forum.azzurra.org:80/archive/index.php/t-1274.html	20070211151959
http://forum.azzurra.org:80/archive/index.php/t-12740.html	20070211154218
http://forum.azzurra.org:80/archive/index.php/t-12750.html	20061124005835 20061128201233 20070830022718 20111126212103 20111229083642
http://forum.azzurra.org:80/archive/index.php/t-12761.html	20070211154228
http://forum.azzurra.org:80/archive/index.php/t-12763.html	20070901013407
http://forum.azzurra.org:80/archive/index.php/t-12769.html	20100720060538
http://forum.azzurra.org:80/archive/index.php/t-12771.html	20060629225434
http://forum.azzurra.org:80/archive/index.php/t-12774.html	20081014043319 20091123000909 20100110134310 20110303032428
http://forum.azzurra.org:80/archive/index.php/t-12779.html	20060822115332 20070310061246 20070830022607 20111127160323
http://forum.azzurra.org:80/archive/index.php/t-1278.html	20060629224225 20070222011231
http://forum.azzurra.org:80/archive/index.php/t-12786.html	20060526122123
http://forum.azzurra.org:80/archive/index.php/t-1279.html	20060113055011 20060117081434
http://forum.azzurra.org:80/archive/index.php/t-12793.html	20111127160333
http://forum.azzurra.org:80/archive/index.php/t-12797.html	20070902001612 20111127160338
http://forum.azzurra.org:80/archive/index.php/t-1280.html	20060629224243
http://forum.azzurra.org:80/archive/index.php/t-12802.html	20060720154147
http://forum.azzurra.org:80/archive/index.php/t-12805.html	20060629225448 20060831120406 20061018044343 20061028170024 20061103055316 20061111111049 20061116013052 20061120223840 20061125141059 20070107064328 20070111224054 20070116180523 20070122012548 20070127075252 20070221220825 20070512184514 20070714003724 20070816113339 20070905062641 20080415020042 20080515174318 20080615033955 20081107012259 20081210073354 20090421174612 20140623011017
http://forum.azzurra.org:80/archive/index.php/t-12807.html	20111127160349
http://forum.azzurra.org:80/archive/index.php/t-1281.html	20060629224257
http://forum.azzurra.org:80/archive/index.php/t-12812.html	20070527163253 20070630124427 20070815223252 20111127160359
http://forum.azzurra.org:80/archive/index.php/t-12813.html	20090518150705
http://forum.azzurra.org:80/archive/index.php/t-12817.html	20070901013524 20111127160404
http://forum.azzurra.org:80/archive/index.php/t-12829.html	20060822004014 20060822024950 20070223210349 20080505094045 20080604194039 20081107005404 20090307031358 20100111042550 20120908004257
http://forum.azzurra.org:80/archive/index.php/t-1283.html	20050515201759
http://forum.azzurra.org:80/archive/index.php/t-12833.html	20060628004556 20060822045552 20061018160120 20111127160409
http://forum.azzurra.org:80/archive/index.php/t-12834.html	20070902000910 20111127160414
http://forum.azzurra.org:80/archive/index.php/t-12835.html	20070830023324 20111127160419
http://forum.azzurra.org:80/archive/index.php/t-1284.html	20080624140836 20090629041505
http://forum.azzurra.org:80/archive/index.php/t-12844.html	20070902001109 20111127160425
http://forum.azzurra.org:80/archive/index.php/t-12845.html	20111127160429
http://forum.azzurra.org:80/archive/index.php/t-12848.html	20060629225459
http://forum.azzurra.org:80/archive/index.php/t-1285.html	20070902001118
http://forum.azzurra.org:80/archive/index.php/t-12854.html	20060526122139 20060822035744 20061024051402
http://forum.azzurra.org:80/archive/index.php/t-12856.html	20070323173102 20111127160434
http://forum.azzurra.org:80/archive/index.php/t-1286.html	20060721080341
http://forum.azzurra.org:80/archive/index.php/t-12865.html	20070502220214 20070705104107
http://forum.azzurra.org:80/archive/index.php/t-12866.html	20070713232802
http://forum.azzurra.org:80/archive/index.php/t-12871.html	20060526122149 20060616163314 20061020070300 20070219014545
http://forum.azzurra.org:80/archive/index.php/t-12880.html	20060719063911 20060719204132 20060813212524 20060813212539
http://forum.azzurra.org:80/archive/index.php/t-12887.html	20061014133622 20111127160439
http://forum.azzurra.org:80/archive/index.php/t-1289.html	20050816233448
http://forum.azzurra.org:80/archive/index.php/t-12893.html	20060519173721 20061216215653
http://forum.azzurra.org:80/archive/index.php/t-12895.html	20060526122200
http://forum.azzurra.org:80/archive/index.php/t-12896.html	20061014133502 20070224081927 20070630171817 20070815223214
http://forum.azzurra.org:80/archive/index.php/t-12899.html	20070901013818 20111127160444
http://forum.azzurra.org:80/archive/index.php/t-1290.html	20050515201806
http://forum.azzurra.org:80/archive/index.php/t-12906.html	20070319204403 20070326184722 20070328022440
http://forum.azzurra.org:80/archive/index.php/t-1292.html	20061031213721
http://forum.azzurra.org:80/archive/index.php/t-12922.html	20060519173744 20061228214537
http://forum.azzurra.org:80/archive/index.php/t-12929.html	20060526122220
http://forum.azzurra.org:80/archive/index.php/t-1293.html	20080624140841 20090629035227
http://forum.azzurra.org:80/archive/index.php/t-12930.html	20061031163134 20080920124736 20111127160454
http://forum.azzurra.org:80/archive/index.php/t-12940.html	20060629225510
http://forum.azzurra.org:80/archive/index.php/t-12949.html	20060629225522
http://forum.azzurra.org:80/archive/index.php/t-1295.html	20060629224311 20070222011402
http://forum.azzurra.org:80/archive/index.php/t-12950.html	20070717001440
http://forum.azzurra.org:80/archive/index.php/t-12951.html	20111127160504
http://forum.azzurra.org:80/archive/index.php/t-12961.html	20061217201652 20061222124733 20061231021946 20070104165924 20070109132003 20070114110642 20070119125214 20070124183353 20111127160509
http://forum.azzurra.org:80/archive/index.php/t-1297.html	20060721080354
http://forum.azzurra.org:80/archive/index.php/t-12973.html	20070902001534 20111127160514
http://forum.azzurra.org:80/archive/index.php/t-12976.html	20061031080343 20070901014510 20111127160519
http://forum.azzurra.org:80/archive/index.php/t-1299.html	20051105102730 20070814192724
http://forum.azzurra.org:80/archive/index.php/t-12993.html	20111127160526
http://forum.azzurra.org:80/archive/index.php/t-12996.html	20061031033046 20070314060329 20111127160529
http://forum.azzurra.org:80/archive/index.php/t-12998-p-2.html	20070323064622 20090508093441 20110509051039 20131218174950
http://forum.azzurra.org:80/archive/index.php/t-12998.html	20070317180703 20070321062600 20090507102448 20131125015508
http://forum.azzurra.org:80/archive/index.php/t-1300.html	20060113063609 20060117054816
http://forum.azzurra.org:80/archive/index.php/t-13004.html	20090924060229
http://forum.azzurra.org:80/archive/index.php/t-13005.html	20060623024337 20111127160536
http://forum.azzurra.org:80/archive/index.php/t-13016.html	20070830023536 20111127160546
http://forum.azzurra.org:80/archive/index.php/t-13018.html	20060719063930 20060719204144
http://forum.azzurra.org:80/archive/index.php/t-13025.html	20060721203715
http://forum.azzurra.org:80/archive/index.php/t-13026.html	20060629225535
http://forum.azzurra.org:80/archive/index.php/t-13027.html	20111127160551
http://forum.azzurra.org:80/archive/index.php/t-1303.html	20080624140846
http://forum.azzurra.org:80/archive/index.php/t-13049.html	20060721081813
http://forum.azzurra.org:80/archive/index.php/t-1305.html	20080624140851 20090629035232
http://forum.azzurra.org:80/archive/index.php/t-13057-p-2.html	20070202202155 20070703095529 20100412082732 20110102231323
http://forum.azzurra.org:80/archive/index.php/t-13057-p-3.html	20070202202114 20070703100020 20110103235341
http://forum.azzurra.org:80/archive/index.php/t-13057-p-4.html	20070129090340 20070202202232 20070701204016 20100420093137 20100420093137 20110103235347
http://forum.azzurra.org:80/archive/index.php/t-13057-p-5.html	20070701204353 20100413225219 20100413225219 20110103235359
http://forum.azzurra.org:80/archive/index.php/t-13057.html	20070202034710 20070331103154 20070630060128 20070703095813 20070816112946 20100428002009 20100428002009 20100429020204 20110103235513
http://forum.azzurra.org:80/archive/index.php/t-1306.html	20080624140856
http://forum.azzurra.org:80/archive/index.php/t-13077.html	20111127160601
http://forum.azzurra.org:80/archive/index.php/t-1308.html	20070211152242
http://forum.azzurra.org:80/archive/index.php/t-13087.html	20070901013543 20111127160616
http://forum.azzurra.org:80/archive/index.php/t-13088.html	20111127160621
http://forum.azzurra.org:80/archive/index.php/t-1309.html	20070718011006
http://forum.azzurra.org:80/archive/index.php/t-13096.html	20060629225547 20070222011506
http://forum.azzurra.org:80/archive/index.php/t-1310.html	20080624230820 20090621014754
http://forum.azzurra.org:80/archive/index.php/t-13101.html	20060716133350
http://forum.azzurra.org:80/archive/index.php/t-13104.html	20090304015324 20100919000903
http://forum.azzurra.org:80/archive/index.php/t-13111.html	20060716133404
http://forum.azzurra.org:80/archive/index.php/t-13116.html	20060716133434
http://forum.azzurra.org:80/archive/index.php/t-13118.html	20060716132946 20070715111849 20070830022728
http://forum.azzurra.org:80/archive/index.php/t-1312.html	20050515201807 20150319025126
http://forum.azzurra.org:80/archive/index.php/t-13121.html	20060721203730 20061031214123
http://forum.azzurra.org:80/archive/index.php/t-13124.html	20060716133448
http://forum.azzurra.org:80/archive/index.php/t-13125.html	20060721081826
http://forum.azzurra.org:80/archive/index.php/t-13128.html	20060721203744 20061031163145
http://forum.azzurra.org:80/archive/index.php/t-1313.html	20050515201812 20051013063811 20051210130640 20060107225233
http://forum.azzurra.org:80/archive/index.php/t-13131.html	20070609192824 20070710174406 20070813223944
http://forum.azzurra.org:80/archive/index.php/t-13134.html	20060721203806 20070224081937 20070908014112
http://forum.azzurra.org:80/archive/index.php/t-13136.html	20111127160628
http://forum.azzurra.org:80/archive/index.php/t-13138-p-2.html	20070401100253
http://forum.azzurra.org:80/archive/index.php/t-13138.html	20070328194408 20070330211359
http://forum.azzurra.org:80/archive/index.php/t-1314.html	20050515201816
http://forum.azzurra.org:80/archive/index.php/t-13141.html	20070211154238
http://forum.azzurra.org:80/archive/index.php/t-13143.html	20060721081838
http://forum.azzurra.org:80/archive/index.php/t-1315.html	20050515201820
http://forum.azzurra.org:80/archive/index.php/t-13154.html	20060721203813
http://forum.azzurra.org:80/archive/index.php/t-13155.html	20070830022943 20111127160633
http://forum.azzurra.org:80/archive/index.php/t-13159.html	20060721203826 20061031080356
http://forum.azzurra.org:80/archive/index.php/t-1316.html	20070715111840
http://forum.azzurra.org:80/archive/index.php/t-13163.html	20060721203843
http://forum.azzurra.org:80/archive/index.php/t-13166.html	20060721081850
http://forum.azzurra.org:80/archive/index.php/t-13169.html	20060721081902
http://forum.azzurra.org:80/archive/index.php/t-1317.html	20050515201824
http://forum.azzurra.org:80/archive/index.php/t-13174.html	20111127160638
http://forum.azzurra.org:80/archive/index.php/t-13175.html	20060721203853 20060813212203 20061031033058
http://forum.azzurra.org:80/archive/index.php/t-13179.html	20060721203916
http://forum.azzurra.org:80/archive/index.php/t-1318.html	20070630013323 20070817005526 20100430191842 20100430191842
http://forum.azzurra.org:80/archive/index.php/t-1319.html	20050728102438 20050729085807 20090404113835
http://forum.azzurra.org:80/archive/index.php/t-13195.html	20060721203929
http://forum.azzurra.org:80/archive/index.php/t-1320.html	20050515201828 20070128015236 20091213044331 20091214160835 20091217015608 20100111032249
http://forum.azzurra.org:80/archive/index.php/t-13204.html	20080624140901 20090629041510
http://forum.azzurra.org:80/archive/index.php/t-1321.html	20070128014832
http://forum.azzurra.org:80/archive/index.php/t-13211.html	20060629225600
http://forum.azzurra.org:80/archive/index.php/t-13214.html	20070211154248
http://forum.azzurra.org:80/archive/index.php/t-13215.html	20111127160643
http://forum.azzurra.org:80/archive/index.php/t-13222.html	20100202120008
http://forum.azzurra.org:80/archive/index.php/t-13223.html	20060721081916
http://forum.azzurra.org:80/archive/index.php/t-13224.html	20111127160648
http://forum.azzurra.org:80/archive/index.php/t-13225.html	20060721081928
http://forum.azzurra.org:80/archive/index.php/t-13226.html	20070211154257
http://forum.azzurra.org:80/archive/index.php/t-13229.html	20060721203945
http://forum.azzurra.org:80/archive/index.php/t-13236.html	20111127160653
http://forum.azzurra.org:80/archive/index.php/t-13239.html	20060716133502
http://forum.azzurra.org:80/archive/index.php/t-13242.html	20060716133513
http://forum.azzurra.org:80/archive/index.php/t-13248.html	20060721204008
http://forum.azzurra.org:80/archive/index.php/t-1325.html	20050515201832
http://forum.azzurra.org:80/archive/index.php/t-13251.html	20060721081941
http://forum.azzurra.org:80/archive/index.php/t-13252.html	20060719063943 20060719203653
http://forum.azzurra.org:80/archive/index.php/t-13256.html	20060721081955
http://forum.azzurra.org:80/archive/index.php/t-1326.html	20060519173336 20061228215217
http://forum.azzurra.org:80/archive/index.php/t-13260.html	20060629225612 20070222011513
http://forum.azzurra.org:80/archive/index.php/t-13262.html	20060721204023 20070707010528 20070815222743
http://forum.azzurra.org:80/archive/index.php/t-13273.html	20060721204035
http://forum.azzurra.org:80/archive/index.php/t-13277.html	20060721082011
http://forum.azzurra.org:80/archive/index.php/t-13278.html	20061031214135
http://forum.azzurra.org:80/archive/index.php/t-13284.html	20060721082026
http://forum.azzurra.org:80/archive/index.php/t-13286.html	20111127160709
http://forum.azzurra.org:80/archive/index.php/t-13290.html	20060721204056 20061031163158
http://forum.azzurra.org:80/archive/index.php/t-133.html	20050515201658
http://forum.azzurra.org:80/archive/index.php/t-1330.html	20080624140906
http://forum.azzurra.org:80/archive/index.php/t-13304.html	20060721082039
http://forum.azzurra.org:80/archive/index.php/t-13315.html	20060721204106 20070223044728
http://forum.azzurra.org:80/archive/index.php/t-13316.html	20060721204122
http://forum.azzurra.org:80/archive/index.php/t-13318.html	20070113100444 20070118044426 20070123113233 20070128145816 20070901013631 20090212130051 20111127160713
http://forum.azzurra.org:80/archive/index.php/t-13319.html	20111127160719
http://forum.azzurra.org:80/archive/index.php/t-1332.html	20060629224323
http://forum.azzurra.org:80/archive/index.php/t-13328.html	20070321092107
http://forum.azzurra.org:80/archive/index.php/t-13335.html	20080624231102 20090629044700
http://forum.azzurra.org:80/archive/index.php/t-13338.html	20070328194421 20070429052721 20070529145536 20070630124615 20070816055332
http://forum.azzurra.org:80/archive/index.php/t-13339.html	20060721204134 20061031080407
http://forum.azzurra.org:80/archive/index.php/t-1335.html	20050515201836
http://forum.azzurra.org:80/archive/index.php/t-13354.html	20060716133527
http://forum.azzurra.org:80/archive/index.php/t-13359.html	20070211154308
http://forum.azzurra.org:80/archive/index.php/t-13366.html	20081010062016 20081211015136
http://forum.azzurra.org:80/archive/index.php/t-13367.html	20060720215652
http://forum.azzurra.org:80/archive/index.php/t-1337.html	20061031032822
http://forum.azzurra.org:80/archive/index.php/t-13383.html	20060721204148
http://forum.azzurra.org:80/archive/index.php/t-13385.html	20111127160723
http://forum.azzurra.org:80/archive/index.php/t-13386.html	20060721082051
http://forum.azzurra.org:80/archive/index.php/t-1339.html	20050515201840 20060715021819
http://forum.azzurra.org:80/archive/index.php/t-13392.html	20061103054757 20061111111100 20061116044838 20061120223851 20061125141420 20061130095209 20070204050557 20070316042727 20070331200006 20070402021832 20070906032039 20111127160734 20130817070926
http://forum.azzurra.org:80/archive/index.php/t-134.html	20050515201650
http://forum.azzurra.org:80/archive/index.php/t-1340.html	20050516014112
http://forum.azzurra.org:80/archive/index.php/t-13407.html	20070718011203
http://forum.azzurra.org:80/archive/index.php/t-13412.html	20080513143551 20080613200424 20090428102750
http://forum.azzurra.org:80/archive/index.php/t-13416.html	20070830023450 20111127160739
http://forum.azzurra.org:80/archive/index.php/t-13423.html	20070901014315 20111127160744
http://forum.azzurra.org:80/archive/index.php/t-13429.html	20070221044250 20070404101339 20070830022536 20111127160749
http://forum.azzurra.org:80/archive/index.php/t-1343.html	20050516014056
http://forum.azzurra.org:80/archive/index.php/t-13440.html	20070716102700
http://forum.azzurra.org:80/archive/index.php/t-13448.html	20080624140911 20090703222331
http://forum.azzurra.org:80/archive/index.php/t-13450.html	20110403035636 20110529234133
http://forum.azzurra.org:80/archive/index.php/t-13458.html	20070122124601 20070127155534 20070902000937 20111127160754
http://forum.azzurra.org:80/archive/index.php/t-1346.html	20050516014039
http://forum.azzurra.org:80/archive/index.php/t-13460.html	20111127160759
http://forum.azzurra.org:80/archive/index.php/t-13461.html	20111127160804
http://forum.azzurra.org:80/archive/index.php/t-13466.html	20090612084600
http://forum.azzurra.org:80/archive/index.php/t-1347.html	20050516014059
http://forum.azzurra.org:80/archive/index.php/t-13474.html	20061031214148
http://forum.azzurra.org:80/archive/index.php/t-13477.html	20111127160809
http://forum.azzurra.org:80/archive/index.php/t-1349.html	20050516014104
http://forum.azzurra.org:80/archive/index.php/t-13490.html	20061031163210
http://forum.azzurra.org:80/archive/index.php/t-1350.html	20050516014043
http://forum.azzurra.org:80/archive/index.php/t-13509-p-2.html	20150711151253
http://forum.azzurra.org:80/archive/index.php/t-13509-p-3.html	20150711151300
http://forum.azzurra.org:80/archive/index.php/t-13509-p-4.html	20150711151305
http://forum.azzurra.org:80/archive/index.php/t-13509-p-5.html	20150711151310
http://forum.azzurra.org:80/archive/index.php/t-13509-p-6.html	20150710225925 20150823071530
http://forum.azzurra.org:80/archive/index.php/t-13509-p-7.html	20150711151315
http://forum.azzurra.org:80/archive/index.php/t-13509.html	20070329084741 20150711151320
http://forum.azzurra.org:80/archive/index.php/t-1351.html	20060519173344 20061228215322
http://forum.azzurra.org:80/archive/index.php/t-13514.html	20111127160814
http://forum.azzurra.org:80/archive/index.php/t-13518.html	20070630210802 20070813223938 20070830022812 20111127160819
http://forum.azzurra.org:80/archive/index.php/t-13530.html	20070901013204 20111127160824
http://forum.azzurra.org:80/archive/index.php/t-13531.html	20111127160829
http://forum.azzurra.org:80/archive/index.php/t-13534.html	20061031080420
http://forum.azzurra.org:80/archive/index.php/t-13538.html	20070317015149 20070321062610
http://forum.azzurra.org:80/archive/index.php/t-1354.html	20080624140917 20090629035237
http://forum.azzurra.org:80/archive/index.php/t-13554.html	20061031033109 20111127160834
http://forum.azzurra.org:80/archive/index.php/t-13556.html	20070329011540 20070330222606
http://forum.azzurra.org:80/archive/index.php/t-1356.html	20070211152252
http://forum.azzurra.org:80/archive/index.php/t-13564.html	20070706182850 20111127160840
http://forum.azzurra.org:80/archive/index.php/t-13578.html	20090525115552
http://forum.azzurra.org:80/archive/index.php/t-13580.html	20070902000928 20111127160845
http://forum.azzurra.org:80/archive/index.php/t-13582-p-2.html	20070903063807
http://forum.azzurra.org:80/archive/index.php/t-13582.html	20070902001147 20081212041645
http://forum.azzurra.org:80/archive/index.php/t-13583-p-2.html	20070401100123
http://forum.azzurra.org:80/archive/index.php/t-13583-p-3.html	20070401101716
http://forum.azzurra.org:80/archive/index.php/t-13583.html	20070328194428
http://forum.azzurra.org:80/archive/index.php/t-13585-p-2.html	20070401093555
http://forum.azzurra.org:80/archive/index.php/t-13585.html	20070329011550
http://forum.azzurra.org:80/archive/index.php/t-13586.html	20070830022546 20111127160850
http://forum.azzurra.org:80/archive/index.php/t-1359.html	20050516014052
http://forum.azzurra.org:80/archive/index.php/t-13591.html	20100420081115 20100420081115
http://forum.azzurra.org:80/archive/index.php/t-13599.html	20111127160855
http://forum.azzurra.org:80/archive/index.php/t-1360.html	20050516014031
http://forum.azzurra.org:80/archive/index.php/t-13605.html	20111127160900
http://forum.azzurra.org:80/archive/index.php/t-1361.html	20071013020113
http://forum.azzurra.org:80/archive/index.php/t-13612.html	20070714221552
http://forum.azzurra.org:80/archive/index.php/t-13620.html	20090617074034 20111220223800
http://forum.azzurra.org:80/archive/index.php/t-13627.html	20111127160905
http://forum.azzurra.org:80/archive/index.php/t-1363.html	20050426075019 20050516014109
http://forum.azzurra.org:80/archive/index.php/t-13630.html	20080426043224 20080526151646 20080625233122
http://forum.azzurra.org:80/archive/index.php/t-13639.html	20070830022838 20111127160910
http://forum.azzurra.org:80/archive/index.php/t-13644.html	20111127160915
http://forum.azzurra.org:80/archive/index.php/t-1366.html	20070516055217 20070616052411 20070716212159 20070816193420
http://forum.azzurra.org:80/archive/index.php/t-1367.html	20050516014116
http://forum.azzurra.org:80/archive/index.php/t-13672.html	20070222011524
http://forum.azzurra.org:80/archive/index.php/t-1368.html	20050516014120
http://forum.azzurra.org:80/archive/index.php/t-13680.html	20111127160920
http://forum.azzurra.org:80/archive/index.php/t-13686.html	20111127160925
http://forum.azzurra.org:80/archive/index.php/t-13690.html	20061031213332 20070902001414 20111127160932
http://forum.azzurra.org:80/archive/index.php/t-13714.html	20070714221521
http://forum.azzurra.org:80/archive/index.php/t-1372.html	20050516014124 20070403164127 20071012043909 20080413071657 20080513215618 20080613200432 20100908224049
http://forum.azzurra.org:80/archive/index.php/t-13722.html	20070901014434 20111127160937
http://forum.azzurra.org:80/archive/index.php/t-1373.html	20060519173309 20061228215108
http://forum.azzurra.org:80/archive/index.php/t-1374.html	20060629224335 20070222011140
http://forum.azzurra.org:80/archive/index.php/t-13740.html	20070310005355 20070714071856 20111126212149 20111229082731
http://forum.azzurra.org:80/archive/index.php/t-13742.html	20061031163222
http://forum.azzurra.org:80/archive/index.php/t-13745.html	20070902001250 20111127160942
http://forum.azzurra.org:80/archive/index.php/t-13747.html	20111127160948
http://forum.azzurra.org:80/archive/index.php/t-1375.html	20050514082458
http://forum.azzurra.org:80/archive/index.php/t-13751.html	20090318000227
http://forum.azzurra.org:80/archive/index.php/t-1377.html	20050514082454
http://forum.azzurra.org:80/archive/index.php/t-13775.html	20070714071817
http://forum.azzurra.org:80/archive/index.php/t-13776.html	20070714071749
http://forum.azzurra.org:80/archive/index.php/t-1378.html	20050514082502
http://forum.azzurra.org:80/archive/index.php/t-1379.html	20050516014129
http://forum.azzurra.org:80/archive/index.php/t-13794.html	20090425072120
http://forum.azzurra.org:80/archive/index.php/t-13795.html	20120415202253
http://forum.azzurra.org:80/archive/index.php/t-138.html	20080624140922 20090703225748
http://forum.azzurra.org:80/archive/index.php/t-13800.html	20131017052214
http://forum.azzurra.org:80/archive/index.php/t-13809.html	20070321165050
http://forum.azzurra.org:80/archive/index.php/t-1381.html	20050516014132
http://forum.azzurra.org:80/archive/index.php/t-13810.html	20070714071847
http://forum.azzurra.org:80/archive/index.php/t-13816.html	20070401014145 20070402055628 20070510025736 20070527173936 20070630125809 20070816055611 20090311042314
http://forum.azzurra.org:80/archive/index.php/t-1382.html	20050516014137
http://forum.azzurra.org:80/archive/index.php/t-13827.html	20111127160953
http://forum.azzurra.org:80/archive/index.php/t-13830.html	20070901014320
http://forum.azzurra.org:80/archive/index.php/t-13834.html	20111127160957
http://forum.azzurra.org:80/archive/index.php/t-1384.html	20080624230825
http://forum.azzurra.org:80/archive/index.php/t-13840.html	20070713232324
http://forum.azzurra.org:80/archive/index.php/t-1385.html	20050516014141
http://forum.azzurra.org:80/archive/index.php/t-13859.html	20070714071620
http://forum.azzurra.org:80/archive/index.php/t-13863.html	20081028081658
http://forum.azzurra.org:80/archive/index.php/t-13864.html	20111127161002
http://forum.azzurra.org:80/archive/index.php/t-13868.html	20111127161007
http://forum.azzurra.org:80/archive/index.php/t-13869.html	20070824101157
http://forum.azzurra.org:80/archive/index.php/t-13870.html	20080922033542 20090429174433 20100124030352
http://forum.azzurra.org:80/archive/index.php/t-1388.html	20050516014145
http://forum.azzurra.org:80/archive/index.php/t-13883.html	20070714071538
http://forum.azzurra.org:80/archive/index.php/t-1389.html	20050516014148
http://forum.azzurra.org:80/archive/index.php/t-13898.html	20070701204328
http://forum.azzurra.org:80/archive/index.php/t-1390.html	20050514082437
http://forum.azzurra.org:80/archive/index.php/t-13900.html	20070904031653
http://forum.azzurra.org:80/archive/index.php/t-1391.html	20061031075651 20100623030141 20101117010828
http://forum.azzurra.org:80/archive/index.php/t-13917.html	20091108081134 20100111071327 20130909235612
http://forum.azzurra.org:80/archive/index.php/t-13937.html	20111127161012
http://forum.azzurra.org:80/archive/index.php/t-13938.html	20080421163201 20080522144452 20080621212103
http://forum.azzurra.org:80/archive/index.php/t-1394.html	20050514082450
http://forum.azzurra.org:80/archive/index.php/t-13948.html	20070830022832 20111127161017
http://forum.azzurra.org:80/archive/index.php/t-13960.html	20080624140927 20090629040329
http://forum.azzurra.org:80/archive/index.php/t-1398.html	20050516014152 20070824180106
http://forum.azzurra.org:80/archive/index.php/t-13980.html	20111127161022
http://forum.azzurra.org:80/archive/index.php/t-13993.html	20111127161027
http://forum.azzurra.org:80/archive/index.php/t-13997.html	20111127161032
http://forum.azzurra.org:80/archive/index.php/t-14.html	20050516014048
http://forum.azzurra.org:80/archive/index.php/t-14012.html	20070716102721
http://forum.azzurra.org:80/archive/index.php/t-1402.html	20060113060624 20060117074255
http://forum.azzurra.org:80/archive/index.php/t-14025.html	20080917020850
http://forum.azzurra.org:80/archive/index.php/t-14034.html	20070211154320 20090201070237
http://forum.azzurra.org:80/archive/index.php/t-1404.html	20061031032834
http://forum.azzurra.org:80/archive/index.php/t-14044.html	20070321021542
http://forum.azzurra.org:80/archive/index.php/t-1405.html	20050514082506 20060618032736
http://forum.azzurra.org:80/archive/index.php/t-14051.html	20080919035802
http://forum.azzurra.org:80/archive/index.php/t-14052.html	20070330211108
http://forum.azzurra.org:80/archive/index.php/t-14057.html	20070329011559
http://forum.azzurra.org:80/archive/index.php/t-14067.html	20080928073933
http://forum.azzurra.org:80/archive/index.php/t-1407.html	20050516014156
http://forum.azzurra.org:80/archive/index.php/t-14072.html	20111127161040
http://forum.azzurra.org:80/archive/index.php/t-14075.html	20070714071552
http://forum.azzurra.org:80/archive/index.php/t-14079.html	20111127161045
http://forum.azzurra.org:80/archive/index.php/t-14080.html	20070830022541 20111127161050
http://forum.azzurra.org:80/archive/index.php/t-14085.html	20070306090056 20070403163850 20070827020315
http://forum.azzurra.org:80/archive/index.php/t-14094.html	20070222011534
http://forum.azzurra.org:80/archive/index.php/t-14107.html	20070321092116
http://forum.azzurra.org:80/archive/index.php/t-1411.html	20110620021304 20110810181248
http://forum.azzurra.org:80/archive/index.php/t-1412.html	20050516014201
http://forum.azzurra.org:80/archive/index.php/t-14125.html	20070502220152 20080505031509
http://forum.azzurra.org:80/archive/index.php/t-14130.html	20070901013637 20111127161055
http://forum.azzurra.org:80/archive/index.php/t-14134.html	20070504043120 20070704085559 20070815223451
http://forum.azzurra.org:80/archive/index.php/t-14159.html	20070507104430
http://forum.azzurra.org:80/archive/index.php/t-14164.html	20070507104418
http://forum.azzurra.org:80/archive/index.php/t-14165.html	20070507104208
http://forum.azzurra.org:80/archive/index.php/t-14166.html	20070507104525
http://forum.azzurra.org:80/archive/index.php/t-14167.html	20070507104348
http://forum.azzurra.org:80/archive/index.php/t-1417.html	20060629224347
http://forum.azzurra.org:80/archive/index.php/t-14170.html	20070507104615
http://forum.azzurra.org:80/archive/index.php/t-14171.html	20070507104514
http://forum.azzurra.org:80/archive/index.php/t-14172.html	20070507104406
http://forum.azzurra.org:80/archive/index.php/t-14174.html	20070507104601
http://forum.azzurra.org:80/archive/index.php/t-14176.html	20070507104424
http://forum.azzurra.org:80/archive/index.php/t-14177.html	20070321165100
http://forum.azzurra.org:80/archive/index.php/t-1418.html	20050516014204
http://forum.azzurra.org:80/archive/index.php/t-1419.html	20050516014208
http://forum.azzurra.org:80/archive/index.php/t-14191.html	20070818161617 20070901013727
http://forum.azzurra.org:80/archive/index.php/t-142.html	20050516014035
http://forum.azzurra.org:80/archive/index.php/t-1420.html	20090302095700
http://forum.azzurra.org:80/archive/index.php/t-14200.html	20070507122523
http://forum.azzurra.org:80/archive/index.php/t-14208.html	20070714071936
http://forum.azzurra.org:80/archive/index.php/t-14212.html	20070507104400
http://forum.azzurra.org:80/archive/index.php/t-14214.html	20070507104340
http://forum.azzurra.org:80/archive/index.php/t-14216.html	20070329084751
http://forum.azzurra.org:80/archive/index.php/t-1422.html	20050801081720
http://forum.azzurra.org:80/archive/index.php/t-14225.html	20070507104519
http://forum.azzurra.org:80/archive/index.php/t-1423.html	20070206051142 20070211152301 20070331194640 20070402034908 20080529045631 20080629024535
http://forum.azzurra.org:80/archive/index.php/t-14238.html	20070507122536
http://forum.azzurra.org:80/archive/index.php/t-14239.html	20070714221230
http://forum.azzurra.org:80/archive/index.php/t-1424.html	20060721201340
http://forum.azzurra.org:80/archive/index.php/t-14240.html	20111028175310 20111129121154 20111230094535
http://forum.azzurra.org:80/archive/index.php/t-14248.html	20070507104503 20080514174631 20080614072410
http://forum.azzurra.org:80/archive/index.php/t-1425.html	20050516014213
http://forum.azzurra.org:80/archive/index.php/t-1426.html	20050516014216
http://forum.azzurra.org:80/archive/index.php/t-14260.html	20070507104308
http://forum.azzurra.org:80/archive/index.php/t-14261.html	20070507104325 20080502152928 20080602074331
http://forum.azzurra.org:80/archive/index.php/t-14271.html	20070507104258
http://forum.azzurra.org:80/archive/index.php/t-14282.html	20070507104441
http://forum.azzurra.org:80/archive/index.php/t-14293.html	20080914173034
http://forum.azzurra.org:80/archive/index.php/t-14307.html	20070329011302 20070330222446
http://forum.azzurra.org:80/archive/index.php/t-14317.html	20070507104435
http://forum.azzurra.org:80/archive/index.php/t-14327.html	20080920011638 20091124095331 20100110220604
http://forum.azzurra.org:80/archive/index.php/t-1433.html	20050516014220
http://forum.azzurra.org:80/archive/index.php/t-14334.html	20070507104413
http://forum.azzurra.org:80/archive/index.php/t-14339.html	20101206103126 20170803194033
http://forum.azzurra.org:80/archive/index.php/t-14345.html	20070507122558
http://forum.azzurra.org:80/archive/index.php/t-14347.html	20070507104354
http://forum.azzurra.org:80/archive/index.php/t-14350.html	20070507122506
http://forum.azzurra.org:80/archive/index.php/t-14352.html	20070507122547
http://forum.azzurra.org:80/archive/index.php/t-14354.html	20090515141253
http://forum.azzurra.org:80/archive/index.php/t-14363.html	20070507104554
http://forum.azzurra.org:80/archive/index.php/t-14365.html	20070503233554 20070704145710 20080505085637
http://forum.azzurra.org:80/archive/index.php/t-14366.html	20070502220307 20070704145805
http://forum.azzurra.org:80/archive/index.php/t-14369.html	20070507104457
http://forum.azzurra.org:80/archive/index.php/t-1437.html	20060527213731
http://forum.azzurra.org:80/archive/index.php/t-14371.html	20070427122411 20070507104452 20070528000936 20070630130111 20070813223949
http://forum.azzurra.org:80/archive/index.php/t-14372.html	20080411094839 20080511173332 20080611091152
http://forum.azzurra.org:80/archive/index.php/t-14373.html	20070507104608
http://forum.azzurra.org:80/archive/index.php/t-14374.html	20070714221311
http://forum.azzurra.org:80/archive/index.php/t-14385.html	20080426043239 20080526151651 20080625233132
http://forum.azzurra.org:80/archive/index.php/t-14387.html	20070820153707 20080514170128 20080614072414
http://forum.azzurra.org:80/archive/index.php/t-1439.html	20050515035031 20070211152312
http://forum.azzurra.org:80/archive/index.php/t-144.html	20070810084343 20070902001051 20070909163336 20071010074852
http://forum.azzurra.org:80/archive/index.php/t-14411.html	20070507104508
http://forum.azzurra.org:80/archive/index.php/t-14412.html	20070606095108 20070707030607 20070816055019
http://forum.azzurra.org:80/archive/index.php/t-14413.html	20070714221114
http://forum.azzurra.org:80/archive/index.php/t-14415.html	20070507122608
http://forum.azzurra.org:80/archive/index.php/t-14422.html	20100402235926 20100404011714
http://forum.azzurra.org:80/archive/index.php/t-1443.html	20070211152322
http://forum.azzurra.org:80/archive/index.php/t-14433.html	20090619111326
http://forum.azzurra.org:80/archive/index.php/t-14437.html	20070502220403
http://forum.azzurra.org:80/archive/index.php/t-14439.html	20120927002448
http://forum.azzurra.org:80/archive/index.php/t-1444.html	20050824115311
http://forum.azzurra.org:80/archive/index.php/t-14442.html	20070502220337
http://forum.azzurra.org:80/archive/index.php/t-14445.html	20070902001437
http://forum.azzurra.org:80/archive/index.php/t-14449.html	20070714071650
http://forum.azzurra.org:80/archive/index.php/t-14451.html	20070507122618
http://forum.azzurra.org:80/archive/index.php/t-14452.html	20070507104333
http://forum.azzurra.org:80/archive/index.php/t-14453.html	20090201051638
http://forum.azzurra.org:80/archive/index.php/t-1446.html	20050514082510
http://forum.azzurra.org:80/archive/index.php/t-14462.html	20070507104446
http://forum.azzurra.org:80/archive/index.php/t-14497.html	20070901013334
http://forum.azzurra.org:80/archive/index.php/t-1452.html	20060721201353
http://forum.azzurra.org:80/archive/index.php/t-1453.html	20050516072246
http://forum.azzurra.org:80/archive/index.php/t-1455.html	20050516072303
http://forum.azzurra.org:80/archive/index.php/t-1457.html	20070322113514 20070717001859
http://forum.azzurra.org:80/archive/index.php/t-1458.html	20050503182134
http://forum.azzurra.org:80/archive/index.php/t-14589.html	20070902000804
http://forum.azzurra.org:80/archive/index.php/t-1459.html	20050503182752
http://forum.azzurra.org:80/archive/index.php/t-14591.html	20070704145747
http://forum.azzurra.org:80/archive/index.php/t-14599.html	20070714071929
http://forum.azzurra.org:80/archive/index.php/t-146.html	20050516072239
http://forum.azzurra.org:80/archive/index.php/t-1461.html	20050503180803
http://forum.azzurra.org:80/archive/index.php/t-1462.html	20050503181855
http://forum.azzurra.org:80/archive/index.php/t-14624.html	20080614040641
http://forum.azzurra.org:80/archive/index.php/t-1463.html	20050503182332
http://forum.azzurra.org:80/archive/index.php/t-14633.html	20111127161101
http://forum.azzurra.org:80/archive/index.php/t-1464.html	20080624235046 20090401210117
http://forum.azzurra.org:80/archive/index.php/t-1465.html	20070228125641 20070404191419
http://forum.azzurra.org:80/archive/index.php/t-14662.html	20111127161106
http://forum.azzurra.org:80/archive/index.php/t-1468.html	20050503182712
http://forum.azzurra.org:80/archive/index.php/t-14689.html	20080602003118
http://forum.azzurra.org:80/archive/index.php/t-1471.html	20050516072327
http://forum.azzurra.org:80/archive/index.php/t-1472.html	20070427012234 20070527174757 20070630195226 20070818055729 20071026150759 20080624140933 20080914173039 20090608025344
http://forum.azzurra.org:80/archive/index.php/t-14733.html	20111127161111
http://forum.azzurra.org:80/archive/index.php/t-14749.html	20080505031512
http://forum.azzurra.org:80/archive/index.php/t-1475.html	20050514082514
http://forum.azzurra.org:80/archive/index.php/t-14750.html	20090629041400
http://forum.azzurra.org:80/archive/index.php/t-1476.html	20050516072314
http://forum.azzurra.org:80/archive/index.php/t-14764.html	20080505031517
http://forum.azzurra.org:80/archive/index.php/t-1477.html	20060113073735 20060117054530 20070208123730 20070401014338 20070402060135 20080521041250 20090214210059
http://forum.azzurra.org:80/archive/index.php/t-14793.html	20080505085048
http://forum.azzurra.org:80/archive/index.php/t-1480.html	20050825193851
http://forum.azzurra.org:80/archive/index.php/t-1483.html	20080624140941 20090621031014
http://forum.azzurra.org:80/archive/index.php/t-1489.html	20050819160252 20050827163424
http://forum.azzurra.org:80/archive/index.php/t-14891.html	20080624140943 20090629040532
http://forum.azzurra.org:80/archive/index.php/t-14897.html	20080505085057
http://forum.azzurra.org:80/archive/index.php/t-14898.html	20090307032512
http://forum.azzurra.org:80/archive/index.php/t-149.html	20050516072243
http://forum.azzurra.org:80/archive/index.php/t-1490.html	20050516072318
http://forum.azzurra.org:80/archive/index.php/t-14925.html	20080624140949 20090629040334
http://forum.azzurra.org:80/archive/index.php/t-1493.html	20070718160122
http://forum.azzurra.org:80/archive/index.php/t-1494.html	20050516072323
http://forum.azzurra.org:80/archive/index.php/t-1496.html	20060311010719 20080517163253 20080617034036
http://forum.azzurra.org:80/archive/index.php/t-14974.html	20090629041515
http://forum.azzurra.org:80/archive/index.php/t-1498.html	20050516072250
http://forum.azzurra.org:80/archive/index.php/t-14985.html	20090629040545
http://forum.azzurra.org:80/archive/index.php/t-150.html	20080624230831 20090621014800
http://forum.azzurra.org:80/archive/index.php/t-1501.html	20050619083328 20050620082511 20050817143428 20050823021818 20050823114926 20050826004732 20050827024513 20050828011443 20090619111354
http://forum.azzurra.org:80/archive/index.php/t-1504.html	20060113064518 20060117074323
http://forum.azzurra.org:80/archive/index.php/t-1505.html	20070211152331
http://forum.azzurra.org:80/archive/index.php/t-1508.html	20050819150940 20050827150848
http://forum.azzurra.org:80/archive/index.php/t-1517.html	20070316042715
http://forum.azzurra.org:80/archive/index.php/t-1518.html	20061031213834
http://forum.azzurra.org:80/archive/index.php/t-1521.html	20070307031736
http://forum.azzurra.org:80/archive/index.php/t-1522.html	20060629223743 20070222011412
http://forum.azzurra.org:80/archive/index.php/t-1529.html	20080624140953 20090629041405
http://forum.azzurra.org:80/archive/index.php/t-1531.html	20061031162833
http://forum.azzurra.org:80/archive/index.php/t-1534.html	20050516072330
http://forum.azzurra.org:80/archive/index.php/t-1535.html	20050516072334
http://forum.azzurra.org:80/archive/index.php/t-1537.html	20070902001309
http://forum.azzurra.org:80/archive/index.php/t-1538.html	20080624140958 20090621015315
http://forum.azzurra.org:80/archive/index.php/t-154.html	20070205063035 20070331200545 20070402022214
http://forum.azzurra.org:80/archive/index.php/t-1542.html	20050731090401
http://forum.azzurra.org:80/archive/index.php/t-1546.html	20060616033920 20070217070027 20070404062317
http://forum.azzurra.org:80/archive/index.php/t-1547.html	20050503181205
http://forum.azzurra.org:80/archive/index.php/t-155.html	20080914144626 20100208183946
http://forum.azzurra.org:80/archive/index.php/t-1552.html	20050827044305
http://forum.azzurra.org:80/archive/index.php/t-156.html	20080624141003 20090629035248
http://forum.azzurra.org:80/archive/index.php/t-1561.html	20070211152342
http://forum.azzurra.org:80/archive/index.php/t-1563.html	20070901013859
http://forum.azzurra.org:80/archive/index.php/t-1564.html	20080624141008
http://forum.azzurra.org:80/archive/index.php/t-1566.html	20070510053529 20070609232153 20070710192752 20070815223441 20090130033650 20090303230400 20140121215442 20140222074808
http://forum.azzurra.org:80/archive/index.php/t-1567.html	20070211152352
http://forum.azzurra.org:80/archive/index.php/t-1569.html	20080624141013 20090629041520
http://forum.azzurra.org:80/archive/index.php/t-157.html	20080624141018 20090621015321
http://forum.azzurra.org:80/archive/index.php/t-1570.html	20050516072343
http://forum.azzurra.org:80/archive/index.php/t-1572.html	20050310085532
http://forum.azzurra.org:80/archive/index.php/t-1574.html	20061031080142
http://forum.azzurra.org:80/archive/index.php/t-1575.html	20060408143601
http://forum.azzurra.org:80/archive/index.php/t-1576.html	20050516072347 20050818140944
http://forum.azzurra.org:80/archive/index.php/t-1579.html	20110620021310 20110810181507
http://forum.azzurra.org:80/archive/index.php/t-1583.html	20050607080117
http://forum.azzurra.org:80/archive/index.php/t-1584.html	20050516072351 20050819042645
http://forum.azzurra.org:80/archive/index.php/t-1589.html	20060519173410 20061228215450
http://forum.azzurra.org:80/archive/index.php/t-159.html	20050516072258
http://forum.azzurra.org:80/archive/index.php/t-1591.html	20050516072354 20050818164943
http://forum.azzurra.org:80/archive/index.php/t-1592.html	20050503181552 20050613075728 20050624084631
http://forum.azzurra.org:80/archive/index.php/t-16.html	20050516072255
http://forum.azzurra.org:80/archive/index.php/t-160.html	20050516072307
http://forum.azzurra.org:80/archive/index.php/t-1601.html	20050516072358 20050817070015
http://forum.azzurra.org:80/archive/index.php/t-1602.html	20060519173438 20061228215803
http://forum.azzurra.org:80/archive/index.php/t-1605.html	20050516072402 20050817230122
http://forum.azzurra.org:80/archive/index.php/t-1606.html	20061031032846
http://forum.azzurra.org:80/archive/index.php/t-1607.html	20050729091105
http://forum.azzurra.org:80/archive/index.php/t-1615.html	20061103161810 20061111111008 20061116044518 20061120223733 20061125141035 20070630085347 20070813223154
http://forum.azzurra.org:80/archive/index.php/t-1616.html	20080613175214 20081107005411 20081204074843
http://forum.azzurra.org:80/archive/index.php/t-1617.html	20091006081838
http://forum.azzurra.org:80/archive/index.php/t-1622.html	20060629223810
http://forum.azzurra.org:80/archive/index.php/t-1627.html	20070112151102 20070117135309 20070122212059 20070127183047 20070211152402 20070427011856 20070527163052 20070630125722 20070814192237
http://forum.azzurra.org:80/archive/index.php/t-1638.html	20050514082442
http://forum.azzurra.org:80/archive/index.php/t-1645.html	20050503182357
http://forum.azzurra.org:80/archive/index.php/t-1646.html	20060117055954
http://forum.azzurra.org:80/archive/index.php/t-1649.html	20060113071418 20060117044819
http://forum.azzurra.org:80/archive/index.php/t-1659.html	20050503182719
http://forum.azzurra.org:80/archive/index.php/t-166.html	20050516072310
http://forum.azzurra.org:80/archive/index.php/t-1662.html	20050516072407 20050817072658
http://forum.azzurra.org:80/archive/index.php/t-1667.html	20050516072410 20050818140829
http://forum.azzurra.org:80/archive/index.php/t-1670.html	20080624235051
http://forum.azzurra.org:80/archive/index.php/t-1673.html	20070211152411
http://forum.azzurra.org:80/archive/index.php/t-1676.html	20060822003910 20060822025027 20070514045931 20070613181410 20070814192839 20090731132804
http://forum.azzurra.org:80/archive/index.php/t-1677.html	20050516072415
http://forum.azzurra.org:80/archive/index.php/t-168.html	20090703222336
http://forum.azzurra.org:80/archive/index.php/t-1682.html	20050516072418
http://forum.azzurra.org:80/archive/index.php/t-1683.html	20050826195313
http://forum.azzurra.org:80/archive/index.php/t-1690.html	20060822114859 20070323194334 20070325172217
http://forum.azzurra.org:80/archive/index.php/t-1694.html	20060629224402
http://forum.azzurra.org:80/archive/index.php/t-1695.html	20080624141024 20090629040550
http://forum.azzurra.org:80/archive/index.php/t-1697.html	20050211101043
http://forum.azzurra.org:80/archive/index.php/t-1706.html	20120615203716
http://forum.azzurra.org:80/archive/index.php/t-1715.html	20050827125948
http://forum.azzurra.org:80/archive/index.php/t-1716.html	20080624141029 20090621015329
http://forum.azzurra.org:80/archive/index.php/t-1719.html	20070718155819
http://forum.azzurra.org:80/archive/index.php/t-1724.html	20090629044708
http://forum.azzurra.org:80/archive/index.php/t-1729.html	20060113055339 20060117051426
http://forum.azzurra.org:80/archive/index.php/t-173.html	20050516072339
http://forum.azzurra.org:80/archive/index.php/t-1730.html	20050516072423 20050816224954
http://forum.azzurra.org:80/archive/index.php/t-1737.html	20060113062319 20060117075221 20070531101929 20070701081804 20070814192828
http://forum.azzurra.org:80/archive/index.php/t-1739	20070502075203 20070601202930 20070702212702 20070813223808
http://forum.azzurra.org:80/archive/index.php/t-1739.html	20081102075620 20081102075620 20081204074849 20090301144038
http://forum.azzurra.org:80/archive/index.php/t-1743.html	20070714221359
http://forum.azzurra.org:80/archive/index.php/t-1744.html	20050514082445
http://forum.azzurra.org:80/archive/index.php/t-1745.html	20060113063406 20060117045433
http://forum.azzurra.org:80/archive/index.php/t-1748.html	20060113055404 20060117081153
http://forum.azzurra.org:80/archive/index.php/t-1751.html	20050127091449 20050129094436 20050215092223 20050414080729 20050514082517 20050724084620 20050914165504 20050920161248 20061031213356
http://forum.azzurra.org:80/archive/index.php/t-1753.html	20070211152422
http://forum.azzurra.org:80/archive/index.php/t-1754.html	20070205052438 20070331195343 20070402022012
http://forum.azzurra.org:80/archive/index.php/t-1759.html	20050516072426 20050818191244
http://forum.azzurra.org:80/archive/index.php/t-176.html	20050516144821
http://forum.azzurra.org:80/archive/index.php/t-1763.html	20060629224414
http://forum.azzurra.org:80/archive/index.php/t-1764.html	20050516144833
http://forum.azzurra.org:80/archive/index.php/t-1765.html	20050516144837
http://forum.azzurra.org:80/archive/index.php/t-1767.html	20060113070615 20060117062937 20070427012214 20070510025929 20070527142643 20070701002412 20070814192441
http://forum.azzurra.org:80/archive/index.php/t-1770.html	20070211152432
http://forum.azzurra.org:80/archive/index.php/t-1771.html	20050514082429 20061031162644
http://forum.azzurra.org:80/archive/index.php/t-1774.html	20060117082331 20101001035649 20120203234407
http://forum.azzurra.org:80/archive/index.php/t-1777.html	20060629224430 20070222011020
http://forum.azzurra.org:80/archive/index.php/t-1779.html	20070717001728
http://forum.azzurra.org:80/archive/index.php/t-178.html	20070630085507 20070817172304
http://forum.azzurra.org:80/archive/index.php/t-1781.html	20070718155524
http://forum.azzurra.org:80/archive/index.php/t-1785.html	20080624235056 20090703222341
http://forum.azzurra.org:80/archive/index.php/t-1793.html	20070211152442
http://forum.azzurra.org:80/archive/index.php/t-1797.html	20090221072736
http://forum.azzurra.org:80/archive/index.php/t-1798.html	20050516144841
http://forum.azzurra.org:80/archive/index.php/t-1799.html	20050516144844
http://forum.azzurra.org:80/archive/index.php/t-18.html	20050516144816
http://forum.azzurra.org:80/archive/index.php/t-1800.html	20080624234920 20090629040343
http://forum.azzurra.org:80/archive/index.php/t-1801.html	20070718123802 20090522134514
http://forum.azzurra.org:80/archive/index.php/t-1802.html	20060113060554 20060117043801
http://forum.azzurra.org:80/archive/index.php/t-1804.html	20050802105426
http://forum.azzurra.org:80/archive/index.php/t-1811.html	20050516144801
http://forum.azzurra.org:80/archive/index.php/t-1813.html	20050503180833
http://forum.azzurra.org:80/archive/index.php/t-1815.html	20050827072147
http://forum.azzurra.org:80/archive/index.php/t-1817.html	20061031075659
http://forum.azzurra.org:80/archive/index.php/t-183.html	20081212041656 20081223045617 20090207084837 20110619220427 20110728151113
http://forum.azzurra.org:80/archive/index.php/t-1833.html	20060113061527 20060117075517
http://forum.azzurra.org:80/archive/index.php/t-1835.html	20050516144849 20070323173003
http://forum.azzurra.org:80/archive/index.php/t-1838.html	20061031032446 20070204045733 20070331195908 20070402022148 20101217070227
http://forum.azzurra.org:80/archive/index.php/t-1840.html	20080624141034 20100202132208
http://forum.azzurra.org:80/archive/index.php/t-185.html	20050516144809
http://forum.azzurra.org:80/archive/index.php/t-1850.html	20050816225839 20050827081600
http://forum.azzurra.org:80/archive/index.php/t-1851.html	20050516144853
http://forum.azzurra.org:80/archive/index.php/t-1854.html	20090709093519
http://forum.azzurra.org:80/archive/index.php/t-1858.html	20050728103838
http://forum.azzurra.org:80/archive/index.php/t-1860.html	20050514082521
http://forum.azzurra.org:80/archive/index.php/t-1865.html	20070211151816
http://forum.azzurra.org:80/archive/index.php/t-1866.html	20070902001314
http://forum.azzurra.org:80/archive/index.php/t-187.html	20080624141039
http://forum.azzurra.org:80/archive/index.php/t-1870-p-2.html	20081025043159
http://forum.azzurra.org:80/archive/index.php/t-1870.html	20081024110538
http://forum.azzurra.org:80/archive/index.php/t-1874.html	20050516144857
http://forum.azzurra.org:80/archive/index.php/t-1879.html	20090515114648
http://forum.azzurra.org:80/archive/index.php/t-188.html	20080624141044 20090629041415
http://forum.azzurra.org:80/archive/index.php/t-1880.html	20070211152452
http://forum.azzurra.org:80/archive/index.php/t-1887.html	20070902001617
http://forum.azzurra.org:80/archive/index.php/t-189.html	20080624141051
http://forum.azzurra.org:80/archive/index.php/t-1895.html	20050516144900
http://forum.azzurra.org:80/archive/index.php/t-190.html	20050516144756
http://forum.azzurra.org:80/archive/index.php/t-1902.html	20070211152502
http://forum.azzurra.org:80/archive/index.php/t-1903.html	20070317234315 20070321041115
http://forum.azzurra.org:80/archive/index.php/t-1907.html	20061027180737 20061103054956 20061112005542 20061116154241 20061121060712 20061125234205 20061130202219
http://forum.azzurra.org:80/archive/index.php/t-1908.html	20070211152512
http://forum.azzurra.org:80/archive/index.php/t-1909.html	20050520192437 20070717001908
http://forum.azzurra.org:80/archive/index.php/t-1910.html	20070211152521
http://forum.azzurra.org:80/archive/index.php/t-1912-p-2.html	20070714114306
http://forum.azzurra.org:80/archive/index.php/t-1912.html	20070712203747 20070716140720 20070816193630
http://forum.azzurra.org:80/archive/index.php/t-1913.html	20070714221458
http://forum.azzurra.org:80/archive/index.php/t-1915.html	20080624230836
http://forum.azzurra.org:80/archive/index.php/t-1917.html	20050503181818
http://forum.azzurra.org:80/archive/index.php/t-1918.html	20050503182401
http://forum.azzurra.org:80/archive/index.php/t-192.html	20070902001340
http://forum.azzurra.org:80/archive/index.php/t-1924.html	20050531074124 20050817082308
http://forum.azzurra.org:80/archive/index.php/t-1925.html	20050514082526
http://forum.azzurra.org:80/archive/index.php/t-1929.html	20070715225206 20080423113609 20080523202047 20080623054301
http://forum.azzurra.org:80/archive/index.php/t-1931.html	20070525053914 20070701002516 20070816055200
http://forum.azzurra.org:80/archive/index.php/t-1936.html	20080510143942 20080610013712 20090425072131
http://forum.azzurra.org:80/archive/index.php/t-1937.html	20050731091713
http://forum.azzurra.org:80/archive/index.php/t-1940.html	20050503182534
http://forum.azzurra.org:80/archive/index.php/t-1943.html	20060113072642 20060117075245
http://forum.azzurra.org:80/archive/index.php/t-1944.html	20070223210216
http://forum.azzurra.org:80/archive/index.php/t-1947.html	20070510210124
http://forum.azzurra.org:80/archive/index.php/t-1951.html	20070221044215 20070404101415
http://forum.azzurra.org:80/archive/index.php/t-1954-p-2.html	20070315133814
http://forum.azzurra.org:80/archive/index.php/t-1954-p-3.html	20070312213223 20070314124440
http://forum.azzurra.org:80/archive/index.php/t-1954-p-4.html	20070315133824
http://forum.azzurra.org:80/archive/index.php/t-1954-p-5.html	20070315133835
http://forum.azzurra.org:80/archive/index.php/t-1954.html	20070315133804
http://forum.azzurra.org:80/archive/index.php/t-1958.html	20080624235104
http://forum.azzurra.org:80/archive/index.php/t-1960.html	20061029093734 20061103054809 20061111110816 20061116044731 20061120223746 20061125141023
http://forum.azzurra.org:80/archive/index.php/t-1973.html	20050816081138 20050827073829
http://forum.azzurra.org:80/archive/index.php/t-1975.html	20070211152532
http://forum.azzurra.org:80/archive/index.php/t-1977.html	20050516144905
http://forum.azzurra.org:80/archive/index.php/t-1978.html	20070112032147 20070116180431 20070122011744 20070127075804 20080415054802 20080515174330 20080615034007 20080715061028 20080803224952
http://forum.azzurra.org:80/archive/index.php/t-1981.html	20060113062135 20060117062303
http://forum.azzurra.org:80/archive/index.php/t-1982.html	20070315200932 20080420131922 20080521064832 20080620184355 20081205124608
http://forum.azzurra.org:80/archive/index.php/t-1992.html	20070718011041
http://forum.azzurra.org:80/archive/index.php/t-1993.html	20070211152542
http://forum.azzurra.org:80/archive/index.php/t-1997.html	20070306194307
http://forum.azzurra.org:80/archive/index.php/t-20.html	20070902001335
http://forum.azzurra.org:80/archive/index.php/t-2002.html	20060629224442
http://forum.azzurra.org:80/archive/index.php/t-2004.html	20050503180843
http://forum.azzurra.org:80/archive/index.php/t-2005.html	20050514082530 20050816225043
http://forum.azzurra.org:80/archive/index.php/t-2007.html	20061031213846
http://forum.azzurra.org:80/archive/index.php/t-2011.html	20060113073801 20060117075546 20060822045628 20061016154202
http://forum.azzurra.org:80/archive/index.php/t-2013.html	20050520194204 20060113052848 20060117045159
http://forum.azzurra.org:80/archive/index.php/t-2018.html	20080430011646
http://forum.azzurra.org:80/archive/index.php/t-202.html	20080624141056 20090621031020
http://forum.azzurra.org:80/archive/index.php/t-2022.html	20080430020148
http://forum.azzurra.org:80/archive/index.php/t-2025.html	20080430014950 20080928151940 20090304015329
http://forum.azzurra.org:80/archive/index.php/t-2026.html	20070211152552
http://forum.azzurra.org:80/archive/index.php/t-2027.html	20080430011651
http://forum.azzurra.org:80/archive/index.php/t-2028.html	20080430020153
http://forum.azzurra.org:80/archive/index.php/t-2029.html	20050516144909
http://forum.azzurra.org:80/archive/index.php/t-2030.html	20070902001244
http://forum.azzurra.org:80/archive/index.php/t-2031.html	20070302095940 20070310060412 20070630084825 20070816193230 20070817005521
http://forum.azzurra.org:80/archive/index.php/t-2032.html	20050801082705 20061027004844 20070323141422 20080430011656
http://forum.azzurra.org:80/archive/index.php/t-2033.html	20060113073238 20060117062633
http://forum.azzurra.org:80/archive/index.php/t-2034.html	20050405124957 20050830023254 20080430014955
http://forum.azzurra.org:80/archive/index.php/t-2038.html	20070315200714 20080430020157
http://forum.azzurra.org:80/archive/index.php/t-2039.html	20080430020203
http://forum.azzurra.org:80/archive/index.php/t-2040.html	20051107100028 20080430020208
http://forum.azzurra.org:80/archive/index.php/t-2042-p-2.html	20070427063655 20070502134049 20070527142955 20070701002454 20070704113338 20070816193538 20070817005532
http://forum.azzurra.org:80/archive/index.php/t-2042-p-3.html	20070430071627 20070702152622
http://forum.azzurra.org:80/archive/index.php/t-2042.html	20060627060539 20070430071255 20070702152852 20091029083459 20100110133030
http://forum.azzurra.org:80/archive/index.php/t-2043.html	20080527235347 20080629024541
http://forum.azzurra.org:80/archive/index.php/t-2045.html	20080430011701
http://forum.azzurra.org:80/archive/index.php/t-2046.html	20080624234925 20090629044723
http://forum.azzurra.org:80/archive/index.php/t-2047.html	20070225013022 20070321073526 20080430015000 20090127041153 20090228182516 20101216044736
http://forum.azzurra.org:80/archive/index.php/t-2048.html	20080430011706
http://forum.azzurra.org:80/archive/index.php/t-205.html	20080624230842 20090621015338
http://forum.azzurra.org:80/archive/index.php/t-2053.html	20050514082533 20050818013530
http://forum.azzurra.org:80/archive/index.php/t-2054.html	20070902001254
http://forum.azzurra.org:80/archive/index.php/t-2055.html	20050817201549 20050826182920 20061031162544
http://forum.azzurra.org:80/archive/index.php/t-2064.html	20080430020213
http://forum.azzurra.org:80/archive/index.php/t-2067.html	20050511085702
http://forum.azzurra.org:80/archive/index.php/t-2070.html	20080430011712 20081004045726 20081204074930
http://forum.azzurra.org:80/archive/index.php/t-2073.html	20080430015005
http://forum.azzurra.org:80/archive/index.php/t-2074.html	20080430011717 20131114005420
http://forum.azzurra.org:80/archive/index.php/t-2075.html	20050114094542 20080430020650
http://forum.azzurra.org:80/archive/index.php/t-2076.html	20080430015010
http://forum.azzurra.org:80/archive/index.php/t-2080.html	20080624141101
http://forum.azzurra.org:80/archive/index.php/t-2083.html	20080430020218
http://forum.azzurra.org:80/archive/index.php/t-2087.html	20080430015015
http://forum.azzurra.org:80/archive/index.php/t-2094.html	20070718010919
http://forum.azzurra.org:80/archive/index.php/t-2098.html	20070716175108 20070816113214 20080430020655
http://forum.azzurra.org:80/archive/index.php/t-2099.html	20060427034729 20080430011722
http://forum.azzurra.org:80/archive/index.php/t-2101.html	20080624230847
http://forum.azzurra.org:80/archive/index.php/t-2103.html	20050503181802
http://forum.azzurra.org:80/archive/index.php/t-2106.html	20080430011726
http://forum.azzurra.org:80/archive/index.php/t-2110.html	20080430020700
http://forum.azzurra.org:80/archive/index.php/t-2115.html	20050511235452 20050803085649
http://forum.azzurra.org:80/archive/index.php/t-2119.html	20050516144914
http://forum.azzurra.org:80/archive/index.php/t-2121.html	20060616143341 20061016001046 20080430020705
http://forum.azzurra.org:80/archive/index.php/t-2123.html	20050503182327
http://forum.azzurra.org:80/archive/index.php/t-2124.html	20080430020223 20090325103333
http://forum.azzurra.org:80/archive/index.php/t-2129.html	20080430020710
http://forum.azzurra.org:80/archive/index.php/t-2130.html	20080430015020
http://forum.azzurra.org:80/archive/index.php/t-2131.html	20050511235701 20070830023541 20081207034400
http://forum.azzurra.org:80/archive/index.php/t-2132.html	20070322113525
http://forum.azzurra.org:80/archive/index.php/t-2133.html	20060113061550 20060117065414
http://forum.azzurra.org:80/archive/index.php/t-2136.html	20080430020228
http://forum.azzurra.org:80/archive/index.php/t-2138.html	20080430020715
http://forum.azzurra.org:80/archive/index.php/t-214.html	20070827020438
http://forum.azzurra.org:80/archive/index.php/t-2140.html	20060113065246 20060117043119
http://forum.azzurra.org:80/archive/index.php/t-2141.html	20050321095157 20070508211519 20070608072716 20070709040038 20070813223818 20080430015025 20100615002855
http://forum.azzurra.org:80/archive/index.php/t-2144.html	20060426234114 20060616182254
http://forum.azzurra.org:80/archive/index.php/t-2147-p-2.html	20070203100359 20070331164316 20070402002016 20070831074535 20120809235649
http://forum.azzurra.org:80/archive/index.php/t-2147.html	20050310085940 20050613081258 20050728104425 20070830023105 20080430020721 20120810153141
http://forum.azzurra.org:80/archive/index.php/t-2148.html	20070211152602 20120302084509 20120503004649
http://forum.azzurra.org:80/archive/index.php/t-2151.html	20080430015030
http://forum.azzurra.org:80/archive/index.php/t-2156.html	20050516144918
http://forum.azzurra.org:80/archive/index.php/t-2162.html	20080430020233 20080513143600 20080613200438
http://forum.azzurra.org:80/archive/index.php/t-2164.html	20070713232642 20080517163257 20080617034042
http://forum.azzurra.org:80/archive/index.php/t-2166.html	20070901013254
http://forum.azzurra.org:80/archive/index.php/t-2167.html	20080430020238
http://forum.azzurra.org:80/archive/index.php/t-217.html	20080624234930 20090703225726
http://forum.azzurra.org:80/archive/index.php/t-2180.html	20080430015035
http://forum.azzurra.org:80/archive/index.php/t-2183.html	20060113054404 20060117065530 20070430063306 20070531193127 20070701132658 20070816055401
http://forum.azzurra.org:80/archive/index.php/t-2184.html	20080430015040
http://forum.azzurra.org:80/archive/index.php/t-219.html	20050516144825
http://forum.azzurra.org:80/archive/index.php/t-2192.html	20080430020243
http://forum.azzurra.org:80/archive/index.php/t-2199.html	20080430015045
http://forum.azzurra.org:80/archive/index.php/t-220.html	20061031080129
http://forum.azzurra.org:80/archive/index.php/t-2200.html	20050516144805
http://forum.azzurra.org:80/archive/index.php/t-2201.html	20080430011731
http://forum.azzurra.org:80/archive/index.php/t-2202.html	20080430020248
http://forum.azzurra.org:80/archive/index.php/t-2203.html	20080430020726
http://forum.azzurra.org:80/archive/index.php/t-2205.html	20070304085041
http://forum.azzurra.org:80/archive/index.php/t-2209.html	20070717001759
http://forum.azzurra.org:80/archive/index.php/t-2212.html	20050516144922
http://forum.azzurra.org:80/archive/index.php/t-2213.html	20080513002943 20080612094119
http://forum.azzurra.org:80/archive/index.php/t-2215.html	20070211152612
http://forum.azzurra.org:80/archive/index.php/t-2219.html	20070301034253 20100618040732
http://forum.azzurra.org:80/archive/index.php/t-222.html	20070501062500 20070531193838 20070701102730 20070817005419
http://forum.azzurra.org:80/archive/index.php/t-2220.html	20070713232247
http://forum.azzurra.org:80/archive/index.php/t-2222.html	20060528093700 20080430015051
http://forum.azzurra.org:80/archive/index.php/t-2224.html	20080430011737
http://forum.azzurra.org:80/archive/index.php/t-2229.html	20070617134051 20070818033416 20080430020253 20080915062145 20101014170012 20130115002616
http://forum.azzurra.org:80/archive/index.php/t-2230.html	20080430020730
http://forum.azzurra.org:80/archive/index.php/t-2235.html	20050729092442 20080430020735
http://forum.azzurra.org:80/archive/index.php/t-2236.html	20050516144926
http://forum.azzurra.org:80/archive/index.php/t-2238.html	20050516144812
http://forum.azzurra.org:80/archive/index.php/t-2240.html	20070929222009 20071001161107 20071002233748 20071005003503 20071006013205 20071007074353 20071008164303 20071009235938
http://forum.azzurra.org:80/archive/index.php/t-2242.html	20080430020740
http://forum.azzurra.org:80/archive/index.php/t-2243.html	20050516144931
http://forum.azzurra.org:80/archive/index.php/t-2244.html	20060822070733 20070303215151 20080430011742
http://forum.azzurra.org:80/archive/index.php/t-2245.html	20080430020746
http://forum.azzurra.org:80/archive/index.php/t-2246.html	20070910134034 20070910203009 20080430020258
http://forum.azzurra.org:80/archive/index.php/t-2248.html	20070321073537 20080430011747 20080505121932 20080604194044
http://forum.azzurra.org:80/archive/index.php/t-225.html	20050516144828
http://forum.azzurra.org:80/archive/index.php/t-2250.html	20060113062750 20060117072356
http://forum.azzurra.org:80/archive/index.php/t-2251.html	20060519173450 20061228214851
http://forum.azzurra.org:80/archive/index.php/t-2258.html	20050503182818
http://forum.azzurra.org:80/archive/index.php/t-2259.html	20080430015055
http://forum.azzurra.org:80/archive/index.php/t-2261.html	20080430020751
http://forum.azzurra.org:80/archive/index.php/t-2263.html	20080430020756
http://forum.azzurra.org:80/archive/index.php/t-2267.html	20070716102616
http://forum.azzurra.org:80/archive/index.php/t-2268.html	20080430020303
http://forum.azzurra.org:80/archive/index.php/t-2270.html	20060715021802 20071014025223 20101106000154 20101207162358
http://forum.azzurra.org:80/archive/index.php/t-2272.html	20080430011752 20120627080521
http://forum.azzurra.org:80/archive/index.php/t-2273.html	20080430015707
http://forum.azzurra.org:80/archive/index.php/t-2274.html	20050516144935
http://forum.azzurra.org:80/archive/index.php/t-2283.html	20050516144938
http://forum.azzurra.org:80/archive/index.php/t-2286.html	20050414081815 20050511235613 20050819002606 20050907051755
http://forum.azzurra.org:80/archive/index.php/t-2288.html	20050516144943
http://forum.azzurra.org:80/archive/index.php/t-2291.html	20080430020801
http://forum.azzurra.org:80/archive/index.php/t-2294.html	20050516144946
http://forum.azzurra.org:80/archive/index.php/t-2299.html	20050511235705
http://forum.azzurra.org:80/archive/index.php/t-230.html	20050120093009
http://forum.azzurra.org:80/archive/index.php/t-2302.html	20080430011757
http://forum.azzurra.org:80/archive/index.php/t-2303.html	20050322092637 20050424075835 20050818125631 20070224134648 20070304114819 20071022034953 20080430015712 20080707064440 20080708083219 20080712234919 20080714060620 20080803224957 20090214210305
http://forum.azzurra.org:80/archive/index.php/t-2308.html	20050516203128
http://forum.azzurra.org:80/archive/index.php/t-231.html	20080624141106 20090621031031
http://forum.azzurra.org:80/archive/index.php/t-2310.html	20080430020807
http://forum.azzurra.org:80/archive/index.php/t-232.html	20080513143616 20080613200442
http://forum.azzurra.org:80/archive/index.php/t-2322.html	20080430020308
http://forum.azzurra.org:80/archive/index.php/t-2325.html	20050516203138
http://forum.azzurra.org:80/archive/index.php/t-2329.html	20050511235527 20070902000820
http://forum.azzurra.org:80/archive/index.php/t-2331.html	20050516203150
http://forum.azzurra.org:80/archive/index.php/t-2333.html	20081002032339 20081202190951
http://forum.azzurra.org:80/archive/index.php/t-2334.html	20050511235657
http://forum.azzurra.org:80/archive/index.php/t-2336.html	20080430020313
http://forum.azzurra.org:80/archive/index.php/t-2338.html	20050514082537 20050816090233
http://forum.azzurra.org:80/archive/index.php/t-2339.html	20080430020812
http://forum.azzurra.org:80/archive/index.php/t-234.html	20070715111805
http://forum.azzurra.org:80/archive/index.php/t-2340.html	20070427012103 20070527174911 20070630145748 20070815223330 20081027182226
http://forum.azzurra.org:80/archive/index.php/t-2342.html	20080430011802 20080607053914 20100325172035
http://forum.azzurra.org:80/archive/index.php/t-2344.html	20061103055102 20061111111020 20061116044745 20061125141238 20061130095157 20070620214735 20070821085306 20070920193715 20070922013501 20070923053305 20070929152541 20071001121252 20071002162055 20071005004224 20071006072005 20071007175844 20071008210518 20071009215218 20071026090547 20091016040234 20100110125516
http://forum.azzurra.org:80/archive/index.php/t-2345.html	20080430020816
http://forum.azzurra.org:80/archive/index.php/t-2349.html	20050511235455
http://forum.azzurra.org:80/archive/index.php/t-235.html	20080624141111 20090629044728
http://forum.azzurra.org:80/archive/index.php/t-2350.html	20050511235653
http://forum.azzurra.org:80/archive/index.php/t-2351.html	20050516203154
http://forum.azzurra.org:80/archive/index.php/t-2354.html	20050511235508 20050818054429
http://forum.azzurra.org:80/archive/index.php/t-2358.html	20070302132700 20080430011807
http://forum.azzurra.org:80/archive/index.php/t-2362.html	20050511235449 20070112031858 20070116175935 20070122012413 20070127080036 20070528082332 20070630115404 20070814192404 20070901014247 20070926031746 20070929222101 20071001161123 20071002210902 20071005003518 20071006013357 20071007055541 20071008212558 20071010022658
http://forum.azzurra.org:80/archive/index.php/t-2366.html	20050503181221
http://forum.azzurra.org:80/archive/index.php/t-2367.html	20080430015717
http://forum.azzurra.org:80/archive/index.php/t-237.html	20050516203142
http://forum.azzurra.org:80/archive/index.php/t-2373.html	20050503181539
http://forum.azzurra.org:80/archive/index.php/t-2377.html	20070303125727 20080430020318
http://forum.azzurra.org:80/archive/index.php/t-238.html	20050516203146
http://forum.azzurra.org:80/archive/index.php/t-2382.html	20080430020821
http://forum.azzurra.org:80/archive/index.php/t-2383.html	20050511235621 20050819145935
http://forum.azzurra.org:80/archive/index.php/t-2384.html	20050511235436 20070902000704
http://forum.azzurra.org:80/archive/index.php/t-239.html	20080624141116
http://forum.azzurra.org:80/archive/index.php/t-2392.html	20050511235523
http://forum.azzurra.org:80/archive/index.php/t-2396.html	20080430020826
http://forum.azzurra.org:80/archive/index.php/t-2398.html	20070211152624
http://forum.azzurra.org:80/archive/index.php/t-24.html	20080917193643 20090119090930 20090220090202 20090221161058
http://forum.azzurra.org:80/archive/index.php/t-240.html	20050820090429 20050824163321
http://forum.azzurra.org:80/archive/index.php/t-2401.html	20080430015722
http://forum.azzurra.org:80/archive/index.php/t-2406.html	20080430012112
http://forum.azzurra.org:80/archive/index.php/t-2407.html	20080430012118
http://forum.azzurra.org:80/archive/index.php/t-241.html	20080624234935
http://forum.azzurra.org:80/archive/index.php/t-2416.html	20080624141121
http://forum.azzurra.org:80/archive/index.php/t-2418.html	20080624231109 20090629040555
http://forum.azzurra.org:80/archive/index.php/t-242.html	20061031032246
http://forum.azzurra.org:80/archive/index.php/t-2421.html	20050516203158
http://forum.azzurra.org:80/archive/index.php/t-2424.html	20080430015727
http://forum.azzurra.org:80/archive/index.php/t-2425-p-2.html	20070225101113 20070903045104 20090329091641
http://forum.azzurra.org:80/archive/index.php/t-2425.html	20070223210228 20070902000816 20080430012124
http://forum.azzurra.org:80/archive/index.php/t-243.html	20050516203133
http://forum.azzurra.org:80/archive/index.php/t-2435.html	20060629224457
http://forum.azzurra.org:80/archive/index.php/t-2438.html	20050516203202
http://forum.azzurra.org:80/archive/index.php/t-244.html	20080624141126 20090629035257
http://forum.azzurra.org:80/archive/index.php/t-2440.html	20050516203125
http://forum.azzurra.org:80/archive/index.php/t-2442.html	20050322094052 20050511235432 20060813151721 20060813174621 20061024114321 20070224164443 20070422230241 20070523051348 20070630125500 20070814192626 20070921064711 20070922070852 20090404113840
http://forum.azzurra.org:80/archive/index.php/t-2446.html	20100920231000
http://forum.azzurra.org:80/archive/index.php/t-245.html	20080624141131
http://forum.azzurra.org:80/archive/index.php/t-2455.html	20080624235106 20090629035302
http://forum.azzurra.org:80/archive/index.php/t-2458.html	20080916115548 20090120072430 20090220172242
http://forum.azzurra.org:80/archive/index.php/t-2460.html	20080615093036 20100623030207 20140405043719
http://forum.azzurra.org:80/archive/index.php/t-2461.html	20080430015732 20080430193525 20080531051831 20080630220847 20091024043235 20100110060205
http://forum.azzurra.org:80/archive/index.php/t-2463.html	20050514082426
http://forum.azzurra.org:80/archive/index.php/t-2468.html	20050511235601
http://forum.azzurra.org:80/archive/index.php/t-2471.html	20050511235649
http://forum.azzurra.org:80/archive/index.php/t-2473.html	20070902001441
http://forum.azzurra.org:80/archive/index.php/t-2477.html	20070323230923 20070325081856
http://forum.azzurra.org:80/archive/index.php/t-2478.html	20070509033837 20070608201641 20070709163408 20070817171712
http://forum.azzurra.org:80/archive/index.php/t-2487.html	20060519173503 20061228215334
http://forum.azzurra.org:80/archive/index.php/t-2491.html	20080430015737
http://forum.azzurra.org:80/archive/index.php/t-2492.html	20050205084629 20060408143639 20080430012129
http://forum.azzurra.org:80/archive/index.php/t-2497.html	20050511235500
http://forum.azzurra.org:80/archive/index.php/t-2498.html	20050511235440 20070902001130
http://forum.azzurra.org:80/archive/index.php/t-2501.html	20080624230852
http://forum.azzurra.org:80/archive/index.php/t-2502.html	20080430015742 20081224032026 20090207084852 20110317043047 20110728171347 20110828195217 20131009050958 20160407073900 20160512001842
http://forum.azzurra.org:80/archive/index.php/t-2503.html	20070713232139
http://forum.azzurra.org:80/archive/index.php/t-2507.html	20080430020833
http://forum.azzurra.org:80/archive/index.php/t-2508.html	20050511235645
http://forum.azzurra.org:80/archive/index.php/t-2511.html	20080430020323
http://forum.azzurra.org:80/archive/index.php/t-2512.html	20050516203207
http://forum.azzurra.org:80/archive/index.php/t-2514.html	20050411081048 20050511235545 20090520004424 20130718183930
http://forum.azzurra.org:80/archive/index.php/t-2516.html	20050516203211
http://forum.azzurra.org:80/archive/index.php/t-2518.html	20050511235617 20050817112253 20070902001103
http://forum.azzurra.org:80/archive/index.php/t-2519.html	20070901013152
http://forum.azzurra.org:80/archive/index.php/t-2521.html	20050503182315
http://forum.azzurra.org:80/archive/index.php/t-2531.html	20050516203214
http://forum.azzurra.org:80/archive/index.php/t-2533.html	20050503182825
http://forum.azzurra.org:80/archive/index.php/t-2535.html	20071013020119
http://forum.azzurra.org:80/archive/index.php/t-2536.html	20070427101255 20070527174445 20070630190644 20070813223747 20071022034958 20080430015747 20080613170922 20081210073358
http://forum.azzurra.org:80/archive/index.php/t-2538.html	20050516203218
http://forum.azzurra.org:80/archive/index.php/t-2540.html	20050516203223
http://forum.azzurra.org:80/archive/index.php/t-2544.html	20070211152633
http://forum.azzurra.org:80/archive/index.php/t-2545.html	20060629224510
http://forum.azzurra.org:80/archive/index.php/t-2546.html	20070224134432 20070404191810 20080430015752 20080529045636 20080629024546 20091016040303 20100111030930 20130219064704 20160502140652 20160727233732
http://forum.azzurra.org:80/archive/index.php/t-2549.html	20060629224522
http://forum.azzurra.org:80/archive/index.php/t-2552.html	20050516203227
http://forum.azzurra.org:80/archive/index.php/t-2553.html	20050511235604 20070830023038
http://forum.azzurra.org:80/archive/index.php/t-2555.html	20080430020838
http://forum.azzurra.org:80/archive/index.php/t-2557.html	20050511235444 20070901013733
http://forum.azzurra.org:80/archive/index.php/t-2558.html	20080430015757
http://forum.azzurra.org:80/archive/index.php/t-256.html	20060113072707 20060117082759
http://forum.azzurra.org:80/archive/index.php/t-2561.html	20050516203230
http://forum.azzurra.org:80/archive/index.php/t-2564.html	20070223060801 20070404192317 20080430012135
http://forum.azzurra.org:80/archive/index.php/t-2565.html	20080430020843
http://forum.azzurra.org:80/archive/index.php/t-2566.html	20080430020848
http://forum.azzurra.org:80/archive/index.php/t-2567.html	20080430020854
http://forum.azzurra.org:80/archive/index.php/t-2568.html	20080430020328
http://forum.azzurra.org:80/archive/index.php/t-2569.html	20080430012140
http://forum.azzurra.org:80/archive/index.php/t-257.html	20060117081839
http://forum.azzurra.org:80/archive/index.php/t-2570.html	20080430020858
http://forum.azzurra.org:80/archive/index.php/t-2571.html	20080430020333
http://forum.azzurra.org:80/archive/index.php/t-2572.html	20080430020910
http://forum.azzurra.org:80/archive/index.php/t-2573.html	20070211152642
http://forum.azzurra.org:80/archive/index.php/t-2574.html	20050516203234
http://forum.azzurra.org:80/archive/index.php/t-2575.html	20060814213538 20070302100411 20070310040920 20080430012145 20080919235330 20090221072931
http://forum.azzurra.org:80/archive/index.php/t-2576.html	20070630161315 20070814192122
http://forum.azzurra.org:80/archive/index.php/t-2578.html	20060127004208
http://forum.azzurra.org:80/archive/index.php/t-258.html	20080624141138
http://forum.azzurra.org:80/archive/index.php/t-2580.html	20080430012150
http://forum.azzurra.org:80/archive/index.php/t-2581.html	20050511235709
http://forum.azzurra.org:80/archive/index.php/t-2582.html	20050511235555 20050817022405
http://forum.azzurra.org:80/archive/index.php/t-2584.html	20050503180855 20060404213951 20060427055305 20060528093538 20060831120220 20061024051422 20070105070728 20070110044519 20070114215006 20070119232122 20070125105531 20070227230453 20080919035807 20081107012534 20090125083733 20090228185500
http://forum.azzurra.org:80/archive/index.php/t-2590.html	20050516203238
http://forum.azzurra.org:80/archive/index.php/t-2591.html	20080430020338
http://forum.azzurra.org:80/archive/index.php/t-2593.html	20050516203242
http://forum.azzurra.org:80/archive/index.php/t-2594.html	20050516203246
http://forum.azzurra.org:80/archive/index.php/t-260.html	20060113060958 20060117055454
http://forum.azzurra.org:80/archive/index.php/t-2601.html	20080430020910
http://forum.azzurra.org:80/archive/index.php/t-2606.html	20060113055452 20060117083106
http://forum.azzurra.org:80/archive/index.php/t-2607.html	20080430012155
http://forum.azzurra.org:80/archive/index.php/t-2608.html	20080430012201
http://forum.azzurra.org:80/archive/index.php/t-261.html	20050211102307 20071024131028
http://forum.azzurra.org:80/archive/index.php/t-2613.html	20060528093828 20070825202053
http://forum.azzurra.org:80/archive/index.php/t-2614.html	20080430020342
http://forum.azzurra.org:80/archive/index.php/t-262.html	20060113071227 20060117073701 20070107064027 20070111223852 20070116180529 20070127075352 20080920124753 20090205215215 20101018054438
http://forum.azzurra.org:80/archive/index.php/t-263.html	20050817150432 20050827013340 20051128173844
http://forum.azzurra.org:80/archive/index.php/t-264.html	20060113070426 20060117050509 20070516055023 20070616052941 20070716212303 20070816193637 20070817005320
http://forum.azzurra.org:80/archive/index.php/t-2643.html	20050503182033
http://forum.azzurra.org:80/archive/index.php/t-2646.html	20070502075016 20070601202746 20070702214324 20070813223159
http://forum.azzurra.org:80/archive/index.php/t-2648.html	20050514082542 20050819080256
http://forum.azzurra.org:80/archive/index.php/t-265.html	20060113055811 20060117055632
http://forum.azzurra.org:80/archive/index.php/t-2650.html	20070902000908 20080715061033 20090202102200
http://forum.azzurra.org:80/archive/index.php/t-2652.html	20050516203251
http://forum.azzurra.org:80/archive/index.php/t-2658.html	20080430015802
http://forum.azzurra.org:80/archive/index.php/t-2659.html	20060113055212 20060117081754
http://forum.azzurra.org:80/archive/index.php/t-266.html	20060113073917 20060117070608
http://forum.azzurra.org:80/archive/index.php/t-2668.html	20060113063431 20060117060429
http://forum.azzurra.org:80/archive/index.php/t-267.html	20051029025304 20060113070444 20060117082827
http://forum.azzurra.org:80/archive/index.php/t-2673.html	20080430020916
http://forum.azzurra.org:80/archive/index.php/t-2674.html	20080430015807
http://forum.azzurra.org:80/archive/index.php/t-2675.html	20070825201912 20080430020348
http://forum.azzurra.org:80/archive/index.php/t-2676.html	20080430012205
http://forum.azzurra.org:80/archive/index.php/t-2677.html	20080430015812
http://forum.azzurra.org:80/archive/index.php/t-2678.html	20080430020921
http://forum.azzurra.org:80/archive/index.php/t-2679.html	20080430012210
http://forum.azzurra.org:80/archive/index.php/t-268.html	20060113072323 20060117062726 20071021025840
http://forum.azzurra.org:80/archive/index.php/t-2680.html	20080430015817
http://forum.azzurra.org:80/archive/index.php/t-2681.html	20060113072553 20060117081132
http://forum.azzurra.org:80/archive/index.php/t-2682.html	20080430012215
http://forum.azzurra.org:80/archive/index.php/t-2684.html	20060623011221
http://forum.azzurra.org:80/archive/index.php/t-2686.html	20050729092617 20060404213920 20080430015823
http://forum.azzurra.org:80/archive/index.php/t-269.html	20060113070714 20060117080402 20070427063241 20070527174120 20070630115545 20070814192620 20080421163205 20080522144456 20080621212111
http://forum.azzurra.org:80/archive/index.php/t-2692.html	20060629223916
http://forum.azzurra.org:80/archive/index.php/t-2693.html	20050627080223 20050822142912 20050828053224 20070102073923 20070107005930 20070111213225 20070116163109 20070121144522 20070126182509 20070127044134 20070303215205 20080430012220 20080915121615 20090902151029
http://forum.azzurra.org:80/archive/index.php/t-2694.html	20070322070718
http://forum.azzurra.org:80/archive/index.php/t-2696.html	20050503182318
http://forum.azzurra.org:80/archive/index.php/t-2698.html	20080430020353
http://forum.azzurra.org:80/archive/index.php/t-2699.html	20070225013032
http://forum.azzurra.org:80/archive/index.php/t-2700.html	20060629224535
http://forum.azzurra.org:80/archive/index.php/t-2701.html	20070211152652
http://forum.azzurra.org:80/archive/index.php/t-2702.html	20080628181506
http://forum.azzurra.org:80/archive/index.php/t-2703.html	20050511235712 20070901013259
http://forum.azzurra.org:80/archive/index.php/t-2704.html	20050512152346 20070316005029 20070317014918 20070504043010 20070704085654 20070815223436 20090725174608 20090901205741
http://forum.azzurra.org:80/archive/index.php/t-2709.html	20060113073415 20060117063538
http://forum.azzurra.org:80/archive/index.php/t-2714.html	20080430012226
http://forum.azzurra.org:80/archive/index.php/t-2716.html	20080624235111
http://forum.azzurra.org:80/archive/index.php/t-2718.html	20080430012230
http://forum.azzurra.org:80/archive/index.php/t-2721.html	20050516203255
http://forum.azzurra.org:80/archive/index.php/t-2725.html	20080430012236
http://forum.azzurra.org:80/archive/index.php/t-2726.html	20080430020926
http://forum.azzurra.org:80/archive/index.php/t-2727.html	20080430015827
http://forum.azzurra.org:80/archive/index.php/t-2728.html	20050516203258
http://forum.azzurra.org:80/archive/index.php/t-273.html	20060113064216 20060117055148 20060528093740
http://forum.azzurra.org:80/archive/index.php/t-2730.html	20070427011947 20070510025318 20070630125220 20070817005728
http://forum.azzurra.org:80/archive/index.php/t-2731.html	20080430020931
http://forum.azzurra.org:80/archive/index.php/t-2732.html	20050512152354 20070830023050
http://forum.azzurra.org:80/archive/index.php/t-2733.html	20070310004230
http://forum.azzurra.org:80/archive/index.php/t-2734.html	20050516203303
http://forum.azzurra.org:80/archive/index.php/t-2736.html	20060616163454 20080425102234 20080526024724 20080625233137 20081107012540 20090205215221
http://forum.azzurra.org:80/archive/index.php/t-2737.html	20080430014153
http://forum.azzurra.org:80/archive/index.php/t-274.html	20060113061930 20060117054752
http://forum.azzurra.org:80/archive/index.php/t-2740.html	20080430020935
http://forum.azzurra.org:80/archive/index.php/t-2748.html	20070825202000 20080430020358
http://forum.azzurra.org:80/archive/index.php/t-2749.html	20070223210237 20080430020403
http://forum.azzurra.org:80/archive/index.php/t-2751.html	20060507072840
http://forum.azzurra.org:80/archive/index.php/t-2757.html	20070527163011 20070630145601 20070817005456 20080430015832 20080611055531 20090313063303 20100111080313 20121209042238
http://forum.azzurra.org:80/archive/index.php/t-2758.html	20080430020940
http://forum.azzurra.org:80/archive/index.php/t-2762.html	20070714221526
http://forum.azzurra.org:80/archive/index.php/t-2764.html	20070714221212
http://forum.azzurra.org:80/archive/index.php/t-2765.html	20050512152200
http://forum.azzurra.org:80/archive/index.php/t-2769.html	20080430015837
http://forum.azzurra.org:80/archive/index.php/t-2770.html	20080430020945
http://forum.azzurra.org:80/archive/index.php/t-2774.html	20050516203306
http://forum.azzurra.org:80/archive/index.php/t-2782.html	20050516203311
http://forum.azzurra.org:80/archive/index.php/t-2783.html	20050516203314
http://forum.azzurra.org:80/archive/index.php/t-2784.html	20080430020408
http://forum.azzurra.org:80/archive/index.php/t-2785.html	20070818212643 20080430014158
http://forum.azzurra.org:80/archive/index.php/t-279.html	20070901014345
http://forum.azzurra.org:80/archive/index.php/t-2792.html	20070301224928
http://forum.azzurra.org:80/archive/index.php/t-2793.html	20070129091206 20070214110312 20080506091844 20080605231017 20090617074120 20130131081554
http://forum.azzurra.org:80/archive/index.php/t-2797.html	20080430020414
http://forum.azzurra.org:80/archive/index.php/t-2798.html	20080430020951
http://forum.azzurra.org:80/archive/index.php/t-280.html	20060113062020 20060117063925
http://forum.azzurra.org:80/archive/index.php/t-2801.html	20080430020955
http://forum.azzurra.org:80/archive/index.php/t-2804.html	20080430014203
http://forum.azzurra.org:80/archive/index.php/t-2805.html	20070211152702
http://forum.azzurra.org:80/archive/index.php/t-2807.html	20080430015842
http://forum.azzurra.org:80/archive/index.php/t-2824.html	20080430015847
http://forum.azzurra.org:80/archive/index.php/t-2830.html	20070129002547 20080430020418 20090801131852 20130407061533 20130527112734
http://forum.azzurra.org:80/archive/index.php/t-2831.html	20080430014209
http://forum.azzurra.org:80/archive/index.php/t-2832.html	20080430014214
http://forum.azzurra.org:80/archive/index.php/t-2834.html	20060127002247 20060519173517 20061216215729
http://forum.azzurra.org:80/archive/index.php/t-2835.html	20080430021000
http://forum.azzurra.org:80/archive/index.php/t-2837-p-2.html	20061123142404 20070525060420 20070702152258 20100510175618
http://forum.azzurra.org:80/archive/index.php/t-2837.html	20061103055030 20061111110934 20061116044620 20061125141333 20070422230458 20070523051402 20070630130017 20070813223502 20100509115308
http://forum.azzurra.org:80/archive/index.php/t-2838.html	20080430020423 20111030014558 20111130091008 20111231055952
http://forum.azzurra.org:80/archive/index.php/t-2839.html	20070211152712
http://forum.azzurra.org:80/archive/index.php/t-2844.html	20080430021006
http://forum.azzurra.org:80/archive/index.php/t-2846-p-3.html	20070227230805
http://forum.azzurra.org:80/archive/index.php/t-2846.html	20051221170737 20070830023512
http://forum.azzurra.org:80/archive/index.php/t-2847.html	20050505094805 20070303215217
http://forum.azzurra.org:80/archive/index.php/t-2848.html	20080430020428
http://forum.azzurra.org:80/archive/index.php/t-2849.html	20080430021011
http://forum.azzurra.org:80/archive/index.php/t-2850.html	20080430021015
http://forum.azzurra.org:80/archive/index.php/t-2852.html	20061014133634
http://forum.azzurra.org:80/archive/index.php/t-2855.html	20050505101754
http://forum.azzurra.org:80/archive/index.php/t-2857.html	20050517073616 20050827074831
http://forum.azzurra.org:80/archive/index.php/t-2858.html	20100619082633
http://forum.azzurra.org:80/archive/index.php/t-286.html	20060113062930 20060117072550
http://forum.azzurra.org:80/archive/index.php/t-2862.html	20070825001751 20080430015852
http://forum.azzurra.org:80/archive/index.php/t-2863.html	20050505102919
http://forum.azzurra.org:80/archive/index.php/t-287.html	20060113071857 20060117072116 20061024114215
http://forum.azzurra.org:80/archive/index.php/t-2870.html	20070717001408 20090307030932 20110508061617 20120301105823 20120502064918
http://forum.azzurra.org:80/archive/index.php/t-2876.html	20080430015857 20080914173044
http://forum.azzurra.org:80/archive/index.php/t-2877.html	20070211152723
http://forum.azzurra.org:80/archive/index.php/t-2886.html	20080430015902
http://forum.azzurra.org:80/archive/index.php/t-2887.html	20061029231627 20080430014218 20081017061416
http://forum.azzurra.org:80/archive/index.php/t-2888.html	20050517073621 20050818145537 20050827173452
http://forum.azzurra.org:80/archive/index.php/t-2890.html	20080430020434
http://forum.azzurra.org:80/archive/index.php/t-2892.html	20080430020438
http://forum.azzurra.org:80/archive/index.php/t-2893.html	20080430014223
http://forum.azzurra.org:80/archive/index.php/t-2894.html	20080430014228
http://forum.azzurra.org:80/archive/index.php/t-2896.html	20050517073625 20050824084244
http://forum.azzurra.org:80/archive/index.php/t-2897.html	20080430020444
http://forum.azzurra.org:80/archive/index.php/t-2903.html	20060527213706
http://forum.azzurra.org:80/archive/index.php/t-2908.html	20050517073629 20050817230244
http://forum.azzurra.org:80/archive/index.php/t-291.html	20050517073552
http://forum.azzurra.org:80/archive/index.php/t-2910.html	20080503042647
http://forum.azzurra.org:80/archive/index.php/t-2913.html	20050517073633 20050825122720
http://forum.azzurra.org:80/archive/index.php/t-2914.html	20080430020449
http://forum.azzurra.org:80/archive/index.php/t-2916.html	20080624230857 20090629044741
http://forum.azzurra.org:80/archive/index.php/t-292.html	20060113071529 20060117082700
http://forum.azzurra.org:80/archive/index.php/t-2924.html	20050728105350 20080430021222
http://forum.azzurra.org:80/archive/index.php/t-2925.html	20070312003732
http://forum.azzurra.org:80/archive/index.php/t-2929.html	20050517073637 20050819064201 20050820061731
http://forum.azzurra.org:80/archive/index.php/t-2930.html	20050517073556
http://forum.azzurra.org:80/archive/index.php/t-2933.html	20050726080350 20060113123848 20060822070945 20061217201444 20061222125150 20061231022514 20070104165131 20070109130911 20070114110553 20070119124851 20070124183045 20070303200112 20080430014234
http://forum.azzurra.org:80/archive/index.php/t-2935.html	20070211152733
http://forum.azzurra.org:80/archive/index.php/t-2943.html	20070211152743
http://forum.azzurra.org:80/archive/index.php/t-2953.html	20080430021228
http://forum.azzurra.org:80/archive/index.php/t-2956.html	20070211152753
http://forum.azzurra.org:80/archive/index.php/t-2957.html	20050517073640 20050816190053 20050825032040
http://forum.azzurra.org:80/archive/index.php/t-2971.html	20070510025136 20070527163316 20070630115427 20070817105302
http://forum.azzurra.org:80/archive/index.php/t-2974.html	20050517073645 20050825004233
http://forum.azzurra.org:80/archive/index.php/t-2977.html	20080430020454 20100218193205
http://forum.azzurra.org:80/archive/index.php/t-2979.html	20050517073649 20050827033935
http://forum.azzurra.org:80/archive/index.php/t-2982.html	20080430015907
http://forum.azzurra.org:80/archive/index.php/t-2984.html	20070211152803
http://forum.azzurra.org:80/archive/index.php/t-2990.html	20050213102718
http://forum.azzurra.org:80/archive/index.php/t-2991.html	20070715111747
http://forum.azzurra.org:80/archive/index.php/t-2995.html	20080420131928 20080521064837 20080620184401
http://forum.azzurra.org:80/archive/index.php/t-2996.html	20080430020459
http://forum.azzurra.org:80/archive/index.php/t-2997.html	20070427000118 20070527142208 20070630115035 20070814192400
http://forum.azzurra.org:80/archive/index.php/t-2998.html	20050505094702
http://forum.azzurra.org:80/archive/index.php/t-3.html	20050517073605 20050819004708 20050825165738 20060830185836
http://forum.azzurra.org:80/archive/index.php/t-3006.html	20060527213748
http://forum.azzurra.org:80/archive/index.php/t-3008.html	20070714221406
http://forum.azzurra.org:80/archive/index.php/t-3009.html	20070825201923
http://forum.azzurra.org:80/archive/index.php/t-3012.html	20060527213806
http://forum.azzurra.org:80/archive/index.php/t-3015.html	20050228224213 20080430014240
http://forum.azzurra.org:80/archive/index.php/t-3021.html	20051130154203 20080430015912
http://forum.azzurra.org:80/archive/index.php/t-3022.html	20050517073653 20050824150253
http://forum.azzurra.org:80/archive/index.php/t-3023.html	20050517073656 20050819021538 20050820043510 20050824024820
http://forum.azzurra.org:80/archive/index.php/t-3024.html	20050517073700 20050818221323 20050826144359
http://forum.azzurra.org:80/archive/index.php/t-3025.html	20060527213814
http://forum.azzurra.org:80/archive/index.php/t-3026.html	20060629224547
http://forum.azzurra.org:80/archive/index.php/t-3027.html	20080624141143 20090629040348
http://forum.azzurra.org:80/archive/index.php/t-3031.html	20060427005302
http://forum.azzurra.org:80/archive/index.php/t-3035.html	20070825201955 20080430020504 20080715061038
http://forum.azzurra.org:80/archive/index.php/t-3041.html	20050512152401 20070830023258 20150509233935
http://forum.azzurra.org:80/archive/index.php/t-3044.html	20080624141148
http://forum.azzurra.org:80/archive/index.php/t-3049.html	20070901013304
http://forum.azzurra.org:80/archive/index.php/t-3050.html	20050517073705 20050819063743 20050824153948
http://forum.azzurra.org:80/archive/index.php/t-3055.html	20080430020509
http://forum.azzurra.org:80/archive/index.php/t-3056.html	20080624235116 20090621015348
http://forum.azzurra.org:80/archive/index.php/t-3057.html	20080430020514 20090212130127
http://forum.azzurra.org:80/archive/index.php/t-3058.html	20080430021234
http://forum.azzurra.org:80/archive/index.php/t-3063.html	20050113091906 20070217070327 20070404062759 20070510092600 20080430021239
http://forum.azzurra.org:80/archive/index.php/t-3064.html	20060527213837 20060621033340
http://forum.azzurra.org:80/archive/index.php/t-3065.html	20060527213850
http://forum.azzurra.org:80/archive/index.php/t-3069.html	20050729093753 20080430015917
http://forum.azzurra.org:80/archive/index.php/t-3070.html	20080430014244
http://forum.azzurra.org:80/archive/index.php/t-3072.html	20080430020519
http://forum.azzurra.org:80/archive/index.php/t-3073.html	20080430015922
http://forum.azzurra.org:80/archive/index.php/t-3074.html	20060527213902
http://forum.azzurra.org:80/archive/index.php/t-3075.html	20080430020524
http://forum.azzurra.org:80/archive/index.php/t-3076.html	20080430014249
http://forum.azzurra.org:80/archive/index.php/t-3078.html	20050517073708 20050817000523 20050825025633
http://forum.azzurra.org:80/archive/index.php/t-308.html	20070718155927
http://forum.azzurra.org:80/archive/index.php/t-3080.html	20060715021849
http://forum.azzurra.org:80/archive/index.php/t-3081.html	20050505101751
http://forum.azzurra.org:80/archive/index.php/t-3082.html	20080430015927 20090615065548 20130125015209
http://forum.azzurra.org:80/archive/index.php/t-3084.html	20070227102510 20080430014255
http://forum.azzurra.org:80/archive/index.php/t-3085.html	20080430014259
http://forum.azzurra.org:80/archive/index.php/t-3086.html	20080917020855
http://forum.azzurra.org:80/archive/index.php/t-3087.html	20080430021244
http://forum.azzurra.org:80/archive/index.php/t-3089.html	20080624234940
http://forum.azzurra.org:80/archive/index.php/t-309.html	20060113073100 20060117060357 20090522134524
http://forum.azzurra.org:80/archive/index.php/t-3090.html	20080430015932
http://forum.azzurra.org:80/archive/index.php/t-3091.html	20050318085602 20080430020530
http://forum.azzurra.org:80/archive/index.php/t-3092.html	20050517073712 20050817173711 20050827161418
http://forum.azzurra.org:80/archive/index.php/t-3094.html	20080430015937
http://forum.azzurra.org:80/archive/index.php/t-3095.html	20070211152813
http://forum.azzurra.org:80/archive/index.php/t-3096.html	20070713232210
http://forum.azzurra.org:80/archive/index.php/t-3098.html	20070704181444 20070813223611 20080516214808 20080616064559 20090709093523
http://forum.azzurra.org:80/archive/index.php/t-3099.html	20080430015942
http://forum.azzurra.org:80/archive/index.php/t-3100.html	20080516214813 20080616064604 20090123141014 20090228181152 20100111034301 20120610202541
http://forum.azzurra.org:80/archive/index.php/t-3101.html	20080430015947
http://forum.azzurra.org:80/archive/index.php/t-3102.html	20080430021249
http://forum.azzurra.org:80/archive/index.php/t-3103.html	20080430015952
http://forum.azzurra.org:80/archive/index.php/t-3105.html	20060427001206 20080430021254
http://forum.azzurra.org:80/archive/index.php/t-3106.html	20050420075711 20070824101323 20080430014305
http://forum.azzurra.org:80/archive/index.php/t-3107.html	20080624230902 20090703225706
http://forum.azzurra.org:80/archive/index.php/t-3109.html	20080430020534
http://forum.azzurra.org:80/archive/index.php/t-3113.html	20080430014309
http://forum.azzurra.org:80/archive/index.php/t-3116.html	20080430020539
http://forum.azzurra.org:80/archive/index.php/t-3117.html	20080430015957
http://forum.azzurra.org:80/archive/index.php/t-3121.html	20060405154302
http://forum.azzurra.org:80/archive/index.php/t-3125.html	20080430014314
http://forum.azzurra.org:80/archive/index.php/t-3127.html	20080430021259
http://forum.azzurra.org:80/archive/index.php/t-3129.html	20060629224601 20070306152029 20070904192739
http://forum.azzurra.org:80/archive/index.php/t-3132.html	20080430014320
http://forum.azzurra.org:80/archive/index.php/t-3133.html	20071029020146
http://forum.azzurra.org:80/archive/index.php/t-3136.html	20080430014325
http://forum.azzurra.org:80/archive/index.php/t-3137.html	20080430021304
http://forum.azzurra.org:80/archive/index.php/t-314.html	20051125104054 20060427040619
http://forum.azzurra.org:80/archive/index.php/t-3146.html	20061028194529
http://forum.azzurra.org:80/archive/index.php/t-3147.html	20070429053149 20070529145339 20070630130058 20070815223221 20080430014329
http://forum.azzurra.org:80/archive/index.php/t-315.html	20050517073609 20050828041806
http://forum.azzurra.org:80/archive/index.php/t-3150.html	20050517073717 20050824074654
http://forum.azzurra.org:80/archive/index.php/t-3156.html	20060527213916
http://forum.azzurra.org:80/archive/index.php/t-3160.html	20070607173518 20070708140924 20070813223456 20080430020544
http://forum.azzurra.org:80/archive/index.php/t-3162.html	20080430014335
http://forum.azzurra.org:80/archive/index.php/t-3163.html	20050517073721 20050820035819
http://forum.azzurra.org:80/archive/index.php/t-3164.html	20050512152242 20070902001731
http://forum.azzurra.org:80/archive/index.php/t-3165.html	20070211152823
http://forum.azzurra.org:80/archive/index.php/t-3167.html	20050802110309 20080430021309
http://forum.azzurra.org:80/archive/index.php/t-3168.html	20060701052944 20080430014340
http://forum.azzurra.org:80/archive/index.php/t-3169.html	20080430021617
http://forum.azzurra.org:80/archive/index.php/t-3170.html	20070309210319 20080430021622
http://forum.azzurra.org:80/archive/index.php/t-3171.html	20060527213933
http://forum.azzurra.org:80/archive/index.php/t-3172.html	20080430021627
http://forum.azzurra.org:80/archive/index.php/t-3175.html	20080430014344
http://forum.azzurra.org:80/archive/index.php/t-3177.html	20080430202842 20080917020900
http://forum.azzurra.org:80/archive/index.php/t-318.html	20050517073613 20050826235238 20060328112001 20070325002435
http://forum.azzurra.org:80/archive/index.php/t-3180.html	20080624231112 20090709093548
http://forum.azzurra.org:80/archive/index.php/t-3181.html	20070312212941 20070314055946 20080430021632
http://forum.azzurra.org:80/archive/index.php/t-3187.html	20080430020549
http://forum.azzurra.org:80/archive/index.php/t-3189.html	20050521081434 20070830023550
http://forum.azzurra.org:80/archive/index.php/t-319.html	20070716102548
http://forum.azzurra.org:80/archive/index.php/t-3194.html	20050517073725
http://forum.azzurra.org:80/archive/index.php/t-3195.html	20080430014854
http://forum.azzurra.org:80/archive/index.php/t-3199.html	20060427072740 20070901013847
http://forum.azzurra.org:80/archive/index.php/t-3200.html	20080430020554
http://forum.azzurra.org:80/archive/index.php/t-3201.html	20050505102635
http://forum.azzurra.org:80/archive/index.php/t-3202.html	20050505094532
http://forum.azzurra.org:80/archive/index.php/t-3203.html	20070303072543
http://forum.azzurra.org:80/archive/index.php/t-3205.html	20080430014859
http://forum.azzurra.org:80/archive/index.php/t-3206.html	20080430014904 20100604023156
http://forum.azzurra.org:80/archive/index.php/t-3207.html	20061208015743 20061212142214 20061217065902 20061221201502 20061229222707 20061230062913 20070103134149 20070108215541 20070113164525 20070124002014 20070129032625 20080624231117 20090629041420
http://forum.azzurra.org:80/archive/index.php/t-3210.html	20050517073728 20050817010819 20050827221006
http://forum.azzurra.org:80/archive/index.php/t-3211.html	20080430020046
http://forum.azzurra.org:80/archive/index.php/t-3214.html	20070702192405 20070816193933 20080430021638
http://forum.azzurra.org:80/archive/index.php/t-3221.html	20080430020050
http://forum.azzurra.org:80/archive/index.php/t-3222.html	20070513174236
http://forum.azzurra.org:80/archive/index.php/t-3225.html	20080430020559
http://forum.azzurra.org:80/archive/index.php/t-3229.html	20050505101340 20070128014800 20070312143325 20070814192338 20071022035002 20090331101758 20111103165715 20111204222159 20120104210636
http://forum.azzurra.org:80/archive/index.php/t-323.html	20050827002737
http://forum.azzurra.org:80/archive/index.php/t-3233.html	20060527213947
http://forum.azzurra.org:80/archive/index.php/t-3237.html	20070223055920 20070404192251
http://forum.azzurra.org:80/archive/index.php/t-3239.html	20070901013944
http://forum.azzurra.org:80/archive/index.php/t-324.html	20060113073002 20060117042110
http://forum.azzurra.org:80/archive/index.php/t-3240.html	20050728110758 20060527214002
http://forum.azzurra.org:80/archive/index.php/t-3241.html	20070607173504 20070708141158 20070813223316
http://forum.azzurra.org:80/archive/index.php/t-3242.html	20080430014909 20090224161847
http://forum.azzurra.org:80/archive/index.php/t-3245.html	20060304182115 20060312080603
http://forum.azzurra.org:80/archive/index.php/t-3247.html	20050801084005
http://forum.azzurra.org:80/archive/index.php/t-3248.html	20060706151127
http://forum.azzurra.org:80/archive/index.php/t-3251.html	20080430021642
http://forum.azzurra.org:80/archive/index.php/t-3252.html	20060629224621
http://forum.azzurra.org:80/archive/index.php/t-3253.html	20080430020055
http://forum.azzurra.org:80/archive/index.php/t-3254.html	20080430021649
http://forum.azzurra.org:80/archive/index.php/t-3255.html	20050517073732 20050826164308
http://forum.azzurra.org:80/archive/index.php/t-326.html	20060113064637 20060117043543 20070620135921 20070920132232 20080517154202 20080617034047
http://forum.azzurra.org:80/archive/index.php/t-3269.html	20060527214015
http://forum.azzurra.org:80/archive/index.php/t-3270.html	20080430021654
http://forum.azzurra.org:80/archive/index.php/t-3272.html	20050517073600
http://forum.azzurra.org:80/archive/index.php/t-3279.html	20080430020604
http://forum.azzurra.org:80/archive/index.php/t-3283.html	20070307225116
http://forum.azzurra.org:80/archive/index.php/t-3284.html	20080624141153 20090629035314
http://forum.azzurra.org:80/archive/index.php/t-3285.html	20060527214028
http://forum.azzurra.org:80/archive/index.php/t-3286.html	20060519173529 20061216215831
http://forum.azzurra.org:80/archive/index.php/t-3288-p-2.html	20061029093455 20061103161134 20061112005605 20061116154139 20061121060745 20061125234302 20061130202114 20070328091457 20091006081849
http://forum.azzurra.org:80/archive/index.php/t-3288-p-3.html	20061118051917 20070328091633 20070716212026 20070818055226 20091006081924
http://forum.azzurra.org:80/archive/index.php/t-3288.html	20050321084021 20061118051906 20070128015038 20070323141438 20080613175221 20081107011743
http://forum.azzurra.org:80/archive/index.php/t-3289.html	20050505102914
http://forum.azzurra.org:80/archive/index.php/t-3291.html	20080430021659
http://forum.azzurra.org:80/archive/index.php/t-3292.html	20050517073737 20050818104326 20050824021833 20080510143959 20080610013733
http://forum.azzurra.org:80/archive/index.php/t-3293.html	20070128015227 20090606100823
http://forum.azzurra.org:80/archive/index.php/t-3294.html	20080430020100
http://forum.azzurra.org:80/archive/index.php/t-3296.html	20080430021705
http://forum.azzurra.org:80/archive/index.php/t-3297.html	20050517073741 20050818203840 20050828040554
http://forum.azzurra.org:80/archive/index.php/t-3301.html	20050505094234
http://forum.azzurra.org:80/archive/index.php/t-3302.html	20090715055851
http://forum.azzurra.org:80/archive/index.php/t-3308.html	20060113073852 20060117071019
http://forum.azzurra.org:80/archive/index.php/t-3310.html	20060427040140
http://forum.azzurra.org:80/archive/index.php/t-3312.html	20050517175006
http://forum.azzurra.org:80/archive/index.php/t-3313.html	20060527214040
http://forum.azzurra.org:80/archive/index.php/t-3314.html	20070206012313 20070528082042 20070630114929 20070814192846 20080517060440 20080616154842 20110621082202 20110810182625
http://forum.azzurra.org:80/archive/index.php/t-3315.html	20080430020105
http://forum.azzurra.org:80/archive/index.php/t-3320.html	20080624235122
http://forum.azzurra.org:80/archive/index.php/t-3321.html	20050728111830 20080624235128 20090629044751
http://forum.azzurra.org:80/archive/index.php/t-3327.html	20050517175010
http://forum.azzurra.org:80/archive/index.php/t-3329.html	20081101095156 20081101095156 20081201180813
http://forum.azzurra.org:80/archive/index.php/t-3333.html	20080430020110
http://forum.azzurra.org:80/archive/index.php/t-3335.html	20050406081908 20050414082133 20050505101138 20050911125426
http://forum.azzurra.org:80/archive/index.php/t-334.html	20060113073827 20060117073144
http://forum.azzurra.org:80/archive/index.php/t-3340.html	20050517175014
http://forum.azzurra.org:80/archive/index.php/t-3345.html	20080430014915
http://forum.azzurra.org:80/archive/index.php/t-3349.html	20060813151734 20060813191531 20061016154017 20080430021710
http://forum.azzurra.org:80/archive/index.php/t-3350.html	20080430020609
http://forum.azzurra.org:80/archive/index.php/t-3351.html	20091129035912 20100110134607
http://forum.azzurra.org:80/archive/index.php/t-3353.html	20060629224634 20070222011423
http://forum.azzurra.org:80/archive/index.php/t-3354.html	20050528081343 20070211152834 20070310190907 20070403164145 20080430021716
http://forum.azzurra.org:80/archive/index.php/t-3356.html	20070211152843
http://forum.azzurra.org:80/archive/index.php/t-3358.html	20080430021725
http://forum.azzurra.org:80/archive/index.php/t-3359.html	20050515035041
http://forum.azzurra.org:80/archive/index.php/t-3360.html	20080917020905
http://forum.azzurra.org:80/archive/index.php/t-3364.html	20080430020614
http://forum.azzurra.org:80/archive/index.php/t-3365.html	20080430020115
http://forum.azzurra.org:80/archive/index.php/t-3367.html	20080430014919
http://forum.azzurra.org:80/archive/index.php/t-3368.html	20050412082048 20050505102527 20050907184414 20050922172150 20080927043446 20090202102440 20090901195152
http://forum.azzurra.org:80/archive/index.php/t-3372.html	20080430014924
http://forum.azzurra.org:80/archive/index.php/t-3373.html	20050517175018
http://forum.azzurra.org:80/archive/index.php/t-3378.html	20080428142959 20080629024551
http://forum.azzurra.org:80/archive/index.php/t-3380.html	20060613162146
http://forum.azzurra.org:80/archive/index.php/t-3381.html	20060814162615 20070427012153 20070527142313 20070630114441 20070815222748
http://forum.azzurra.org:80/archive/index.php/t-3382.html	20080430021730
http://forum.azzurra.org:80/archive/index.php/t-3383.html	20080430020120
http://forum.azzurra.org:80/archive/index.php/t-3386.html	20070317014928 20070321115928
http://forum.azzurra.org:80/archive/index.php/t-339.html	20050827052514
http://forum.azzurra.org:80/archive/index.php/t-3393.html	20050517175022
http://forum.azzurra.org:80/archive/index.php/t-3395.html	20050306085627 20050728112015
http://forum.azzurra.org:80/archive/index.php/t-3397.html	20060113071443 20060117045031
http://forum.azzurra.org:80/archive/index.php/t-3398.html	20050505094504
http://forum.azzurra.org:80/archive/index.php/t-3403.html	20050505101839
http://forum.azzurra.org:80/archive/index.php/t-3404.html	20050505102934
http://forum.azzurra.org:80/archive/index.php/t-342.html	20060715022130
http://forum.azzurra.org:80/archive/index.php/t-3422.html	20051231122617 20080506091850 20080605231033 20150902002717
http://forum.azzurra.org:80/archive/index.php/t-3423.html	20060527214056
http://forum.azzurra.org:80/archive/index.php/t-343.html	20070902000958 20091015114114 20100111034941
http://forum.azzurra.org:80/archive/index.php/t-3430.html	20050505094508
http://forum.azzurra.org:80/archive/index.php/t-3434.html	20050517175026
http://forum.azzurra.org:80/archive/index.php/t-344.html	20080606065539 20090629041525 20130817071535
http://forum.azzurra.org:80/archive/index.php/t-3442.html	20070102074342 20070107005742 20070111212441 20070116163248 20070121144314 20070126182305 20070127044117 20070331230903 20071015044516
http://forum.azzurra.org:80/archive/index.php/t-3443.html	20050517175030
http://forum.azzurra.org:80/archive/index.php/t-3448.html	20060408143551 20060415083349
http://forum.azzurra.org:80/archive/index.php/t-3450.html	20070129003318 20070713232231 20081016075853
http://forum.azzurra.org:80/archive/index.php/t-3451.html	20060721080407
http://forum.azzurra.org:80/archive/index.php/t-3453.html	20070224081459
http://forum.azzurra.org:80/archive/index.php/t-3457.html	20070713222944 20070813223353
http://forum.azzurra.org:80/archive/index.php/t-3458.html	20050517175034
http://forum.azzurra.org:80/archive/index.php/t-346.html	20060113062159 20060117073545
http://forum.azzurra.org:80/archive/index.php/t-3460.html	20070310091118
http://forum.azzurra.org:80/archive/index.php/t-3467.html	20050517175037
http://forum.azzurra.org:80/archive/index.php/t-3468.html	20060721080419
http://forum.azzurra.org:80/archive/index.php/t-3470.html	20070211152853
http://forum.azzurra.org:80/archive/index.php/t-3473.html	20050517175042
http://forum.azzurra.org:80/archive/index.php/t-3475.html	20080624230907
http://forum.azzurra.org:80/archive/index.php/t-348.html	20070901014445
http://forum.azzurra.org:80/archive/index.php/t-3483.html	20060629224645
http://forum.azzurra.org:80/archive/index.php/t-3486.html	20070527143813 20070630145901 20070817172011 20080528011420 20080629024558 20081107012306 20090304015429 20100110054451
http://forum.azzurra.org:80/archive/index.php/t-3487.html	20050119093525 20061124180824
http://forum.azzurra.org:80/archive/index.php/t-3489.html	20080918054929 20081210073403 20091024160927 20100110105254
http://forum.azzurra.org:80/archive/index.php/t-349.html	20080624231123 20090621015353
http://forum.azzurra.org:80/archive/index.php/t-3491.html	20090119211800 20090220091110 20090221160618 20100111075622 20120203232758
http://forum.azzurra.org:80/archive/index.php/t-3495.html	20050517175046
http://forum.azzurra.org:80/archive/index.php/t-3498.html	20060721080431
http://forum.azzurra.org:80/archive/index.php/t-3499.html	20050517175049
http://forum.azzurra.org:80/archive/index.php/t-350.html	20070718011028 20100111080317
http://forum.azzurra.org:80/archive/index.php/t-3503.html	20070216040905 20070404062446 20081230041932 20090207091200
http://forum.azzurra.org:80/archive/index.php/t-3513.html	20090609113403
http://forum.azzurra.org:80/archive/index.php/t-3519.html	20060519173257 20061216215844
http://forum.azzurra.org:80/archive/index.php/t-352.html	20050801084831 20080624230913
http://forum.azzurra.org:80/archive/index.php/t-3523.html	20060113060648 20060117074231
http://forum.azzurra.org:80/archive/index.php/t-3528.html	20070310004239
http://forum.azzurra.org:80/archive/index.php/t-3532.html	20050517175054
http://forum.azzurra.org:80/archive/index.php/t-3533.html	20050505101239
http://forum.azzurra.org:80/archive/index.php/t-3534.html	20050505102804
http://forum.azzurra.org:80/archive/index.php/t-3535.html	20070614224756 20070715193610 20070815222933
http://forum.azzurra.org:80/archive/index.php/t-3537.html	20060113073214 20060117065032
http://forum.azzurra.org:80/archive/index.php/t-3539.html	20050514082545
http://forum.azzurra.org:80/archive/index.php/t-354.html	20050517174949
http://forum.azzurra.org:80/archive/index.php/t-3544-p-2.html	20070714163750 20080924020706 20090507094723
http://forum.azzurra.org:80/archive/index.php/t-3544-p-3.html	20070714163951 20080923064248 20090507094727
http://forum.azzurra.org:80/archive/index.php/t-3544-p-4.html	20070611135444 20070712083017 20070714163406 20070818033023 20080924020719 20090517040908
http://forum.azzurra.org:80/archive/index.php/t-3544-p-5.html	20070611135050 20070716141029 20070814193018 20080924020721 20090506111339
http://forum.azzurra.org:80/archive/index.php/t-3544.html	20070403164108 20070714163431 20080924020726 20081017061422 20090513004931
http://forum.azzurra.org:80/archive/index.php/t-3546.html	20050517174941
http://forum.azzurra.org:80/archive/index.php/t-3548.html	20080624141158 20090621015359
http://forum.azzurra.org:80/archive/index.php/t-3549.html	20050517175058
http://forum.azzurra.org:80/archive/index.php/t-3551.html	20050517175102
http://forum.azzurra.org:80/archive/index.php/t-3556.html	20091007141915 20100114011026
http://forum.azzurra.org:80/archive/index.php/t-3557.html	20090709093627
http://forum.azzurra.org:80/archive/index.php/t-3565.html	20050505094632
http://forum.azzurra.org:80/archive/index.php/t-3572.html	20070301034305 20071016045834 20080516214818 20080616064609 20081212041706 20090503041806 20100111041734
http://forum.azzurra.org:80/archive/index.php/t-3577.html	20060113073351 20060117060627
http://forum.azzurra.org:80/archive/index.php/t-358.html	20060113070803
http://forum.azzurra.org:80/archive/index.php/t-3584.html	20061031213857
http://forum.azzurra.org:80/archive/index.php/t-3585.html	20050505101919
http://forum.azzurra.org:80/archive/index.php/t-3586.html	20060814213434 20060827095554 20060829103204
http://forum.azzurra.org:80/archive/index.php/t-3587.html	20070813224351 20080516214823 20080616064614 20081210073408 20100111034327
http://forum.azzurra.org:80/archive/index.php/t-3588.html	20050505102315
http://forum.azzurra.org:80/archive/index.php/t-3589.html	20050505094415
http://forum.azzurra.org:80/archive/index.php/t-3592.html	20081023080143
http://forum.azzurra.org:80/archive/index.php/t-3593-p-2.html	20070328091643
http://forum.azzurra.org:80/archive/index.php/t-3593.html	20070323173015 20070325002416 20081109063912 20081210073419
http://forum.azzurra.org:80/archive/index.php/t-3594.html	20050517175106
http://forum.azzurra.org:80/archive/index.php/t-3595.html	20061211062541 20061216003942 20061220123801 20061227020642 20070101140453 20070106071445 20070111025730 20070115195724 20070120215808 20070126003325 20070126071306
http://forum.azzurra.org:80/archive/index.php/t-3596.html	20070701204439
http://forum.azzurra.org:80/archive/index.php/t-3599.html	20050517175110
http://forum.azzurra.org:80/archive/index.php/t-3600.html	20070211152903
http://forum.azzurra.org:80/archive/index.php/t-3602.html	20050802111415
http://forum.azzurra.org:80/archive/index.php/t-3604.html	20061031162557 20070301102050
http://forum.azzurra.org:80/archive/index.php/t-3609.html	20070701204142 20081205124612
http://forum.azzurra.org:80/archive/index.php/t-3612.html	20090429174553
http://forum.azzurra.org:80/archive/index.php/t-3627.html	20070630085142 20070818033427
http://forum.azzurra.org:80/archive/index.php/t-3628.html	20070211152914
http://forum.azzurra.org:80/archive/index.php/t-3630.html	20050802112631
http://forum.azzurra.org:80/archive/index.php/t-3631.html	20050505101357
http://forum.azzurra.org:80/archive/index.php/t-3633.html	20050424080559 20050814080933 20050815082136 20051027235640 20051029005420 20051030091703 20051107023144 20051127115035 20060127005702 20060127085054 20061029093010 20061103161422 20061111110450 20061116044531 20061120223800 20061125141123 20061130095247 20080516214829 20080616064622 20100307053803
http://forum.azzurra.org:80/archive/index.php/t-364.html	20050517174954
http://forum.azzurra.org:80/archive/index.php/t-3642.html	20050802114039
http://forum.azzurra.org:80/archive/index.php/t-3644.html	20060504071324 20090302095747
http://forum.azzurra.org:80/archive/index.php/t-3647.html	20080513003003 20080612094153
http://forum.azzurra.org:80/archive/index.php/t-365.html	20061031075735
http://forum.azzurra.org:80/archive/index.php/t-3650.html	20080624230921
http://forum.azzurra.org:80/archive/index.php/t-3651.html	20050809073314 20070831195343
http://forum.azzurra.org:80/archive/index.php/t-3659.html	20050517175114
http://forum.azzurra.org:80/archive/index.php/t-366.html	20080624230923 20090703225753
http://forum.azzurra.org:80/archive/index.php/t-3661.html	20060527214120
http://forum.azzurra.org:80/archive/index.php/t-3665.html	20050517175118
http://forum.azzurra.org:80/archive/index.php/t-367.html	20061031032734
http://forum.azzurra.org:80/archive/index.php/t-3673.html	20080624141203 20120609002527
http://forum.azzurra.org:80/archive/index.php/t-3674.html	20050118084951
http://forum.azzurra.org:80/archive/index.php/t-3676.html	20050505102320
http://forum.azzurra.org:80/archive/index.php/t-368.html	20050729095155 20050731092624 20050825002133
http://forum.azzurra.org:80/archive/index.php/t-3680.html	20050802114620
http://forum.azzurra.org:80/archive/index.php/t-3683.html	20050505094545
http://forum.azzurra.org:80/archive/index.php/t-3687.html	20050517175122
http://forum.azzurra.org:80/archive/index.php/t-3693.html	20050505101638
http://forum.azzurra.org:80/archive/index.php/t-3702.html	20050505103008
http://forum.azzurra.org:80/archive/index.php/t-3708.html	20070211152924
http://forum.azzurra.org:80/archive/index.php/t-371.html	20080624231129
http://forum.azzurra.org:80/archive/index.php/t-372.html	20070718160141
http://forum.azzurra.org:80/archive/index.php/t-3720.html	20080624141208
http://forum.azzurra.org:80/archive/index.php/t-3723.html	20080624141214 20090703225757
http://forum.azzurra.org:80/archive/index.php/t-3725.html	20050810082833 20070906032612 20081018152639
http://forum.azzurra.org:80/archive/index.php/t-3726.html	20060408143626
http://forum.azzurra.org:80/archive/index.php/t-3727.html	20050505094455 20060814213445
http://forum.azzurra.org:80/archive/index.php/t-3731.html	20050506171152
http://forum.azzurra.org:80/archive/index.php/t-3732.html	20050506170249
http://forum.azzurra.org:80/archive/index.php/t-3736.html	20070211152934
http://forum.azzurra.org:80/archive/index.php/t-374.html	20050517174945
http://forum.azzurra.org:80/archive/index.php/t-3742.html	20080624141219 20090629041530
http://forum.azzurra.org:80/archive/index.php/t-375.html	20060113065223 20060117073725
http://forum.azzurra.org:80/archive/index.php/t-3751.html	20050506171052
http://forum.azzurra.org:80/archive/index.php/t-3759.html	20070718010852
http://forum.azzurra.org:80/archive/index.php/t-3761.html	20071016045839 20161031233730
http://forum.azzurra.org:80/archive/index.php/t-3772.html	20050506170312
http://forum.azzurra.org:80/archive/index.php/t-3775.html	20050517175126
http://forum.azzurra.org:80/archive/index.php/t-3780.html	20050803090332 20060304182121 20060312080522 20060427045140
http://forum.azzurra.org:80/archive/index.php/t-3790.html	20080624141224 20090629040353
http://forum.azzurra.org:80/archive/index.php/t-3791-p-2.html	20070603095655 20070704085505 20070813223929 20081023080149
http://forum.azzurra.org:80/archive/index.php/t-3791-p-3.html	20081024015637 20090322012526
http://forum.azzurra.org:80/archive/index.php/t-3791.html	20081024015641 20090321073536
http://forum.azzurra.org:80/archive/index.php/t-3795.html	20090425072204
http://forum.azzurra.org:80/archive/index.php/t-3796.html	20070427011345 20070510025150 20070527163219 20070630125942 20070817171718
http://forum.azzurra.org:80/archive/index.php/t-38.html	20050517174938
http://forum.azzurra.org:80/archive/index.php/t-381.html	20050517174958
http://forum.azzurra.org:80/archive/index.php/t-3812.html	20061031213509
http://forum.azzurra.org:80/archive/index.php/t-3814.html	20070510205547
http://forum.azzurra.org:80/archive/index.php/t-3817.html	20061031162432
http://forum.azzurra.org:80/archive/index.php/t-3819.html	20080917020910
http://forum.azzurra.org:80/archive/index.php/t-382.html	20050517175001
http://forum.azzurra.org:80/archive/index.php/t-383.html	20060117042044
http://forum.azzurra.org:80/archive/index.php/t-3839.html	20070901014355
http://forum.azzurra.org:80/archive/index.php/t-3843-p-2.html	20120215142533 20120907024244 20160123001035
http://forum.azzurra.org:80/archive/index.php/t-3848.html	20050506171211
http://forum.azzurra.org:80/archive/index.php/t-385.html	20080624141232 20090629041537
http://forum.azzurra.org:80/archive/index.php/t-3857.html	20050506170218
http://forum.azzurra.org:80/archive/index.php/t-3872.html	20080614040645 20081231052615 20090207084456 20100109130036 20110412074102 20120129050527
http://forum.azzurra.org:80/archive/index.php/t-3885.html	20050506171522
http://forum.azzurra.org:80/archive/index.php/t-389.html	20061031075900
http://forum.azzurra.org:80/archive/index.php/t-3897.html	20070713223032 20070814192932
http://forum.azzurra.org:80/archive/index.php/t-3905.html	20100726164350 20100826035900 20100926192006
http://forum.azzurra.org:80/archive/index.php/t-3906.html	20060113071318 20060117060757
http://forum.azzurra.org:80/archive/index.php/t-391.html	20080624230928
http://forum.azzurra.org:80/archive/index.php/t-3913.html	20050221093253
http://forum.azzurra.org:80/archive/index.php/t-3929.html	20080624231134
http://forum.azzurra.org:80/archive/index.php/t-3932.html	20050506170138
http://forum.azzurra.org:80/archive/index.php/t-3949.html	20070212082157 20070401075540 20070402102516 20070704200757 20070815223446 20081010105816 20081211015141 20090522134608
http://forum.azzurra.org:80/archive/index.php/t-3959.html	20071030034635 20080622180001 20090213112836
http://forum.azzurra.org:80/archive/index.php/t-396.html	20050518032704
http://forum.azzurra.org:80/archive/index.php/t-3961.html	20070328182842 20100921232056
http://forum.azzurra.org:80/archive/index.php/t-3967.html	20080917020915 20090324133601
http://forum.azzurra.org:80/archive/index.php/t-3968.html	20050512152332 20070901013812
http://forum.azzurra.org:80/archive/index.php/t-3969.html	20050512152300 20090719055340 20090901223120
http://forum.azzurra.org:80/archive/index.php/t-397.html	20061031032615
http://forum.azzurra.org:80/archive/index.php/t-398.html	20050518032708
http://forum.azzurra.org:80/archive/index.php/t-3980.html	20070321073548 20070901013600
http://forum.azzurra.org:80/archive/index.php/t-3994.html	20060408143814 20070428131853 20070528190356 20070630124838 20070817005516
http://forum.azzurra.org:80/archive/index.php/t-40.html	20070510053812 20070610003720 20070710174726 20070813223905
http://forum.azzurra.org:80/archive/index.php/t-401.html	20050518032712
http://forum.azzurra.org:80/archive/index.php/t-4011.html	20070225013042
http://forum.azzurra.org:80/archive/index.php/t-4017.html	20070211152947
http://forum.azzurra.org:80/archive/index.php/t-402.html	20050827122731
http://forum.azzurra.org:80/archive/index.php/t-4028.html	20050506171146
http://forum.azzurra.org:80/archive/index.php/t-403.html	20050216102022 20070714221051
http://forum.azzurra.org:80/archive/index.php/t-404.html	20070503015810 20070602152917 20070703082623 20070818033013 20080624141234 20090703225731
http://forum.azzurra.org:80/archive/index.php/t-4043.html	20070211152957
http://forum.azzurra.org:80/archive/index.php/t-4044.html	20050302092553
http://forum.azzurra.org:80/archive/index.php/t-4045.html	20050512152357 20050818103039 20070830023600
http://forum.azzurra.org:80/archive/index.php/t-405.html	20060621235010 20070102074325 20070107005709 20070111212356 20070116162745 20070121144427 20070126182523 20070127043850 20080915032409 20090201070516 20100110052924 20120131184034
http://forum.azzurra.org:80/archive/index.php/t-4058.html	20050518032740
http://forum.azzurra.org:80/archive/index.php/t-4068.html	20070716102755
http://forum.azzurra.org:80/archive/index.php/t-4072.html	20060113061106 20060117050922
http://forum.azzurra.org:80/archive/index.php/t-4080.html	20060113071342 20060117074857
http://forum.azzurra.org:80/archive/index.php/t-4085.html	20050512152238
http://forum.azzurra.org:80/archive/index.php/t-4088-p-2.html	20070401102805
http://forum.azzurra.org:80/archive/index.php/t-4088.html	20070329011440 20070330214942
http://forum.azzurra.org:80/archive/index.php/t-409.html	20080624141239
http://forum.azzurra.org:80/archive/index.php/t-4100.html	20070211153008
http://forum.azzurra.org:80/archive/index.php/t-411.html	20060113073125 20060117055520
http://forum.azzurra.org:80/archive/index.php/t-4116.html	20050506170356 20050816225522 20081002032343 20081202190955
http://forum.azzurra.org:80/archive/index.php/t-4118.html	20050506171303
http://forum.azzurra.org:80/archive/index.php/t-4119.html	20070717001832
http://forum.azzurra.org:80/archive/index.php/t-4126.html	20070211153017
http://forum.azzurra.org:80/archive/index.php/t-413.html	20060721200957
http://forum.azzurra.org:80/archive/index.php/t-414.html	20060113061224 20060117061019
http://forum.azzurra.org:80/archive/index.php/t-4149.html	20050512152425 20050816081751
http://forum.azzurra.org:80/archive/index.php/t-416.html	20050518032716
http://forum.azzurra.org:80/archive/index.php/t-4163.html	20080624231139
http://forum.azzurra.org:80/archive/index.php/t-4165.html	20080607053919
http://forum.azzurra.org:80/archive/index.php/t-418.html	20050518032720
http://forum.azzurra.org:80/archive/index.php/t-4181.html	20050514082549 20050816072305
http://forum.azzurra.org:80/archive/index.php/t-4182.html	20070211153028
http://forum.azzurra.org:80/archive/index.php/t-4184.html	20070718011514
http://forum.azzurra.org:80/archive/index.php/t-419.html	20060721201008 20070830222739
http://forum.azzurra.org:80/archive/index.php/t-4194.html	20070508212127 20070608072519 20070709045420 20070816055100
http://forum.azzurra.org:80/archive/index.php/t-4199.html	20080624141245
http://forum.azzurra.org:80/archive/index.php/t-4200.html	20050518032744
http://forum.azzurra.org:80/archive/index.php/t-4204.html	20070620171118 20070821085635 20070920201516 20070921235401 20070923053122 20070929152835 20071001121132 20071002173547 20071005004653 20071006095357 20071007155438 20071008191728 20071009233352 20081223045621 20090205061618 20120204014610
http://forum.azzurra.org:80/archive/index.php/t-4206.html	20050508074929
http://forum.azzurra.org:80/archive/index.php/t-421.html	20080624143502
http://forum.azzurra.org:80/archive/index.php/t-4210.html	20080624230937
http://forum.azzurra.org:80/archive/index.php/t-4213.html	20070427060411 20070527163233 20070630145126 20070814192938
http://forum.azzurra.org:80/archive/index.php/t-4224.html	20110620021345 20110810183229
http://forum.azzurra.org:80/archive/index.php/t-4225.html	20050518032748
http://forum.azzurra.org:80/archive/index.php/t-4231.html	20070714221411
http://forum.azzurra.org:80/archive/index.php/t-4239.html	20050518032752
http://forum.azzurra.org:80/archive/index.php/t-424.html	20050518032724
http://forum.azzurra.org:80/archive/index.php/t-4240.html	20060427032429
http://forum.azzurra.org:80/archive/index.php/t-4241.html	20070316055129 20070317163225
http://forum.azzurra.org:80/archive/index.php/t-4259.html	20060408143557
http://forum.azzurra.org:80/archive/index.php/t-426.html	20070714221557
http://forum.azzurra.org:80/archive/index.php/t-4276.html	20051229025442 20060117111725 20060223065151 20060328111346 20080420131932 20080521064842 20080620184405
http://forum.azzurra.org:80/archive/index.php/t-4277.html	20050506170233
http://forum.azzurra.org:80/archive/index.php/t-4278.html	20050421162229
http://forum.azzurra.org:80/archive/index.php/t-4280.html	20070211153038
http://forum.azzurra.org:80/archive/index.php/t-4300.html	20070211153106
http://forum.azzurra.org:80/archive/index.php/t-4301.html	20060624105539 20070717001527
http://forum.azzurra.org:80/archive/index.php/t-4305.html	20050518032756
http://forum.azzurra.org:80/archive/index.php/t-431.html	20060721201021
http://forum.azzurra.org:80/archive/index.php/t-4311.html	20070315174503
http://forum.azzurra.org:80/archive/index.php/t-4316.html	20090511000820
http://forum.azzurra.org:80/archive/index.php/t-4319.html	20080624143510
http://forum.azzurra.org:80/archive/index.php/t-432.html	20061031213809
http://forum.azzurra.org:80/archive/index.php/t-4320.html	20080624234945
http://forum.azzurra.org:80/archive/index.php/t-4335.html	20061031162758
http://forum.azzurra.org:80/archive/index.php/t-4337.html	20070429053029 20070529145625 20070630195347 20070816193502 20070817005424
http://forum.azzurra.org:80/archive/index.php/t-4341.html	20050518032653 20050802074140
http://forum.azzurra.org:80/archive/index.php/t-4342.html	20050518032800
http://forum.azzurra.org:80/archive/index.php/t-4346.html	20050802075341 20060719063620 20060719203832
http://forum.azzurra.org:80/archive/index.php/t-4347.html	20050518032805
http://forum.azzurra.org:80/archive/index.php/t-4351.html	20080430020619
http://forum.azzurra.org:80/archive/index.php/t-4355.html	20050512152312
http://forum.azzurra.org:80/archive/index.php/t-4360.html	20050506171607
http://forum.azzurra.org:80/archive/index.php/t-438.html	20060721201047
http://forum.azzurra.org:80/archive/index.php/t-4396.html	20070211153119
http://forum.azzurra.org:80/archive/index.php/t-4399.html	20081017035133
http://forum.azzurra.org:80/archive/index.php/t-4412.html	20050518032808 20060328111735 20060328112332
http://forum.azzurra.org:80/archive/index.php/t-4413.html	20050518032812
http://forum.azzurra.org:80/archive/index.php/t-4438.html	20080516214833 20080616064627
http://forum.azzurra.org:80/archive/index.php/t-444.html	20050518032729
http://forum.azzurra.org:80/archive/index.php/t-445.html	20060721201059
http://forum.azzurra.org:80/archive/index.php/t-4450.html	20060703162527 20060704012803
http://forum.azzurra.org:80/archive/index.php/t-4454.html	20090311042319
http://forum.azzurra.org:80/archive/index.php/t-4456.html	20050518032816
http://forum.azzurra.org:80/archive/index.php/t-4460.html	20061031075459
http://forum.azzurra.org:80/archive/index.php/t-4467.html	20050506170242
http://forum.azzurra.org:80/archive/index.php/t-447.html	20050518032732
http://forum.azzurra.org:80/archive/index.php/t-448.html	20070713232428
http://forum.azzurra.org:80/archive/index.php/t-4489.html	20070211153129
http://forum.azzurra.org:80/archive/index.php/t-449.html	20050518032737
http://forum.azzurra.org:80/archive/index.php/t-4490.html	20070427011737 20070527162926 20070630150046 20070813223702
http://forum.azzurra.org:80/archive/index.php/t-4493.html	20060408143820 20070523051257 20070630125655 20070815223534 20080917020920
http://forum.azzurra.org:80/archive/index.php/t-4498.html	20050506171632
http://forum.azzurra.org:80/archive/index.php/t-45.html	20050518032700
http://forum.azzurra.org:80/archive/index.php/t-4502.html	20070317234326 20070320234118 20070630171908 20070817005430 20071012043916
http://forum.azzurra.org:80/archive/index.php/t-4503.html	20050221094139
http://forum.azzurra.org:80/archive/index.php/t-4505.html	20050518032821
http://forum.azzurra.org:80/archive/index.php/t-4507.html	20050729095523 20100223013442
http://forum.azzurra.org:80/archive/index.php/t-4514.html	20070316005041 20080517163303 20080617034052
http://forum.azzurra.org:80/archive/index.php/t-452.html	20080624235135 20090629040400
http://forum.azzurra.org:80/archive/index.php/t-4530.html	20051224191211 20051230054926 20060328112408 20070114063421 20070119033418 20070119114050 20070124112037 20070129054746 20080420131938 20080521064847 20080620184410 20100515054656
http://forum.azzurra.org:80/archive/index.php/t-4534.html	20050426162404 20051016191737 20060721080444
http://forum.azzurra.org:80/archive/index.php/t-4537.html	20050426162344 20051101092704 20060721080455 20061031032857
http://forum.azzurra.org:80/archive/index.php/t-4539.html	20081009053131 20081210073423
http://forum.azzurra.org:80/archive/index.php/t-4540.html	20050426162542 20051119160154 20060721080507
http://forum.azzurra.org:80/archive/index.php/t-4541.html	20050426162415 20051119160316 20060721080520
http://forum.azzurra.org:80/archive/index.php/t-4546.html	20050426162644 20051119160551 20060721080531
http://forum.azzurra.org:80/archive/index.php/t-4559.html	20050506170120
http://forum.azzurra.org:80/archive/index.php/t-4584.html	20050426162546 20051029083703 20051215203000 20060721080544
http://forum.azzurra.org:80/archive/index.php/t-4592.html	20070211153139
http://forum.azzurra.org:80/archive/index.php/t-4593.html	20070211153150
http://forum.azzurra.org:80/archive/index.php/t-4594.html	20060519173543 20061228215526
http://forum.azzurra.org:80/archive/index.php/t-4599.html	20070309144011 20070403163915 20080516214838 20080616064632
http://forum.azzurra.org:80/archive/index.php/t-46.html	20070430063418 20070531194153 20070701132517 20070814192657
http://forum.azzurra.org:80/archive/index.php/t-4605.html	20060113063139 20060117050355
http://forum.azzurra.org:80/archive/index.php/t-4606.html	20050211083947
http://forum.azzurra.org:80/archive/index.php/t-4608.html	20070211153200
http://forum.azzurra.org:80/archive/index.php/t-4611.html	20080624235140 20090629040411
http://forum.azzurra.org:80/archive/index.php/t-4627.html	20060623011209
http://forum.azzurra.org:80/archive/index.php/t-4634.html	20050518032824
http://forum.azzurra.org:80/archive/index.php/t-4635.html	20060720214958
http://forum.azzurra.org:80/archive/index.php/t-4637.html	20050518032829
http://forum.azzurra.org:80/archive/index.php/t-4645.html	20060720215010
http://forum.azzurra.org:80/archive/index.php/t-4649.html	20050506171346 20100719202049
http://forum.azzurra.org:80/archive/index.php/t-4658.html	20060721201409 20060820032254 20060827182519 20060830185908
http://forum.azzurra.org:80/archive/index.php/t-4659.html	20070902000628
http://forum.azzurra.org:80/archive/index.php/t-466.html	20060629223927 20070222011010
http://forum.azzurra.org:80/archive/index.php/t-4660.html	20060518170042 20060721201421 20060827182652
http://forum.azzurra.org:80/archive/index.php/t-4667.html	20060518170238 20060721201433 20060820031052 20060827182615 20060830185920
http://forum.azzurra.org:80/archive/index.php/t-468.html	20060629223938
http://forum.azzurra.org:80/archive/index.php/t-4680.html	20060518170254 20060721201447 20060820030526 20060827182442 20060830185800
http://forum.azzurra.org:80/archive/index.php/t-4681.html	20050518032832
http://forum.azzurra.org:80/archive/index.php/t-4685.html	20050518032836
http://forum.azzurra.org:80/archive/index.php/t-4686.html	20050518032841
http://forum.azzurra.org:80/archive/index.php/t-469.html	20080624143515
http://forum.azzurra.org:80/archive/index.php/t-47.html	20050518032656
http://forum.azzurra.org:80/archive/index.php/t-470.html	20060616163438 20060831120118 20061025142102 20070705103337
http://forum.azzurra.org:80/archive/index.php/t-4702.html	20050518124122
http://forum.azzurra.org:80/archive/index.php/t-4715.html	20050518124157
http://forum.azzurra.org:80/archive/index.php/t-4717.html	20050518124202
http://forum.azzurra.org:80/archive/index.php/t-4718.html	20050518124206
http://forum.azzurra.org:80/archive/index.php/t-4721.html	20060518170313 20060721201503 20060820032253 20060827182604 20060830185932
http://forum.azzurra.org:80/archive/index.php/t-473.html	20060113073711 20060117071220
http://forum.azzurra.org:80/archive/index.php/t-4730.html	20050415062810 20050905153427
http://forum.azzurra.org:80/archive/index.php/t-4731.html	20050506170641 20051029083727 20051215212245 20070102074251 20070107005605 20070111212708 20070116162812 20070121144455 20070126182034 20070127043652 20070315222455 20090722124125
http://forum.azzurra.org:80/archive/index.php/t-4741.html	20061211062104 20061216004242 20061220124149 20061227014628 20070101140822 20070106070737 20070111025407 20070115200239 20070126003543 20070126071216 20070313153529
http://forum.azzurra.org:80/archive/index.php/t-4743.html	20061031213910
http://forum.azzurra.org:80/archive/index.php/t-475.html	20060721201114
http://forum.azzurra.org:80/archive/index.php/t-4760.html	20050426162651 20051101085226 20060721080555
http://forum.azzurra.org:80/archive/index.php/t-4763.html	20080624231144 20090629040600
http://forum.azzurra.org:80/archive/index.php/t-4768.html	20050506171626
http://forum.azzurra.org:80/archive/index.php/t-477.html	20070715111825
http://forum.azzurra.org:80/archive/index.php/t-4772.html	20061031162846
http://forum.azzurra.org:80/archive/index.php/t-4773.html	20060519173558 20061228215539
http://forum.azzurra.org:80/archive/index.php/t-4774.html	20080624143520 20090629044810
http://forum.azzurra.org:80/archive/index.php/t-478.html	20050518124113
http://forum.azzurra.org:80/archive/index.php/t-4783.html	20080624234952 20090621015409
http://forum.azzurra.org:80/archive/index.php/t-4785.html	20050506170401 20050818065722
http://forum.azzurra.org:80/archive/index.php/t-4788.html	20050518124209 20050730075354
http://forum.azzurra.org:80/archive/index.php/t-479.html	20060629223956
http://forum.azzurra.org:80/archive/index.php/t-4790.html	20050518124213 20050730075559
http://forum.azzurra.org:80/archive/index.php/t-4793.html	20050514082553
http://forum.azzurra.org:80/archive/index.php/t-4794.html	20050506171545
http://forum.azzurra.org:80/archive/index.php/t-48.html	20050518124129
http://forum.azzurra.org:80/archive/index.php/t-480.html	20080624143526
http://forum.azzurra.org:80/archive/index.php/t-4801.html	20090304152829 20120623044434
http://forum.azzurra.org:80/archive/index.php/t-4805.html	20070427021858 20070527142445 20070630115509 20070816112830
http://forum.azzurra.org:80/archive/index.php/t-481.html	20050731094046
http://forum.azzurra.org:80/archive/index.php/t-4819.html	20070211153211
http://forum.azzurra.org:80/archive/index.php/t-4822.html	20080624143530 20090629035319
http://forum.azzurra.org:80/archive/index.php/t-4824.html	20070125015533 20070227113710 20070404191659 20080617141714
http://forum.azzurra.org:80/archive/index.php/t-4830.html	20080624143535 20090629040442
http://forum.azzurra.org:80/archive/index.php/t-4831.html	20080624231150
http://forum.azzurra.org:80/archive/index.php/t-4832.html	20080624231155
http://forum.azzurra.org:80/archive/index.php/t-4843.html	20050728113444
http://forum.azzurra.org:80/archive/index.php/t-485.html	20061031075638
http://forum.azzurra.org:80/archive/index.php/t-486.html	20060113070333 20060117053540
http://forum.azzurra.org:80/archive/index.php/t-4860.html	20050729101246
http://forum.azzurra.org:80/archive/index.php/t-4863.html	20070211153221
http://forum.azzurra.org:80/archive/index.php/t-4868.html	20050518124217
http://forum.azzurra.org:80/archive/index.php/t-4869.html	20070211153231
http://forum.azzurra.org:80/archive/index.php/t-4870.html	20060720215022
http://forum.azzurra.org:80/archive/index.php/t-488.html	20070205062518 20070331195458 20070402021721
http://forum.azzurra.org:80/archive/index.php/t-489.html	20050518124105
http://forum.azzurra.org:80/archive/index.php/t-4891.html	20060527214134
http://forum.azzurra.org:80/archive/index.php/t-4892.html	20060720215044
http://forum.azzurra.org:80/archive/index.php/t-4893.html	20060113071930 20060117073359 20060813151410 20060813191259 20091005085844
http://forum.azzurra.org:80/archive/index.php/t-4895.html	20050506170634
http://forum.azzurra.org:80/archive/index.php/t-4897.html	20070211153240
http://forum.azzurra.org:80/archive/index.php/t-4898.html	20061031032522
http://forum.azzurra.org:80/archive/index.php/t-49.html	20080624144142 20090621031036
http://forum.azzurra.org:80/archive/index.php/t-4904.html	20050729102116
http://forum.azzurra.org:80/archive/index.php/t-4906.html	20060427042856
http://forum.azzurra.org:80/archive/index.php/t-491.html	20060113070358 20060117053610
http://forum.azzurra.org:80/archive/index.php/t-4913.html	20050506171434
http://forum.azzurra.org:80/archive/index.php/t-4917.html	20080715061043 20100830223448
http://forum.azzurra.org:80/archive/index.php/t-4919.html	20070718123647
http://forum.azzurra.org:80/archive/index.php/t-4921.html	20060720215057
http://forum.azzurra.org:80/archive/index.php/t-4928.html	20061027075430
http://forum.azzurra.org:80/archive/index.php/t-4940.html	20050518124118
http://forum.azzurra.org:80/archive/index.php/t-4943.html	20050506170738
http://forum.azzurra.org:80/archive/index.php/t-4944.html	20050506171124
http://forum.azzurra.org:80/archive/index.php/t-4945.html	20070422230357 20070523051330 20070630190926 20070816113057
http://forum.azzurra.org:80/archive/index.php/t-495.html	20060426222030
http://forum.azzurra.org:80/archive/index.php/t-4955.html	20070702192251 20070818003457
http://forum.azzurra.org:80/archive/index.php/t-4963.html	20050518124222
http://forum.azzurra.org:80/archive/index.php/t-4972.html	20050506170439 20050817112126 20081201083113
http://forum.azzurra.org:80/archive/index.php/t-4980.html	20060719063635 20060719203719
http://forum.azzurra.org:80/archive/index.php/t-4981.html	20060113052722 20060117043705
http://forum.azzurra.org:80/archive/index.php/t-4992.html	20050518124226 20090406035007
http://forum.azzurra.org:80/archive/index.php/t-4993.html	20060113065035 20060117044149
http://forum.azzurra.org:80/archive/index.php/t-4994.html	20070211153251
http://forum.azzurra.org:80/archive/index.php/t-4998.html	20050518124229
http://forum.azzurra.org:80/archive/index.php/t-5008.html	20060518170342 20060721201513 20060820031834 20060827182742
http://forum.azzurra.org:80/archive/index.php/t-5013.html	20050506171501
http://forum.azzurra.org:80/archive/index.php/t-5014.html	20050518124234
http://forum.azzurra.org:80/archive/index.php/t-502.html	20080624144149 20090703225804
http://forum.azzurra.org:80/archive/index.php/t-5026.html	20070901013642
http://forum.azzurra.org:80/archive/index.php/t-503.html	20060113070308 20060117081408
http://forum.azzurra.org:80/archive/index.php/t-5030.html	20050518124125
http://forum.azzurra.org:80/archive/index.php/t-5036.html	20070901014429
http://forum.azzurra.org:80/archive/index.php/t-5038.html	20050523013032 20050729102705 20060113095839 20070312192118
http://forum.azzurra.org:80/archive/index.php/t-504.html	20060113071832 20060117074420
http://forum.azzurra.org:80/archive/index.php/t-505.html	20060721201124
http://forum.azzurra.org:80/archive/index.php/t-5051.html	20070306033609
http://forum.azzurra.org:80/archive/index.php/t-5054.html	20070524053959 20070630114651 20070818003342 20080928151945
http://forum.azzurra.org:80/archive/index.php/t-506.html	20050518124137
http://forum.azzurra.org:80/archive/index.php/t-5060.html	20050518124237
http://forum.azzurra.org:80/archive/index.php/t-5061.html	20051225095343 20071030034640 20120129050531
http://forum.azzurra.org:80/archive/index.php/t-507.html	20050518124141
http://forum.azzurra.org:80/archive/index.php/t-5071.html	20050518124242
http://forum.azzurra.org:80/archive/index.php/t-5072.html	20050518124246
http://forum.azzurra.org:80/archive/index.php/t-5081-p-2.html	20070703225830
http://forum.azzurra.org:80/archive/index.php/t-5081-p-3.html	20070703021451
http://forum.azzurra.org:80/archive/index.php/t-5081-p-4.html	20070703021735
http://forum.azzurra.org:80/archive/index.php/t-5081-p-5.html	20070703021712
http://forum.azzurra.org:80/archive/index.php/t-5081-p-6.html	20070703225752
http://forum.azzurra.org:80/archive/index.php/t-5081-p-7.html	20070630084522 20070704113754 20070813223616
http://forum.azzurra.org:80/archive/index.php/t-5081-p-8.html	20070703021410
http://forum.azzurra.org:80/archive/index.php/t-5081.html	20070329011450 20070703021328
http://forum.azzurra.org:80/archive/index.php/t-5083.html	20080624144155 20090629041542
http://forum.azzurra.org:80/archive/index.php/t-5085.html	20050518124250
http://forum.azzurra.org:80/archive/index.php/t-5086.html	20070211153300
http://forum.azzurra.org:80/archive/index.php/t-5089.html	20060721080610
http://forum.azzurra.org:80/archive/index.php/t-5090.html	20060721080624
http://forum.azzurra.org:80/archive/index.php/t-51.html	20050518124133
http://forum.azzurra.org:80/archive/index.php/t-5100.html	20050506170609
http://forum.azzurra.org:80/archive/index.php/t-5103.html	20080624230940
http://forum.azzurra.org:80/archive/index.php/t-5111.html	20080624144200
http://forum.azzurra.org:80/archive/index.php/t-5112.html	20070211153311
http://forum.azzurra.org:80/archive/index.php/t-5114.html	20070211153320
http://forum.azzurra.org:80/archive/index.php/t-5115.html	20060519173610 20061228215550
http://forum.azzurra.org:80/archive/index.php/t-5118.html	20050518124254
http://forum.azzurra.org:80/archive/index.php/t-512.html	20050518124109
http://forum.azzurra.org:80/archive/index.php/t-5122.html	20070211153330
http://forum.azzurra.org:80/archive/index.php/t-513.html	20050518124146
http://forum.azzurra.org:80/archive/index.php/t-5130.html	20050511043544
http://forum.azzurra.org:80/archive/index.php/t-5134.html	20050426162706 20051101093009 20060721080635
http://forum.azzurra.org:80/archive/index.php/t-5136.html	20060113074100 20060117082226
http://forum.azzurra.org:80/archive/index.php/t-5138.html	20060422201039
http://forum.azzurra.org:80/archive/index.php/t-514.html	20050518124150
http://forum.azzurra.org:80/archive/index.php/t-5140.html	20060519173622 20061228215426
http://forum.azzurra.org:80/archive/index.php/t-5141.html	20070328194244 20070330213947
http://forum.azzurra.org:80/archive/index.php/t-5142-p-2.html	20070326063412
http://forum.azzurra.org:80/archive/index.php/t-5142.html	20070322070729
http://forum.azzurra.org:80/archive/index.php/t-5143.html	20061031213922
http://forum.azzurra.org:80/archive/index.php/t-5145.html	20070211153341
http://forum.azzurra.org:80/archive/index.php/t-5146.html	20070211153351
http://forum.azzurra.org:80/archive/index.php/t-5148.html	20080624144204
http://forum.azzurra.org:80/archive/index.php/t-515.html	20050518124154
http://forum.azzurra.org:80/archive/index.php/t-5154.html	20050511045350
http://forum.azzurra.org:80/archive/index.php/t-5159.html	20080624230944 20090703225809
http://forum.azzurra.org:80/archive/index.php/t-5167.html	20081010105823 20081211015148
http://forum.azzurra.org:80/archive/index.php/t-5168.html	20080624144213
http://forum.azzurra.org:80/archive/index.php/t-517.html	20060113073941 20060117074855
http://forum.azzurra.org:80/archive/index.php/t-5171.html	20080516214843 20080616064637
http://forum.azzurra.org:80/archive/index.php/t-5176.html	20060528093918 20090421174656
http://forum.azzurra.org:80/archive/index.php/t-5177.html	20060113064044 20060117041804
http://forum.azzurra.org:80/archive/index.php/t-5178.html	20050518210507 20050819173057
http://forum.azzurra.org:80/archive/index.php/t-5180.html	20070211153401
http://forum.azzurra.org:80/archive/index.php/t-5181.html	20061116055227 20061125141134
http://forum.azzurra.org:80/archive/index.php/t-5184.html	20050518210510
http://forum.azzurra.org:80/archive/index.php/t-5199.html	20061031162858
http://forum.azzurra.org:80/archive/index.php/t-5200.html	20080624144214
http://forum.azzurra.org:80/archive/index.php/t-5208.html	20060426235311
http://forum.azzurra.org:80/archive/index.php/t-521.html	20070718160053
http://forum.azzurra.org:80/archive/index.php/t-523.html	20070922182444
http://forum.azzurra.org:80/archive/index.php/t-5236.html	20080624144219
http://forum.azzurra.org:80/archive/index.php/t-5239.html	20071013020124
http://forum.azzurra.org:80/archive/index.php/t-5243.html	20050512152433
http://forum.azzurra.org:80/archive/index.php/t-5249.html	20050731094604 20060113072041 20060117063147 20060328112011
http://forum.azzurra.org:80/archive/index.php/t-525.html	20070714221541 20091201051937 20100111034857
http://forum.azzurra.org:80/archive/index.php/t-5251.html	20070906033201
http://forum.azzurra.org:80/archive/index.php/t-5252.html	20060721080647
http://forum.azzurra.org:80/archive/index.php/t-5253.html	20060222112000 20070228020525
http://forum.azzurra.org:80/archive/index.php/t-5254.html	20060113070638 20060117065630
http://forum.azzurra.org:80/archive/index.php/t-5256.html	20070211153412
http://forum.azzurra.org:80/archive/index.php/t-5261.html	20050426162538 20051029083751 20051215200056 20060721080700 20061031080041
http://forum.azzurra.org:80/archive/index.php/t-5262.html	20050319085933
http://forum.azzurra.org:80/archive/index.php/t-527.html	20050518210406
http://forum.azzurra.org:80/archive/index.php/t-5276.html	20050518210515
http://forum.azzurra.org:80/archive/index.php/t-5277.html	20050616075331 20050621073744 20050831211428
http://forum.azzurra.org:80/archive/index.php/t-5283.html	20060113064018 20060117073634
http://forum.azzurra.org:80/archive/index.php/t-5292.html	20090927085155 20100830191408
http://forum.azzurra.org:80/archive/index.php/t-5297.html	20090503041455
http://forum.azzurra.org:80/archive/index.php/t-5299.html	20061031032458
http://forum.azzurra.org:80/archive/index.php/t-530.html	20050518210423 20050816175458
http://forum.azzurra.org:80/archive/index.php/t-5300.html	20070717001316
http://forum.azzurra.org:80/archive/index.php/t-5303.html	20080624235000 20090629040446
http://forum.azzurra.org:80/archive/index.php/t-5304.html	20060117065055
http://forum.azzurra.org:80/archive/index.php/t-5312.html	20050216084315 20080624144225
http://forum.azzurra.org:80/archive/index.php/t-5318.html	20050518210519 20050819134907
http://forum.azzurra.org:80/archive/index.php/t-533.html	20070718011303
http://forum.azzurra.org:80/archive/index.php/t-534.html	20080624231200
http://forum.azzurra.org:80/archive/index.php/t-5343.html	20070314055956 20101216045326
http://forum.azzurra.org:80/archive/index.php/t-5347.html	20070310004249
http://forum.azzurra.org:80/archive/index.php/t-535.html	20070901013609
http://forum.azzurra.org:80/archive/index.php/t-5353.html	20050729103343 20050731095749 20070310040930
http://forum.azzurra.org:80/archive/index.php/t-5359.html	20070314124131
http://forum.azzurra.org:80/archive/index.php/t-5361.html	20070211153422
http://forum.azzurra.org:80/archive/index.php/t-5365.html	20070310004301
http://forum.azzurra.org:80/archive/index.php/t-5368.html	20080624235145 20090621031041
http://forum.azzurra.org:80/archive/index.php/t-537.html	20060721201137
http://forum.azzurra.org:80/archive/index.php/t-5371.html	20070310040940
http://forum.azzurra.org:80/archive/index.php/t-5372.html	20050518210523 20050819144333
http://forum.azzurra.org:80/archive/index.php/t-5377.html	20060518170150 20060721201530 20060827182531 20060830185535
http://forum.azzurra.org:80/archive/index.php/t-5379.html	20070310004313
http://forum.azzurra.org:80/archive/index.php/t-538.html	20051224181318 20051230065102 20060328110819 20070114063342 20070119034025 20070119114100 20070124111543 20070129053939 20070922183007 20080420131943 20080521064852 20080620184415 20100515042941
http://forum.azzurra.org:80/archive/index.php/t-5384.html	20070314124142
http://forum.azzurra.org:80/archive/index.php/t-539.html	20071026090552 20090616090251
http://forum.azzurra.org:80/archive/index.php/t-5390.html	20070310004325
http://forum.azzurra.org:80/archive/index.php/t-5391.html	20070403163719
http://forum.azzurra.org:80/archive/index.php/t-5392.html	20070310060425
http://forum.azzurra.org:80/archive/index.php/t-5393.html	20060721080714 20080919114106
http://forum.azzurra.org:80/archive/index.php/t-5394.html	20070310004335
http://forum.azzurra.org:80/archive/index.php/t-5398.html	20070310040951
http://forum.azzurra.org:80/archive/index.php/t-5402.html	20070310041001
http://forum.azzurra.org:80/archive/index.php/t-5405.html	20070510010829
http://forum.azzurra.org:80/archive/index.php/t-5406.html	20070314060006
http://forum.azzurra.org:80/archive/index.php/t-5407.html	20070310004346
http://forum.azzurra.org:80/archive/index.php/t-5409.html	20050518210527 20050818160948
http://forum.azzurra.org:80/archive/index.php/t-5411.html	20070314091423
http://forum.azzurra.org:80/archive/index.php/t-5412.html	20070314060016
http://forum.azzurra.org:80/archive/index.php/t-5413.html	20070310041011
http://forum.azzurra.org:80/archive/index.php/t-5419.html	20070310004359
http://forum.azzurra.org:80/archive/index.php/t-542.html	20080624231206
http://forum.azzurra.org:80/archive/index.php/t-5421.html	20070310041022
http://forum.azzurra.org:80/archive/index.php/t-5423.html	20070314124152
http://forum.azzurra.org:80/archive/index.php/t-5429.html	20060328110931
http://forum.azzurra.org:80/archive/index.php/t-543.html	20050518210427
http://forum.azzurra.org:80/archive/index.php/t-5432.html	20060527214157
http://forum.azzurra.org:80/archive/index.php/t-5438.html	20070310041032
http://forum.azzurra.org:80/archive/index.php/t-5440.html	20050426162654 20050731100153 20050802075918 20051119154154 20060721080728
http://forum.azzurra.org:80/archive/index.php/t-5443.html	20070314124203
http://forum.azzurra.org:80/archive/index.php/t-5445.html	20070314060027
http://forum.azzurra.org:80/archive/index.php/t-5446.html	20080624144230
http://forum.azzurra.org:80/archive/index.php/t-5450.html	20070310041042
http://forum.azzurra.org:80/archive/index.php/t-5454.html	20070310041053
http://forum.azzurra.org:80/archive/index.php/t-5456.html	20070523051133 20070630144817 20070816112656
http://forum.azzurra.org:80/archive/index.php/t-5458.html	20070314091434
http://forum.azzurra.org:80/archive/index.php/t-5462.html	20070901014458
http://forum.azzurra.org:80/archive/index.php/t-5464.html	20060721201540
http://forum.azzurra.org:80/archive/index.php/t-5465.html	20060721201552
http://forum.azzurra.org:80/archive/index.php/t-5466.html	20060721201612
http://forum.azzurra.org:80/archive/index.php/t-547.html	20050518210414
http://forum.azzurra.org:80/archive/index.php/t-5471.html	20060721201623
http://forum.azzurra.org:80/archive/index.php/t-5472.html	20050518210531
http://forum.azzurra.org:80/archive/index.php/t-5481.html	20050518210535
http://forum.azzurra.org:80/archive/index.php/t-5482.html	20050511043616
http://forum.azzurra.org:80/archive/index.php/t-5484.html	20061031213933
http://forum.azzurra.org:80/archive/index.php/t-5485.html	20060721080741 20080919114112
http://forum.azzurra.org:80/archive/index.php/t-5487.html	20070310004412
http://forum.azzurra.org:80/archive/index.php/t-5491.html	20080919035813
http://forum.azzurra.org:80/archive/index.php/t-5492.html	20061031162909 20080919035818
http://forum.azzurra.org:80/archive/index.php/t-5493.html	20050217084416 20070310004421
http://forum.azzurra.org:80/archive/index.php/t-5494.html	20050121090408 20050122092508 20060721075338 20080919114117
http://forum.azzurra.org:80/archive/index.php/t-5498-p-2.html	20080525082911
http://forum.azzurra.org:80/archive/index.php/t-5498.html	20070222011030
http://forum.azzurra.org:80/archive/index.php/t-5499.html	20060721201637
http://forum.azzurra.org:80/archive/index.php/t-550.html	20050518210431 20050818021503
http://forum.azzurra.org:80/archive/index.php/t-5500.html	20060113063455 20060117060239
http://forum.azzurra.org:80/archive/index.php/t-5504.html	20070211153433
http://forum.azzurra.org:80/archive/index.php/t-5511.html	20070211151859
http://forum.azzurra.org:80/archive/index.php/t-5512.html	20060721201649
http://forum.azzurra.org:80/archive/index.php/t-5513.html	20070211153443
http://forum.azzurra.org:80/archive/index.php/t-5526.html	20060720215109
http://forum.azzurra.org:80/archive/index.php/t-5527.html	20080624230950 20090621031050
http://forum.azzurra.org:80/archive/index.php/t-5528.html	20050525022305 20060427070026
http://forum.azzurra.org:80/archive/index.php/t-5530.html	20050518210540
http://forum.azzurra.org:80/archive/index.php/t-5535.html	20080624144235 20090703225711
http://forum.azzurra.org:80/archive/index.php/t-5546.html	20070310060431
http://forum.azzurra.org:80/archive/index.php/t-5551.html	20060524000316
http://forum.azzurra.org:80/archive/index.php/t-5552.html	20061031075711
http://forum.azzurra.org:80/archive/index.php/t-5553.html	20060721201704
http://forum.azzurra.org:80/archive/index.php/t-5555.html	20070310041103
http://forum.azzurra.org:80/archive/index.php/t-5556.html	20060524000213
http://forum.azzurra.org:80/archive/index.php/t-556.html	20060715022001
http://forum.azzurra.org:80/archive/index.php/t-5562.html	20060113070741 20060117071314
http://forum.azzurra.org:80/archive/index.php/t-5576.html	20060113073303 20060117075821
http://forum.azzurra.org:80/archive/index.php/t-558.html	20061031032622
http://forum.azzurra.org:80/archive/index.php/t-5587.html	20070310004437
http://forum.azzurra.org:80/archive/index.php/t-5588.html	20120907031312
http://forum.azzurra.org:80/archive/index.php/t-5589.html	20060721201717
http://forum.azzurra.org:80/archive/index.php/t-559.html	20050518210434
http://forum.azzurra.org:80/archive/index.php/t-5592.html	20070310060442
http://forum.azzurra.org:80/archive/index.php/t-560.html	20050518210439 20050816165345
http://forum.azzurra.org:80/archive/index.php/t-5604.html	20070211153453
http://forum.azzurra.org:80/archive/index.php/t-5610.html	20061119025937 20061124005736
http://forum.azzurra.org:80/archive/index.php/t-5615.html	20060113063335 20060117061137
http://forum.azzurra.org:80/archive/index.php/t-5619.html	20070310004450
http://forum.azzurra.org:80/archive/index.php/t-562.html	20050518210443 20050818202724
http://forum.azzurra.org:80/archive/index.php/t-5626.html	20050511045411
http://forum.azzurra.org:80/archive/index.php/t-5629.html	20070314091445
http://forum.azzurra.org:80/archive/index.php/t-5635.html	20060524000146
http://forum.azzurra.org:80/archive/index.php/t-5643.html	20070314091455
http://forum.azzurra.org:80/archive/index.php/t-5644.html	20070211153503
http://forum.azzurra.org:80/archive/index.php/t-5645.html	20070211153513
http://forum.azzurra.org:80/archive/index.php/t-5648.html	20060117040939 20060616182318
http://forum.azzurra.org:80/archive/index.php/t-5649.html	20060527214217
http://forum.azzurra.org:80/archive/index.php/t-5668.html	20070314060037 20070427012130 20070510025156 20070630115528 20070816192850
http://forum.azzurra.org:80/archive/index.php/t-568.html	20050518210447 20050817202333
http://forum.azzurra.org:80/archive/index.php/t-5685.html	20070310004501
http://forum.azzurra.org:80/archive/index.php/t-5688.html	20070306050638
http://forum.azzurra.org:80/archive/index.php/t-5689.html	20050518210543
http://forum.azzurra.org:80/archive/index.php/t-57.html	20050518210417
http://forum.azzurra.org:80/archive/index.php/t-5706.html	20070310004512
http://forum.azzurra.org:80/archive/index.php/t-5707.html	20100308044902
http://forum.azzurra.org:80/archive/index.php/t-5712.html	20070527085639 20070630115206 20070816055023 20091213215904 20091213215904 20091215003401 20091215003401 20091216115656 20091216115656 20091217161001 20091217161001 20100124030356
http://forum.azzurra.org:80/archive/index.php/t-5713.html	20070310004522
http://forum.azzurra.org:80/archive/index.php/t-5716.html	20050518210547 20050819073518
http://forum.azzurra.org:80/archive/index.php/t-5719.html	20080624144240
http://forum.azzurra.org:80/archive/index.php/t-5727.html	20050322095242
http://forum.azzurra.org:80/archive/index.php/t-5729.html	20060113060712 20060117050709 20080521064858 20080620184421
http://forum.azzurra.org:80/archive/index.php/t-573.html	20050518210409 20050819121852
http://forum.azzurra.org:80/archive/index.php/t-574.html	20050518210451 20050816220149
http://forum.azzurra.org:80/archive/index.php/t-5745.html	20060328112412 20070315200349 20071020042828 20080516214852 20080616064641 20081107005416 20090711211248 20100110220609 20120302084504 20120503005112
http://forum.azzurra.org:80/archive/index.php/t-5751.html	20050518210552
http://forum.azzurra.org:80/archive/index.php/t-5776.html	20070314060048
http://forum.azzurra.org:80/archive/index.php/t-578.html	20070715111710
http://forum.azzurra.org:80/archive/index.php/t-5781.html	20060721080832 20080919114121
http://forum.azzurra.org:80/archive/index.php/t-5783.html	20070310041114
http://forum.azzurra.org:80/archive/index.php/t-5786.html	20050511045305
http://forum.azzurra.org:80/archive/index.php/t-5789.html	20070310004533
http://forum.azzurra.org:80/archive/index.php/t-5790.html	20070310060452
http://forum.azzurra.org:80/archive/index.php/t-5795.html	20070310004544
http://forum.azzurra.org:80/archive/index.php/t-5799.html	20070310041124
http://forum.azzurra.org:80/archive/index.php/t-5802.html	20070310004555
http://forum.azzurra.org:80/archive/index.php/t-5803.html	20070310004605
http://forum.azzurra.org:80/archive/index.php/t-582.html	20060721201149
http://forum.azzurra.org:80/archive/index.php/t-5825-p-7.html	20131027094447
http://forum.azzurra.org:80/archive/index.php/t-583.html	20061031213622
http://forum.azzurra.org:80/archive/index.php/t-5835.html	20050511043626
http://forum.azzurra.org:80/archive/index.php/t-5837.html	20060518170054 20060721201730 20060820032131 20060827182754
http://forum.azzurra.org:80/archive/index.php/t-5838.html	20070718155723
http://forum.azzurra.org:80/archive/index.php/t-5839.html	20090221041246
http://forum.azzurra.org:80/archive/index.php/t-5843.html	20070310060501
http://forum.azzurra.org:80/archive/index.php/t-5844.html	20050728114749
http://forum.azzurra.org:80/archive/index.php/t-5848.html	20070310060512
http://forum.azzurra.org:80/archive/index.php/t-585.html	20050518210454
http://forum.azzurra.org:80/archive/index.php/t-5851.html	20050531075058 20050816042156 20060423083421 20060526191301
http://forum.azzurra.org:80/archive/index.php/t-5854.html	20070310041137
http://forum.azzurra.org:80/archive/index.php/t-5859.html	20170803194037
http://forum.azzurra.org:80/archive/index.php/t-5860.html	20060721201742 20061031162922
http://forum.azzurra.org:80/archive/index.php/t-5861.html	20050518210402
http://forum.azzurra.org:80/archive/index.php/t-587.html	20050731101326 20100303215619
http://forum.azzurra.org:80/archive/index.php/t-5871.html	20060721201755
http://forum.azzurra.org:80/archive/index.php/t-5873.html	20070112031941 20070116180657 20070122012426 20070127075327
http://forum.azzurra.org:80/archive/index.php/t-5876.html	20070310041149
http://forum.azzurra.org:80/archive/index.php/t-588.html	20050518210458
http://forum.azzurra.org:80/archive/index.php/t-589.html	20060629224008 20070222011119
http://forum.azzurra.org:80/archive/index.php/t-5896.html	20070310004616
http://forum.azzurra.org:80/archive/index.php/t-5897.html	20070310041159
http://forum.azzurra.org:80/archive/index.php/t-590.html	20050518210502
http://forum.azzurra.org:80/archive/index.php/t-5901.html	20051030092200 20070310060529
http://forum.azzurra.org:80/archive/index.php/t-5905.html	20100425011535
http://forum.azzurra.org:80/archive/index.php/t-5910.html	20071017032132
http://forum.azzurra.org:80/archive/index.php/t-5911.html	20050519045528
http://forum.azzurra.org:80/archive/index.php/t-5917.html	20060519173634 20061228214337
http://forum.azzurra.org:80/archive/index.php/t-5918.html	20060113062957 20060117045223
http://forum.azzurra.org:80/archive/index.php/t-5920.html	20060626153417
http://forum.azzurra.org:80/archive/index.php/t-5926.html	20070314091506
http://forum.azzurra.org:80/archive/index.php/t-593.html	20070716102433
http://forum.azzurra.org:80/archive/index.php/t-5931.html	20070310004628
http://forum.azzurra.org:80/archive/index.php/t-5933.html	20070314124213
http://forum.azzurra.org:80/archive/index.php/t-5935.html	20070310060553
http://forum.azzurra.org:80/archive/index.php/t-5936.html	20070310004637
http://forum.azzurra.org:80/archive/index.php/t-5937.html	20070211153523
http://forum.azzurra.org:80/archive/index.php/t-5940.html	20060113065012 20060117054405 20070223210248 20080803225002 20091024160934 20100111065810
http://forum.azzurra.org:80/archive/index.php/t-5947.html	20070211153533
http://forum.azzurra.org:80/archive/index.php/t-5952.html	20070310004650
http://forum.azzurra.org:80/archive/index.php/t-5953.html	20060719063648 20060719203843
http://forum.azzurra.org:80/archive/index.php/t-5955.html	20080624231212
http://forum.azzurra.org:80/archive/index.php/t-5959.html	20070211153544
http://forum.azzurra.org:80/archive/index.php/t-5965.html	20061031075939
http://forum.azzurra.org:80/archive/index.php/t-5966.html	20070321092007
http://forum.azzurra.org:80/archive/index.php/t-5968.html	20061025192307 20070228074720
http://forum.azzurra.org:80/archive/index.php/t-5971.html	20070310060604
http://forum.azzurra.org:80/archive/index.php/t-5972-p-10.html	20080923134351 20090930033116 20111002092217 20130610102328
http://forum.azzurra.org:80/archive/index.php/t-5972-p-11.html	20080914173052 20100427040446 20111002092222
http://forum.azzurra.org:80/archive/index.php/t-5972-p-12.html	20080923134355 20100403004647 20100404022923 20100604014315 20111002092227
http://forum.azzurra.org:80/archive/index.php/t-5972-p-2.html	20080923134401 20100401121513 20111002092232
http://forum.azzurra.org:80/archive/index.php/t-5972-p-3.html	20070225105516 20070404192413 20080923134406 20111002092237
http://forum.azzurra.org:80/archive/index.php/t-5972-p-4.html	20080923134411 20100419155010 20100419155010 20100619094333
http://forum.azzurra.org:80/archive/index.php/t-5972-p-5.html	20080923134416 20100403004652 20100404022927 20100604014320 20111002092243
http://forum.azzurra.org:80/archive/index.php/t-5972-p-6.html	20080923134423 20111002092248
http://forum.azzurra.org:80/archive/index.php/t-5972-p-7.html	20080923134428 20100403004657 20100404022933 20100602080715 20111002092254
http://forum.azzurra.org:80/archive/index.php/t-5972-p-8.html	20080923134433 20100526010409 20111002092258
http://forum.azzurra.org:80/archive/index.php/t-5972-p-9.html	20080923050728 20111001221833 20111101094840 20111202113002 20120102065954
http://forum.azzurra.org:80/archive/index.php/t-5972.html	20080923134449 20090427093431 20111002092303
http://forum.azzurra.org:80/archive/index.php/t-598.html	20060404213942
http://forum.azzurra.org:80/archive/index.php/t-5983.html	20070314091515
http://forum.azzurra.org:80/archive/index.php/t-5986.html	20080624144245
http://forum.azzurra.org:80/archive/index.php/t-5987.html	20050514082557
http://forum.azzurra.org:80/archive/index.php/t-5992.html	20050702021637 20060427043107
http://forum.azzurra.org:80/archive/index.php/t-5999.html	20061216234603 20061229230444 20061230062621 20070103133832 20070108215450 20070113163908 20070124001925 20070129033012 20070202035009 20070331102954 20090710022648
http://forum.azzurra.org:80/archive/index.php/t-60.html	20050519045420
http://forum.azzurra.org:80/archive/index.php/t-600.html	20050221095752 20061031032710
http://forum.azzurra.org:80/archive/index.php/t-6005.html	20060524000329
http://forum.azzurra.org:80/archive/index.php/t-6006.html	20050519045532
http://forum.azzurra.org:80/archive/index.php/t-6007.html	20070902000944
http://forum.azzurra.org:80/archive/index.php/t-6008-p-2.html	20070328091656 20070902072345 20081013032049
http://forum.azzurra.org:80/archive/index.php/t-6008.html	20070323204537 20070325044210 20070718123856 20070901013759 20130709184443
http://forum.azzurra.org:80/archive/index.php/t-6014.html	20070310060616
http://forum.azzurra.org:80/archive/index.php/t-6017.html	20060627065832 20061026124644
http://forum.azzurra.org:80/archive/index.php/t-6022.html	20050728115558 20060223111123 20060304182130 20060312080444 20070831195621
http://forum.azzurra.org:80/archive/index.php/t-6028.html	20070303091940
http://forum.azzurra.org:80/archive/index.php/t-6032.html	20050511045430
http://forum.azzurra.org:80/archive/index.php/t-6038.html	20080517071143 20080616154850
http://forum.azzurra.org:80/archive/index.php/t-6040.html	20070310004701
http://forum.azzurra.org:80/archive/index.php/t-6046.html	20091016010505 20100110134341
http://forum.azzurra.org:80/archive/index.php/t-6056.html	20070714221514
http://forum.azzurra.org:80/archive/index.php/t-6058.html	20080624231000 20090703225814
http://forum.azzurra.org:80/archive/index.php/t-6059.html	20070309003323
http://forum.azzurra.org:80/archive/index.php/t-6065.html	20070310060627
http://forum.azzurra.org:80/archive/index.php/t-607.html	20050519045436
http://forum.azzurra.org:80/archive/index.php/t-6074.html	20050519045537
http://forum.azzurra.org:80/archive/index.php/t-6078.html	20080430014930 20130112044830
http://forum.azzurra.org:80/archive/index.php/t-6081.html	20051016191809 20070514045411 20070613181656 20070714144249 20070816055617
http://forum.azzurra.org:80/archive/index.php/t-6086.html	20070715151400 20070816113113
http://forum.azzurra.org:80/archive/index.php/t-609.html	20050519045441
http://forum.azzurra.org:80/archive/index.php/t-6106.html	20070310041211
http://forum.azzurra.org:80/archive/index.php/t-611.html	20050519045444
http://forum.azzurra.org:80/archive/index.php/t-6110.html	20050511043512
http://forum.azzurra.org:80/archive/index.php/t-6122.html	20050801090206
http://forum.azzurra.org:80/archive/index.php/t-6124.html	20070102074158 20070107005936 20070111212738 20070116162651 20070121144323 20070126182748 20070127044433 20081002032348 20081202191001
http://forum.azzurra.org:80/archive/index.php/t-6137.html	20070310004712
http://forum.azzurra.org:80/archive/index.php/t-6143.html	20080917020925
http://forum.azzurra.org:80/archive/index.php/t-6153.html	20070403164008
http://forum.azzurra.org:80/archive/index.php/t-6158.html	20081212041712 20090616090256
http://forum.azzurra.org:80/archive/index.php/t-6161-p-2.html	20070401101817
http://forum.azzurra.org:80/archive/index.php/t-6161.html	20070328194256 20070330223005
http://forum.azzurra.org:80/archive/index.php/t-6164.html	20050728120344
http://forum.azzurra.org:80/archive/index.php/t-6173.html	20060715022055 20060822115024 20070118083442 20070123114159 20070128150106 20070222011040 20070317234339 20070321073517 20091008235423 20100110063345 20130624000151
http://forum.azzurra.org:80/archive/index.php/t-6175.html	20060822070955 20070208123422 20070401014312 20070402060236
http://forum.azzurra.org:80/archive/index.php/t-6176.html	20070523051157 20070813223919 20091203110354 20091203110354 20100111075639 20150710003613 20150823072610 20160511233625
http://forum.azzurra.org:80/archive/index.php/t-6179.html	20081022074416
http://forum.azzurra.org:80/archive/index.php/t-6187.html	20080919035823
http://forum.azzurra.org:80/archive/index.php/t-6188.html	20070211153554
http://forum.azzurra.org:80/archive/index.php/t-619.html	20081005044833 20081205152550
http://forum.azzurra.org:80/archive/index.php/t-6195.html	20070211153604
http://forum.azzurra.org:80/archive/index.php/t-6204.html	20060623011233 20070429044158 20070529115931 20070630125746 20070817005414
http://forum.azzurra.org:80/archive/index.php/t-6207-p-2.html	20070401182347
http://forum.azzurra.org:80/archive/index.php/t-6207-p-3.html	20070401182748 20090216144427
http://forum.azzurra.org:80/archive/index.php/t-6207-p-4.html	20070401182626
http://forum.azzurra.org:80/archive/index.php/t-6207-p-5.html	20070401182509
http://forum.azzurra.org:80/archive/index.php/t-6207.html	20070328194304
http://forum.azzurra.org:80/archive/index.php/t-6210-p-7.html	20070102074417 20070107010004 20070111212810 20070116163306 20070121143933 20070126182614 20070127044315 20090727083105
http://forum.azzurra.org:80/archive/index.php/t-6215.html	20070228093220 20070718011427 20070901013449
http://forum.azzurra.org:80/archive/index.php/t-6217.html	20070603095542 20070704085721 20070813223813
http://forum.azzurra.org:80/archive/index.php/t-622.html	20060113074035 20060117074033
http://forum.azzurra.org:80/archive/index.php/t-6220.html	20070630060351 20070813224407
http://forum.azzurra.org:80/archive/index.php/t-6224.html	20060427061629 20070312185232 20070313193424
http://forum.azzurra.org:80/archive/index.php/t-6228.html	20050625083331 20060619230615
http://forum.azzurra.org:80/archive/index.php/t-6235.html	20070109082630 20070114040247 20070119033810 20070119110341 20070124112203 20070129054308 20070902000618 20080917020931
http://forum.azzurra.org:80/archive/index.php/t-6239.html	20050117093453 20061024051518
http://forum.azzurra.org:80/archive/index.php/t-6243.html	20060113055902 20060117074924
http://forum.azzurra.org:80/archive/index.php/t-6248.html	20050519074515
http://forum.azzurra.org:80/archive/index.php/t-6256.html	20080430020126
http://forum.azzurra.org:80/archive/index.php/t-6262.html	20050511045342
http://forum.azzurra.org:80/archive/index.php/t-6263.html	20060114070555 20060114093540
http://forum.azzurra.org:80/archive/index.php/t-6266.html	20070302145846 20070508235922 20090828031118
http://forum.azzurra.org:80/archive/index.php/t-6269.html	20050511043537
http://forum.azzurra.org:80/archive/index.php/t-6290.html	20070422230328 20070523051505 20070630115604 20070816113245
http://forum.azzurra.org:80/archive/index.php/t-6295.html	20050228225120 20091123000936 20100110062347
http://forum.azzurra.org:80/archive/index.php/t-6299.html	20050730081020
http://forum.azzurra.org:80/archive/index.php/t-63.html	20050310091126 20050519045424 20131002041705
http://forum.azzurra.org:80/archive/index.php/t-6315.html	20070901013328
http://forum.azzurra.org:80/archive/index.php/t-6320.html	20060619230536
http://forum.azzurra.org:80/archive/index.php/t-6325.html	20060304182135 20060312080534 20120531022928
http://forum.azzurra.org:80/archive/index.php/t-6327.html	20070503155708 20070705103047
http://forum.azzurra.org:80/archive/index.php/t-6331.html	20050519045541
http://forum.azzurra.org:80/archive/index.php/t-6338.html	20050324085416 20060104101635 20070510025955 20070527143729 20070630125925 20070816112558
http://forum.azzurra.org:80/archive/index.php/t-6339.html	20050424081837 20050511090522 20050512084412 20050514081845 20060721201810 20070314200115
http://forum.azzurra.org:80/archive/index.php/t-635.html	20050519045449
http://forum.azzurra.org:80/archive/index.php/t-6353.html	20050511045347 20090515141258 20101010004042
http://forum.azzurra.org:80/archive/index.php/t-6357.html	20050329093415 20050712074600
http://forum.azzurra.org:80/archive/index.php/t-6362.html	20070314060057
http://forum.azzurra.org:80/archive/index.php/t-6367.html	20050728121325
http://forum.azzurra.org:80/archive/index.php/t-6369.html	20060721080844 20080919114126
http://forum.azzurra.org:80/archive/index.php/t-6374.html	20070502220041 20070705103431
http://forum.azzurra.org:80/archive/index.php/t-6378.html	20080624231219 20090629044816
http://forum.azzurra.org:80/archive/index.php/t-6393.html	20061214052250 20061218203715 20061223140427 20061231180515 20070105115844 20070110070829 20070114214750 20070119231951 20070125105552 20070422230421 20070523051444 20070630195313 20070815223540
http://forum.azzurra.org:80/archive/index.php/t-64.html	20050519045428
http://forum.azzurra.org:80/archive/index.php/t-6400.html	20070314060107
http://forum.azzurra.org:80/archive/index.php/t-6401.html	20070310041221
http://forum.azzurra.org:80/archive/index.php/t-6416.html	20070321062511
http://forum.azzurra.org:80/archive/index.php/t-6426.html	20070310004723
http://forum.azzurra.org:80/archive/index.php/t-6427.html	20050514234715 20050625083927 20050822064636 20050825232332 20050830145255 20060426211325 20070223184841
http://forum.azzurra.org:80/archive/index.php/t-6435.html	20070314060117
http://forum.azzurra.org:80/archive/index.php/t-644.html	20060629224020
http://forum.azzurra.org:80/archive/index.php/t-6440.html	20070825201805
http://forum.azzurra.org:80/archive/index.php/t-645.html	20070713232121 20080531030510 20080630220852
http://forum.azzurra.org:80/archive/index.php/t-6450.html	20060304165731
http://forum.azzurra.org:80/archive/index.php/t-6456.html	20070310060637
http://forum.azzurra.org:80/archive/index.php/t-6457.html	20070314060127
http://forum.azzurra.org:80/archive/index.php/t-6458.html	20070310060647
http://forum.azzurra.org:80/archive/index.php/t-6460.html	20050811080808 20050812074341 20050814082023 20060822114738 20080916010127
http://forum.azzurra.org:80/archive/index.php/t-6462-p-2.html	20070401100707
http://forum.azzurra.org:80/archive/index.php/t-6462-p-3.html	20070401101005
http://forum.azzurra.org:80/archive/index.php/t-6462.html	20070329084601
http://forum.azzurra.org:80/archive/index.php/t-6469.html	20060720215122
http://forum.azzurra.org:80/archive/index.php/t-6488.html	20050511045354
http://forum.azzurra.org:80/archive/index.php/t-649.html	20080624231003 20090703225822
http://forum.azzurra.org:80/archive/index.php/t-6490.html	20050115092221 20050121094141
http://forum.azzurra.org:80/archive/index.php/t-6497.html	20060113064738 20060117080438 20070503033942 20070602152440 20070703070105 20070816193659 20070817005253
http://forum.azzurra.org:80/archive/index.php/t-6498.html	20070310041231
http://forum.azzurra.org:80/archive/index.php/t-6499.html	20060408143607 20060427072739 20060721201825
http://forum.azzurra.org:80/archive/index.php/t-65.html	20050519045432
http://forum.azzurra.org:80/archive/index.php/t-650.html	20061031213646 20070322113455
http://forum.azzurra.org:80/archive/index.php/t-6504.html	20070310041241
http://forum.azzurra.org:80/archive/index.php/t-651.html	20050519045452
http://forum.azzurra.org:80/archive/index.php/t-6519.html	20050309094728
http://forum.azzurra.org:80/archive/index.php/t-6521.html	20050228230428 20050308084814 20050309100144 20050511043506 20090728055942 20121201034210
http://forum.azzurra.org:80/archive/index.php/t-6523.html	20050511045403
http://forum.azzurra.org:80/archive/index.php/t-6527.html	20050722073606
http://forum.azzurra.org:80/archive/index.php/t-6532.html	20080624235154 20090629035337
http://forum.azzurra.org:80/archive/index.php/t-6533.html	20080624231007 20090629035342
http://forum.azzurra.org:80/archive/index.php/t-6548.html	20050512152325
http://forum.azzurra.org:80/archive/index.php/t-656.html	20061031162733
http://forum.azzurra.org:80/archive/index.php/t-6565.html	20070310041251
http://forum.azzurra.org:80/archive/index.php/t-6567.html	20050728122504
http://forum.azzurra.org:80/archive/index.php/t-6571.html	20050512152428 20050817174801
http://forum.azzurra.org:80/archive/index.php/t-6572.html	20080624231224 20090621031059
http://forum.azzurra.org:80/archive/index.php/t-658.html	20050519045456
http://forum.azzurra.org:80/archive/index.php/t-6581.html	20070310041301
http://forum.azzurra.org:80/archive/index.php/t-6588.html	20050519045544
http://forum.azzurra.org:80/archive/index.php/t-659.html	20060813212054 20060814001732
http://forum.azzurra.org:80/archive/index.php/t-6590.html	20071018030005
http://forum.azzurra.org:80/archive/index.php/t-6599.html	20070314060138
http://forum.azzurra.org:80/archive/index.php/t-6601.html	20080624144250 20090629041425
http://forum.azzurra.org:80/archive/index.php/t-6606.html	20070306194320
http://forum.azzurra.org:80/archive/index.php/t-6618.html	20060404213833
http://forum.azzurra.org:80/archive/index.php/t-6622.html	20060720215134
http://forum.azzurra.org:80/archive/index.php/t-6633.html	20070310041311
http://forum.azzurra.org:80/archive/index.php/t-6639.html	20050512152437
http://forum.azzurra.org:80/archive/index.php/t-664.html	20050519045501
http://forum.azzurra.org:80/archive/index.php/t-6643.html	20130820095246
http://forum.azzurra.org:80/archive/index.php/t-6645.html	20050216085700
http://forum.azzurra.org:80/archive/index.php/t-6646.html	20050520194225
http://forum.azzurra.org:80/archive/index.php/t-6649.html	20060527214232 20061031080154
http://forum.azzurra.org:80/archive/index.php/t-665.html	20050519045505
http://forum.azzurra.org:80/archive/index.php/t-6650.html	20070211153614
http://forum.azzurra.org:80/archive/index.php/t-6651.html	20060720153526
http://forum.azzurra.org:80/archive/index.php/t-6656.html	20060721201844
http://forum.azzurra.org:80/archive/index.php/t-6657.html	20060721080856 20080919114131
http://forum.azzurra.org:80/archive/index.php/t-666.html	20050519045508
http://forum.azzurra.org:80/archive/index.php/t-6660.html	20070906031706
http://forum.azzurra.org:80/archive/index.php/t-6668.html	20050519045549
http://forum.azzurra.org:80/archive/index.php/t-6676.html	20050512152405 20050819150752
http://forum.azzurra.org:80/archive/index.php/t-668.html	20080624235005 20090621015414
http://forum.azzurra.org:80/archive/index.php/t-6680.html	20050512152409 20050818082208
http://forum.azzurra.org:80/archive/index.php/t-669.html	20060629224031
http://forum.azzurra.org:80/archive/index.php/t-6692.html	20070211153624
http://forum.azzurra.org:80/archive/index.php/t-6693.html	20070310004733
http://forum.azzurra.org:80/archive/index.php/t-6694.html	20070314060148
http://forum.azzurra.org:80/archive/index.php/t-6695.html	20080914173054 20090809130328
http://forum.azzurra.org:80/archive/index.php/t-670.html	20051101091435 20060721201206 20061031032722
http://forum.azzurra.org:80/archive/index.php/t-6701.html	20050511045236
http://forum.azzurra.org:80/archive/index.php/t-6703.html	20070314060158
http://forum.azzurra.org:80/archive/index.php/t-6704.html	20070314091526
http://forum.azzurra.org:80/archive/index.php/t-6705.html	20080624231015 20090629041430
http://forum.azzurra.org:80/archive/index.php/t-6708.html	20060716094615
http://forum.azzurra.org:80/archive/index.php/t-6709.html	20070310060657
http://forum.azzurra.org:80/archive/index.php/t-6711.html	20070310041325
http://forum.azzurra.org:80/archive/index.php/t-6714.html	20070310004746
http://forum.azzurra.org:80/archive/index.php/t-6715.html	20070310041332
http://forum.azzurra.org:80/archive/index.php/t-6716.html	20060716133109
http://forum.azzurra.org:80/archive/index.php/t-6717.html	20060716133200
http://forum.azzurra.org:80/archive/index.php/t-6723.html	20060422200858
http://forum.azzurra.org:80/archive/index.php/t-6724.html	20050519045552
http://forum.azzurra.org:80/archive/index.php/t-6727.html	20070310060708
http://forum.azzurra.org:80/archive/index.php/t-6732.html	20081203122500
http://forum.azzurra.org:80/archive/index.php/t-6733.html	20060716133123
http://forum.azzurra.org:80/archive/index.php/t-6735.html	20060716133135
http://forum.azzurra.org:80/archive/index.php/t-6736.html	20060716133214
http://forum.azzurra.org:80/archive/index.php/t-6738.html	20060628114039 20060831120231 20061014134058 20070306050649 20070901013748
http://forum.azzurra.org:80/archive/index.php/t-6739.html	20050512152421
http://forum.azzurra.org:80/archive/index.php/t-674.html	20050519045512
http://forum.azzurra.org:80/archive/index.php/t-6740.html	20060716133226
http://forum.azzurra.org:80/archive/index.php/t-6747.html	20070310060717
http://forum.azzurra.org:80/archive/index.php/t-6754.html	20060427005707 20060813132038 20070109083216 20070114035739 20070119033405 20070124112140 20070129054009 20090210123027
http://forum.azzurra.org:80/archive/index.php/t-6763.html	20050519045556
http://forum.azzurra.org:80/archive/index.php/t-6769.html	20050630081411 20050827171950 20050830004136
http://forum.azzurra.org:80/archive/index.php/t-6774.html	20061016001147 20070217180356
http://forum.azzurra.org:80/archive/index.php/t-6776.html	20080624144256 20090629041548
http://forum.azzurra.org:80/archive/index.php/t-6778.html	20070211153634
http://forum.azzurra.org:80/archive/index.php/t-6787.html	20060113064607 20060117081924
http://forum.azzurra.org:80/archive/index.php/t-6795.html	20050514082602 20050817062115
http://forum.azzurra.org:80/archive/index.php/t-680.html	20060113064948 20060117080024
http://forum.azzurra.org:80/archive/index.php/t-6802.html	20050731074337
http://forum.azzurra.org:80/archive/index.php/t-6805.html	20070314091536
http://forum.azzurra.org:80/archive/index.php/t-6818.html	20060410075354
http://forum.azzurra.org:80/archive/index.php/t-6819.html	20070314060208 20070902000720
http://forum.azzurra.org:80/archive/index.php/t-6820.html	20070310060728
http://forum.azzurra.org:80/archive/index.php/t-6823.html	20050509075858
http://forum.azzurra.org:80/archive/index.php/t-6829.html	20070203095948 20070331163533 20070402002758
http://forum.azzurra.org:80/archive/index.php/t-683.html	20050519045412
http://forum.azzurra.org:80/archive/index.php/t-6838.html	20060720215151
http://forum.azzurra.org:80/archive/index.php/t-684.html	20050519045516
http://forum.azzurra.org:80/archive/index.php/t-6843.html	20070310004756
http://forum.azzurra.org:80/archive/index.php/t-6846.html	20051216122630 20060721201856
http://forum.azzurra.org:80/archive/index.php/t-6847.html	20060813151434 20060813191638 20070204050727 20070331194905 20070402022120
http://forum.azzurra.org:80/archive/index.php/t-685.html	20060721201223
http://forum.azzurra.org:80/archive/index.php/t-6851.html	20070321092018
http://forum.azzurra.org:80/archive/index.php/t-6854.html	20070310041343
http://forum.azzurra.org:80/archive/index.php/t-686.html	20060117053701
http://forum.azzurra.org:80/archive/index.php/t-6860.html	20060813224014 20070221220751
http://forum.azzurra.org:80/archive/index.php/t-6865.html	20050519045600
http://forum.azzurra.org:80/archive/index.php/t-6867.html	20050728123546
http://forum.azzurra.org:80/archive/index.php/t-687.html	20050519045521
http://forum.azzurra.org:80/archive/index.php/t-6870.html	20050512152234 20070901013627
http://forum.azzurra.org:80/archive/index.php/t-6872.html	20070922072025
http://forum.azzurra.org:80/archive/index.php/t-6876.html	20050512152329 20060623011122 20060831120244
http://forum.azzurra.org:80/archive/index.php/t-6880.html	20050512152441
http://forum.azzurra.org:80/archive/index.php/t-6887.html	20050512152412 20070901013227
http://forum.azzurra.org:80/archive/index.php/t-6888.html	20070211153643
http://forum.azzurra.org:80/archive/index.php/t-689.html	20050519045416
http://forum.azzurra.org:80/archive/index.php/t-6892.html	20060721080915 20080919114136
http://forum.azzurra.org:80/archive/index.php/t-691.html	20050627081115
http://forum.azzurra.org:80/archive/index.php/t-6912.html	20050309101422 20050512152337 20050810083814 20060408143645
http://forum.azzurra.org:80/archive/index.php/t-6916.html	20080624144300
http://forum.azzurra.org:80/archive/index.php/t-6918.html	20070422230440 20070523051222 20070630130122 20070816193654
http://forum.azzurra.org:80/archive/index.php/t-6922.html	20060524000341
http://forum.azzurra.org:80/archive/index.php/t-6925.html	20050512152445 20070503210205 20070901013541
http://forum.azzurra.org:80/archive/index.php/t-693.html	20080624231020 20090621015429
http://forum.azzurra.org:80/archive/index.php/t-6930.html	20060117042019
http://forum.azzurra.org:80/archive/index.php/t-6933.html	20060113072618 20060117070508 20060528093511
http://forum.azzurra.org:80/archive/index.php/t-6935.html	20060721080942 20080919114144
http://forum.azzurra.org:80/archive/index.php/t-6945.html	20060822045733
http://forum.azzurra.org:80/archive/index.php/t-6947.html	20070211153654
http://forum.azzurra.org:80/archive/index.php/t-6949.html	20070310060738
http://forum.azzurra.org:80/archive/index.php/t-6950.html	20070310041355
http://forum.azzurra.org:80/archive/index.php/t-6951.html	20050512152249
http://forum.azzurra.org:80/archive/index.php/t-6964.html	20060721080956 20061031213946 20080919114150
http://forum.azzurra.org:80/archive/index.php/t-6966.html	20060720215203
http://forum.azzurra.org:80/archive/index.php/t-6968.html	20080624231229
http://forum.azzurra.org:80/archive/index.php/t-697.html	20050519045525
http://forum.azzurra.org:80/archive/index.php/t-6973.html	20050421074721
http://forum.azzurra.org:80/archive/index.php/t-6974.html	20050507090137 20050528082745 20050530082919 20050624090255 20050701084904 20050728124711 20050729104356 20050801090305 20050803074350 20050807080302 20050811081750 20050812074355 20050814082830 20050828122909 20070108120346 20070113054709 20070118045010 20070123113717 20070128150116 20070305071805
http://forum.azzurra.org:80/archive/index.php/t-6976.html	20070312200025
http://forum.azzurra.org:80/archive/index.php/t-6982.html	20060110105919 20070102074335 20070107005756 20070111213133 20070116163153 20070121143840 20070126182533 20070127044533
http://forum.azzurra.org:80/archive/index.php/t-6988.html	20060720215217 20061208223440 20061213140612 20061222211711 20061231105128 20070105021842 20070114113639 20070119125301 20070124183303
http://forum.azzurra.org:80/archive/index.php/t-6993.html	20050219094146 20070323173024
http://forum.azzurra.org:80/archive/index.php/t-6995.html	20060304182147 20060312080451
http://forum.azzurra.org:80/archive/index.php/t-7.html	20061031162746
http://forum.azzurra.org:80/archive/index.php/t-7007.html	20080624144306 20090621031104
http://forum.azzurra.org:80/archive/index.php/t-7014.html	20050512152449 20050819140107 20070510053748 20070610004028 20070710182104 20070814192114 20070902000748 20120730225515
http://forum.azzurra.org:80/archive/index.php/t-7017.html	20070314091546
http://forum.azzurra.org:80/archive/index.php/t-7018.html	20060113070510 20060117061612 20070222112614 20070404100855
http://forum.azzurra.org:80/archive/index.php/t-7019.html	20050512152417
http://forum.azzurra.org:80/archive/index.php/t-7020.html	20070510204118
http://forum.azzurra.org:80/archive/index.php/t-7022.html	20070310004808
http://forum.azzurra.org:80/archive/index.php/t-7023.html	20060720215229
http://forum.azzurra.org:80/archive/index.php/t-703.html	20050519124102
http://forum.azzurra.org:80/archive/index.php/t-7032.html	20060720214430
http://forum.azzurra.org:80/archive/index.php/t-7051.html	20070211153704
http://forum.azzurra.org:80/archive/index.php/t-7054.html	20050219100134
http://forum.azzurra.org:80/archive/index.php/t-7056.html	20050326085906 20070225013055
http://forum.azzurra.org:80/archive/index.php/t-7057.html	20050512152452 20050818191014
http://forum.azzurra.org:80/archive/index.php/t-7060.html	20050513063613 20050818050333 20070902001721
http://forum.azzurra.org:80/archive/index.php/t-7066.html	20070310004818 20090506111418
http://forum.azzurra.org:80/archive/index.php/t-7067.html	20171223101219
http://forum.azzurra.org:80/archive/index.php/t-7068.html	20060113054042 20060117043636
http://forum.azzurra.org:80/archive/index.php/t-7075.html	20050513063656 20070830022713
http://forum.azzurra.org:80/archive/index.php/t-708.html	20050519124105
http://forum.azzurra.org:80/archive/index.php/t-7080.html	20070310004829
http://forum.azzurra.org:80/archive/index.php/t-7084.html	20080624144310
http://forum.azzurra.org:80/archive/index.php/t-7088.html	20070211153714 20110211224037
http://forum.azzurra.org:80/archive/index.php/t-709.html	20050519124110 20080921231655
http://forum.azzurra.org:80/archive/index.php/t-7091.html	20060328111645
http://forum.azzurra.org:80/archive/index.php/t-7109.html	20070310004840
http://forum.azzurra.org:80/archive/index.php/t-7112.html	20070310041404
http://forum.azzurra.org:80/archive/index.php/t-7113.html	20070310041415
http://forum.azzurra.org:80/archive/index.php/t-7114.html	20050513063725
http://forum.azzurra.org:80/archive/index.php/t-7115.html	20070509000550
http://forum.azzurra.org:80/archive/index.php/t-7116.html	20070211153725 20090515114653
http://forum.azzurra.org:80/archive/index.php/t-7123.html	20050513063755 20070902001008
http://forum.azzurra.org:80/archive/index.php/t-7124.html	20060720215243 20061031080029
http://forum.azzurra.org:80/archive/index.php/t-7128.html	20070211153734
http://forum.azzurra.org:80/archive/index.php/t-7132.html	20070310004850
http://forum.azzurra.org:80/archive/index.php/t-7133.html	20070310041425
http://forum.azzurra.org:80/archive/index.php/t-7135.html	20050513063721 20070902000809
http://forum.azzurra.org:80/archive/index.php/t-7136.html	20050513063748 20090126043350 20090228183431
http://forum.azzurra.org:80/archive/index.php/t-7137.html	20070310060748
http://forum.azzurra.org:80/archive/index.php/t-714.html	20050519124113
http://forum.azzurra.org:80/archive/index.php/t-7141.html	20050525084724 20060831115859 20070323141447 20070523090721 20070630190817 20070816055327
http://forum.azzurra.org:80/archive/index.php/t-7143.html	20050513063632 20070901013525
http://forum.azzurra.org:80/archive/index.php/t-7144.html	20060721201909
http://forum.azzurra.org:80/archive/index.php/t-715.html	20070227230433
http://forum.azzurra.org:80/archive/index.php/t-7150-p-1.html	20051215212921
http://forum.azzurra.org:80/archive/index.php/t-7150-p-2.html	20051029083816 20051215194346
http://forum.azzurra.org:80/archive/index.php/t-7150.html	20050619084431 20050831192536
http://forum.azzurra.org:80/archive/index.php/t-7151.html	20060720153904
http://forum.azzurra.org:80/archive/index.php/t-7153.html	20070314124222
http://forum.azzurra.org:80/archive/index.php/t-7154.html	20050513063602 20081212041735
http://forum.azzurra.org:80/archive/index.php/t-7158.html	20061031032546
http://forum.azzurra.org:80/archive/index.php/t-7161.html	20070310060758
http://forum.azzurra.org:80/archive/index.php/t-7162-p-2.html	20070401092443
http://forum.azzurra.org:80/archive/index.php/t-7162-p-3.html	20070401100602
http://forum.azzurra.org:80/archive/index.php/t-7162.html	20070329011314 20070330213628
http://forum.azzurra.org:80/archive/index.php/t-7163.html	20070104014422 20070108192518 20070113153646 20070118142809 20070128173249 20080421163214 20080522144501 20080621212127
http://forum.azzurra.org:80/archive/index.php/t-7165-p-2.html	20060501015640
http://forum.azzurra.org:80/archive/index.php/t-7165.html	20050319090716 20060427040548
http://forum.azzurra.org:80/archive/index.php/t-7166.html	20050519075705 20060901191255
http://forum.azzurra.org:80/archive/index.php/t-7167.html	20060427044250
http://forum.azzurra.org:80/archive/index.php/t-7168.html	20070314091556
http://forum.azzurra.org:80/archive/index.php/t-7177.html	20070528082527 20070813223717
http://forum.azzurra.org:80/archive/index.php/t-7178.html	20050513063744 20060427104207 20081019053525 20090328121356
http://forum.azzurra.org:80/archive/index.php/t-7179.html	20050513063804
http://forum.azzurra.org:80/archive/index.php/t-718.html	20050519124117
http://forum.azzurra.org:80/archive/index.php/t-7181.html	20050312085031 20050511043347
http://forum.azzurra.org:80/archive/index.php/t-7185.html	20060528093420 20070527174846 20070630115449 20070813223435 20081221114103 20090207091134 20101123051831 20110728113048 20110828072628 20120203232803
http://forum.azzurra.org:80/archive/index.php/t-7190.html	20071018030011
http://forum.azzurra.org:80/archive/index.php/t-7206.html	20050513063808
http://forum.azzurra.org:80/archive/index.php/t-7207.html	20070301034315
http://forum.azzurra.org:80/archive/index.php/t-7208.html	20070310004901
http://forum.azzurra.org:80/archive/index.php/t-7209.html	20050724234939 20060427025531
http://forum.azzurra.org:80/archive/index.php/t-7214.html	20060721201921
http://forum.azzurra.org:80/archive/index.php/t-7215.html	20060721201953
http://forum.azzurra.org:80/archive/index.php/t-7217.html	20050728130056
http://forum.azzurra.org:80/archive/index.php/t-7221.html	20070211153744 20080516214858 20080616064646 20081212041826 20110620021424 20110810181419
http://forum.azzurra.org:80/archive/index.php/t-7223.html	20070314060218
http://forum.azzurra.org:80/archive/index.php/t-7226.html	20070718123510
http://forum.azzurra.org:80/archive/index.php/t-723.html	20050519124121
http://forum.azzurra.org:80/archive/index.php/t-7231.html	20051104064928 20090616090312
http://forum.azzurra.org:80/archive/index.php/t-7235.html	20070310004912
http://forum.azzurra.org:80/archive/index.php/t-724.html	20060629224045
http://forum.azzurra.org:80/archive/index.php/t-7243.html	20061124005857
http://forum.azzurra.org:80/archive/index.php/t-7254.html	20070310041435
http://forum.azzurra.org:80/archive/index.php/t-7257.html	20060901094529 20061028170724 20061103054644 20061111110909 20061115170920 20061115213338 20061130010249 20070309143948 20070403163559 20070611135324 20070712083113 20070814192809 20080426043245 20080526151656 20080625233143
http://forum.azzurra.org:80/archive/index.php/t-7259.html	20070211153754
http://forum.azzurra.org:80/archive/index.php/t-7260.html	20070102202411 20070107131351 20070112093952 20070117055000 20070122125746 20070127155840
http://forum.azzurra.org:80/archive/index.php/t-7261.html	20080624231234 20090621031119
http://forum.azzurra.org:80/archive/index.php/t-7262.html	20050511045357
http://forum.azzurra.org:80/archive/index.php/t-7271.html	20070310004928 20070905062605
http://forum.azzurra.org:80/archive/index.php/t-7275.html	20070128014846 20070322070739 20070715151652 20070816193458 20070817005511 20070922182159 20080420131948 20080521064903 20080620184426 20090331112735
http://forum.azzurra.org:80/archive/index.php/t-7276.html	20050330090549 20050513063752 20050709073813 20050711082402 20050713082303 20050716080704 20050717080829 20050721075229 20050727083301 20050828155541 20050828162908 20060814161803 20061030045007 20070322070750
http://forum.azzurra.org:80/archive/index.php/t-7283.html	20060113065455 20060117045311
http://forum.azzurra.org:80/archive/index.php/t-7286.html	20050513063713 20080917020935
http://forum.azzurra.org:80/archive/index.php/t-729.html	20060113073034 20060117080505
http://forum.azzurra.org:80/archive/index.php/t-7294.html	20050622081719
http://forum.azzurra.org:80/archive/index.php/t-7295.html	20060518170352 20060721202005 20060820031118 20060827182705
http://forum.azzurra.org:80/archive/index.php/t-7296.html	20070211151902
http://forum.azzurra.org:80/archive/index.php/t-73.html	20050519124054
http://forum.azzurra.org:80/archive/index.php/t-7301.html	20070310004940
http://forum.azzurra.org:80/archive/index.php/t-7303.html	20050513063709 20050528083842 20070309144021 20070403164047 20070901013346
http://forum.azzurra.org:80/archive/index.php/t-7308.html	20070303215229
http://forum.azzurra.org:80/archive/index.php/t-7309.html	20050513063645
http://forum.azzurra.org:80/archive/index.php/t-7314.html	20060720215305
http://forum.azzurra.org:80/archive/index.php/t-732.html	20050519124125
http://forum.azzurra.org:80/archive/index.php/t-7321.html	20070211153804
http://forum.azzurra.org:80/archive/index.php/t-7350.html	20070211153816
http://forum.azzurra.org:80/archive/index.php/t-736.html	20080624235156 20090629040501
http://forum.azzurra.org:80/archive/index.php/t-7360.html	20070314091606
http://forum.azzurra.org:80/archive/index.php/t-7365.html	20070314060228
http://forum.azzurra.org:80/archive/index.php/t-737.html	20050519124130
http://forum.azzurra.org:80/archive/index.php/t-7373.html	20051208051957 20060427044059 20070923040524
http://forum.azzurra.org:80/archive/index.php/t-7379.html	20070314060238
http://forum.azzurra.org:80/archive/index.php/t-738.html	20060629223821
http://forum.azzurra.org:80/archive/index.php/t-7380.html	20070211153826
http://forum.azzurra.org:80/archive/index.php/t-7381.html	20070211153835
http://forum.azzurra.org:80/archive/index.php/t-7382.html	20060615151443
http://forum.azzurra.org:80/archive/index.php/t-739.html	20050519124134
http://forum.azzurra.org:80/archive/index.php/t-7390.html	20070310041446
http://forum.azzurra.org:80/archive/index.php/t-7394.html	20070314091617
http://forum.azzurra.org:80/archive/index.php/t-74.html	20050519124045
http://forum.azzurra.org:80/archive/index.php/t-7402.html	20070227074443
http://forum.azzurra.org:80/archive/index.php/t-7405.html	20050519124210
http://forum.azzurra.org:80/archive/index.php/t-7413.html	20060527214245
http://forum.azzurra.org:80/archive/index.php/t-7414.html	20070211153846
http://forum.azzurra.org:80/archive/index.php/t-7427.html	20050513063701
http://forum.azzurra.org:80/archive/index.php/t-7429.html	20060524000353
http://forum.azzurra.org:80/archive/index.php/t-7430.html	20060524000200
http://forum.azzurra.org:80/archive/index.php/t-7432.html	20050513063637 20060715021836 20080922110309 20081205043522 20090213112859 20120420233312 20121026123636
http://forum.azzurra.org:80/archive/index.php/t-7438.html	20070403163809
http://forum.azzurra.org:80/archive/index.php/t-7445.html	20070310004951
http://forum.azzurra.org:80/archive/index.php/t-7447.html	20060720215318
http://forum.azzurra.org:80/archive/index.php/t-745.html	20080624144315
http://forum.azzurra.org:80/archive/index.php/t-7461.html	20111126191118 20111229082600
http://forum.azzurra.org:80/archive/index.php/t-7464.html	20060113055427 20060117051402
http://forum.azzurra.org:80/archive/index.php/t-7467.html	20060527214301
http://forum.azzurra.org:80/archive/index.php/t-7468.html	20101012050137 20110529121646
http://forum.azzurra.org:80/archive/index.php/t-747.html	20060328110859 20060427043651
http://forum.azzurra.org:80/archive/index.php/t-7470.html	20070310005001
http://forum.azzurra.org:80/archive/index.php/t-7477.html	20070309011305 20070706230455 20070813223923
http://forum.azzurra.org:80/archive/index.php/t-748.html	20070718160016
http://forum.azzurra.org:80/archive/index.php/t-7483.html	20070501123337
http://forum.azzurra.org:80/archive/index.php/t-7485.html	20070310041456
http://forum.azzurra.org:80/archive/index.php/t-7488.html	20070310041513
http://forum.azzurra.org:80/archive/index.php/t-7492.html	20070718011018
http://forum.azzurra.org:80/archive/index.php/t-7497.html	20050514082434
http://forum.azzurra.org:80/archive/index.php/t-7499.html	20070112211006 20080624144320 20090123140853 20090228181218
http://forum.azzurra.org:80/archive/index.php/t-75.html	20050519124049
http://forum.azzurra.org:80/archive/index.php/t-7500.html	20070314060249
http://forum.azzurra.org:80/archive/index.php/t-7501.html	20070310005012
http://forum.azzurra.org:80/archive/index.php/t-7505.html	20050513063705 20050524073633 20061124171751 20070221065637
http://forum.azzurra.org:80/archive/index.php/t-7509.html	20060524000420 20061031213958
http://forum.azzurra.org:80/archive/index.php/t-7518.html	20060524000238 20070516054805 20070616052843 20070716212231 20070817005506 20080603022919
http://forum.azzurra.org:80/archive/index.php/t-7521.html	20070314091626
http://forum.azzurra.org:80/archive/index.php/t-7522.html	20070310060809
http://forum.azzurra.org:80/archive/index.php/t-7525.html	20050513063759 20070901013454
http://forum.azzurra.org:80/archive/index.php/t-7528.html	20070716102514
http://forum.azzurra.org:80/archive/index.php/t-754.html	20050801091347 20060629224057
http://forum.azzurra.org:80/archive/index.php/t-7540.html	20050708081206 20050710081055 20070902001237 20090423061243
http://forum.azzurra.org:80/archive/index.php/t-7543-p-1.html	20051119160653
http://forum.azzurra.org:80/archive/index.php/t-7543-p-2.html	20050817175624 20051016192154
http://forum.azzurra.org:80/archive/index.php/t-7543-p-3.html	20051016192216
http://forum.azzurra.org:80/archive/index.php/t-7543.html	20050420081009 20050905084335
http://forum.azzurra.org:80/archive/index.php/t-7545.html	20050513063641
http://forum.azzurra.org:80/archive/index.php/t-755.html	20060113061434 20060117064716
http://forum.azzurra.org:80/archive/index.php/t-7550.html	20061031162708
http://forum.azzurra.org:80/archive/index.php/t-7552.html	20060527214314
http://forum.azzurra.org:80/archive/index.php/t-7555.html	20050507174558
http://forum.azzurra.org:80/archive/index.php/t-7557.html	20070314060259
http://forum.azzurra.org:80/archive/index.php/t-7559.html	20050511043620
http://forum.azzurra.org:80/archive/index.php/t-756.html	20050519124139
http://forum.azzurra.org:80/archive/index.php/t-7560.html	20070211153856
http://forum.azzurra.org:80/archive/index.php/t-7569.html	20060113064802 20060117064437
http://forum.azzurra.org:80/archive/index.php/t-7571.html	20060524000135
http://forum.azzurra.org:80/archive/index.php/t-758.html	20060113064543 20060117075938
http://forum.azzurra.org:80/archive/index.php/t-7584.html	20060113065311 20060117074946
http://forum.azzurra.org:80/archive/index.php/t-7591.html	20070310060818
http://forum.azzurra.org:80/archive/index.php/t-7593.html	20060720215330
http://forum.azzurra.org:80/archive/index.php/t-7597.html	20060527214328
http://forum.azzurra.org:80/archive/index.php/t-760.html	20060629223758
http://forum.azzurra.org:80/archive/index.php/t-7600.html	20070718010955
http://forum.azzurra.org:80/archive/index.php/t-7602.html	20070310041531 20080919095330
http://forum.azzurra.org:80/archive/index.php/t-7605.html	20070310060828
http://forum.azzurra.org:80/archive/index.php/t-7612.html	20070310005025
http://forum.azzurra.org:80/archive/index.php/t-762.html	20050519124143
http://forum.azzurra.org:80/archive/index.php/t-7620.html	20050511045313
http://forum.azzurra.org:80/archive/index.php/t-7634.html	20070314091636
http://forum.azzurra.org:80/archive/index.php/t-7644.html	20061031075724
http://forum.azzurra.org:80/archive/index.php/t-7648.html	20060720215341 20070225013101
http://forum.azzurra.org:80/archive/index.php/t-765.html	20050126100929 20050127092043 20050129095452 20050205090023 20050209084805 20080624231240
http://forum.azzurra.org:80/archive/index.php/t-7650.html	20070717001343
http://forum.azzurra.org:80/archive/index.php/t-7659.html	20060524000423
http://forum.azzurra.org:80/archive/index.php/t-7663.html	20060408143621
http://forum.azzurra.org:80/archive/index.php/t-7667.html	20060721081010
http://forum.azzurra.org:80/archive/index.php/t-7669.html	20070310005038
http://forum.azzurra.org:80/archive/index.php/t-767.html	20060113073150 20060117061203
http://forum.azzurra.org:80/archive/index.php/t-7670.html	20070310041541
http://forum.azzurra.org:80/archive/index.php/t-7674.html	20060721081022 20061031032333
http://forum.azzurra.org:80/archive/index.php/t-7675.html	20060113054325 20060117080927
http://forum.azzurra.org:80/archive/index.php/t-7679.html	20060408143700
http://forum.azzurra.org:80/archive/index.php/t-7680.html	20060721081037
http://forum.azzurra.org:80/archive/index.php/t-7686.html	20070329011459 20070630085253 20070818003346
http://forum.azzurra.org:80/archive/index.php/t-7688.html	20070310060838
http://forum.azzurra.org:80/archive/index.php/t-769.html	20080624144325 20090629040506
http://forum.azzurra.org:80/archive/index.php/t-7690.html	20070310060849
http://forum.azzurra.org:80/archive/index.php/t-7693.html	20050513063716
http://forum.azzurra.org:80/archive/index.php/t-7694.html	20060304182151 20060312080540
http://forum.azzurra.org:80/archive/index.php/t-7695.html	20081228045313 20090207084237
http://forum.azzurra.org:80/archive/index.php/t-7706.html	20060524000301
http://forum.azzurra.org:80/archive/index.php/t-7708.html	20060524000250
http://forum.azzurra.org:80/archive/index.php/t-7709.html	20050513063739
http://forum.azzurra.org:80/archive/index.php/t-771.html	20060304182108 20060312080455 20060328111022 20080624235201 20090629041435
http://forum.azzurra.org:80/archive/index.php/t-7719.html	20070204050614 20070331200335 20070402021244
http://forum.azzurra.org:80/archive/index.php/t-772.html	20060113064842 20060117055112
http://forum.azzurra.org:80/archive/index.php/t-7720.html	20070310060858
http://forum.azzurra.org:80/archive/index.php/t-7723.html	20060721081054
http://forum.azzurra.org:80/archive/index.php/t-773.html	20050126084740 20050127093158 20050129101740 20050205090240 20050209090750 20070901013740
http://forum.azzurra.org:80/archive/index.php/t-7731.html	20060113065601 20060117061230
http://forum.azzurra.org:80/archive/index.php/t-774.html	20080624235010
http://forum.azzurra.org:80/archive/index.php/t-7748.html	20070310060909
http://forum.azzurra.org:80/archive/index.php/t-7749.html	20060721081104
http://forum.azzurra.org:80/archive/index.php/t-775.html	20080624144330 20090621015434
http://forum.azzurra.org:80/archive/index.php/t-7752.html	20050514082606 20050819065906
http://forum.azzurra.org:80/archive/index.php/t-7753.html	20050519124038
http://forum.azzurra.org:80/archive/index.php/t-7758.html	20070310041551
http://forum.azzurra.org:80/archive/index.php/t-776.html	20050519124146
http://forum.azzurra.org:80/archive/index.php/t-7767.html	20050519124214
http://forum.azzurra.org:80/archive/index.php/t-777.html	20080624231026
http://forum.azzurra.org:80/archive/index.php/t-7770.html	20070310041602
http://forum.azzurra.org:80/archive/index.php/t-7775.html	20070310060919
http://forum.azzurra.org:80/archive/index.php/t-7778.html	20061103054741 20061111110756 20061116044452 20061125141251 20061130095324
http://forum.azzurra.org:80/archive/index.php/t-7789.html	20050319092032
http://forum.azzurra.org:80/archive/index.php/t-7790.html	20050721080224
http://forum.azzurra.org:80/archive/index.php/t-7796.html	20070211153906
http://forum.azzurra.org:80/archive/index.php/t-7803.html	20060507090655 20060721081114
http://forum.azzurra.org:80/archive/index.php/t-7804.html	20070508211848 20070608072907 20070709045301 20070813223824 20080929154648 20081219170612 20090207091206 20101221074838
http://forum.azzurra.org:80/archive/index.php/t-7805.html	20060823061139
http://forum.azzurra.org:80/archive/index.php/t-7809.html	20070314124232
http://forum.azzurra.org:80/archive/index.php/t-7812.html	20060507090605 20060721081127
http://forum.azzurra.org:80/archive/index.php/t-7815.html	20070310005049
http://forum.azzurra.org:80/archive/index.php/t-7817.html	20070716102639
http://forum.azzurra.org:80/archive/index.php/t-7825.html	20060524000436
http://forum.azzurra.org:80/archive/index.php/t-7831.html	20060518170404 20060721202017 20060827182807
http://forum.azzurra.org:80/archive/index.php/t-7835.html	20050322021321 20050511045446
http://forum.azzurra.org:80/archive/index.php/t-7838.html	20060507090615 20060721081139
http://forum.azzurra.org:80/archive/index.php/t-784.html	20070902001028
http://forum.azzurra.org:80/archive/index.php/t-7842.html	20130306013458
http://forum.azzurra.org:80/archive/index.php/t-7844.html	20070108120303 20070113054800 20070118045019 20070123113826 20070128150042 20070301034325 20080914173059 20091015033126 20100111043651
http://forum.azzurra.org:80/archive/index.php/t-785.html	20050519124150
http://forum.azzurra.org:80/archive/index.php/t-7850.html	20050513063729 20070901013624
http://forum.azzurra.org:80/archive/index.php/t-7851.html	20050513063624
http://forum.azzurra.org:80/archive/index.php/t-786.html	20050519124154
http://forum.azzurra.org:80/archive/index.php/t-7861.html	20061031214011
http://forum.azzurra.org:80/archive/index.php/t-7864.html	20050519124218
http://forum.azzurra.org:80/archive/index.php/t-7866.html	20050606082444 20050828105341
http://forum.azzurra.org:80/archive/index.php/t-7868.html	20060405154257 20060416081521 20060421051403 20060427121324
http://forum.azzurra.org:80/archive/index.php/t-7876.html	20070310060932
http://forum.azzurra.org:80/archive/index.php/t-788.html	20050519124159
http://forum.azzurra.org:80/archive/index.php/t-7887.html	20060412144919
http://forum.azzurra.org:80/archive/index.php/t-7888.html	20070310041613
http://forum.azzurra.org:80/archive/index.php/t-7889.html	20050511043313 20050816142121
http://forum.azzurra.org:80/archive/index.php/t-7891.html	20070222212101
http://forum.azzurra.org:80/archive/index.php/t-7894.html	20070317014939 20070321062522 20070902001420
http://forum.azzurra.org:80/archive/index.php/t-79.html	20050519124058
http://forum.azzurra.org:80/archive/index.php/t-790.html	20060721201236
http://forum.azzurra.org:80/archive/index.php/t-7901.html	20060507090638 20060721081151 20061031162933
http://forum.azzurra.org:80/archive/index.php/t-7909.html	20060721081204
http://forum.azzurra.org:80/archive/index.php/t-791.html	20050519124202
http://forum.azzurra.org:80/archive/index.php/t-7914.html	20060721202032
http://forum.azzurra.org:80/archive/index.php/t-7926.html	20070310061005
http://forum.azzurra.org:80/archive/index.php/t-7929.html	20070310061014
http://forum.azzurra.org:80/archive/index.php/t-7930.html	20050524074347 20051025013840 20051218021446 20051231013926 20060507090813 20060630030109 20060720215353 20060823061115 20061013133530 20070227102518 20070903085525 20091215171748 20091215171748 20091218102706 20091218102706
http://forum.azzurra.org:80/archive/index.php/t-7932.html	20050809074513
http://forum.azzurra.org:80/archive/index.php/t-7936.html	20050519124223
http://forum.azzurra.org:80/archive/index.php/t-7940.html	20060404213839 20061031075952
http://forum.azzurra.org:80/archive/index.php/t-7947.html	20050513063629
http://forum.azzurra.org:80/archive/index.php/t-7949.html	20060218070604 20060427014429 20060721081218 20070315042410
http://forum.azzurra.org:80/archive/index.php/t-7954.html	20061025233235
http://forum.azzurra.org:80/archive/index.php/t-7957.html	20061031032310
http://forum.azzurra.org:80/archive/index.php/t-7962.html	20050731075000
http://forum.azzurra.org:80/archive/index.php/t-7969.html	20051214192117 20070630124929 20070813223934
http://forum.azzurra.org:80/archive/index.php/t-7972.html	20050711073534 20050713084152 20050716081818 20050717083411 20050721081103 20050727084414 20050828232252
http://forum.azzurra.org:80/archive/index.php/t-7973.html	20070312200035
http://forum.azzurra.org:80/archive/index.php/t-7975.html	20070310041624
http://forum.azzurra.org:80/archive/index.php/t-7984.html	20050728130902
http://forum.azzurra.org:80/archive/index.php/t-7993.html	20050513063653
http://forum.azzurra.org:80/archive/index.php/t-8.html	20050519124042
http://forum.azzurra.org:80/archive/index.php/t-8003.html	20060813191613 20061025142238
http://forum.azzurra.org:80/archive/index.php/t-8007.html	20060113070237 20060117054428
http://forum.azzurra.org:80/archive/index.php/t-8009.html	20050513063812 20090815141819
http://forum.azzurra.org:80/archive/index.php/t-8010.html	20070310041633
http://forum.azzurra.org:80/archive/index.php/t-8016.html	20070310061025
http://forum.azzurra.org:80/archive/index.php/t-8017.html	20060113060333 20060117041443 20060328111445 20071021025841 20080614040650 20090127041214 20090228182610 20110305054806
http://forum.azzurra.org:80/archive/index.php/t-8019.html	20060408143613
http://forum.azzurra.org:80/archive/index.php/t-8022.html	20070310005101
http://forum.azzurra.org:80/archive/index.php/t-8023.html	20070427012030 20070527174609 20070630195508 20070813223722
http://forum.azzurra.org:80/archive/index.php/t-8027.html	20070211153916
http://forum.azzurra.org:80/archive/index.php/t-8031.html	20050519124226
http://forum.azzurra.org:80/archive/index.php/t-8036.html	20070314060308
http://forum.azzurra.org:80/archive/index.php/t-8037.html	20050511045338 20050615081025
http://forum.azzurra.org:80/archive/index.php/t-8044.html	20060507090758 20060721081229
http://forum.azzurra.org:80/archive/index.php/t-8045.html	20050426162616 20051119160614 20060721081242
http://forum.azzurra.org:80/archive/index.php/t-8048.html	20050728131140
http://forum.azzurra.org:80/archive/index.php/t-8049.html	20060427035706
http://forum.azzurra.org:80/archive/index.php/t-805.html	20080624231244
http://forum.azzurra.org:80/archive/index.php/t-8050.html	20050513063816 20070902001326
http://forum.azzurra.org:80/archive/index.php/t-8051.html	20050628082743 20050825085727 20051126015047 20051224162759
http://forum.azzurra.org:80/archive/index.php/t-8056.html	20050511043448
http://forum.azzurra.org:80/archive/index.php/t-8058.html	20070310061035
http://forum.azzurra.org:80/archive/index.php/t-806.html	20050519124206
http://forum.azzurra.org:80/archive/index.php/t-8074.html	20060822071016
http://forum.azzurra.org:80/archive/index.php/t-8081.html	20061027180650 20061103054527 20061111110833 20061116044801 20061120223634 20061125141147 20070228093230 20070901013423 20101011093302
http://forum.azzurra.org:80/archive/index.php/t-8092.html	20070310061045
http://forum.azzurra.org:80/archive/index.php/t-8096.html	20070718155632
http://forum.azzurra.org:80/archive/index.php/t-81.html	20050519235823
http://forum.azzurra.org:80/archive/index.php/t-8103.html	20060113055315 20060117083408
http://forum.azzurra.org:80/archive/index.php/t-8114.html	20080624235019 20090703225716
http://forum.azzurra.org:80/archive/index.php/t-8127-p-2.html	20080517163430 20080617034057
http://forum.azzurra.org:80/archive/index.php/t-8127.html	20080518075705
http://forum.azzurra.org:80/archive/index.php/t-813.html	20070902001403
http://forum.azzurra.org:80/archive/index.php/t-8135.html	20050526074150 20050817082102 20050824013649 20070901013510 20081110085627 20081211015154
http://forum.azzurra.org:80/archive/index.php/t-8136.html	20050804080704
http://forum.azzurra.org:80/archive/index.php/t-8138.html	20080423081059 20080523142836 20080623010253
http://forum.azzurra.org:80/archive/index.php/t-8140.html	20070310061055
http://forum.azzurra.org:80/archive/index.php/t-8149.html	20070304061424
http://forum.azzurra.org:80/archive/index.php/t-8150.html	20050422074334 20050930055124
http://forum.azzurra.org:80/archive/index.php/t-8152.html	20060113071252 20070510053414 20070609232655 20070710174700 20070815223430
http://forum.azzurra.org:80/archive/index.php/t-8157.html	20070830023440
http://forum.azzurra.org:80/archive/index.php/t-8159.html	20060625144655 20061031214023
http://forum.azzurra.org:80/archive/index.php/t-8164.html	20070830022738
http://forum.azzurra.org:80/archive/index.php/t-8165.html	20070901013237
http://forum.azzurra.org:80/archive/index.php/t-8167.html	20060524000452
http://forum.azzurra.org:80/archive/index.php/t-8168.html	20050511045332
http://forum.azzurra.org:80/archive/index.php/t-8174.html	20060719063659 20060719203857
http://forum.azzurra.org:80/archive/index.php/t-8177.html	20060113062111 20060117060728
http://forum.azzurra.org:80/archive/index.php/t-8179.html	20060720215405 20061031162946
http://forum.azzurra.org:80/archive/index.php/t-818.html	20080624231250
http://forum.azzurra.org:80/archive/index.php/t-8187.html	20060518170418 20060721202048 20060820032202 20060827182627
http://forum.azzurra.org:80/archive/index.php/t-8195.html	20060519173646 20061228215739
http://forum.azzurra.org:80/archive/index.php/t-82.html	20050519235819
http://forum.azzurra.org:80/archive/index.php/t-820.html	20080624144336 20090629041440
http://forum.azzurra.org:80/archive/index.php/t-8207.html	20060623011109
http://forum.azzurra.org:80/archive/index.php/t-8218.html	20060113123441 20060626153435 20060831120256 20061025192244 20070707202721 20070902000858
http://forum.azzurra.org:80/archive/index.php/t-822.html	20050519235841
http://forum.azzurra.org:80/archive/index.php/t-8222.html	20050802081439 20090523113952
http://forum.azzurra.org:80/archive/index.php/t-8228.html	20070904031454
http://forum.azzurra.org:80/archive/index.php/t-823.html	20050519235845
http://forum.azzurra.org:80/archive/index.php/t-8231.html	20061031080053
http://forum.azzurra.org:80/archive/index.php/t-8237.html	20070323220904 20070325101127
http://forum.azzurra.org:80/archive/index.php/t-8241.html	20060331115521 20060427043949
http://forum.azzurra.org:80/archive/index.php/t-8242.html	20061031032909
http://forum.azzurra.org:80/archive/index.php/t-8244.html	20060427041511
http://forum.azzurra.org:80/archive/index.php/t-8245.html	20070303200121
http://forum.azzurra.org:80/archive/index.php/t-8258.html	20060405154308
http://forum.azzurra.org:80/archive/index.php/t-8269.html	20060507090709 20060721081256
http://forum.azzurra.org:80/archive/index.php/t-828.html	20050519235849
http://forum.azzurra.org:80/archive/index.php/t-8286.html	20070427024940
http://forum.azzurra.org:80/archive/index.php/t-8288.html	20060113072502 20060117082857
http://forum.azzurra.org:80/archive/index.php/t-829.html	20060404213943 20060426210945 20070107064159 20070111224253 20070116180537 20070122011811 20070127080135 20090416032243
http://forum.azzurra.org:80/archive/index.php/t-8295.html	20060519173701 20061216215937
http://forum.azzurra.org:80/archive/index.php/t-83.html	20050519235816
http://forum.azzurra.org:80/archive/index.php/t-830.html	20050519235852
http://forum.azzurra.org:80/archive/index.php/t-8313.html	20070310061106
http://forum.azzurra.org:80/archive/index.php/t-8318.html	20050804081341
http://forum.azzurra.org:80/archive/index.php/t-8321.html	20060113065125 20060117081655
http://forum.azzurra.org:80/archive/index.php/t-8327.html	20060427061751
http://forum.azzurra.org:80/archive/index.php/t-833.html	20050519235900
http://forum.azzurra.org:80/archive/index.php/t-8331.html	20060113061323 20060117043451
http://forum.azzurra.org:80/archive/index.php/t-8341.html	20080917020940
http://forum.azzurra.org:80/archive/index.php/t-8343.html	20070224081509 20081107225247 20081209033859 20090414064329
http://forum.azzurra.org:80/archive/index.php/t-835.html	20070205062634 20070331195212 20070402021438
http://forum.azzurra.org:80/archive/index.php/t-836.html	20080624235210
http://forum.azzurra.org:80/archive/index.php/t-837.html	20080624231030 20090629035347
http://forum.azzurra.org:80/archive/index.php/t-8380.html	20070830023411
http://forum.azzurra.org:80/archive/index.php/t-8382.html	20070314091646
http://forum.azzurra.org:80/archive/index.php/t-839.html	20050519235902
http://forum.azzurra.org:80/archive/index.php/t-8393.html	20060518170030 20060721202109 20060820030725 20060827182718
http://forum.azzurra.org:80/archive/index.php/t-8394.html	20070310005113
http://forum.azzurra.org:80/archive/index.php/t-8396.html	20060507090819 20060721081308
http://forum.azzurra.org:80/archive/index.php/t-84.html	20050519235827
http://forum.azzurra.org:80/archive/index.php/t-8407.html	20050522083025
http://forum.azzurra.org:80/archive/index.php/t-8413.html	20060113072730 20060117072052
http://forum.azzurra.org:80/archive/index.php/t-8418.html	20070211153925
http://forum.azzurra.org:80/archive/index.php/t-843.html	20060629224108
http://forum.azzurra.org:80/archive/index.php/t-8430.html	20060328111729 20060415083115
http://forum.azzurra.org:80/archive/index.php/t-8438.html	20060823061129 20061027150908 20070303215239
http://forum.azzurra.org:80/archive/index.php/t-8439.html	20060813151308 20060813191518
http://forum.azzurra.org:80/archive/index.php/t-8457.html	20060721202121
http://forum.azzurra.org:80/archive/index.php/t-8459.html	20060625202223
http://forum.azzurra.org:80/archive/index.php/t-846.html	20050519235907
http://forum.azzurra.org:80/archive/index.php/t-8473.html	20070119085856 20070513053132 20070714014845 20070815223209 20081229043556 20090207085214 20100110133036
http://forum.azzurra.org:80/archive/index.php/t-8475.html	20070314124243
http://forum.azzurra.org:80/archive/index.php/t-8476.html	20070310005125
http://forum.azzurra.org:80/archive/index.php/t-8477.html	20070317221706
http://forum.azzurra.org:80/archive/index.php/t-8481.html	20070227132605 20070404191906
http://forum.azzurra.org:80/archive/index.php/t-8486.html	20050528084446
http://forum.azzurra.org:80/archive/index.php/t-8498.html	20060813151321 20060813191341 20070322113534
http://forum.azzurra.org:80/archive/index.php/t-85.html	20080425102238 20080526024730 20080625233147 20081211015217
http://forum.azzurra.org:80/archive/index.php/t-850.html	20050519235910
http://forum.azzurra.org:80/archive/index.php/t-8506.html	20070317221737 20090402071847
http://forum.azzurra.org:80/archive/index.php/t-8512.html	20060113061403 20060117055543
http://forum.azzurra.org:80/archive/index.php/t-853.html	20060117050432
http://forum.azzurra.org:80/archive/index.php/t-8538.html	20080425102244 20080526024742 20080625233153 20080715061048
http://forum.azzurra.org:80/archive/index.php/t-854.html	20050519235915 20120111134141
http://forum.azzurra.org:80/archive/index.php/t-8554.html	20070714221246
http://forum.azzurra.org:80/archive/index.php/t-8556.html	20070222011221 20120927233927 20121029023121
http://forum.azzurra.org:80/archive/index.php/t-856.html	20061031213345 20070630060302 20070816112925
http://forum.azzurra.org:80/archive/index.php/t-8561.html	20061124005913 20061128201245 20070312200045
http://forum.azzurra.org:80/archive/index.php/t-857.html	20050519235919
http://forum.azzurra.org:80/archive/index.php/t-8579.html	20060113072756 20060117072004
http://forum.azzurra.org:80/archive/index.php/t-858.html	20050329094209 20050720081300 20070427063809 20070527143624 20070630125622 20070815223107 20080624151300 20090703222354
http://forum.azzurra.org:80/archive/index.php/t-8583-p-2.html	20120323000225 20120503012602
http://forum.azzurra.org:80/archive/index.php/t-8587.html	20070714221509
http://forum.azzurra.org:80/archive/index.php/t-8592.html	20060518170434 20060721202133 20060820031427 20060827182825 20060830185628
http://forum.azzurra.org:80/archive/index.php/t-8594.html	20070211153935
http://forum.azzurra.org:80/archive/index.php/t-86.html	20050519235832
http://forum.azzurra.org:80/archive/index.php/t-8617.html	20061031162958 20070429044029 20070529115819 20070630145957 20070816055029
http://forum.azzurra.org:80/archive/index.php/t-8618.html	20060113054817 20060117061319
http://forum.azzurra.org:80/archive/index.php/t-8624.html	20050729105826
http://forum.azzurra.org:80/archive/index.php/t-863.html	20050519235923
http://forum.azzurra.org:80/archive/index.php/t-8650.html	20070718123555
http://forum.azzurra.org:80/archive/index.php/t-8654.html	20060113072819
http://forum.azzurra.org:80/archive/index.php/t-8665.html	20060720153916
http://forum.azzurra.org:80/archive/index.php/t-868.html	20080624151308 20090629040512
http://forum.azzurra.org:80/archive/index.php/t-8682.html	20070510025250 20070527143407 20070630115242 20070816055205
http://forum.azzurra.org:80/archive/index.php/t-869.html	20050519235927
http://forum.azzurra.org:80/archive/index.php/t-870.html	20080624151312 20090629044833
http://forum.azzurra.org:80/archive/index.php/t-8701.html	20060528093930 20061103055407 20061111110920 20061116044555 20061125141344 20061130095114 20061217201912 20061222124440 20061231022537 20070104165853 20070109131828 20070114110543 20070119124738 20070124183036 20090210123210
http://forum.azzurra.org:80/archive/index.php/t-8702.html	20061028170906 20061103055350 20061111110725 20061116044630 20061120223813 20061125141303 20061130095228
http://forum.azzurra.org:80/archive/index.php/t-8720.html	20080915045220
http://forum.azzurra.org:80/archive/index.php/t-8722.html	20060721081330 20061031080005
http://forum.azzurra.org:80/archive/index.php/t-8729.html	20060507090725 20060721081345
http://forum.azzurra.org:80/archive/index.php/t-8734.html	20060831120311 20080516214904 20080616064652 20090321073555 20101106000159 20101207162432 20110227080633 20130801035911
http://forum.azzurra.org:80/archive/index.php/t-8735.html	20070901013358
http://forum.azzurra.org:80/archive/index.php/t-8743.html	20070902000623
http://forum.azzurra.org:80/archive/index.php/t-8750.html	20090801131648
http://forum.azzurra.org:80/archive/index.php/t-877.html	20080624151317 20090621031126
http://forum.azzurra.org:80/archive/index.php/t-8772.html	20061211062755 20061216004318 20061220124025 20061227020232 20070101140015 20070106071431 20070111025813 20070115195748 20070120215934 20070126003442 20070126071203
http://forum.azzurra.org:80/archive/index.php/t-8799.html	20060113060743 20060117055701
http://forum.azzurra.org:80/archive/index.php/t-8800.html	20070718160202
http://forum.azzurra.org:80/archive/index.php/t-881.html	20050519235930
http://forum.azzurra.org:80/archive/index.php/t-8811.html	20070901014405
http://forum.azzurra.org:80/archive/index.php/t-8829.html	20070901013319
http://forum.azzurra.org:80/archive/index.php/t-883.html	20070211152031 20070512040940 20070712225918 20070813223712
http://forum.azzurra.org:80/archive/index.php/t-884.html	20050519235934 20071028081020
http://forum.azzurra.org:80/archive/index.php/t-8852.html	20060507090825 20060721081359 20061031032921
http://forum.azzurra.org:80/archive/index.php/t-8875.html	20070902000613
http://forum.azzurra.org:80/archive/index.php/t-888.html	20050512090307 20060629224120
http://forum.azzurra.org:80/archive/index.php/t-8886.html	20060524000119
http://forum.azzurra.org:80/archive/index.php/t-889.html	20080624231036 20090621015440
http://forum.azzurra.org:80/archive/index.php/t-8891.html	20060524000504
http://forum.azzurra.org:80/archive/index.php/t-890.html	20050801073512 20060113071158 20060117041947
http://forum.azzurra.org:80/archive/index.php/t-8902.html	20080919235336 20091105135238 20100111042111
http://forum.azzurra.org:80/archive/index.php/t-891.html	20060113065804 20060117065828
http://forum.azzurra.org:80/archive/index.php/t-8914.html	20061026124655 20070310061116
http://forum.azzurra.org:80/archive/index.php/t-8916.html	20060716133310
http://forum.azzurra.org:80/archive/index.php/t-8917.html	20060721202151
http://forum.azzurra.org:80/archive/index.php/t-8920.html	20070310041644
http://forum.azzurra.org:80/archive/index.php/t-8922.html	20090423061315
http://forum.azzurra.org:80/archive/index.php/t-8935.html	20101224101125
http://forum.azzurra.org:80/archive/index.php/t-8939.html	20060417080745 20061013133147 20070223210258
http://forum.azzurra.org:80/archive/index.php/t-894.html	20070211152107
http://forum.azzurra.org:80/archive/index.php/t-8944.html	20060716094628
http://forum.azzurra.org:80/archive/index.php/t-8951.html	20060127012638 20060201030300 20060204234041 20060206091055 20060208090403 20060720153928 20061024114052 20070224081530
http://forum.azzurra.org:80/archive/index.php/t-8953.html	20060720153615
http://forum.azzurra.org:80/archive/index.php/t-8955.html	20060720153449
http://forum.azzurra.org:80/archive/index.php/t-8956.html	20060720153940
http://forum.azzurra.org:80/archive/index.php/t-8958.html	20060721081417
http://forum.azzurra.org:80/archive/index.php/t-899.html	20080624151321
http://forum.azzurra.org:80/archive/index.php/t-8991.html	20070310061126
http://forum.azzurra.org:80/archive/index.php/t-8993.html	20060721202204
http://forum.azzurra.org:80/archive/index.php/t-900.html	20050519235938 20070630055753 20070818033421
http://forum.azzurra.org:80/archive/index.php/t-9002.html	20070223210311 20081023063954 20090424071725
http://forum.azzurra.org:80/archive/index.php/t-901.html	20060113073327 20060117074527
http://forum.azzurra.org:80/archive/index.php/t-902.html	20050519235942
http://forum.azzurra.org:80/archive/index.php/t-9027.html	20070314091656
http://forum.azzurra.org:80/archive/index.php/t-9040.html	20070329011510
http://forum.azzurra.org:80/archive/index.php/t-9046.html	20080430020625 20090216004209 20100725195728 20100825075540 20100926182122
http://forum.azzurra.org:80/archive/index.php/t-905.html	20050519235946
http://forum.azzurra.org:80/archive/index.php/t-9055.html	20070323064359
http://forum.azzurra.org:80/archive/index.php/t-9056.html	20070718123716
http://forum.azzurra.org:80/archive/index.php/t-9068-p-2.html	20070430063014 20070531193958 20070701102653 20070705103712 20070818033320
http://forum.azzurra.org:80/archive/index.php/t-9068.html	20070502215906 20070703095659
http://forum.azzurra.org:80/archive/index.php/t-907.html	20070603095737 20070704094601 20070818003452
http://forum.azzurra.org:80/archive/index.php/t-9070.html	20060623234157 20060822115111 20061016154127 20070303215250 20080427013614 20080527075303 20080626235820
http://forum.azzurra.org:80/archive/index.php/t-9077.html	20070310005140
http://forum.azzurra.org:80/archive/index.php/t-909.html	20070714221416
http://forum.azzurra.org:80/archive/index.php/t-9104.html	20070510025143 20070830022510
http://forum.azzurra.org:80/archive/index.php/t-9110.html	20070322193135
http://forum.azzurra.org:80/archive/index.php/t-9118.html	20160324114330 20160427113140
http://forum.azzurra.org:80/archive/index.php/t-912.html	20050519235950
http://forum.azzurra.org:80/archive/index.php/t-9120.html	20060719063711 20060719203909
http://forum.azzurra.org:80/archive/index.php/t-9128.html	20060716133034 20061031213408
http://forum.azzurra.org:80/archive/index.php/t-9135.html	20080624151327
http://forum.azzurra.org:80/archive/index.php/t-9136.html	20060113052652 20060117063337
http://forum.azzurra.org:80/archive/index.php/t-9137.html	20050728133048 20060716133326
http://forum.azzurra.org:80/archive/index.php/t-9142.html	20060721081429 20061031163009
http://forum.azzurra.org:80/archive/index.php/t-9143.html	20060113071538 20060117062605 20060328111243
http://forum.azzurra.org:80/archive/index.php/t-9148.html	20070310005150
http://forum.azzurra.org:80/archive/index.php/t-9154.html	20090210124519
http://forum.azzurra.org:80/archive/index.php/t-9164.html	20060716094640
http://forum.azzurra.org:80/archive/index.php/t-9176.html	20070310061136
http://forum.azzurra.org:80/archive/index.php/t-9177.html	20080624231255 20090629041445
http://forum.azzurra.org:80/archive/index.php/t-918.html	20060629224134
http://forum.azzurra.org:80/archive/index.php/t-9192.html	20060721081441
http://forum.azzurra.org:80/archive/index.php/t-92.html	20050519235835
http://forum.azzurra.org:80/archive/index.php/t-9210.html	20060719063725 20060719203921
http://forum.azzurra.org:80/archive/index.php/t-9211.html	20060719063743 20060719203933
http://forum.azzurra.org:80/archive/index.php/t-9240.html	20070314060318
http://forum.azzurra.org:80/archive/index.php/t-925.html	20061031075823
http://forum.azzurra.org:80/archive/index.php/t-9257.html	20060524000516
http://forum.azzurra.org:80/archive/index.php/t-927.html	20070211152109
http://forum.azzurra.org:80/archive/index.php/t-928.html	20050519235954
http://forum.azzurra.org:80/archive/index.php/t-9285.html	20070211153946
http://forum.azzurra.org:80/archive/index.php/t-9289.html	20130630112605
http://forum.azzurra.org:80/archive/index.php/t-930.html	20070211151828
http://forum.azzurra.org:80/archive/index.php/t-9303.html	20060218100339 20060721081455
http://forum.azzurra.org:80/archive/index.php/t-9315.html	20060524000527
http://forum.azzurra.org:80/archive/index.php/t-9318.html	20050728134332
http://forum.azzurra.org:80/archive/index.php/t-932.html	20061031032346
http://forum.azzurra.org:80/archive/index.php/t-9329.html	20080915165036
http://forum.azzurra.org:80/archive/index.php/t-9337.html	20050814084244 20070323172840 20090430131548
http://forum.azzurra.org:80/archive/index.php/t-9338.html	20060518170504 20060721202219 20060820032357 20060827182539 20060830185945
http://forum.azzurra.org:80/archive/index.php/t-934.html	20080624151331
http://forum.azzurra.org:80/archive/index.php/t-9343.html	20060813151745 20060813191310 20060831115835 20070830022526
http://forum.azzurra.org:80/archive/index.php/t-9345.html	20160811200918
http://forum.azzurra.org:80/archive/index.php/t-935.html	20080624151336
http://forum.azzurra.org:80/archive/index.php/t-9350.html	20060113065100 20060117081718
http://forum.azzurra.org:80/archive/index.php/t-9353.html	20080606065544 20090629035406
http://forum.azzurra.org:80/archive/index.php/t-938.html	20080624151341 20090629041450
http://forum.azzurra.org:80/archive/index.php/t-9383.html	20070310005206
http://forum.azzurra.org:80/archive/index.php/t-939.html	20050801075423
http://forum.azzurra.org:80/archive/index.php/t-941.html	20060629224146
http://forum.azzurra.org:80/archive/index.php/t-9415.html	20060113072843 20060117081458
http://forum.azzurra.org:80/archive/index.php/t-9419.html	20070310005221
http://forum.azzurra.org:80/archive/index.php/t-9421.html	20060519173711 20061228214423
http://forum.azzurra.org:80/archive/index.php/t-943.html	20060113055555 20060117075627 20061027030910 20061027121333 20061103054939 20061112005617 20061116154154 20061125234227 20061130202231 20070216040855 20070404062650 20100620232025 20110506010950 20150111114418 20151018005533
http://forum.azzurra.org:80/archive/index.php/t-9442.html	20060716094335
http://forum.azzurra.org:80/archive/index.php/t-9447.html	20090406035013
http://forum.azzurra.org:80/archive/index.php/t-9458.html	20070314124253
http://forum.azzurra.org:80/archive/index.php/t-9459.html	20060603234301 20060618195747
http://forum.azzurra.org:80/archive/index.php/t-9462.html	20070128015408
http://forum.azzurra.org:80/archive/index.php/t-947.html	20070303215110
http://forum.azzurra.org:80/archive/index.php/t-9477.html	20060716094653
http://forum.azzurra.org:80/archive/index.php/t-948.html	20050519235959
http://forum.azzurra.org:80/archive/index.php/t-9486.html	20070310005233
http://forum.azzurra.org:80/archive/index.php/t-9487.html	20070314091706
http://forum.azzurra.org:80/archive/index.php/t-9491.html	20060524000542
http://forum.azzurra.org:80/archive/index.php/t-9492.html	20070902001304
http://forum.azzurra.org:80/archive/index.php/t-950.html	20050520000003
http://forum.azzurra.org:80/archive/index.php/t-9502.html	20060113064245 20060117083312
http://forum.azzurra.org:80/archive/index.php/t-9513-p-2.html	20080614152318
http://forum.azzurra.org:80/archive/index.php/t-9513.html	20070225105013 20070323173034 20070404192126 20080614040702 20090529152430
http://forum.azzurra.org:80/archive/index.php/t-9515.html	20081018182328
http://forum.azzurra.org:80/archive/index.php/t-9528.html	20060721202238
http://forum.azzurra.org:80/archive/index.php/t-9531.html	20070324170132
http://forum.azzurra.org:80/archive/index.php/t-9539.html	20070228201516
http://forum.azzurra.org:80/archive/index.php/t-954.html	20060328111630
http://forum.azzurra.org:80/archive/index.php/t-955.html	20050228231244 20060630130347 20060831120131 20070323172953 20070325002345 20090125150628 20090228181223
http://forum.azzurra.org:80/archive/index.php/t-9550.html	20070314124304
http://forum.azzurra.org:80/archive/index.php/t-9559.html	20070718123733
http://forum.azzurra.org:80/archive/index.php/t-9560-p-2.html	20070103090516 20070225013152 20070506064644 20070507104622 20070826160922
http://forum.azzurra.org:80/archive/index.php/t-9560.html	20070102073903 20070105040112 20070107005848 20070111212747 20070116163256 20070121144506 20070126182335 20070127043900 20070226193547 20070824101332
http://forum.azzurra.org:80/archive/index.php/t-9561.html	20060528093724 20080630205112
http://forum.azzurra.org:80/archive/index.php/t-9562.html	20050807082051 20050812075622 20070315222505 20070320224107
http://forum.azzurra.org:80/archive/index.php/t-9579.html	20061031214036
http://forum.azzurra.org:80/archive/index.php/t-959.html	20061031162509
http://forum.azzurra.org:80/archive/index.php/t-9604.html	20060113061041 20060117062159
http://forum.azzurra.org:80/archive/index.php/t-9609.html	20070114063323 20070119034050 20070119114210 20070124111611 20070129054933
http://forum.azzurra.org:80/archive/index.php/t-961.html	20080624231300
http://forum.azzurra.org:80/archive/index.php/t-9628.html	20060113070026 20060117041013
http://forum.azzurra.org:80/archive/index.php/t-9642.html	20070310041654
http://forum.azzurra.org:80/archive/index.php/t-9646.html	20060115075836
http://forum.azzurra.org:80/archive/index.php/t-966.html	20070115154248 20070120152711 20070125213414
http://forum.azzurra.org:80/archive/index.php/t-9664.html	20070310005249
http://forum.azzurra.org:80/archive/index.php/t-9674.html	20060716133011
http://forum.azzurra.org:80/archive/index.php/t-968.html	20061031075927
http://forum.azzurra.org:80/archive/index.php/t-9684.html	20060721202304
http://forum.azzurra.org:80/archive/index.php/t-9688.html	20061115213120 20061125045336 20061130010237
http://forum.azzurra.org:80/archive/index.php/t-9689-p-2.html	20070323141529
http://forum.azzurra.org:80/archive/index.php/t-9689-p-3.html	20070316042859 20070317180758
http://forum.azzurra.org:80/archive/index.php/t-9689-p-4.html	20070323141227
http://forum.azzurra.org:80/archive/index.php/t-9689-p-5.html	20070323141538
http://forum.azzurra.org:80/archive/index.php/t-9689.html	20070323141458
http://forum.azzurra.org:80/archive/index.php/t-9691.html	20060822114739 20070224081237
http://forum.azzurra.org:80/archive/index.php/t-9696.html	20140131080431
http://forum.azzurra.org:80/archive/index.php/t-9697.html	20060721202320 20061031032934
http://forum.azzurra.org:80/archive/index.php/t-970.html	20050728135546 20050731075541 20070630155254 20070815223457
http://forum.azzurra.org:80/archive/index.php/t-9702.html	20060721202333
http://forum.azzurra.org:80/archive/index.php/t-9704.html	20060721202352
http://forum.azzurra.org:80/archive/index.php/t-9707.html	20080415002417 20090214210318 20100113031305 20111110081118 20111211074516
http://forum.azzurra.org:80/archive/index.php/t-971.html	20050520000006
http://forum.azzurra.org:80/archive/index.php/t-9711.html	20060721202407
http://forum.azzurra.org:80/archive/index.php/t-972.html	20080624151346 20090629041553
http://forum.azzurra.org:80/archive/index.php/t-9721.html	20070310061146
http://forum.azzurra.org:80/archive/index.php/t-9724.html	20060113062222 20060117060215
http://forum.azzurra.org:80/archive/index.php/t-9732.html	20060716094348 20060813151221 20060813191600 20070102074410 20070107005318 20070111212333 20070116162736 20070121144816 20070126182622 20070127043713 20070309030035
http://forum.azzurra.org:80/archive/index.php/t-9733.html	20070310041705 20100709034915
http://forum.azzurra.org:80/archive/index.php/t-9735.html	20080430020132
http://forum.azzurra.org:80/archive/index.php/t-9739.html	20060721202420
http://forum.azzurra.org:80/archive/index.php/t-974.html	20050520111954 20050624073603
http://forum.azzurra.org:80/archive/index.php/t-9743.html	20070115154241 20070120153147 20070125213508 20070301034335 20090606105525
http://forum.azzurra.org:80/archive/index.php/t-9744.html	20060721202437 20070107064010 20070111224028 20070116180439 20070122012447 20070127080121
http://forum.azzurra.org:80/archive/index.php/t-975.html	20050515035347
http://forum.azzurra.org:80/archive/index.php/t-9760.html	20060721202455
http://forum.azzurra.org:80/archive/index.php/t-9767.html	20060113070105 20060117070057
http://forum.azzurra.org:80/archive/index.php/t-977.html	20070211152120
http://forum.azzurra.org:80/archive/index.php/t-9770.html	20070310005259
http://forum.azzurra.org:80/archive/index.php/t-978.html	20070901013158
http://forum.azzurra.org:80/archive/index.php/t-979.html	20060113074011 20060117045249
http://forum.azzurra.org:80/archive/index.php/t-9794.html	20070318064206
http://forum.azzurra.org:80/archive/index.php/t-9797.html	20060117053458
http://forum.azzurra.org:80/archive/index.php/t-980.html	20080624231041 20090629040517
http://forum.azzurra.org:80/archive/index.php/t-9816.html	20060524000553
http://forum.azzurra.org:80/archive/index.php/t-9819.html	20070310041715
http://forum.azzurra.org:80/archive/index.php/t-985.html	20050520111959
http://forum.azzurra.org:80/archive/index.php/t-9852.html	20070128014813
http://forum.azzurra.org:80/archive/index.php/t-9863.html	20141002030646
http://forum.azzurra.org:80/archive/index.php/t-9865.html	20080628181511
http://forum.azzurra.org:80/archive/index.php/t-987.html	20070211152130
http://forum.azzurra.org:80/archive/index.php/t-9885.html	20060220094339 20061103054540 20061111110945 20061116044813 20061125141356 20070523090910 20070630125829 20070813223305 20100606172214
http://forum.azzurra.org:80/archive/index.php/t-9890.html	20070830023054
http://forum.azzurra.org:80/archive/index.php/t-9897.html	20060113055747 20060117075914
http://forum.azzurra.org:80/archive/index.php/t-9902.html	20060518170120 20060721202506 20060820030701 20060827182551 20060830185957
http://forum.azzurra.org:80/archive/index.php/t-9903.html	20060518170513 20060721202519 20060820032132 20060827182640
http://forum.azzurra.org:80/archive/index.php/t-9906.html	20061016001236 20070509033656 20070608201503 20070709163700 20070815223112
http://forum.azzurra.org:80/archive/index.php/t-991.html	20050426080146
http://forum.azzurra.org:80/archive/index.php/t-9912.html	20060831120322
http://forum.azzurra.org:80/archive/index.php/t-9915.html	20060113072248 20060117044213 20070512174211 20070714015023 20070813223450
http://forum.azzurra.org:80/archive/index.php/t-9916.html	20060113054719 20060117044126 20110613153537
http://forum.azzurra.org:80/archive/index.php/t-9925.html	20061031214047
http://forum.azzurra.org:80/archive/index.php/t-9928.html	20060901073115 20070102074242 20070107005700 20070111212818 20070116163232 20070121144614 20070126182323 20070127044423 20070531103937 20070701102610 20070816055535 20080425102249 20080526024749 20080625233158
http://forum.azzurra.org:80/archive/index.php/t-9934.html	20060721202531
http://forum.azzurra.org:80/archive/index.php/t-9937.html	20060113073622 20060117071703
http://forum.azzurra.org:80/archive/index.php/t-9939.html	20090204145153
http://forum.azzurra.org:80/archive/index.php/t-994.html	20050520112003
http://forum.azzurra.org:80/archive/index.php/t-9953.html	20061031163021
http://forum.azzurra.org:80/archive/index.php/t-9956.html	20070223210321
http://forum.azzurra.org:80/archive/index.php/t-996.html	20080624151351 20090621031146
http://forum.azzurra.org:80/archive/index.php/t-9965.html	20060721202547
http://forum.azzurra.org:80/archive/index.php/t-9966.html	20060113060007 20060117062135
http://forum.azzurra.org:80/archive/index.php/t-9976.html	20061031080105
http://forum.azzurra.org:80/archive/index.php/t-998.html	20050514195006 20060721080228
http://forum.azzurra.org:80/archive/index.php/t-9983.html	20061031032946
http://forum.azzurra.org:80/archive/index.php/t-9987.html	20070129090656
http://forum.azzurra.org:80/archive/index.php/t-9994.html	20060716132958
