20050227070043	http://forum.azzurra.org:80/archive/index.php/f-10.html	f-10.html
20060430122436	http://forum.azzurra.org:80/archive/index.php/f-107.html	f-107.html
20060626104332	http://forum.azzurra.org:80/archive/index.php/f-108.html	f-108.html
20060626104345	http://forum.azzurra.org:80/archive/index.php/f-109.html	f-109.html
20081120190929	http://forum.azzurra.org/archive/index.php/f-11-p-2.html	f-11-p-2.html
20050301013429	http://forum.azzurra.org:80/archive/index.php/f-11.html	f-11.html
20060626104357	http://forum.azzurra.org:80/archive/index.php/f-110.html	f-110.html
20060626104412	http://forum.azzurra.org:80/archive/index.php/f-112.html	f-112.html
20060626104428	http://forum.azzurra.org:80/archive/index.php/f-114.html	f-114.html
20060626104442	http://forum.azzurra.org:80/archive/index.php/f-115.html	f-115.html
20060205005217	http://forum.azzurra.org:80/archive/index.php/f-116.html	f-116.html
20060626104507	http://forum.azzurra.org:80/archive/index.php/f-117.html	f-117.html
20060430030921	http://forum.azzurra.org:80/archive/index.php/f-118.html	f-118.html
20060626104518	http://forum.azzurra.org:80/archive/index.php/f-119.html	f-119.html
20060626104531	http://forum.azzurra.org:80/archive/index.php/f-121.html	f-121.html
20060626102813	http://forum.azzurra.org:80/archive/index.php/f-122.html	f-122.html
20060626104543	http://forum.azzurra.org:80/archive/index.php/f-123.html	f-123.html
20060426043728	http://forum.azzurra.org:80/archive/index.php/f-125.html	f-125.html
20060626104608	http://forum.azzurra.org:80/archive/index.php/f-126.html	f-126.html
20060626104621	http://forum.azzurra.org:80/archive/index.php/f-127.html	f-127.html
20060626104634	http://forum.azzurra.org:80/archive/index.php/f-128.html	f-128.html
20070430070806	http://forum.azzurra.org:80/archive/index.php/f-129.html	f-129.html
20050301014024	http://forum.azzurra.org:80/archive/index.php/f-13.html	f-13.html
20070430070712	http://forum.azzurra.org:80/archive/index.php/f-130.html	f-130.html
20070202202709	http://forum.azzurra.org:80/archive/index.php/f-131.html	f-131.html
20070430071537	http://forum.azzurra.org:80/archive/index.php/f-133.html	f-133.html
20070429033212	http://forum.azzurra.org:80/archive/index.php/f-135.html	f-135.html
20070323141318	http://forum.azzurra.org:80/archive/index.php/f-136.html	f-136.html
20070430071054	http://forum.azzurra.org:80/archive/index.php/f-137.html	f-137.html
20090220084908	http://forum.azzurra.org:80/archive/index.php/f-138.html	f-138.html
20090215062025	http://forum.azzurra.org:80/archive/index.php/f-139.html	f-139.html
20050301013409	http://forum.azzurra.org:80/archive/index.php/f-14.html	f-14.html
20090216091615	http://forum.azzurra.org:80/archive/index.php/f-140.html	f-140.html
20090216091337	http://forum.azzurra.org:80/archive/index.php/f-141.html	f-141.html
20090216091342	http://forum.azzurra.org:80/archive/index.php/f-142.html	f-142.html
20090105191631	http://forum.azzurra.org/archive/index.php/f-144.html	f-144.html
20050515041104	http://forum.azzurra.org:80/archive/index.php/f-15-p-2.html	f-15-p-2.html
20050515041002	http://forum.azzurra.org:80/archive/index.php/f-15-p-3.html	f-15-p-3.html
20050515041107	http://forum.azzurra.org:80/archive/index.php/f-15-p-4.html	f-15-p-4.html
20081120212957	http://forum.azzurra.org/archive/index.php/f-15-p-5.html	f-15-p-5.html
20050301013744	http://forum.azzurra.org:80/archive/index.php/f-15.html	f-15.html
20081120184806	http://forum.azzurra.org/archive/index.php/f-16-p-2.html	f-16-p-2.html
20050301013426	http://forum.azzurra.org:80/archive/index.php/f-16.html	f-16.html
20081120201040	http://forum.azzurra.org/archive/index.php/f-17-p-2.html	f-17-p-2.html
20050301014005	http://forum.azzurra.org:80/archive/index.php/f-17.html	f-17.html
20050302123408	http://forum.azzurra.org:80/archive/index.php/f-18.html	f-18.html
20050302091207	http://forum.azzurra.org:80/archive/index.php/f-19.html	f-19.html
20081120195726	http://forum.azzurra.org/archive/index.php/f-20-p-2.html	f-20-p-2.html
20050302122823	http://forum.azzurra.org:80/archive/index.php/f-20.html	f-20.html
20050302122306	http://forum.azzurra.org:80/archive/index.php/f-21.html	f-21.html
20050302122522	http://forum.azzurra.org:80/archive/index.php/f-22.html	f-22.html
20050302122729	http://forum.azzurra.org:80/archive/index.php/f-23.html	f-23.html
20050302122738	http://forum.azzurra.org:80/archive/index.php/f-24.html	f-24.html
20050302122910	http://forum.azzurra.org:80/archive/index.php/f-25.html	f-25.html
20060626103101	http://forum.azzurra.org:80/archive/index.php/f-26.html	f-26.html
20060617063827	http://forum.azzurra.org:80/archive/index.php/f-27.html	f-27.html
20050514184326	http://forum.azzurra.org:80/archive/index.php/f-28.html	f-28.html
20050227070458	http://forum.azzurra.org:80/archive/index.php/f-3.html	f-3.html
20060430122512	http://forum.azzurra.org:80/archive/index.php/f-30.html	f-30.html
20060501011416	http://forum.azzurra.org:80/archive/index.php/f-31.html	f-31.html
20051023235340	http://forum.azzurra.org:80/archive/index.php/f-32.html	f-32.html
20090105235043	http://forum.azzurra.org/archive/index.php/f-35-p-2.html	f-35-p-2.html
20060429232047	http://forum.azzurra.org:80/archive/index.php/f-35.html	f-35.html
20060430122352	http://forum.azzurra.org:80/archive/index.php/f-36.html	f-36.html
20060626103244	http://forum.azzurra.org:80/archive/index.php/f-37.html	f-37.html
20050424005637	http://forum.azzurra.org:80/archive/index.php/f-38.html	f-38.html
20050225090049	http://forum.azzurra.org:80/archive/index.php/f-39.html	f-39.html
20050310184817	http://forum.azzurra.org:80/archive/index.php/f-4.html	f-4.html
20050503181233	http://forum.azzurra.org:80/archive/index.php/f-41.html	f-41.html
20081120215235	http://forum.azzurra.org/archive/index.php/f-42-p-2.html	f-42-p-2.html
20090106020204	http://forum.azzurra.org/archive/index.php/f-42-p-3.html	f-42-p-3.html
20081120210337	http://forum.azzurra.org/archive/index.php/f-42-p-4.html	f-42-p-4.html
20090106032305	http://forum.azzurra.org/archive/index.php/f-42-p-5.html	f-42-p-5.html
20090106024114	http://forum.azzurra.org/archive/index.php/f-42-p-6.html	f-42-p-6.html
20050815081739	http://forum.azzurra.org:80/archive/index.php/f-42.html	f-42.html
20050503181929	http://forum.azzurra.org:80/archive/index.php/f-43.html	f-43.html
20080430011623	http://forum.azzurra.org:80/archive/index.php/f-44-p-2.html	f-44-p-2.html
20080430020137	http://forum.azzurra.org:80/archive/index.php/f-44-p-3.html	f-44-p-3.html
20080430011626	http://forum.azzurra.org:80/archive/index.php/f-44-p-4.html	f-44-p-4.html
20080430020142	http://forum.azzurra.org:80/archive/index.php/f-44-p-5.html	f-44-p-5.html
20080430011631	http://forum.azzurra.org:80/archive/index.php/f-44-p-6.html	f-44-p-6.html
20061027075539	http://forum.azzurra.org:80/archive/index.php/f-44-p-7.html	f-44-p-7.html
20080430011636	http://forum.azzurra.org:80/archive/index.php/f-44-p-8.html	f-44-p-8.html
20080430014945	http://forum.azzurra.org:80/archive/index.php/f-44-p-9.html	f-44-p-9.html
20050224235957	http://forum.azzurra.org:80/archive/index.php/f-44.html	f-44.html
20050912190638	http://forum.azzurra.org:80/archive/index.php/f-45.html	f-45.html
20090105224351	http://forum.azzurra.org/archive/index.php/f-48-p-2.html	f-48-p-2.html
20060312093920	http://forum.azzurra.org:80/archive/index.php/f-48.html	f-48.html
20060626103431	http://forum.azzurra.org:80/archive/index.php/f-49.html	f-49.html
20070502134013	http://forum.azzurra.org:80/archive/index.php/f-5.html	f-5.html
20060430055126	http://forum.azzurra.org:80/archive/index.php/f-50.html	f-50.html
20060626103501	http://forum.azzurra.org:80/archive/index.php/f-52.html	f-52.html
20060626103514	http://forum.azzurra.org:80/archive/index.php/f-53.html	f-53.html
20051016191638	http://forum.azzurra.org:80/archive/index.php/f-58.html	f-58.html
20050418062858	http://forum.azzurra.org:80/archive/index.php/f-59.html	f-59.html
20060117112105	http://forum.azzurra.org:80/archive/index.php/f-6.html	f-6.html
20060504235503	http://forum.azzurra.org:80/archive/index.php/f-60.html	f-60.html
20060626103605	http://forum.azzurra.org:80/archive/index.php/f-61.html	f-61.html
20060312085158	http://forum.azzurra.org:80/archive/index.php/f-62.html	f-62.html
20060312085205	http://forum.azzurra.org:80/archive/index.php/f-63.html	f-63.html
20060626103640	http://forum.azzurra.org:80/archive/index.php/f-64.html	f-64.html
20060626103652	http://forum.azzurra.org:80/archive/index.php/f-65.html	f-65.html
20070314060349	http://forum.azzurra.org:80/archive/index.php/f-68-p-2.html	f-68-p-2.html
20060626103706	http://forum.azzurra.org:80/archive/index.php/f-68.html	f-68.html
20060626103723	http://forum.azzurra.org:80/archive/index.php/f-69.html	f-69.html
20050227063927	http://forum.azzurra.org:80/archive/index.php/f-7.html	f-7.html
20060626103850	http://forum.azzurra.org:80/archive/index.php/f-70.html	f-70.html
20060501011742	http://forum.azzurra.org:80/archive/index.php/f-71.html	f-71.html
20051016191709	http://forum.azzurra.org:80/archive/index.php/f-72.html	f-72.html
20060626104000	http://forum.azzurra.org:80/archive/index.php/f-74.html	f-74.html
20060626104012	http://forum.azzurra.org:80/archive/index.php/f-75.html	f-75.html
20060626104024	http://forum.azzurra.org:80/archive/index.php/f-76.html	f-76.html
20050514082000	http://forum.azzurra.org:80/archive/index.php/f-77.html	f-77.html
20060205005255	http://forum.azzurra.org:80/archive/index.php/f-78.html	f-78.html
20060626104036	http://forum.azzurra.org:80/archive/index.php/f-79.html	f-79.html
20060113072416	http://forum.azzurra.org:80/archive/index.php/f-8.html	f-8.html
20051119154512	http://forum.azzurra.org:80/archive/index.php/f-80.html	f-80.html
20060626104100	http://forum.azzurra.org:80/archive/index.php/f-81.html	f-81.html
20060626104113	http://forum.azzurra.org:80/archive/index.php/f-82.html	f-82.html
20060626104129	http://forum.azzurra.org:80/archive/index.php/f-83.html	f-83.html
20060426043718	http://forum.azzurra.org:80/archive/index.php/f-85.html	f-85.html
20060626104153	http://forum.azzurra.org:80/archive/index.php/f-86.html	f-86.html
20051221152439	http://forum.azzurra.org:80/archive/index.php/f-87.html	f-87.html
20060626104218	http://forum.azzurra.org:80/archive/index.php/f-88.html	f-88.html
20060626104233	http://forum.azzurra.org:80/archive/index.php/f-89.html	f-89.html
20060626104245	http://forum.azzurra.org:80/archive/index.php/f-92.html	f-92.html
20060430122408	http://forum.azzurra.org:80/archive/index.php/f-99.html	f-99.html
20050514192549	http://forum.azzurra.org:80/archive/index.php/t-1.html	t-1.html
20081120190521	http://forum.azzurra.org/archive/index.php/t-10.html	t-10.html
20081120191444	http://forum.azzurra.org/archive/index.php/t-100.html	t-100.html
20080624231049	http://forum.azzurra.org:80/archive/index.php/t-1000.html	t-1000.html
20050515040958	http://forum.azzurra.org:80/archive/index.php/t-1001.html	t-1001.html
20060524000606	http://forum.azzurra.org:80/archive/index.php/t-10024.html	t-10024.html
20070211153956	http://forum.azzurra.org:80/archive/index.php/t-10026.html	t-10026.html
20081120220051	http://forum.azzurra.org/archive/index.php/t-10028.html	t-10028.html
20090106023305	http://forum.azzurra.org/archive/index.php/t-1003.html	t-1003.html
20081120195201	http://forum.azzurra.org/archive/index.php/t-10035.html	t-10035.html
20060113060807	http://forum.azzurra.org:80/archive/index.php/t-10036.html	t-10036.html
20050729084230	http://forum.azzurra.org:80/archive/index.php/t-1004.html	t-1004.html
20060721081526	http://forum.azzurra.org:80/archive/index.php/t-10040.html	t-10040.html
20060715022028	http://forum.azzurra.org:80/archive/index.php/t-10043.html	t-10043.html
20070630085429	http://forum.azzurra.org:80/archive/index.php/t-10044.html	t-10044.html
20090106021030	http://forum.azzurra.org/archive/index.php/t-1005.html	t-1005.html
20080624140729	http://forum.azzurra.org:80/archive/index.php/t-10053.html	t-10053.html
20081120223536	http://forum.azzurra.org/archive/index.php/t-10055.html	t-10055.html
20061031214059	http://forum.azzurra.org:80/archive/index.php/t-10056.html	t-10056.html
20081120194207	http://forum.azzurra.org/archive/index.php/t-10058.html	t-10058.html
20091127184440	http://forum.azzurra.org:80/archive/index.php/t-1006.html	t-1006.html
20081120222908	http://forum.azzurra.org/archive/index.php/t-10061.html	t-10061.html
20081120230931	http://forum.azzurra.org/archive/index.php/t-10062.html	t-10062.html
20060522035919	http://forum.azzurra.org:80/archive/index.php/t-10063.html	t-10063.html
20081120182211	http://forum.azzurra.org/archive/index.php/t-10066.html	t-10066.html
20090105230500	http://forum.azzurra.org/archive/index.php/t-10068.html	t-10068.html
20070211154006	http://forum.azzurra.org:80/archive/index.php/t-10073.html	t-10073.html
20070717001847	http://forum.azzurra.org:80/archive/index.php/t-10077.html	t-10077.html
20090105183010	http://forum.azzurra.org/archive/index.php/t-10078.html	t-10078.html
20070315174331	http://forum.azzurra.org:80/archive/index.php/t-10081.html	t-10081.html
20060113063810	http://forum.azzurra.org:80/archive/index.php/t-10082.html	t-10082.html
20111201013738	http://forum.azzurra.org:80/archive/index.php/t-1009.html	t-1009.html
20070211154015	http://forum.azzurra.org:80/archive/index.php/t-10091.html	t-10091.html
20070502220232	http://forum.azzurra.org:80/archive/index.php/t-10096.html	t-10096.html
20061031163046	http://forum.azzurra.org:80/archive/index.php/t-10098.html	t-10098.html
20050515041007	http://forum.azzurra.org:80/archive/index.php/t-1010.html	t-1010.html
20060424085019	http://forum.azzurra.org:80/archive/index.php/t-10104.html	t-10104.html
20070830022933	http://forum.azzurra.org:80/archive/index.php/t-10107.html	t-10107.html
20090105171830	http://forum.azzurra.org/archive/index.php/t-10108.html	t-10108.html
20080624140733	http://forum.azzurra.org:80/archive/index.php/t-1011.html	t-1011.html
20060629224158	http://forum.azzurra.org:80/archive/index.php/t-1012.html	t-1012.html
20060721202647	http://forum.azzurra.org:80/archive/index.php/t-10132.html	t-10132.html
20060507090704	http://forum.azzurra.org:80/archive/index.php/t-10134.html	t-10134.html
20090105215943	http://forum.azzurra.org/archive/index.php/t-1014.html	t-1014.html
20070830022658	http://forum.azzurra.org:80/archive/index.php/t-10144.html	t-10144.html
20050515041011	http://forum.azzurra.org:80/archive/index.php/t-1015.html	t-1015.html
20081120181214	http://forum.azzurra.org/archive/index.php/t-1016.html	t-1016.html
20090105225701	http://forum.azzurra.org/archive/index.php/t-1018.html	t-1018.html
20050515040955	http://forum.azzurra.org:80/archive/index.php/t-1019.html	t-1019.html
20081120202756	http://forum.azzurra.org/archive/index.php/t-10196.html	t-10196.html
20050515041015	http://forum.azzurra.org:80/archive/index.php/t-1020.html	t-1020.html
20090105221819	http://forum.azzurra.org/archive/index.php/t-10209.html	t-10209.html
20081120184313	http://forum.azzurra.org/archive/index.php/t-1021.html	t-1021.html
20070211152140	http://forum.azzurra.org:80/archive/index.php/t-1023.html	t-1023.html
20080624140739	http://forum.azzurra.org:80/archive/index.php/t-1024.html	t-1024.html
20090105170228	http://forum.azzurra.org/archive/index.php/t-10254.html	t-10254.html
20060720215433	http://forum.azzurra.org:80/archive/index.php/t-10255.html	t-10255.html
20090105231442	http://forum.azzurra.org/archive/index.php/t-10259.html	t-10259.html
20080624140744	http://forum.azzurra.org:80/archive/index.php/t-1026.html	t-1026.html
20050515041019	http://forum.azzurra.org:80/archive/index.php/t-1027.html	t-1027.html
20060721081551	http://forum.azzurra.org:80/archive/index.php/t-10275.html	t-10275.html
20060626200041	http://forum.azzurra.org:80/archive/index.php/t-10277.html	t-10277.html
20070314124346	http://forum.azzurra.org:80/archive/index.php/t-10289.html	t-10289.html
20090105235607	http://forum.azzurra.org/archive/index.php/t-1029.html	t-1029.html
20090105185539	http://forum.azzurra.org/archive/index.php/t-10290.html	t-10290.html
20050515041023	http://forum.azzurra.org:80/archive/index.php/t-1030.html	t-1030.html
20070211154026	http://forum.azzurra.org:80/archive/index.php/t-10306.html	t-10306.html
20090106022403	http://forum.azzurra.org/archive/index.php/t-1031.html	t-1031.html
20060621041458	http://forum.azzurra.org:80/archive/index.php/t-10311.html	t-10311.html
20070321120000	http://forum.azzurra.org:80/archive/index.php/t-10312.html	t-10312.html
20090105190115	http://forum.azzurra.org/archive/index.php/t-10316.html	t-10316.html
20050515040951	http://forum.azzurra.org:80/archive/index.php/t-1032.html	t-1032.html
20081120220424	http://forum.azzurra.org/archive/index.php/t-1033.html	t-1033.html
20090105224950	http://forum.azzurra.org/archive/index.php/t-10331.html	t-10331.html
20060720215446	http://forum.azzurra.org:80/archive/index.php/t-10336.html	t-10336.html
20050515041027	http://forum.azzurra.org:80/archive/index.php/t-1034.html	t-1034.html
20050515041031	http://forum.azzurra.org:80/archive/index.php/t-1035.html	t-1035.html
20080624140749	http://forum.azzurra.org:80/archive/index.php/t-1036.html	t-1036.html
20090105174908	http://forum.azzurra.org/archive/index.php/t-10369.html	t-10369.html
20060720215500	http://forum.azzurra.org:80/archive/index.php/t-10370.html	t-10370.html
20060720215514	http://forum.azzurra.org:80/archive/index.php/t-10378.html	t-10378.html
20060720215526	http://forum.azzurra.org:80/archive/index.php/t-10392.html	t-10392.html
20061031032958	http://forum.azzurra.org:80/archive/index.php/t-10395.html	t-10395.html
20090105232318	http://forum.azzurra.org/archive/index.php/t-104.html	t-104.html
20050515041035	http://forum.azzurra.org:80/archive/index.php/t-1040.html	t-1040.html
20060505162700	http://forum.azzurra.org:80/archive/index.php/t-10401.html	t-10401.html
20060505162838	http://forum.azzurra.org:80/archive/index.php/t-10402.html	t-10402.html
20060223111146	http://forum.azzurra.org:80/archive/index.php/t-10413.html	t-10413.html
20050515041040	http://forum.azzurra.org:80/archive/index.php/t-1042.html	t-1042.html
20090421174606	http://forum.azzurra.org:80/archive/index.php/t-10428.html	t-10428.html
20081120193749	http://forum.azzurra.org/archive/index.php/t-1043.html	t-1043.html
20050515041043	http://forum.azzurra.org:80/archive/index.php/t-1044.html	t-1044.html
20060822035612	http://forum.azzurra.org:80/archive/index.php/t-10443.html	t-10443.html
20050515041047	http://forum.azzurra.org:80/archive/index.php/t-1045.html	t-1045.html
20081120194042	http://forum.azzurra.org/archive/index.php/t-10452.html	t-10452.html
20070211152150	http://forum.azzurra.org:80/archive/index.php/t-1046.html	t-1046.html
20070310041811	http://forum.azzurra.org:80/archive/index.php/t-10471.html	t-10471.html
20060218100500	http://forum.azzurra.org:80/archive/index.php/t-10476.html	t-10476.html
20081120204331	http://forum.azzurra.org/archive/index.php/t-10477.html	t-10477.html
20090105224727	http://forum.azzurra.org/archive/index.php/t-1048.html	t-1048.html
20081120223304	http://forum.azzurra.org/archive/index.php/t-10485.html	t-10485.html
20130106033602	http://forum.azzurra.org:80/archive/index.php/t-10488.html	t-10488.html
20081120180119	http://forum.azzurra.org/archive/index.php/t-1049.html	t-1049.html
20070310005322	http://forum.azzurra.org:80/archive/index.php/t-10491.html	t-10491.html
20090105195548	http://forum.azzurra.org/archive/index.php/t-10496.html	t-10496.html
20090106025528	http://forum.azzurra.org/archive/index.php/t-10497.html	t-10497.html
20081120203809	http://forum.azzurra.org/archive/index.php/t-10499.html	t-10499.html
20081120195607	http://forum.azzurra.org/archive/index.php/t-105.html	t-105.html
20081120232130	http://forum.azzurra.org/archive/index.php/t-10506.html	t-10506.html
20090105233110	http://forum.azzurra.org/archive/index.php/t-10509.html	t-10509.html
20111001221826	http://forum.azzurra.org:80/archive/index.php/t-1051.html	t-1051.html
20080624235039	http://forum.azzurra.org:80/archive/index.php/t-1052.html	t-1052.html
20081120210039	http://forum.azzurra.org/archive/index.php/t-10527.html	t-10527.html
20070211152200	http://forum.azzurra.org:80/archive/index.php/t-1053.html	t-1053.html
20080420131918	http://forum.azzurra.org:80/archive/index.php/t-10531.html	t-10531.html
20061025233322	http://forum.azzurra.org:80/archive/index.php/t-10540.html	t-10540.html
20060716094400	http://forum.azzurra.org:80/archive/index.php/t-10547.html	t-10547.html
20050515041052	http://forum.azzurra.org:80/archive/index.php/t-1055.html	t-1055.html
20050515041056	http://forum.azzurra.org:80/archive/index.php/t-1056.html	t-1056.html
20090105232034	http://forum.azzurra.org/archive/index.php/t-10562.html	t-10562.html
20060719063538	http://forum.azzurra.org:80/archive/index.php/t-10564.html	t-10564.html
20060716094706	http://forum.azzurra.org:80/archive/index.php/t-10565.html	t-10565.html
20060719063808	http://forum.azzurra.org:80/archive/index.php/t-10566.html	t-10566.html
20090105174258	http://forum.azzurra.org/archive/index.php/t-10569.html	t-10569.html
20081120200828	http://forum.azzurra.org/archive/index.php/t-1057.html	t-1057.html
20070310041823	http://forum.azzurra.org:80/archive/index.php/t-10577.html	t-10577.html
20081120221807	http://forum.azzurra.org/archive/index.php/t-1058.html	t-1058.html
20090105163248	http://forum.azzurra.org/archive/index.php/t-10581.html	t-10581.html
20070314091727	http://forum.azzurra.org:80/archive/index.php/t-10586.html	t-10586.html
20060823060830	http://forum.azzurra.org:80/archive/index.php/t-10590.html	t-10590.html
20060719063821	http://forum.azzurra.org:80/archive/index.php/t-10591.html	t-10591.html
20070310005334	http://forum.azzurra.org:80/archive/index.php/t-10602.html	t-10602.html
20050515041059	http://forum.azzurra.org:80/archive/index.php/t-1061.html	t-1061.html
20060507090751	http://forum.azzurra.org:80/archive/index.php/t-10611.html	t-10611.html
20060716094718	http://forum.azzurra.org:80/archive/index.php/t-10612.html	t-10612.html
20070320040025	http://forum.azzurra.org:80/archive/index.php/t-10626.html	t-10626.html
20070310005345	http://forum.azzurra.org:80/archive/index.php/t-10627.html	t-10627.html
20080624140754	http://forum.azzurra.org:80/archive/index.php/t-1063.html	t-1063.html
20090105211541	http://forum.azzurra.org/archive/index.php/t-10632.html	t-10632.html
20090105213604	http://forum.azzurra.org/archive/index.php/t-10634.html	t-10634.html
20080927234731	http://forum.azzurra.org:80/archive/index.php/t-10640.html	t-10640.html
20060831120351	http://forum.azzurra.org:80/archive/index.php/t-10642.html	t-10642.html
20070715111724	http://forum.azzurra.org:80/archive/index.php/t-10648.html	t-10648.html
20090105200501	http://forum.azzurra.org/archive/index.php/t-10649.html	t-10649.html
20060113072528	http://forum.azzurra.org:80/archive/index.php/t-1065.html	t-1065.html
20081031185141	http://forum.azzurra.org:80/archive/index.php/t-10652.html	t-10652.html
20060423083438	http://forum.azzurra.org:80/archive/index.php/t-10657.html	t-10657.html
20081120185834	http://forum.azzurra.org/archive/index.php/t-10658.html	t-10658.html
20090105233648	http://forum.azzurra.org/archive/index.php/t-10664.html	t-10664.html
20060215162240	http://forum.azzurra.org:80/archive/index.php/t-10666.html	t-10666.html
20090105220314	http://forum.azzurra.org/archive/index.php/t-10668.html	t-10668.html
20050515124940	http://forum.azzurra.org:80/archive/index.php/t-1067.html	t-1067.html
20060719063833	http://forum.azzurra.org:80/archive/index.php/t-10681.html	t-10681.html
20050515124923	http://forum.azzurra.org:80/archive/index.php/t-1069.html	t-1069.html
20050515124932	http://forum.azzurra.org:80/archive/index.php/t-107.html	t-107.html
20060721080255	http://forum.azzurra.org:80/archive/index.php/t-1070.html	t-1070.html
20090105223231	http://forum.azzurra.org/archive/index.php/t-10700.html	t-10700.html
20090105213846	http://forum.azzurra.org/archive/index.php/t-10703.html	t-10703.html
20090105210645	http://forum.azzurra.org/archive/index.php/t-10705.html	t-10705.html
20050515124944	http://forum.azzurra.org:80/archive/index.php/t-1071.html	t-1071.html
20090105200832	http://forum.azzurra.org/archive/index.php/t-10715.html	t-10715.html
20090105195128	http://forum.azzurra.org/archive/index.php/t-10716.html	t-10716.html
20090106030012	http://forum.azzurra.org/archive/index.php/t-10717.html	t-10717.html
20090105193414	http://forum.azzurra.org/archive/index.php/t-10719.html	t-10719.html
20050515124919	http://forum.azzurra.org:80/archive/index.php/t-1072.html	t-1072.html
20090105204457	http://forum.azzurra.org/archive/index.php/t-10724.html	t-10724.html
20090106020753	http://forum.azzurra.org/archive/index.php/t-10726.html	t-10726.html
20081120214558	http://forum.azzurra.org/archive/index.php/t-10727.html	t-10727.html
20090105190537	http://forum.azzurra.org/archive/index.php/t-10728.html	t-10728.html
20060721081620	http://forum.azzurra.org:80/archive/index.php/t-10729.html	t-10729.html
20060629223850	http://forum.azzurra.org:80/archive/index.php/t-10730.html	t-10730.html
20081120225549	http://forum.azzurra.org/archive/index.php/t-10731.html	t-10731.html
20090105163916	http://forum.azzurra.org/archive/index.php/t-10736.html	t-10736.html
20110507090615	http://forum.azzurra.org:80/archive/index.php/t-10744.html	t-10744.html
20090106031426	http://forum.azzurra.org/archive/index.php/t-10748.html	t-10748.html
20080624140759	http://forum.azzurra.org:80/archive/index.php/t-1075.html	t-1075.html
20090105205449	http://forum.azzurra.org/archive/index.php/t-10759.html	t-10759.html
20080624231051	http://forum.azzurra.org:80/archive/index.php/t-1076.html	t-1076.html
20050515124911	http://forum.azzurra.org:80/archive/index.php/t-1077.html	t-1077.html
20081120201617	http://forum.azzurra.org/archive/index.php/t-10777.html	t-10777.html
20050515124928	http://forum.azzurra.org:80/archive/index.php/t-1078.html	t-1078.html
20090105213231	http://forum.azzurra.org/archive/index.php/t-10780.html	t-10780.html
20090105170942	http://forum.azzurra.org/archive/index.php/t-10781.html	t-10781.html
20081120230132	http://forum.azzurra.org/archive/index.php/t-1079.html	t-1079.html
20060528093942	http://forum.azzurra.org:80/archive/index.php/t-10791.html	t-10791.html
20090106031716	http://forum.azzurra.org/archive/index.php/t-10792.html	t-10792.html
20060424084714	http://forum.azzurra.org:80/archive/index.php/t-10793.html	t-10793.html
20090105203951	http://forum.azzurra.org/archive/index.php/t-10795.html	t-10795.html
20090105203212	http://forum.azzurra.org/archive/index.php/t-10796.html	t-10796.html
20090105224128	http://forum.azzurra.org/archive/index.php/t-108.html	t-108.html
20090106024331	http://forum.azzurra.org/archive/index.php/t-10800.html	t-10800.html
20090105204744	http://forum.azzurra.org/archive/index.php/t-10804.html	t-10804.html
20060721202724	http://forum.azzurra.org:80/archive/index.php/t-10808.html	t-10808.html
20090105172851	http://forum.azzurra.org/archive/index.php/t-10813.html	t-10813.html
20090105223005	http://forum.azzurra.org/archive/index.php/t-10814.html	t-10814.html
20070211152211	http://forum.azzurra.org:80/archive/index.php/t-1082.html	t-1082.html
20090105220851	http://forum.azzurra.org/archive/index.php/t-10820.html	t-10820.html
20081120182547	http://forum.azzurra.org/archive/index.php/t-10822.html	t-10822.html
20081120191312	http://forum.azzurra.org/archive/index.php/t-10827.html	t-10827.html
20050515124949	http://forum.azzurra.org:80/archive/index.php/t-1083.html	t-1083.html
20080516214444	http://forum.azzurra.org:80/archive/index.php/t-10833.html	t-10833.html
20090105201832	http://forum.azzurra.org/archive/index.php/t-10835.html	t-10835.html
20090106031928	http://forum.azzurra.org/archive/index.php/t-10837.html	t-10837.html
20121105185600	http://forum.azzurra.org:80/archive/index.php/t-10838.html	t-10838.html
20050515124953	http://forum.azzurra.org:80/archive/index.php/t-1084.html	t-1084.html
20081120192612	http://forum.azzurra.org/archive/index.php/t-10843.html	t-10843.html
20081120200139	http://forum.azzurra.org/archive/index.php/t-10845.html	t-10845.html
20090105192816	http://forum.azzurra.org/archive/index.php/t-10852.html	t-10852.html
20090105202938	http://forum.azzurra.org/archive/index.php/t-10858.html	t-10858.html
20060113063543	http://forum.azzurra.org:80/archive/index.php/t-1086.html	t-1086.html
20090105192427	http://forum.azzurra.org/archive/index.php/t-10865.html	t-10865.html
20090105193759	http://forum.azzurra.org/archive/index.php/t-10866.html	t-10866.html
20090106031207	http://forum.azzurra.org/archive/index.php/t-10868.html	t-10868.html
20090105194456	http://forum.azzurra.org/archive/index.php/t-10869.html	t-10869.html
20081120212127	http://forum.azzurra.org/archive/index.php/t-1087.html	t-1087.html
20060408143633	http://forum.azzurra.org:80/archive/index.php/t-1088.html	t-1088.html
20090105165208	http://forum.azzurra.org/archive/index.php/t-10893.html	t-10893.html
20060822070718	http://forum.azzurra.org:80/archive/index.php/t-10896.html	t-10896.html
20081120175031	http://forum.azzurra.org/archive/index.php/t-109.html	t-109.html
20081120184011	http://forum.azzurra.org/archive/index.php/t-1090.html	t-1090.html
20090106032740	http://forum.azzurra.org/archive/index.php/t-10900.html	t-10900.html
20090105201509	http://forum.azzurra.org/archive/index.php/t-10902.html	t-10902.html
20090106023839	http://forum.azzurra.org/archive/index.php/t-10903.html	t-10903.html
20070211152221	http://forum.azzurra.org:80/archive/index.php/t-1091.html	t-1091.html
20090105212809	http://forum.azzurra.org/archive/index.php/t-10912.html	t-10912.html
20090105225339	http://forum.azzurra.org/archive/index.php/t-10918.html	t-10918.html
20090105182519	http://forum.azzurra.org/archive/index.php/t-10919.html	t-10919.html
20090105223539	http://forum.azzurra.org/archive/index.php/t-10923.html	t-10923.html
20090105172500	http://forum.azzurra.org/archive/index.php/t-10924.html	t-10924.html
20090105180756	http://forum.azzurra.org/archive/index.php/t-10928.html	t-10928.html
20081120213218	http://forum.azzurra.org/archive/index.php/t-10930.html	t-10930.html
20060113061638	http://forum.azzurra.org:80/archive/index.php/t-10934.html	t-10934.html
20081120211214	http://forum.azzurra.org/archive/index.php/t-10935.html	t-10935.html
20090106024828	http://forum.azzurra.org/archive/index.php/t-10937.html	t-10937.html
20060623234151	http://forum.azzurra.org:80/archive/index.php/t-10939.html	t-10939.html
20090105175325	http://forum.azzurra.org/archive/index.php/t-10940.html	t-10940.html
20090105232839	http://forum.azzurra.org/archive/index.php/t-10944.html	t-10944.html
20081120191106	http://forum.azzurra.org/archive/index.php/t-1095.html	t-1095.html
20090105184449	http://forum.azzurra.org/archive/index.php/t-10957.html	t-10957.html
20090105190856	http://forum.azzurra.org/archive/index.php/t-10960.html	t-10960.html
20090105183528	http://forum.azzurra.org/archive/index.php/t-10963.html	t-10963.html
20090106023105	http://forum.azzurra.org/archive/index.php/t-10968.html	t-10968.html
20090105202121	http://forum.azzurra.org/archive/index.php/t-10969.html	t-10969.html
20090105230957	http://forum.azzurra.org/archive/index.php/t-10973.html	t-10973.html
20090105180120	http://forum.azzurra.org/archive/index.php/t-10977.html	t-10977.html
20090106021732	http://forum.azzurra.org/archive/index.php/t-10980.html	t-10980.html
20100207151218	http://forum.azzurra.org:80/archive/index.php/t-10981.html	t-10981.html
20090105205107	http://forum.azzurra.org/archive/index.php/t-10982.html	t-10982.html
20090105200056	http://forum.azzurra.org/archive/index.php/t-10987.html	t-10987.html
20070102074350	http://forum.azzurra.org:80/archive/index.php/t-10988.html	t-10988.html
20081120193625	http://forum.azzurra.org/archive/index.php/t-1099.html	t-1099.html
20070310061226	http://forum.azzurra.org:80/archive/index.php/t-10995.html	t-10995.html
20081120224420	http://forum.azzurra.org/archive/index.php/t-10997.html	t-10997.html
20070227230503	http://forum.azzurra.org:80/archive/index.php/t-10999.html	t-10999.html
20081120223912	http://forum.azzurra.org/archive/index.php/t-11.html	t-11.html
20090106024615	http://forum.azzurra.org/archive/index.php/t-1100.html	t-1100.html
20060719063846	http://forum.azzurra.org:80/archive/index.php/t-11001.html	t-11001.html
20081120211551	http://forum.azzurra.org/archive/index.php/t-11004.html	t-11004.html
20090106025801	http://forum.azzurra.org/archive/index.php/t-11005.html	t-11005.html
20050515124957	http://forum.azzurra.org:80/archive/index.php/t-1101.html	t-1101.html
20060721202736	http://forum.azzurra.org:80/archive/index.php/t-11010.html	t-11010.html
20090105161839	http://forum.azzurra.org/archive/index.php/t-11013.html	t-11013.html
20090105205720	http://forum.azzurra.org/archive/index.php/t-11014.html	t-11014.html
20050515125001	http://forum.azzurra.org:80/archive/index.php/t-1102.html	t-1102.html
20081120185136	http://forum.azzurra.org/archive/index.php/t-11022.html	t-11022.html
20090105212336	http://forum.azzurra.org/archive/index.php/t-11023.html	t-11023.html
20090105164631	http://forum.azzurra.org/archive/index.php/t-11024.html	t-11024.html
20090105215626	http://forum.azzurra.org/archive/index.php/t-11025.html	t-11025.html
20070321062917	http://forum.azzurra.org:80/archive/index.php/t-11026-p-2.html	t-11026-p-2.html
20070323064523	http://forum.azzurra.org:80/archive/index.php/t-11026-p-3.html	t-11026-p-3.html
20070323064532	http://forum.azzurra.org:80/archive/index.php/t-11026-p-4.html	t-11026-p-4.html
20070323064542	http://forum.azzurra.org:80/archive/index.php/t-11026-p-5.html	t-11026-p-5.html
20070323064552	http://forum.azzurra.org:80/archive/index.php/t-11026-p-6.html	t-11026-p-6.html
20070323064602	http://forum.azzurra.org:80/archive/index.php/t-11026-p-7.html	t-11026-p-7.html
20070323064612	http://forum.azzurra.org:80/archive/index.php/t-11026-p-8.html	t-11026-p-8.html
20060127004737	http://forum.azzurra.org:80/archive/index.php/t-11026.html	t-11026.html
20090106030301	http://forum.azzurra.org/archive/index.php/t-1103.html	t-1103.html
20090105203603	http://forum.azzurra.org/archive/index.php/t-11035.html	t-11035.html
20081120214807	http://forum.azzurra.org/archive/index.php/t-11036.html	t-11036.html
20090105234451	http://forum.azzurra.org/archive/index.php/t-11041.html	t-11041.html
20090105230743	http://forum.azzurra.org/archive/index.php/t-11042.html	t-11042.html
20090105184046	http://forum.azzurra.org/archive/index.php/t-11052.html	t-11052.html
20091118102158	http://forum.azzurra.org:80/archive/index.php/t-11055.html	t-11055.html
20090105202526	http://forum.azzurra.org/archive/index.php/t-11058.html	t-11058.html
20060616082630	http://forum.azzurra.org:80/archive/index.php/t-11059.html	t-11059.html
20090106022634	http://forum.azzurra.org/archive/index.php/t-1106.html	t-1106.html
20090105194116	http://forum.azzurra.org/archive/index.php/t-11060.html	t-11060.html
20090105192118	http://forum.azzurra.org/archive/index.php/t-11063.html	t-11063.html
20050515125005	http://forum.azzurra.org:80/archive/index.php/t-1107.html	t-1107.html
20090105182041	http://forum.azzurra.org/archive/index.php/t-11077.html	t-11077.html
20081120202351	http://forum.azzurra.org/archive/index.php/t-1108.html	t-1108.html
20070310041833	http://forum.azzurra.org:80/archive/index.php/t-11083.html	t-11083.html
20050515125009	http://forum.azzurra.org:80/archive/index.php/t-1109.html	t-1109.html
20090105215359	http://forum.azzurra.org/archive/index.php/t-11094.html	t-11094.html
20090105165713	http://forum.azzurra.org/archive/index.php/t-11095.html	t-11095.html
20090105162632	http://forum.azzurra.org/archive/index.php/t-11096.html	t-11096.html
20050515124916	http://forum.azzurra.org:80/archive/index.php/t-111.html	t-111.html
20070221220811	http://forum.azzurra.org:80/archive/index.php/t-11104.html	t-11104.html
20081120224747	http://forum.azzurra.org/archive/index.php/t-1111.html	t-1111.html
20061031213421	http://forum.azzurra.org:80/archive/index.php/t-11111.html	t-11111.html
20081120183411	http://forum.azzurra.org/archive/index.php/t-11113.html	t-11113.html
20070718160037	http://forum.azzurra.org:80/archive/index.php/t-11115.html	t-11115.html
20060113073647	http://forum.azzurra.org:80/archive/index.php/t-11116.html	t-11116.html
20060716045628	http://forum.azzurra.org:80/archive/index.php/t-11117.html	t-11117.html
20090105175735	http://forum.azzurra.org/archive/index.php/t-11119.html	t-11119.html
20060519173422	http://forum.azzurra.org:80/archive/index.php/t-1112.html	t-1112.html
20090105211232	http://forum.azzurra.org/archive/index.php/t-11120.html	t-11120.html
20090105171436	http://forum.azzurra.org/archive/index.php/t-11121.html	t-11121.html
20090105173314	http://forum.azzurra.org/archive/index.php/t-11122.html	t-11122.html
20090105210348	http://forum.azzurra.org/archive/index.php/t-11123.html	t-11123.html
20090105160024	http://forum.azzurra.org/archive/index.php/t-11124.html	t-11124.html
20090105181147	http://forum.azzurra.org/archive/index.php/t-11128.html	t-11128.html
20060127002218	http://forum.azzurra.org:80/archive/index.php/t-1113.html	t-1113.html
20081120212429	http://forum.azzurra.org/archive/index.php/t-11130.html	t-11130.html
20090105222712	http://forum.azzurra.org/archive/index.php/t-1114.html	t-1114.html
20090105173719	http://forum.azzurra.org/archive/index.php/t-11149.html	t-11149.html
20060113054655	http://forum.azzurra.org:80/archive/index.php/t-1115.html	t-1115.html
20090105185148	http://forum.azzurra.org/archive/index.php/t-11152.html	t-11152.html
20090105194825	http://forum.azzurra.org/archive/index.php/t-11158.html	t-11158.html
20060113052934	http://forum.azzurra.org:80/archive/index.php/t-1116.html	t-1116.html
20090105191256	http://forum.azzurra.org/archive/index.php/t-11166.html	t-11166.html
20090106021248	http://forum.azzurra.org/archive/index.php/t-11168.html	t-11168.html
20050515125013	http://forum.azzurra.org:80/archive/index.php/t-1117.html	t-1117.html
20081120192741	http://forum.azzurra.org/archive/index.php/t-11172.html	t-11172.html
20090105225930	http://forum.azzurra.org/archive/index.php/t-11175.html	t-11175.html
20070718011117	http://forum.azzurra.org:80/archive/index.php/t-11176.html	t-11176.html
20061031163058	http://forum.azzurra.org:80/archive/index.php/t-11177.html	t-11177.html
20050515125019	http://forum.azzurra.org:80/archive/index.php/t-1118.html	t-1118.html
20060720215538	http://forum.azzurra.org:80/archive/index.php/t-11181.html	t-11181.html
20081120221400	http://forum.azzurra.org/archive/index.php/t-11184.html	t-11184.html
20060720215550	http://forum.azzurra.org:80/archive/index.php/t-11186.html	t-11186.html
20081120213528	http://forum.azzurra.org/archive/index.php/t-11187.html	t-11187.html
20070211151947	http://forum.azzurra.org:80/archive/index.php/t-1119.html	t-1119.html
20081120175358	http://forum.azzurra.org/archive/index.php/t-11195.html	t-11195.html
20061025142251	http://forum.azzurra.org:80/archive/index.php/t-11196.html	t-11196.html
20060814032635	http://forum.azzurra.org:80/archive/index.php/t-11197.html	t-11197.html
20070302083655	http://forum.azzurra.org:80/archive/index.php/t-11198.html	t-11198.html
20050515124935	http://forum.azzurra.org:80/archive/index.php/t-112.html	t-112.html
20081120211010	http://forum.azzurra.org/archive/index.php/t-11201.html	t-11201.html
20090105201135	http://forum.azzurra.org/archive/index.php/t-11202.html	t-11202.html
20060328110937	http://forum.azzurra.org:80/archive/index.php/t-11203.html	t-11203.html
20090105184813	http://forum.azzurra.org/archive/index.php/t-11208.html	t-11208.html
20081120181728	http://forum.azzurra.org/archive/index.php/t-1121.html	t-1121.html
20090105210109	http://forum.azzurra.org/archive/index.php/t-11211.html	t-11211.html
20090105212041	http://forum.azzurra.org/archive/index.php/t-11212.html	t-11212.html
20090105161142	http://forum.azzurra.org/archive/index.php/t-11216.html	t-11216.html
20090105231826	http://forum.azzurra.org/archive/index.php/t-11218.html	t-11218.html
20090105181638	http://forum.azzurra.org/archive/index.php/t-11219.html	t-11219.html
20060113061503	http://forum.azzurra.org:80/archive/index.php/t-1122.html	t-1122.html
20090108031936	http://forum.azzurra.org/archive/index.php/t-11221.html	t-11221.html
20090108031928	http://forum.azzurra.org/archive/index.php/t-11222.html	t-11222.html
20081120184956	http://forum.azzurra.org/archive/index.php/t-11227.html	t-11227.html
20080624140804	http://forum.azzurra.org:80/archive/index.php/t-1123.html	t-1123.html
20060113061614	http://forum.azzurra.org:80/archive/index.php/t-11231.html	t-11231.html
20061013133341	http://forum.azzurra.org:80/archive/index.php/t-1124.html	t-1124.html
20081120192445	http://forum.azzurra.org/archive/index.php/t-11240.html	t-11240.html
20081014043315	http://forum.azzurra.org:80/archive/index.php/t-11242.html	t-11242.html
20060128111139	http://forum.azzurra.org:80/archive/index.php/t-11245.html	t-11245.html
20060716094730	http://forum.azzurra.org:80/archive/index.php/t-11248.html	t-11248.html
20081120204915	http://forum.azzurra.org/archive/index.php/t-11251.html	t-11251.html
20061031033010	http://forum.azzurra.org:80/archive/index.php/t-11257.html	t-11257.html
20070609193743	http://forum.azzurra.org:80/archive/index.php/t-1127.html	t-1127.html
20070630060436	http://forum.azzurra.org:80/archive/index.php/t-11273.html	t-11273.html
20060822045746	http://forum.azzurra.org:80/archive/index.php/t-11274.html	t-11274.html
20081120055437	http://forum.azzurra.org/archive/index.php/t-11275.html	t-11275.html
20081120043720	http://forum.azzurra.org/archive/index.php/t-11279.html	t-11279.html
20070317015021	http://forum.azzurra.org:80/archive/index.php/t-11284.html	t-11284.html
20081120024210	http://forum.azzurra.org/archive/index.php/t-11288.html	t-11288.html
20081120054939	http://forum.azzurra.org/archive/index.php/t-1129.html	t-1129.html
20081120000417	http://forum.azzurra.org/archive/index.php/t-11296.html	t-11296.html
20081120074818	http://forum.azzurra.org/archive/index.php/t-113.html	t-113.html
20050515125021	http://forum.azzurra.org:80/archive/index.php/t-1130.html	t-1130.html
20060721081633	http://forum.azzurra.org:80/archive/index.php/t-11301.html	t-11301.html
20081120041653	http://forum.azzurra.org/archive/index.php/t-11307.html	t-11307.html
20050515125025	http://forum.azzurra.org:80/archive/index.php/t-1131.html	t-1131.html
20081119232247	http://forum.azzurra.org/archive/index.php/t-11315.html	t-11315.html
20081120051442	http://forum.azzurra.org/archive/index.php/t-11318.html	t-11318.html
20081120094846	http://forum.azzurra.org/archive/index.php/t-1132.html	t-1132.html
20060526121459	http://forum.azzurra.org:80/archive/index.php/t-11326.html	t-11326.html
20081120004346	http://forum.azzurra.org/archive/index.php/t-11328.html	t-11328.html
20060526121515	http://forum.azzurra.org:80/archive/index.php/t-11332.html	t-11332.html
20060526121531	http://forum.azzurra.org:80/archive/index.php/t-11337.html	t-11337.html
20050729085130	http://forum.azzurra.org:80/archive/index.php/t-1134.html	t-1134.html
20081119235422	http://forum.azzurra.org/archive/index.php/t-11349.html	t-11349.html
20081120031104	http://forum.azzurra.org/archive/index.php/t-1135.html	t-1135.html
20060526121540	http://forum.azzurra.org:80/archive/index.php/t-11350.html	t-11350.html
20060526121559	http://forum.azzurra.org:80/archive/index.php/t-11351.html	t-11351.html
20081120082027	http://forum.azzurra.org/archive/index.php/t-11355.html	t-11355.html
20070211151911	http://forum.azzurra.org:80/archive/index.php/t-11357.html	t-11357.html
20081120025815	http://forum.azzurra.org/archive/index.php/t-1136.html	t-1136.html
20081120082929	http://forum.azzurra.org/archive/index.php/t-11361.html	t-11361.html
20081120023932	http://forum.azzurra.org/archive/index.php/t-11365.html	t-11365.html
20060813151758	http://forum.azzurra.org:80/archive/index.php/t-11369.html	t-11369.html
20050515125029	http://forum.azzurra.org:80/archive/index.php/t-1137.html	t-1137.html
20060720153951	http://forum.azzurra.org:80/archive/index.php/t-11374.html	t-11374.html
20070528081842	http://forum.azzurra.org:80/archive/index.php/t-11375.html	t-11375.html
20060720154005	http://forum.azzurra.org:80/archive/index.php/t-11376.html	t-11376.html
20060423083216	http://forum.azzurra.org:80/archive/index.php/t-11379.html	t-11379.html
20080624140809	http://forum.azzurra.org:80/archive/index.php/t-1138.html	t-1138.html
20081120040035	http://forum.azzurra.org/archive/index.php/t-11382.html	t-11382.html
20060526121612	http://forum.azzurra.org:80/archive/index.php/t-11387.html	t-11387.html
20050515125034	http://forum.azzurra.org:80/archive/index.php/t-1139.html	t-1139.html
20080624140814	http://forum.azzurra.org:80/archive/index.php/t-11392.html	t-11392.html
20080506091839	http://forum.azzurra.org:80/archive/index.php/t-11396.html	t-11396.html
20060526121639	http://forum.azzurra.org:80/archive/index.php/t-11398.html	t-11398.html
20081120003921	http://forum.azzurra.org/archive/index.php/t-11399.html	t-11399.html
20081120020430	http://forum.azzurra.org/archive/index.php/t-114.html	t-114.html
20060628020654	http://forum.azzurra.org:80/archive/index.php/t-1140.html	t-1140.html
20081120070912	http://forum.azzurra.org/archive/index.php/t-11400.html	t-11400.html
20080624231056	http://forum.azzurra.org:80/archive/index.php/t-11401.html	t-11401.html
20080624140819	http://forum.azzurra.org:80/archive/index.php/t-11405.html	t-11405.html
20070301034355	http://forum.azzurra.org:80/archive/index.php/t-11407.html	t-11407.html
20070323172851	http://forum.azzurra.org:80/archive/index.php/t-11415.html	t-11415.html
20081120050044	http://forum.azzurra.org/archive/index.php/t-11418.html	t-11418.html
20081120053741	http://forum.azzurra.org/archive/index.php/t-1142.html	t-1142.html
20070302100555	http://forum.azzurra.org:80/archive/index.php/t-11425.html	t-11425.html
20070321120010	http://forum.azzurra.org:80/archive/index.php/t-11429.html	t-11429.html
20061031213710	http://forum.azzurra.org:80/archive/index.php/t-1143.html	t-1143.html
20081120021913	http://forum.azzurra.org/archive/index.php/t-11430.html	t-11430.html
20081120080345	http://forum.azzurra.org/archive/index.php/t-11431.html	t-11431.html
20081120014643	http://forum.azzurra.org/archive/index.php/t-11433.html	t-11433.html
20060526121651	http://forum.azzurra.org:80/archive/index.php/t-11438.html	t-11438.html
20061031162620	http://forum.azzurra.org:80/archive/index.php/t-1144.html	t-1144.html
20060720154019	http://forum.azzurra.org:80/archive/index.php/t-11440.html	t-11440.html
20060720154030	http://forum.azzurra.org:80/archive/index.php/t-11441.html	t-11441.html
20060720154042	http://forum.azzurra.org:80/archive/index.php/t-11443.html	t-11443.html
20081119233909	http://forum.azzurra.org/archive/index.php/t-11445.html	t-11445.html
20160616085943	http://forum.azzurra.org:80/archive/index.php/t-11447.html	t-11447.html
20081120013308	http://forum.azzurra.org/archive/index.php/t-11449.html	t-11449.html
20070310190955	http://forum.azzurra.org:80/archive/index.php/t-11451.html	t-11451.html
20080624230814	http://forum.azzurra.org:80/archive/index.php/t-11453.html	t-11453.html
20081120040603	http://forum.azzurra.org/archive/index.php/t-11454.html	t-11454.html
20081120100751	http://forum.azzurra.org/archive/index.php/t-11455.html	t-11455.html
20060719063900	http://forum.azzurra.org:80/archive/index.php/t-11458.html	t-11458.html
20081120035749	http://forum.azzurra.org/archive/index.php/t-11460.html	t-11460.html
20060507090732	http://forum.azzurra.org:80/archive/index.php/t-11466.html	t-11466.html
20060629224824	http://forum.azzurra.org:80/archive/index.php/t-11469.html	t-11469.html
20060629224838	http://forum.azzurra.org:80/archive/index.php/t-11470.html	t-11470.html
20061031080256	http://forum.azzurra.org:80/archive/index.php/t-11471.html	t-11471.html
20070114063122	http://forum.azzurra.org:80/archive/index.php/t-11487.html	t-11487.html
20060629224855	http://forum.azzurra.org:80/archive/index.php/t-11488.html	t-11488.html
20081119234307	http://forum.azzurra.org/archive/index.php/t-1149.html	t-1149.html
20081120011000	http://forum.azzurra.org/archive/index.php/t-11490.html	t-11490.html
20090924035215	http://forum.azzurra.org:80/archive/index.php/t-11495.html	t-11495.html
20081120073706	http://forum.azzurra.org/archive/index.php/t-1150.html	t-1150.html
20060706223206	http://forum.azzurra.org:80/archive/index.php/t-11502-p-2.html	t-11502-p-2.html
20060629224906	http://forum.azzurra.org:80/archive/index.php/t-11502.html	t-11502.html
20070211154036	http://forum.azzurra.org:80/archive/index.php/t-11505.html	t-11505.html
20070211154047	http://forum.azzurra.org:80/archive/index.php/t-11506.html	t-11506.html
20081120095801	http://forum.azzurra.org/archive/index.php/t-11509.html	t-11509.html
20050515125037	http://forum.azzurra.org:80/archive/index.php/t-1151.html	t-1151.html
20070902000923	http://forum.azzurra.org:80/archive/index.php/t-11513.html	t-11513.html
20070317015032	http://forum.azzurra.org:80/archive/index.php/t-11514.html	t-11514.html
20060721202752	http://forum.azzurra.org:80/archive/index.php/t-11515.html	t-11515.html
20081119233433	http://forum.azzurra.org/archive/index.php/t-11519.html	t-11519.html
20061031032758	http://forum.azzurra.org:80/archive/index.php/t-1152.html	t-1152.html
20060629224917	http://forum.azzurra.org:80/archive/index.php/t-11521.html	t-11521.html
20060720154055	http://forum.azzurra.org:80/archive/index.php/t-11524.html	t-11524.html
20081120051921	http://forum.azzurra.org/archive/index.php/t-11525.html	t-11525.html
20060526121704	http://forum.azzurra.org:80/archive/index.php/t-11526.html	t-11526.html
20081120001800	http://forum.azzurra.org/archive/index.php/t-11528.html	t-11528.html
20081120071856	http://forum.azzurra.org/archive/index.php/t-1153.html	t-1153.html
20081120025030	http://forum.azzurra.org/archive/index.php/t-11536.html	t-11536.html
20081120015313	http://forum.azzurra.org/archive/index.php/t-1154.html	t-1154.html
20160726072442	http://forum.azzurra.org:80/archive/index.php/t-11543.html	t-11543.html
20070211154056	http://forum.azzurra.org:80/archive/index.php/t-11545.html	t-11545.html
20060526121716	http://forum.azzurra.org:80/archive/index.php/t-11546.html	t-11546.html
20060629224930	http://forum.azzurra.org:80/archive/index.php/t-11549.html	t-11549.html
20060721080310	http://forum.azzurra.org:80/archive/index.php/t-1155.html	t-1155.html
20081120102120	http://forum.azzurra.org/archive/index.php/t-11550.html	t-11550.html
20060721202815	http://forum.azzurra.org:80/archive/index.php/t-11551.html	t-11551.html
20060505162733	http://forum.azzurra.org:80/archive/index.php/t-11553.html	t-11553.html
20061024114152	http://forum.azzurra.org:80/archive/index.php/t-11556.html	t-11556.html
20081120080026	http://forum.azzurra.org/archive/index.php/t-1156.html	t-1156.html
20081120094450	http://forum.azzurra.org/archive/index.php/t-11561.html	t-11561.html
20050515125041	http://forum.azzurra.org:80/archive/index.php/t-1157.html	t-1157.html
20061124171620	http://forum.azzurra.org:80/archive/index.php/t-11572.html	t-11572.html
20060629224947	http://forum.azzurra.org:80/archive/index.php/t-11574.html	t-11574.html
20060721202829	http://forum.azzurra.org:80/archive/index.php/t-11577.html	t-11577.html
20090108033002	http://forum.azzurra.org/archive/index.php/t-11578.html	t-11578.html
20081120040840	http://forum.azzurra.org/archive/index.php/t-1158.html	t-1158.html
20070312200055	http://forum.azzurra.org:80/archive/index.php/t-11580.html	t-11580.html
20081120020952	http://forum.azzurra.org/archive/index.php/t-11582.html	t-11582.html
20060629224953	http://forum.azzurra.org:80/archive/index.php/t-11583.html	t-11583.html
20081120070425	http://forum.azzurra.org/archive/index.php/t-11586.html	t-11586.html
20081120102311	http://forum.azzurra.org/archive/index.php/t-11589.html	t-11589.html
20081120100552	http://forum.azzurra.org/archive/index.php/t-1159.html	t-1159.html
20060629225008	http://forum.azzurra.org:80/archive/index.php/t-11590.html	t-11590.html
20060526121730	http://forum.azzurra.org:80/archive/index.php/t-11593.html	t-11593.html
20081120082329	http://forum.azzurra.org/archive/index.php/t-116.html	t-116.html
20060814162934	http://forum.azzurra.org:80/archive/index.php/t-11607.html	t-11607.html
20060721202840	http://forum.azzurra.org:80/archive/index.php/t-11608.html	t-11608.html
20081120012707	http://forum.azzurra.org/archive/index.php/t-11613.html	t-11613.html
20060629225020	http://forum.azzurra.org:80/archive/index.php/t-11616.html	t-11616.html
20060629223835	http://forum.azzurra.org:80/archive/index.php/t-11617.html	t-11617.html
20080620021914	http://forum.azzurra.org:80/archive/index.php/t-11618.html	t-11618.html
20081120081057	http://forum.azzurra.org/archive/index.php/t-1162.html	t-1162.html
20070326155029	http://forum.azzurra.org:80/archive/index.php/t-11621-p-2.html	t-11621-p-2.html
20070326155049	http://forum.azzurra.org:80/archive/index.php/t-11621-p-3.html	t-11621-p-3.html
20070322070911	http://forum.azzurra.org:80/archive/index.php/t-11621-p-4.html	t-11621-p-4.html
20070326155009	http://forum.azzurra.org:80/archive/index.php/t-11621-p-5.html	t-11621-p-5.html
20070327222339	http://forum.azzurra.org:80/archive/index.php/t-11621-p-6.html	t-11621-p-6.html
20070327003205	http://forum.azzurra.org:80/archive/index.php/t-11621-p-7.html	t-11621-p-7.html
20070326121419	http://forum.azzurra.org:80/archive/index.php/t-11621-p-8.html	t-11621-p-8.html
20070326184818	http://forum.azzurra.org:80/archive/index.php/t-11621-p-9.html	t-11621-p-9.html
20070314211022	http://forum.azzurra.org:80/archive/index.php/t-11621.html	t-11621.html
20070309144052	http://forum.azzurra.org:80/archive/index.php/t-11624.html	t-11624.html
20081120050339	http://forum.azzurra.org/archive/index.php/t-11626.html	t-11626.html
20061216235036	http://forum.azzurra.org:80/archive/index.php/t-11631.html	t-11631.html
20081120094206	http://forum.azzurra.org/archive/index.php/t-11638.html	t-11638.html
20081120074317	http://forum.azzurra.org/archive/index.php/t-1164.html	t-1164.html
20081120045436	http://forum.azzurra.org/archive/index.php/t-11641.html	t-11641.html
20081119232807	http://forum.azzurra.org/archive/index.php/t-11643.html	t-11643.html
20080430011641	http://forum.azzurra.org:80/archive/index.php/t-11646.html	t-11646.html
20070824180118	http://forum.azzurra.org:80/archive/index.php/t-11649.html	t-11649.html
20050515125045	http://forum.azzurra.org:80/archive/index.php/t-1165.html	t-1165.html
20160818211049	http://forum.azzurra.org/archive/index.php/t-11650.html	t-11650.html
20060623011246	http://forum.azzurra.org:80/archive/index.php/t-11652.html	t-11652.html
20081120025332	http://forum.azzurra.org/archive/index.php/t-1166.html	t-1166.html
20070317234305	http://forum.azzurra.org:80/archive/index.php/t-1167.html	t-1167.html
20050515125049	http://forum.azzurra.org:80/archive/index.php/t-1168.html	t-1168.html
20060822070929	http://forum.azzurra.org:80/archive/index.php/t-1169.html	t-1169.html
20080714165100	http://forum.azzurra.org:80/archive/index.php/t-11707.html	t-11707.html
20081120011138	http://forum.azzurra.org/archive/index.php/t-11713.html	t-11713.html
20070606094941	http://forum.azzurra.org:80/archive/index.php/t-11714.html	t-11714.html
20060526121742	http://forum.azzurra.org:80/archive/index.php/t-11719.html	t-11719.html
20081120011945	http://forum.azzurra.org/archive/index.php/t-1172.html	t-1172.html
20110609034347	http://forum.azzurra.org:80/archive/index.php/t-11727.html	t-11727.html
20081120075235	http://forum.azzurra.org/archive/index.php/t-11731.html	t-11731.html
20081120081743	http://forum.azzurra.org/archive/index.php/t-11734.html	t-11734.html
20060505162739	http://forum.azzurra.org:80/archive/index.php/t-11735.html	t-11735.html
20081120021721	http://forum.azzurra.org/archive/index.php/t-11736.html	t-11736.html
20060629225033	http://forum.azzurra.org:80/archive/index.php/t-11739.html	t-11739.html
20081120010356	http://forum.azzurra.org/archive/index.php/t-1174.html	t-1174.html
20060505162718	http://forum.azzurra.org:80/archive/index.php/t-11744.html	t-11744.html
20070902000825	http://forum.azzurra.org:80/archive/index.php/t-1175.html	t-1175.html
20081120030920	http://forum.azzurra.org/archive/index.php/t-11754.html	t-11754.html
20060721202900	http://forum.azzurra.org:80/archive/index.php/t-11759.html	t-11759.html
20060721201328	http://forum.azzurra.org:80/archive/index.php/t-1176.html	t-1176.html
20060721202913	http://forum.azzurra.org:80/archive/index.php/t-11762.html	t-11762.html
20060721202926	http://forum.azzurra.org:80/archive/index.php/t-11763.html	t-11763.html
20081120041342	http://forum.azzurra.org/archive/index.php/t-11766.html	t-11766.html
20050515125053	http://forum.azzurra.org:80/archive/index.php/t-1177.html	t-1177.html
20081120042919	http://forum.azzurra.org/archive/index.php/t-11773.html	t-11773.html
20060721202939	http://forum.azzurra.org:80/archive/index.php/t-11777.html	t-11777.html
20060721202953	http://forum.azzurra.org:80/archive/index.php/t-11778.html	t-11778.html
20081120051730	http://forum.azzurra.org/archive/index.php/t-11779.html	t-11779.html
20061025192340	http://forum.azzurra.org:80/archive/index.php/t-11781.html	t-11781.html
20060720215603	http://forum.azzurra.org:80/archive/index.php/t-11784.html	t-11784.html
20060721203009	http://forum.azzurra.org:80/archive/index.php/t-11785.html	t-11785.html
20060328111035	http://forum.azzurra.org:80/archive/index.php/t-11787.html	t-11787.html
20050515125058	http://forum.azzurra.org:80/archive/index.php/t-1179.html	t-1179.html
20070317015107	http://forum.azzurra.org:80/archive/index.php/t-11791.html	t-11791.html
20081120042353	http://forum.azzurra.org/archive/index.php/t-118.html	t-118.html
20081120094650	http://forum.azzurra.org/archive/index.php/t-1180.html	t-1180.html
20080624140824	http://forum.azzurra.org:80/archive/index.php/t-11803.html	t-11803.html
20080919095319	http://forum.azzurra.org:80/archive/index.php/t-11805.html	t-11805.html
20070312200109	http://forum.azzurra.org:80/archive/index.php/t-11806.html	t-11806.html
20060707050320	http://forum.azzurra.org:80/archive/index.php/t-11807-p-2.html	t-11807-p-2.html
20060707050546	http://forum.azzurra.org:80/archive/index.php/t-11807-p-3.html	t-11807-p-3.html
20060629225050	http://forum.azzurra.org:80/archive/index.php/t-11807.html	t-11807.html
20050515125101	http://forum.azzurra.org:80/archive/index.php/t-1181.html	t-1181.html
20060526121807	http://forum.azzurra.org:80/archive/index.php/t-11811.html	t-11811.html
20081120024659	http://forum.azzurra.org/archive/index.php/t-11813.html	t-11813.html
20060721203033	http://forum.azzurra.org:80/archive/index.php/t-11815.html	t-11815.html
20060721203044	http://forum.azzurra.org:80/archive/index.php/t-11817.html	t-11817.html
20060720215616	http://forum.azzurra.org:80/archive/index.php/t-11818.html	t-11818.html
20050515201703	http://forum.azzurra.org:80/archive/index.php/t-1182.html	t-1182.html
20060721203057	http://forum.azzurra.org:80/archive/index.php/t-11822.html	t-11822.html
20081120022401	http://forum.azzurra.org/archive/index.php/t-11824.html	t-11824.html
20081120100312	http://forum.azzurra.org/archive/index.php/t-1183.html	t-1183.html
20070112032140	http://forum.azzurra.org:80/archive/index.php/t-11831.html	t-11831.html
20060721203119	http://forum.azzurra.org:80/archive/index.php/t-11835.html	t-11835.html
20070211154108	http://forum.azzurra.org:80/archive/index.php/t-11838.html	t-11838.html
20081120031946	http://forum.azzurra.org/archive/index.php/t-1184.html	t-1184.html
20050515201707	http://forum.azzurra.org:80/archive/index.php/t-1185.html	t-1185.html
20081119234909	http://forum.azzurra.org/archive/index.php/t-11857.html	t-11857.html
20060304182202	http://forum.azzurra.org:80/archive/index.php/t-11868.html	t-11868.html
20090108033139	http://forum.azzurra.org/archive/index.php/t-11869.html	t-11869.html
20081120030254	http://forum.azzurra.org/archive/index.php/t-1187.html	t-1187.html
20060721203131	http://forum.azzurra.org:80/archive/index.php/t-11874.html	t-11874.html
20061031033022	http://forum.azzurra.org:80/archive/index.php/t-11883.html	t-11883.html
20060629225057	http://forum.azzurra.org:80/archive/index.php/t-11885.html	t-11885.html
20081120072312	http://forum.azzurra.org/archive/index.php/t-1189.html	t-1189.html
20081120023301	http://forum.azzurra.org/archive/index.php/t-11895.html	t-11895.html
20081120070717	http://forum.azzurra.org/archive/index.php/t-11897.html	t-11897.html
20050515201710	http://forum.azzurra.org:80/archive/index.php/t-119.html	t-119.html
20060629223730	http://forum.azzurra.org:80/archive/index.php/t-11900.html	t-11900.html
20060629225114	http://forum.azzurra.org:80/archive/index.php/t-11910.html	t-11910.html
20081120075642	http://forum.azzurra.org/archive/index.php/t-11912.html	t-11912.html
20081120080735	http://forum.azzurra.org/archive/index.php/t-11914.html	t-11914.html
20061117015936	http://forum.azzurra.org:80/archive/index.php/t-11915.html	t-11915.html
20070223210339	http://forum.azzurra.org:80/archive/index.php/t-11916.html	t-11916.html
20060721081657	http://forum.azzurra.org:80/archive/index.php/t-11917.html	t-11917.html
20081120093719	http://forum.azzurra.org/archive/index.php/t-11918.html	t-11918.html
20070102073737	http://forum.azzurra.org:80/archive/index.php/t-11919.html	t-11919.html
20060716133045	http://forum.azzurra.org:80/archive/index.php/t-11926.html	t-11926.html
20070902001024	http://forum.azzurra.org:80/archive/index.php/t-11928.html	t-11928.html
20081120101852	http://forum.azzurra.org/archive/index.php/t-11929.html	t-11929.html
20050515201714	http://forum.azzurra.org:80/archive/index.php/t-1193.html	t-1193.html
20081120054447	http://forum.azzurra.org/archive/index.php/t-11934.html	t-11934.html
20060721081710	http://forum.azzurra.org:80/archive/index.php/t-11937.html	t-11937.html
20080928073909	http://forum.azzurra.org:80/archive/index.php/t-11938.html	t-11938.html
20081120044918	http://forum.azzurra.org/archive/index.php/t-1194.html	t-1194.html
20081120030011	http://forum.azzurra.org/archive/index.php/t-11940.html	t-11940.html
20081120101223	http://forum.azzurra.org/archive/index.php/t-11942.html	t-11942.html
20081120000708	http://forum.azzurra.org/archive/index.php/t-1195.html	t-1195.html
20060720215643	http://forum.azzurra.org:80/archive/index.php/t-11954.html	t-11954.html
20070901013807	http://forum.azzurra.org:80/archive/index.php/t-11958.html	t-11958.html
20081120002907	http://forum.azzurra.org/archive/index.php/t-1196.html	t-1196.html
20060721203152	http://forum.azzurra.org:80/archive/index.php/t-11962.html	t-11962.html
20081120002618	http://forum.azzurra.org/archive/index.php/t-11965.html	t-11965.html
20081120001512	http://forum.azzurra.org/archive/index.php/t-11966.html	t-11966.html
20070902001519	http://forum.azzurra.org:80/archive/index.php/t-11968.html	t-11968.html
20081120042720	http://forum.azzurra.org/archive/index.php/t-1197.html	t-1197.html
20060526121811	http://forum.azzurra.org:80/archive/index.php/t-11976.html	t-11976.html
20060526121833	http://forum.azzurra.org:80/archive/index.php/t-11977.html	t-11977.html
20081120053938	http://forum.azzurra.org/archive/index.php/t-1198.html	t-1198.html
20060328111432	http://forum.azzurra.org:80/archive/index.php/t-11980.html	t-11980.html
20070211154126	http://forum.azzurra.org:80/archive/index.php/t-11981.html	t-11981.html
20060721203204	http://forum.azzurra.org:80/archive/index.php/t-11987.html	t-11987.html
20081120044724	http://forum.azzurra.org/archive/index.php/t-11989.html	t-11989.html
20081120004653	http://forum.azzurra.org/archive/index.php/t-1199.html	t-1199.html
20060526121844	http://forum.azzurra.org:80/archive/index.php/t-11990.html	t-11990.html
20060526121431	http://forum.azzurra.org:80/archive/index.php/t-11994.html	t-11994.html
20060526121915	http://forum.azzurra.org:80/archive/index.php/t-11997.html	t-11997.html
20081120101417	http://forum.azzurra.org/archive/index.php/t-11998.html	t-11998.html
20081120044225	http://forum.azzurra.org/archive/index.php/t-12.html	t-12.html
20081120022206	http://forum.azzurra.org/archive/index.php/t-120.html	t-120.html
20070901013350	http://forum.azzurra.org:80/archive/index.php/t-1200.html	t-1200.html
20060629225127	http://forum.azzurra.org:80/archive/index.php/t-12000.html	t-12000.html
20060526121929	http://forum.azzurra.org:80/archive/index.php/t-12001.html	t-12001.html
20081120053454	http://forum.azzurra.org/archive/index.php/t-12002.html	t-12002.html
20070902072848	http://forum.azzurra.org:80/archive/index.php/t-12003-p-2.html	t-12003-p-2.html
20070901013802	http://forum.azzurra.org:80/archive/index.php/t-12003.html	t-12003.html
20060721203219	http://forum.azzurra.org:80/archive/index.php/t-12005.html	t-12005.html
20070830022531	http://forum.azzurra.org:80/archive/index.php/t-12011.html	t-12011.html
20081120041137	http://forum.azzurra.org/archive/index.php/t-12018.html	t-12018.html
20081120100111	http://forum.azzurra.org/archive/index.php/t-12019.html	t-12019.html
20060715022014	http://forum.azzurra.org:80/archive/index.php/t-1202.html	t-1202.html
20060629225139	http://forum.azzurra.org:80/archive/index.php/t-12023.html	t-12023.html
20061222125211	http://forum.azzurra.org:80/archive/index.php/t-12027.html	t-12027.html
20060629224213	http://forum.azzurra.org:80/archive/index.php/t-1203.html	t-1203.html
20081120035602	http://forum.azzurra.org/archive/index.php/t-12047.html	t-12047.html
20081120021440	http://forum.azzurra.org/archive/index.php/t-12048.html	t-12048.html
20081120102740	http://forum.azzurra.org/archive/index.php/t-1205.html	t-1205.html
20070112032117	http://forum.azzurra.org:80/archive/index.php/t-12050.html	t-12050.html
20081120043435	http://forum.azzurra.org/archive/index.php/t-12052.html	t-12052.html
20081120002249	http://forum.azzurra.org/archive/index.php/t-12053.html	t-12053.html
20070901014441	http://forum.azzurra.org:80/archive/index.php/t-12054.html	t-12054.html
20060629225151	http://forum.azzurra.org:80/archive/index.php/t-12055.html	t-12055.html
20060526121945	http://forum.azzurra.org:80/archive/index.php/t-12056.html	t-12056.html
20060716133338	http://forum.azzurra.org:80/archive/index.php/t-12058.html	t-12058.html
20050515201719	http://forum.azzurra.org:80/archive/index.php/t-1206.html	t-1206.html
20060721203233	http://forum.azzurra.org:80/archive/index.php/t-12064.html	t-12064.html
20050515201723	http://forum.azzurra.org:80/archive/index.php/t-1207.html	t-1207.html
20060629225207	http://forum.azzurra.org:80/archive/index.php/t-12074.html	t-12074.html
20081120031617	http://forum.azzurra.org/archive/index.php/t-12075.html	t-12075.html
20050225091050	http://forum.azzurra.org:80/archive/index.php/t-1208.html	t-1208.html
20060721203245	http://forum.azzurra.org:80/archive/index.php/t-12081.html	t-12081.html
20081120010715	http://forum.azzurra.org/archive/index.php/t-12085.html	t-12085.html
20081120073306	http://forum.azzurra.org/archive/index.php/t-1209.html	t-1209.html
20060721081722	http://forum.azzurra.org:80/archive/index.php/t-12090.html	t-12090.html
20070903063819	http://forum.azzurra.org:80/archive/index.php/t-12094-p-2.html	t-12094-p-2.html
20070902001157	http://forum.azzurra.org:80/archive/index.php/t-12094.html	t-12094.html
20070718160238	http://forum.azzurra.org:80/archive/index.php/t-12096.html	t-12096.html
20060623063219	http://forum.azzurra.org:80/archive/index.php/t-12098.html	t-12098.html
20050515201731	http://forum.azzurra.org:80/archive/index.php/t-1210.html	t-1210.html
20070901013840	http://forum.azzurra.org:80/archive/index.php/t-12111.html	t-12111.html
20060629225220	http://forum.azzurra.org:80/archive/index.php/t-12119.html	t-12119.html
20060526121958	http://forum.azzurra.org:80/archive/index.php/t-12126.html	t-12126.html
20060721203305	http://forum.azzurra.org:80/archive/index.php/t-12131.html	t-12131.html
20061031214111	http://forum.azzurra.org:80/archive/index.php/t-12132.html	t-12132.html
20060721081734	http://forum.azzurra.org:80/archive/index.php/t-12134.html	t-12134.html
20060814161744	http://forum.azzurra.org:80/archive/index.php/t-12135.html	t-12135.html
20081120010132	http://forum.azzurra.org/archive/index.php/t-12137.html	t-12137.html
20061031162520	http://forum.azzurra.org:80/archive/index.php/t-1214.html	t-1214.html
20060721203327	http://forum.azzurra.org:80/archive/index.php/t-12143.html	t-12143.html
20061030044954	http://forum.azzurra.org:80/archive/index.php/t-12144.html	t-12144.html
20060721081746	http://forum.azzurra.org:80/archive/index.php/t-12147.html	t-12147.html
20081120014944	http://forum.azzurra.org/archive/index.php/t-12148.html	t-12148.html
20081120003644	http://forum.azzurra.org/archive/index.php/t-1215.html	t-1215.html
20050819130902	http://forum.azzurra.org:80/archive/index.php/t-1216.html	t-1216.html
20070211154137	http://forum.azzurra.org:80/archive/index.php/t-12160.html	t-12160.html
20061016154605	http://forum.azzurra.org:80/archive/index.php/t-12161.html	t-12161.html
20090606100818	http://forum.azzurra.org:80/archive/index.php/t-12167.html	t-12167.html
20070119085956	http://forum.azzurra.org:80/archive/index.php/t-12168.html	t-12168.html
20060721203356	http://forum.azzurra.org:80/archive/index.php/t-12170.html	t-12170.html
20060721203419	http://forum.azzurra.org:80/archive/index.php/t-12171.html	t-12171.html
20060720154109	http://forum.azzurra.org:80/archive/index.php/t-12175.html	t-12175.html
20050515201735	http://forum.azzurra.org:80/archive/index.php/t-1218.html	t-1218.html
20081120054130	http://forum.azzurra.org/archive/index.php/t-12184.html	t-12184.html
20081120005349	http://forum.azzurra.org/archive/index.php/t-12186.html	t-12186.html
20060629225232	http://forum.azzurra.org:80/archive/index.php/t-12189.html	t-12189.html
20081120005109	http://forum.azzurra.org/archive/index.php/t-1219.html	t-1219.html
20081120071219	http://forum.azzurra.org/archive/index.php/t-12195.html	t-12195.html
20070216040509	http://forum.azzurra.org:80/archive/index.php/t-122.html	t-122.html
20060427223556	http://forum.azzurra.org:80/archive/index.php/t-1220.html	t-1220.html
20060526122016	http://forum.azzurra.org:80/archive/index.php/t-12200.html	t-12200.html
20060526122027	http://forum.azzurra.org:80/archive/index.php/t-12201.html	t-12201.html
20060412145141	http://forum.azzurra.org:80/archive/index.php/t-12209.html	t-12209.html
20081120102501	http://forum.azzurra.org/archive/index.php/t-12219.html	t-12219.html
20080624140831	http://forum.azzurra.org:80/archive/index.php/t-1222.html	t-1222.html
20090629040323	http://forum.azzurra.org:80/archive/index.php/t-12221.html	t-12221.html
20070317015119	http://forum.azzurra.org:80/archive/index.php/t-12223.html	t-12223.html
20060720154121	http://forum.azzurra.org:80/archive/index.php/t-12224.html	t-12224.html
20070225013121	http://forum.azzurra.org:80/archive/index.php/t-12225.html	t-12225.html
20070830022652	http://forum.azzurra.org:80/archive/index.php/t-12229.html	t-12229.html
20090108032749	http://forum.azzurra.org/archive/index.php/t-12232.html	t-12232.html
20081120050801	http://forum.azzurra.org/archive/index.php/t-12236.html	t-12236.html
20090108032115	http://forum.azzurra.org/archive/index.php/t-12238.html	t-12238.html
20060721203441	http://forum.azzurra.org:80/archive/index.php/t-12245.html	t-12245.html
20060629225244	http://forum.azzurra.org:80/archive/index.php/t-12251.html	t-12251.html
20070714221453	http://forum.azzurra.org:80/archive/index.php/t-12254.html	t-12254.html
20081120001047	http://forum.azzurra.org/archive/index.php/t-12255.html	t-12255.html
20081120001946	http://forum.azzurra.org/archive/index.php/t-12256.html	t-12256.html
20081120003331	http://forum.azzurra.org/archive/index.php/t-12262.html	t-12262.html
20070824180056	http://forum.azzurra.org:80/archive/index.php/t-12264.html	t-12264.html
20080516214449	http://forum.azzurra.org:80/archive/index.php/t-12265.html	t-12265.html
20060629225257	http://forum.azzurra.org:80/archive/index.php/t-12268.html	t-12268.html
20060721203458	http://forum.azzurra.org:80/archive/index.php/t-12275.html	t-12275.html
20070211154148	http://forum.azzurra.org:80/archive/index.php/t-12276.html	t-12276.html
20070503210309	http://forum.azzurra.org:80/archive/index.php/t-12277.html	t-12277.html
20081120012250	http://forum.azzurra.org/archive/index.php/t-1228.html	t-1228.html
20090108032834	http://forum.azzurra.org/archive/index.php/t-12283.html	t-12283.html
20081120012837	http://forum.azzurra.org/archive/index.php/t-12285.html	t-12285.html
20070506064726	http://forum.azzurra.org:80/archive/index.php/t-12289.html	t-12289.html
20050515201655	http://forum.azzurra.org:80/archive/index.php/t-123.html	t-123.html
20070211151949	http://forum.azzurra.org:80/archive/index.php/t-1230.html	t-1230.html
20081121015710	http://forum.azzurra.org/archive/index.php/t-12303.html	t-12303.html
20070502012414	http://forum.azzurra.org:80/archive/index.php/t-12314.html	t-12314.html
20060716094418	http://forum.azzurra.org:80/archive/index.php/t-12318.html	t-12318.html
20060721203524	http://forum.azzurra.org:80/archive/index.php/t-12319.html	t-12319.html
20050515201739	http://forum.azzurra.org:80/archive/index.php/t-1232.html	t-1232.html
20050211095309	http://forum.azzurra.org:80/archive/index.php/t-1233.html	t-1233.html
20060629225309	http://forum.azzurra.org:80/archive/index.php/t-12336.html	t-12336.html
20090108031921	http://forum.azzurra.org/archive/index.php/t-12353.html	t-12353.html
20111127160207	http://forum.azzurra.org:80/archive/index.php/t-12354.html	t-12354.html
20090108032242	http://forum.azzurra.org/archive/index.php/t-12356.html	t-12356.html
20111127160212	http://forum.azzurra.org:80/archive/index.php/t-12357.html	t-12357.html
20070211154158	http://forum.azzurra.org:80/archive/index.php/t-12359.html	t-12359.html
20090108032215	http://forum.azzurra.org/archive/index.php/t-12364.html	t-12364.html
20081121014639	http://forum.azzurra.org/archive/index.php/t-12368.html	t-12368.html
20060629225321	http://forum.azzurra.org:80/archive/index.php/t-12377.html	t-12377.html
20050825174138	http://forum.azzurra.org:80/archive/index.php/t-1238.html	t-1238.html
20090108032919	http://forum.azzurra.org/archive/index.php/t-12380.html	t-12380.html
20061026124719	http://forum.azzurra.org:80/archive/index.php/t-12384.html	t-12384.html
20081121003817	http://forum.azzurra.org/archive/index.php/t-12389.html	t-12389.html
20070714071835	http://forum.azzurra.org:80/archive/index.php/t-12392.html	t-12392.html
20081121022840	http://forum.azzurra.org/archive/index.php/t-12394.html	t-12394.html
20070211154208	http://forum.azzurra.org:80/archive/index.php/t-12397.html	t-12397.html
20060716094825	http://forum.azzurra.org:80/archive/index.php/t-12400.html	t-12400.html
20090108032631	http://forum.azzurra.org/archive/index.php/t-12406.html	t-12406.html
20070901013655	http://forum.azzurra.org:80/archive/index.php/t-12408.html	t-12408.html
20080517163247	http://forum.azzurra.org:80/archive/index.php/t-12409.html	t-12409.html
20060629225334	http://forum.azzurra.org:80/archive/index.php/t-12421.html	t-12421.html
20081121014903	http://forum.azzurra.org/archive/index.php/t-1243.html	t-1243.html
20070713232155	http://forum.azzurra.org:80/archive/index.php/t-12430.html	t-12430.html
20070321021532	http://forum.azzurra.org:80/archive/index.php/t-12431.html	t-12431.html
20081121002417	http://forum.azzurra.org/archive/index.php/t-12434.html	t-12434.html
20070316005108	http://forum.azzurra.org:80/archive/index.php/t-12437.html	t-12437.html
20081121011211	http://forum.azzurra.org/archive/index.php/t-1245.html	t-1245.html
20070901013444	http://forum.azzurra.org:80/archive/index.php/t-12450.html	t-12450.html
20081121013915	http://forum.azzurra.org/archive/index.php/t-12453.html	t-12453.html
20070228130102	http://forum.azzurra.org:80/archive/index.php/t-12455.html	t-12455.html
20090108033425	http://forum.azzurra.org/archive/index.php/t-12461.html	t-12461.html
20090108032939	http://forum.azzurra.org/archive/index.php/t-12462.html	t-12462.html
20081121020436	http://forum.azzurra.org/archive/index.php/t-12464.html	t-12464.html
20061018160239	http://forum.azzurra.org:80/archive/index.php/t-12469.html	t-12469.html
20070902001408	http://forum.azzurra.org:80/archive/index.php/t-12470.html	t-12470.html
20070716102324	http://forum.azzurra.org:80/archive/index.php/t-12473.html	t-12473.html
20081121020717	http://forum.azzurra.org/archive/index.php/t-12475.html	t-12475.html
20060526122044	http://forum.azzurra.org:80/archive/index.php/t-12478.html	t-12478.html
20080606054043	http://forum.azzurra.org:80/archive/index.php/t-1248.html	t-1248.html
20081121003333	http://forum.azzurra.org/archive/index.php/t-12485.html	t-12485.html
20070611130331	http://forum.azzurra.org:80/archive/index.php/t-12489.html	t-12489.html
20081121010207	http://forum.azzurra.org/archive/index.php/t-1249.html	t-1249.html
20060721203538	http://forum.azzurra.org:80/archive/index.php/t-12496.html	t-12496.html
20081121022148	http://forum.azzurra.org/archive/index.php/t-12498.html	t-12498.html
20050515201747	http://forum.azzurra.org:80/archive/index.php/t-1250.html	t-1250.html
20090108031951	http://forum.azzurra.org/archive/index.php/t-12500.html	t-12500.html
20090108031857	http://forum.azzurra.org/archive/index.php/t-12503.html	t-12503.html
20060629225345	http://forum.azzurra.org:80/archive/index.php/t-12507.html	t-12507.html
20060304182207	http://forum.azzurra.org:80/archive/index.php/t-12509.html	t-12509.html
20070902001320	http://forum.azzurra.org:80/archive/index.php/t-1251.html	t-1251.html
20081121053101	http://forum.azzurra.org/archive/index.php/t-12511.html	t-12511.html
20060304182215	http://forum.azzurra.org:80/archive/index.php/t-12514.html	t-12514.html
20081121021028	http://forum.azzurra.org/archive/index.php/t-1252.html	t-1252.html
20060720154133	http://forum.azzurra.org:80/archive/index.php/t-12526.html	t-12526.html
20090108032443	http://forum.azzurra.org/archive/index.php/t-12531.html	t-12531.html
20090108031942	http://forum.azzurra.org/archive/index.php/t-12534.html	t-12534.html
20060526122056	http://forum.azzurra.org:80/archive/index.php/t-12539.html	t-12539.html
20081121031638	http://forum.azzurra.org/archive/index.php/t-1254.html	t-1254.html
20060629225357	http://forum.azzurra.org:80/archive/index.php/t-12541.html	t-12541.html
20070901014255	http://forum.azzurra.org:80/archive/index.php/t-12543.html	t-12543.html
20060721203550	http://forum.azzurra.org:80/archive/index.php/t-12550.html	t-12550.html
20060721203607	http://forum.azzurra.org:80/archive/index.php/t-12554.html	t-12554.html
20061027150957	http://forum.azzurra.org:80/archive/index.php/t-12555.html	t-12555.html
20090108033318	http://forum.azzurra.org/archive/index.php/t-12556.html	t-12556.html
20060716094837	http://forum.azzurra.org:80/archive/index.php/t-12559.html	t-12559.html
20060629225409	http://forum.azzurra.org:80/archive/index.php/t-12561.html	t-12561.html
20070902001033	http://forum.azzurra.org:80/archive/index.php/t-12564.html	t-12564.html
20060822115320	http://forum.azzurra.org:80/archive/index.php/t-12566.html	t-12566.html
20090108031913	http://forum.azzurra.org/archive/index.php/t-12568.html	t-12568.html
20081121023335	http://forum.azzurra.org/archive/index.php/t-1257.html	t-1257.html
20070211152231	http://forum.azzurra.org:80/archive/index.php/t-1258.html	t-1258.html
20060328110758	http://forum.azzurra.org:80/archive/index.php/t-12581.html	t-12581.html
20090108032252	http://forum.azzurra.org/archive/index.php/t-12583.html	t-12583.html
20070714221422	http://forum.azzurra.org:80/archive/index.php/t-12589.html	t-12589.html
20050515201750	http://forum.azzurra.org:80/archive/index.php/t-1259.html	t-1259.html
20061031213432	http://forum.azzurra.org:80/archive/index.php/t-12596.html	t-12596.html
20070901013530	http://forum.azzurra.org:80/archive/index.php/t-126.html	t-126.html
20081121030023	http://forum.azzurra.org/archive/index.php/t-1260.html	t-1260.html
20090108032226	http://forum.azzurra.org/archive/index.php/t-12600.html	t-12600.html
20111127160242	http://forum.azzurra.org:80/archive/index.php/t-12602.html	t-12602.html
20090108032459	http://forum.azzurra.org/archive/index.php/t-12603.html	t-12603.html
20060721081758	http://forum.azzurra.org:80/archive/index.php/t-12606.html	t-12606.html
20060113064713	http://forum.azzurra.org:80/archive/index.php/t-1261.html	t-1261.html
20060524000628	http://forum.azzurra.org:80/archive/index.php/t-12628.html	t-12628.html
20070830022602	http://forum.azzurra.org:80/archive/index.php/t-12629.html	t-12629.html
20081121024254	http://forum.azzurra.org/archive/index.php/t-1263.html	t-1263.html
20081121002939	http://forum.azzurra.org/archive/index.php/t-12631.html	t-12631.html
20090108032316	http://forum.azzurra.org/archive/index.php/t-12634.html	t-12634.html
20090108032409	http://forum.azzurra.org/archive/index.php/t-12637.html	t-12637.html
20070901014419	http://forum.azzurra.org:80/archive/index.php/t-12647.html	t-12647.html
20090108033743	http://forum.azzurra.org/archive/index.php/t-12650.html	t-12650.html
20090108032855	http://forum.azzurra.org/archive/index.php/t-12653.html	t-12653.html
20090108034011	http://forum.azzurra.org/archive/index.php/t-12656.html	t-12656.html
20090108032152	http://forum.azzurra.org/archive/index.php/t-12659.html	t-12659.html
20090108033901	http://forum.azzurra.org/archive/index.php/t-12662.html	t-12662.html
20081121012613	http://forum.azzurra.org/archive/index.php/t-12664.html	t-12664.html
20070501062325	http://forum.azzurra.org:80/archive/index.php/t-12665.html	t-12665.html
20060629225421	http://forum.azzurra.org:80/archive/index.php/t-12667.html	t-12667.html
20080516214801	http://forum.azzurra.org:80/archive/index.php/t-1267.html	t-1267.html
20060814162049	http://forum.azzurra.org:80/archive/index.php/t-12673.html	t-12673.html
20111127160258	http://forum.azzurra.org:80/archive/index.php/t-12674.html	t-12674.html
20070208123932	http://forum.azzurra.org:80/archive/index.php/t-12675.html	t-12675.html
20090108032204	http://forum.azzurra.org/archive/index.php/t-12676-p-2.html	t-12676-p-2.html
20081121030511	http://forum.azzurra.org/archive/index.php/t-12676.html	t-12676.html
20081121032632	http://forum.azzurra.org/archive/index.php/t-12679.html	t-12679.html
20061031080331	http://forum.azzurra.org:80/archive/index.php/t-12680.html	t-12680.html
20060417080718	http://forum.azzurra.org:80/archive/index.php/t-12683.html	t-12683.html
20090108032306	http://forum.azzurra.org/archive/index.php/t-12685.html	t-12685.html
20090108032354	http://forum.azzurra.org/archive/index.php/t-12686.html	t-12686.html
20071022034948	http://forum.azzurra.org:80/archive/index.php/t-12689.html	t-12689.html
20081121055738	http://forum.azzurra.org/archive/index.php/t-12691.html	t-12691.html
20081121051839	http://forum.azzurra.org/archive/index.php/t-12692.html	t-12692.html
20060721203625	http://forum.azzurra.org:80/archive/index.php/t-12699.html	t-12699.html
20070317015129	http://forum.azzurra.org:80/archive/index.php/t-12701.html	t-12701.html
20120730155302	http://forum.azzurra.org/archive/index.php/t-12703.html	t-12703.html
20060526122110	http://forum.azzurra.org:80/archive/index.php/t-12705.html	t-12705.html
20090108031905	http://forum.azzurra.org/archive/index.php/t-12706.html	t-12706.html
20061125085956	http://forum.azzurra.org:80/archive/index.php/t-12718.html	t-12718.html
20060721080327	http://forum.azzurra.org:80/archive/index.php/t-1272.html	t-1272.html
20081121051326	http://forum.azzurra.org/archive/index.php/t-12726.html	t-12726.html
20111127160313	http://forum.azzurra.org:80/archive/index.php/t-12727.html	t-12727.html
20070227230513	http://forum.azzurra.org:80/archive/index.php/t-12729.html	t-12729.html
20050515201755	http://forum.azzurra.org:80/archive/index.php/t-1273.html	t-1273.html
20060721203637	http://forum.azzurra.org:80/archive/index.php/t-12736.html	t-12736.html
20090108033458	http://forum.azzurra.org/archive/index.php/t-12738.html	t-12738.html
20070211151959	http://forum.azzurra.org:80/archive/index.php/t-1274.html	t-1274.html
20070211154218	http://forum.azzurra.org:80/archive/index.php/t-12740.html	t-12740.html
20081121030924	http://forum.azzurra.org/archive/index.php/t-12741.html	t-12741.html
20081121054606	http://forum.azzurra.org/archive/index.php/t-12748.html	t-12748.html
20061124005835	http://forum.azzurra.org:80/archive/index.php/t-12750.html	t-12750.html
20090108033936	http://forum.azzurra.org/archive/index.php/t-12755.html	t-12755.html
20070211154228	http://forum.azzurra.org:80/archive/index.php/t-12761.html	t-12761.html
20070901013407	http://forum.azzurra.org:80/archive/index.php/t-12763.html	t-12763.html
20090108032811	http://forum.azzurra.org/archive/index.php/t-12764.html	t-12764.html
20090108033814	http://forum.azzurra.org/archive/index.php/t-12767.html	t-12767.html
20081121005151	http://forum.azzurra.org/archive/index.php/t-12768.html	t-12768.html
20100720060538	http://forum.azzurra.org:80/archive/index.php/t-12769.html	t-12769.html
20060629225434	http://forum.azzurra.org:80/archive/index.php/t-12771.html	t-12771.html
20081014043319	http://forum.azzurra.org:80/archive/index.php/t-12774.html	t-12774.html
20060822115332	http://forum.azzurra.org:80/archive/index.php/t-12779.html	t-12779.html
20060629224225	http://forum.azzurra.org:80/archive/index.php/t-1278.html	t-1278.html
20081121010935	http://forum.azzurra.org/archive/index.php/t-12785.html	t-12785.html
20060526122123	http://forum.azzurra.org:80/archive/index.php/t-12786.html	t-12786.html
20060113055011	http://forum.azzurra.org:80/archive/index.php/t-1279.html	t-1279.html
20111127160333	http://forum.azzurra.org:80/archive/index.php/t-12793.html	t-12793.html
20070902001612	http://forum.azzurra.org:80/archive/index.php/t-12797.html	t-12797.html
20081121024450	http://forum.azzurra.org/archive/index.php/t-12798.html	t-12798.html
20060629224243	http://forum.azzurra.org:80/archive/index.php/t-1280.html	t-1280.html
20060720154147	http://forum.azzurra.org:80/archive/index.php/t-12802.html	t-12802.html
20060629225448	http://forum.azzurra.org:80/archive/index.php/t-12805.html	t-12805.html
20111127160349	http://forum.azzurra.org:80/archive/index.php/t-12807.html	t-12807.html
20060629224257	http://forum.azzurra.org:80/archive/index.php/t-1281.html	t-1281.html
20081121004724	http://forum.azzurra.org/archive/index.php/t-12811.html	t-12811.html
20070527163253	http://forum.azzurra.org:80/archive/index.php/t-12812.html	t-12812.html
20090518150705	http://forum.azzurra.org:80/archive/index.php/t-12813.html	t-12813.html
20070901013524	http://forum.azzurra.org:80/archive/index.php/t-12817.html	t-12817.html
20060822004014	http://forum.azzurra.org:80/archive/index.php/t-12829.html	t-12829.html
20050515201759	http://forum.azzurra.org:80/archive/index.php/t-1283.html	t-1283.html
20060628004556	http://forum.azzurra.org:80/archive/index.php/t-12833.html	t-12833.html
20070902000910	http://forum.azzurra.org:80/archive/index.php/t-12834.html	t-12834.html
20070830023324	http://forum.azzurra.org:80/archive/index.php/t-12835.html	t-12835.html
20080624140836	http://forum.azzurra.org:80/archive/index.php/t-1284.html	t-1284.html
20070902001109	http://forum.azzurra.org:80/archive/index.php/t-12844.html	t-12844.html
20111127160429	http://forum.azzurra.org:80/archive/index.php/t-12845.html	t-12845.html
20060629225459	http://forum.azzurra.org:80/archive/index.php/t-12848.html	t-12848.html
20070902001118	http://forum.azzurra.org:80/archive/index.php/t-1285.html	t-1285.html
20060526122139	http://forum.azzurra.org:80/archive/index.php/t-12854.html	t-12854.html
20070323173102	http://forum.azzurra.org:80/archive/index.php/t-12856.html	t-12856.html
20060721080341	http://forum.azzurra.org:80/archive/index.php/t-1286.html	t-1286.html
20070502220214	http://forum.azzurra.org:80/archive/index.php/t-12865.html	t-12865.html
20070713232802	http://forum.azzurra.org:80/archive/index.php/t-12866.html	t-12866.html
20081121060557	http://forum.azzurra.org/archive/index.php/t-1287.html	t-1287.html
20060526122149	http://forum.azzurra.org:80/archive/index.php/t-12871.html	t-12871.html
20081121012952	http://forum.azzurra.org/archive/index.php/t-12873.html	t-12873.html
20081121021239	http://forum.azzurra.org/archive/index.php/t-1288.html	t-1288.html
20060719063911	http://forum.azzurra.org:80/archive/index.php/t-12880.html	t-12880.html
20081121055034	http://forum.azzurra.org/archive/index.php/t-12886.html	t-12886.html
20061014133622	http://forum.azzurra.org:80/archive/index.php/t-12887.html	t-12887.html
20050816233448	http://forum.azzurra.org:80/archive/index.php/t-1289.html	t-1289.html
20060519173721	http://forum.azzurra.org:80/archive/index.php/t-12893.html	t-12893.html
20060526122200	http://forum.azzurra.org:80/archive/index.php/t-12895.html	t-12895.html
20061014133502	http://forum.azzurra.org:80/archive/index.php/t-12896.html	t-12896.html
20070901013818	http://forum.azzurra.org:80/archive/index.php/t-12899.html	t-12899.html
20081121050722	http://forum.azzurra.org/archive/index.php/t-129.html	t-129.html
20050515201806	http://forum.azzurra.org:80/archive/index.php/t-1290.html	t-1290.html
20070319204403	http://forum.azzurra.org:80/archive/index.php/t-12906.html	t-12906.html
20061031213721	http://forum.azzurra.org:80/archive/index.php/t-1292.html	t-1292.html
20081121005732	http://forum.azzurra.org/archive/index.php/t-12920.html	t-12920.html
20060519173744	http://forum.azzurra.org:80/archive/index.php/t-12922.html	t-12922.html
20060526122220	http://forum.azzurra.org:80/archive/index.php/t-12929.html	t-12929.html
20080624140841	http://forum.azzurra.org:80/archive/index.php/t-1293.html	t-1293.html
20061031163134	http://forum.azzurra.org:80/archive/index.php/t-12930.html	t-12930.html
20060629225510	http://forum.azzurra.org:80/archive/index.php/t-12940.html	t-12940.html
20081121014211	http://forum.azzurra.org/archive/index.php/t-12941.html	t-12941.html
20060629225522	http://forum.azzurra.org:80/archive/index.php/t-12949.html	t-12949.html
20060629224311	http://forum.azzurra.org:80/archive/index.php/t-1295.html	t-1295.html
20070717001440	http://forum.azzurra.org:80/archive/index.php/t-12950.html	t-12950.html
20111127160504	http://forum.azzurra.org:80/archive/index.php/t-12951.html	t-12951.html
20081121002638	http://forum.azzurra.org/archive/index.php/t-1296.html	t-1296.html
20061217201652	http://forum.azzurra.org:80/archive/index.php/t-12961.html	t-12961.html
20060721080354	http://forum.azzurra.org:80/archive/index.php/t-1297.html	t-1297.html
20070902001534	http://forum.azzurra.org:80/archive/index.php/t-12973.html	t-12973.html
20061031080343	http://forum.azzurra.org:80/archive/index.php/t-12976.html	t-12976.html
20051105102730	http://forum.azzurra.org:80/archive/index.php/t-1299.html	t-1299.html
20111127160526	http://forum.azzurra.org:80/archive/index.php/t-12993.html	t-12993.html
20061031033046	http://forum.azzurra.org:80/archive/index.php/t-12996.html	t-12996.html
20070323064622	http://forum.azzurra.org:80/archive/index.php/t-12998-p-2.html	t-12998-p-2.html
20070317180703	http://forum.azzurra.org:80/archive/index.php/t-12998.html	t-12998.html
20081121005324	http://forum.azzurra.org/archive/index.php/t-13.html	t-13.html
20060113063609	http://forum.azzurra.org:80/archive/index.php/t-1300.html	t-1300.html
20081121043659	http://forum.azzurra.org/archive/index.php/t-13000.html	t-13000.html
20090924060229	http://forum.azzurra.org:80/archive/index.php/t-13004.html	t-13004.html
20060623024337	http://forum.azzurra.org:80/archive/index.php/t-13005.html	t-13005.html
20081121052651	http://forum.azzurra.org/archive/index.php/t-13006.html	t-13006.html
20070830023536	http://forum.azzurra.org:80/archive/index.php/t-13016.html	t-13016.html
20060719063930	http://forum.azzurra.org:80/archive/index.php/t-13018.html	t-13018.html
20060721203715	http://forum.azzurra.org:80/archive/index.php/t-13025.html	t-13025.html
20060629225535	http://forum.azzurra.org:80/archive/index.php/t-13026.html	t-13026.html
20111127160551	http://forum.azzurra.org:80/archive/index.php/t-13027.html	t-13027.html
20080624140846	http://forum.azzurra.org:80/archive/index.php/t-1303.html	t-1303.html
20081121012831	http://forum.azzurra.org/archive/index.php/t-13041.html	t-13041.html
20060721081813	http://forum.azzurra.org:80/archive/index.php/t-13049.html	t-13049.html
20080624140851	http://forum.azzurra.org:80/archive/index.php/t-1305.html	t-1305.html
20070202202155	http://forum.azzurra.org:80/archive/index.php/t-13057-p-2.html	t-13057-p-2.html
20070202202114	http://forum.azzurra.org:80/archive/index.php/t-13057-p-3.html	t-13057-p-3.html
20070129090340	http://forum.azzurra.org:80/archive/index.php/t-13057-p-4.html	t-13057-p-4.html
20070701204353	http://forum.azzurra.org:80/archive/index.php/t-13057-p-5.html	t-13057-p-5.html
20070202034710	http://forum.azzurra.org:80/archive/index.php/t-13057.html	t-13057.html
20080624140856	http://forum.azzurra.org:80/archive/index.php/t-1306.html	t-1306.html
20081121042330	http://forum.azzurra.org/archive/index.php/t-1307.html	t-1307.html
20111127160601	http://forum.azzurra.org:80/archive/index.php/t-13077.html	t-13077.html
20081121010337	http://forum.azzurra.org/archive/index.php/t-13079.html	t-13079.html
20070211152242	http://forum.azzurra.org:80/archive/index.php/t-1308.html	t-1308.html
20081121054206	http://forum.azzurra.org/archive/index.php/t-13080.html	t-13080.html
20081121053908	http://forum.azzurra.org/archive/index.php/t-13083.html	t-13083.html
20070901013543	http://forum.azzurra.org:80/archive/index.php/t-13087.html	t-13087.html
20111127160621	http://forum.azzurra.org:80/archive/index.php/t-13088.html	t-13088.html
20070718011006	http://forum.azzurra.org:80/archive/index.php/t-1309.html	t-1309.html
20060629225547	http://forum.azzurra.org:80/archive/index.php/t-13096.html	t-13096.html
20080624230820	http://forum.azzurra.org:80/archive/index.php/t-1310.html	t-1310.html
20060716133350	http://forum.azzurra.org:80/archive/index.php/t-13101.html	t-13101.html
20090304015324	http://forum.azzurra.org:80/archive/index.php/t-13104.html	t-13104.html
20060716133404	http://forum.azzurra.org:80/archive/index.php/t-13111.html	t-13111.html
20060716133434	http://forum.azzurra.org:80/archive/index.php/t-13116.html	t-13116.html
20060716132946	http://forum.azzurra.org:80/archive/index.php/t-13118.html	t-13118.html
20050515201807	http://forum.azzurra.org:80/archive/index.php/t-1312.html	t-1312.html
20060721203730	http://forum.azzurra.org:80/archive/index.php/t-13121.html	t-13121.html
20060716133448	http://forum.azzurra.org:80/archive/index.php/t-13124.html	t-13124.html
20060721081826	http://forum.azzurra.org:80/archive/index.php/t-13125.html	t-13125.html
20060721203744	http://forum.azzurra.org:80/archive/index.php/t-13128.html	t-13128.html
20050515201812	http://forum.azzurra.org:80/archive/index.php/t-1313.html	t-1313.html
20070609192824	http://forum.azzurra.org:80/archive/index.php/t-13131.html	t-13131.html
20060721203806	http://forum.azzurra.org:80/archive/index.php/t-13134.html	t-13134.html
20111127160628	http://forum.azzurra.org:80/archive/index.php/t-13136.html	t-13136.html
20070401100253	http://forum.azzurra.org:80/archive/index.php/t-13138-p-2.html	t-13138-p-2.html
20070328194408	http://forum.azzurra.org:80/archive/index.php/t-13138.html	t-13138.html
20050515201816	http://forum.azzurra.org:80/archive/index.php/t-1314.html	t-1314.html
20070211154238	http://forum.azzurra.org:80/archive/index.php/t-13141.html	t-13141.html
20060721081838	http://forum.azzurra.org:80/archive/index.php/t-13143.html	t-13143.html
20050515201820	http://forum.azzurra.org:80/archive/index.php/t-1315.html	t-1315.html
20060721203813	http://forum.azzurra.org:80/archive/index.php/t-13154.html	t-13154.html
20070830022943	http://forum.azzurra.org:80/archive/index.php/t-13155.html	t-13155.html
20060721203826	http://forum.azzurra.org:80/archive/index.php/t-13159.html	t-13159.html
20070715111840	http://forum.azzurra.org:80/archive/index.php/t-1316.html	t-1316.html
20060721203843	http://forum.azzurra.org:80/archive/index.php/t-13163.html	t-13163.html
20060721081850	http://forum.azzurra.org:80/archive/index.php/t-13166.html	t-13166.html
20060721081902	http://forum.azzurra.org:80/archive/index.php/t-13169.html	t-13169.html
20050515201824	http://forum.azzurra.org:80/archive/index.php/t-1317.html	t-1317.html
20111127160638	http://forum.azzurra.org:80/archive/index.php/t-13174.html	t-13174.html
20060721203853	http://forum.azzurra.org:80/archive/index.php/t-13175.html	t-13175.html
20060721203916	http://forum.azzurra.org:80/archive/index.php/t-13179.html	t-13179.html
20070630013323	http://forum.azzurra.org:80/archive/index.php/t-1318.html	t-1318.html
20050728102438	http://forum.azzurra.org:80/archive/index.php/t-1319.html	t-1319.html
20060721203929	http://forum.azzurra.org:80/archive/index.php/t-13195.html	t-13195.html
20050515201828	http://forum.azzurra.org:80/archive/index.php/t-1320.html	t-1320.html
20080624140901	http://forum.azzurra.org:80/archive/index.php/t-13204.html	t-13204.html
20070128014832	http://forum.azzurra.org:80/archive/index.php/t-1321.html	t-1321.html
20060629225600	http://forum.azzurra.org:80/archive/index.php/t-13211.html	t-13211.html
20070211154248	http://forum.azzurra.org:80/archive/index.php/t-13214.html	t-13214.html
20111127160643	http://forum.azzurra.org:80/archive/index.php/t-13215.html	t-13215.html
20100202120008	http://forum.azzurra.org:80/archive/index.php/t-13222.html	t-13222.html
20060721081916	http://forum.azzurra.org:80/archive/index.php/t-13223.html	t-13223.html
20111127160648	http://forum.azzurra.org:80/archive/index.php/t-13224.html	t-13224.html
20060721081928	http://forum.azzurra.org:80/archive/index.php/t-13225.html	t-13225.html
20070211154257	http://forum.azzurra.org:80/archive/index.php/t-13226.html	t-13226.html
20060721203945	http://forum.azzurra.org:80/archive/index.php/t-13229.html	t-13229.html
20111127160653	http://forum.azzurra.org:80/archive/index.php/t-13236.html	t-13236.html
20060716133502	http://forum.azzurra.org:80/archive/index.php/t-13239.html	t-13239.html
20081121034058	http://forum.azzurra.org/archive/index.php/t-1324.html	t-1324.html
20081203230954	http://forum.azzurra.org/archive/index.php/t-13241.html	t-13241.html
20060716133513	http://forum.azzurra.org:80/archive/index.php/t-13242.html	t-13242.html
20060721204008	http://forum.azzurra.org:80/archive/index.php/t-13248.html	t-13248.html
20050515201832	http://forum.azzurra.org:80/archive/index.php/t-1325.html	t-1325.html
20060721081941	http://forum.azzurra.org:80/archive/index.php/t-13251.html	t-13251.html
20060719063943	http://forum.azzurra.org:80/archive/index.php/t-13252.html	t-13252.html
20060721081955	http://forum.azzurra.org:80/archive/index.php/t-13256.html	t-13256.html
20081203235708	http://forum.azzurra.org/archive/index.php/t-13259.html	t-13259.html
20060519173336	http://forum.azzurra.org:80/archive/index.php/t-1326.html	t-1326.html
20060629225612	http://forum.azzurra.org:80/archive/index.php/t-13260.html	t-13260.html
20060721204023	http://forum.azzurra.org:80/archive/index.php/t-13262.html	t-13262.html
20060721204035	http://forum.azzurra.org:80/archive/index.php/t-13273.html	t-13273.html
20081203225730	http://forum.azzurra.org/archive/index.php/t-13275.html	t-13275.html
20081203225437	http://forum.azzurra.org/archive/index.php/t-13276.html	t-13276.html
20060721082011	http://forum.azzurra.org:80/archive/index.php/t-13277.html	t-13277.html
20061031214135	http://forum.azzurra.org:80/archive/index.php/t-13278.html	t-13278.html
20081203224322	http://forum.azzurra.org/archive/index.php/t-1328.html	t-1328.html
20060721082026	http://forum.azzurra.org:80/archive/index.php/t-13284.html	t-13284.html
20111127160709	http://forum.azzurra.org:80/archive/index.php/t-13286.html	t-13286.html
20060721204056	http://forum.azzurra.org:80/archive/index.php/t-13290.html	t-13290.html
20050515201658	http://forum.azzurra.org:80/archive/index.php/t-133.html	t-133.html
20080624140906	http://forum.azzurra.org:80/archive/index.php/t-1330.html	t-1330.html
20060721082039	http://forum.azzurra.org:80/archive/index.php/t-13304.html	t-13304.html
20060721204106	http://forum.azzurra.org:80/archive/index.php/t-13315.html	t-13315.html
20060721204122	http://forum.azzurra.org:80/archive/index.php/t-13316.html	t-13316.html
20070113100444	http://forum.azzurra.org:80/archive/index.php/t-13318.html	t-13318.html
20111127160719	http://forum.azzurra.org:80/archive/index.php/t-13319.html	t-13319.html
20060629224323	http://forum.azzurra.org:80/archive/index.php/t-1332.html	t-1332.html
20081121040138	http://forum.azzurra.org/archive/index.php/t-13325.html	t-13325.html
20070321092107	http://forum.azzurra.org:80/archive/index.php/t-13328.html	t-13328.html
20081204001218	http://forum.azzurra.org/archive/index.php/t-13332.html	t-13332.html
20080624231102	http://forum.azzurra.org:80/archive/index.php/t-13335.html	t-13335.html
20070328194421	http://forum.azzurra.org:80/archive/index.php/t-13338.html	t-13338.html
20060721204134	http://forum.azzurra.org:80/archive/index.php/t-13339.html	t-13339.html
20050515201836	http://forum.azzurra.org:80/archive/index.php/t-1335.html	t-1335.html
20060716133527	http://forum.azzurra.org:80/archive/index.php/t-13354.html	t-13354.html
20070211154308	http://forum.azzurra.org:80/archive/index.php/t-13359.html	t-13359.html
20081010062016	http://forum.azzurra.org:80/archive/index.php/t-13366.html	t-13366.html
20060720215652	http://forum.azzurra.org:80/archive/index.php/t-13367.html	t-13367.html
20061031032822	http://forum.azzurra.org:80/archive/index.php/t-1337.html	t-1337.html
20060721204148	http://forum.azzurra.org:80/archive/index.php/t-13383.html	t-13383.html
20111127160723	http://forum.azzurra.org:80/archive/index.php/t-13385.html	t-13385.html
20060721082051	http://forum.azzurra.org:80/archive/index.php/t-13386.html	t-13386.html
20050515201840	http://forum.azzurra.org:80/archive/index.php/t-1339.html	t-1339.html
20081203215511	http://forum.azzurra.org/archive/index.php/t-13391.html	t-13391.html
20061103054757	http://forum.azzurra.org:80/archive/index.php/t-13392.html	t-13392.html
20050515201650	http://forum.azzurra.org:80/archive/index.php/t-134.html	t-134.html
20050516014112	http://forum.azzurra.org:80/archive/index.php/t-1340.html	t-1340.html
20081203232054	http://forum.azzurra.org/archive/index.php/t-13403.html	t-13403.html
20070718011203	http://forum.azzurra.org:80/archive/index.php/t-13407.html	t-13407.html
20080513143551	http://forum.azzurra.org:80/archive/index.php/t-13412.html	t-13412.html
20070830023450	http://forum.azzurra.org:80/archive/index.php/t-13416.html	t-13416.html
20070901014315	http://forum.azzurra.org:80/archive/index.php/t-13423.html	t-13423.html
20070221044250	http://forum.azzurra.org:80/archive/index.php/t-13429.html	t-13429.html
20050516014056	http://forum.azzurra.org:80/archive/index.php/t-1343.html	t-1343.html
20070716102700	http://forum.azzurra.org:80/archive/index.php/t-13440.html	t-13440.html
20080624140911	http://forum.azzurra.org:80/archive/index.php/t-13448.html	t-13448.html
20110403035636	http://forum.azzurra.org:80/archive/index.php/t-13450.html	t-13450.html
20070122124601	http://forum.azzurra.org:80/archive/index.php/t-13458.html	t-13458.html
20050516014039	http://forum.azzurra.org:80/archive/index.php/t-1346.html	t-1346.html
20111127160759	http://forum.azzurra.org:80/archive/index.php/t-13460.html	t-13460.html
20111127160804	http://forum.azzurra.org:80/archive/index.php/t-13461.html	t-13461.html
20090612084600	http://forum.azzurra.org:80/archive/index.php/t-13466.html	t-13466.html
20050516014059	http://forum.azzurra.org:80/archive/index.php/t-1347.html	t-1347.html
20081203215739	http://forum.azzurra.org/archive/index.php/t-13473.html	t-13473.html
20061031214148	http://forum.azzurra.org:80/archive/index.php/t-13474.html	t-13474.html
20111127160809	http://forum.azzurra.org:80/archive/index.php/t-13477.html	t-13477.html
20081203224909	http://forum.azzurra.org/archive/index.php/t-13479.html	t-13479.html
20050516014104	http://forum.azzurra.org:80/archive/index.php/t-1349.html	t-1349.html
20061031163210	http://forum.azzurra.org:80/archive/index.php/t-13490.html	t-13490.html
20050516014043	http://forum.azzurra.org:80/archive/index.php/t-1350.html	t-1350.html
20150711151253	http://forum.azzurra.org:80/archive/index.php/t-13509-p-2.html	t-13509-p-2.html
20150711151300	http://forum.azzurra.org:80/archive/index.php/t-13509-p-3.html	t-13509-p-3.html
20150711151305	http://forum.azzurra.org:80/archive/index.php/t-13509-p-4.html	t-13509-p-4.html
20150711151310	http://forum.azzurra.org:80/archive/index.php/t-13509-p-5.html	t-13509-p-5.html
20150710225925	http://forum.azzurra.org:80/archive/index.php/t-13509-p-6.html	t-13509-p-6.html
20150711151315	http://forum.azzurra.org:80/archive/index.php/t-13509-p-7.html	t-13509-p-7.html
20070329084741	http://forum.azzurra.org:80/archive/index.php/t-13509.html	t-13509.html
20060519173344	http://forum.azzurra.org:80/archive/index.php/t-1351.html	t-1351.html
20111127160814	http://forum.azzurra.org:80/archive/index.php/t-13514.html	t-13514.html
20081203223137	http://forum.azzurra.org/archive/index.php/t-13517.html	t-13517.html
20070630210802	http://forum.azzurra.org:80/archive/index.php/t-13518.html	t-13518.html
20081203233117	http://forum.azzurra.org/archive/index.php/t-1352.html	t-1352.html
20081203220617	http://forum.azzurra.org/archive/index.php/t-13520.html	t-13520.html
20070901013204	http://forum.azzurra.org:80/archive/index.php/t-13530.html	t-13530.html
20111127160829	http://forum.azzurra.org:80/archive/index.php/t-13531.html	t-13531.html
20061031080420	http://forum.azzurra.org:80/archive/index.php/t-13534.html	t-13534.html
20081203231555	http://forum.azzurra.org/archive/index.php/t-13537.html	t-13537.html
20070317015149	http://forum.azzurra.org:80/archive/index.php/t-13538.html	t-13538.html
20080624140917	http://forum.azzurra.org:80/archive/index.php/t-1354.html	t-1354.html
20061031033109	http://forum.azzurra.org:80/archive/index.php/t-13554.html	t-13554.html
20070329011540	http://forum.azzurra.org:80/archive/index.php/t-13556.html	t-13556.html
20070211152252	http://forum.azzurra.org:80/archive/index.php/t-1356.html	t-1356.html
20070706182850	http://forum.azzurra.org:80/archive/index.php/t-13564.html	t-13564.html
20090525115552	http://forum.azzurra.org:80/archive/index.php/t-13578.html	t-13578.html
20070902000928	http://forum.azzurra.org:80/archive/index.php/t-13580.html	t-13580.html
20070903063807	http://forum.azzurra.org:80/archive/index.php/t-13582-p-2.html	t-13582-p-2.html
20070902001147	http://forum.azzurra.org:80/archive/index.php/t-13582.html	t-13582.html
20070401100123	http://forum.azzurra.org:80/archive/index.php/t-13583-p-2.html	t-13583-p-2.html
20070401101716	http://forum.azzurra.org:80/archive/index.php/t-13583-p-3.html	t-13583-p-3.html
20070328194428	http://forum.azzurra.org:80/archive/index.php/t-13583.html	t-13583.html
20070401093555	http://forum.azzurra.org:80/archive/index.php/t-13585-p-2.html	t-13585-p-2.html
20070329011550	http://forum.azzurra.org:80/archive/index.php/t-13585.html	t-13585.html
20070830022546	http://forum.azzurra.org:80/archive/index.php/t-13586.html	t-13586.html
20050516014052	http://forum.azzurra.org:80/archive/index.php/t-1359.html	t-1359.html
20100420081115	http://forum.azzurra.org:80/archive/index.php/t-13591.html	t-13591.html
20111127160855	http://forum.azzurra.org:80/archive/index.php/t-13599.html	t-13599.html
20050516014031	http://forum.azzurra.org:80/archive/index.php/t-1360.html	t-1360.html
20111127160900	http://forum.azzurra.org:80/archive/index.php/t-13605.html	t-13605.html
20071013020113	http://forum.azzurra.org:80/archive/index.php/t-1361.html	t-1361.html
20070714221552	http://forum.azzurra.org:80/archive/index.php/t-13612.html	t-13612.html
20090617074034	http://forum.azzurra.org:80/archive/index.php/t-13620.html	t-13620.html
20111127160905	http://forum.azzurra.org:80/archive/index.php/t-13627.html	t-13627.html
20050426075019	http://forum.azzurra.org:80/archive/index.php/t-1363.html	t-1363.html
20080426043224	http://forum.azzurra.org:80/archive/index.php/t-13630.html	t-13630.html
20070830022838	http://forum.azzurra.org:80/archive/index.php/t-13639.html	t-13639.html
20111127160915	http://forum.azzurra.org:80/archive/index.php/t-13644.html	t-13644.html
20081121034429	http://forum.azzurra.org/archive/index.php/t-13647.html	t-13647.html
20081203224553	http://forum.azzurra.org/archive/index.php/t-13648.html	t-13648.html
20081203231756	http://forum.azzurra.org/archive/index.php/t-1365.html	t-1365.html
20070516055217	http://forum.azzurra.org:80/archive/index.php/t-1366.html	t-1366.html
20081203235411	http://forum.azzurra.org/archive/index.php/t-13668.html	t-13668.html
20050516014116	http://forum.azzurra.org:80/archive/index.php/t-1367.html	t-1367.html
20070222011524	http://forum.azzurra.org:80/archive/index.php/t-13672.html	t-13672.html
20081203214359	http://forum.azzurra.org/archive/index.php/t-13675.html	t-13675.html
20050516014120	http://forum.azzurra.org:80/archive/index.php/t-1368.html	t-1368.html
20111127160920	http://forum.azzurra.org:80/archive/index.php/t-13680.html	t-13680.html
20111127160925	http://forum.azzurra.org:80/archive/index.php/t-13686.html	t-13686.html
20061031213332	http://forum.azzurra.org:80/archive/index.php/t-13690.html	t-13690.html
20081203222932	http://forum.azzurra.org/archive/index.php/t-137.html	t-137.html
20081203223259	http://forum.azzurra.org/archive/index.php/t-1371.html	t-1371.html
20070714221521	http://forum.azzurra.org:80/archive/index.php/t-13714.html	t-13714.html
20050516014124	http://forum.azzurra.org:80/archive/index.php/t-1372.html	t-1372.html
20070901014434	http://forum.azzurra.org:80/archive/index.php/t-13722.html	t-13722.html
20081203215028	http://forum.azzurra.org/archive/index.php/t-13729.html	t-13729.html
20060519173309	http://forum.azzurra.org:80/archive/index.php/t-1373.html	t-1373.html
20081203233512	http://forum.azzurra.org/archive/index.php/t-13737.html	t-13737.html
20081204001853	http://forum.azzurra.org/archive/index.php/t-13738.html	t-13738.html
20060629224335	http://forum.azzurra.org:80/archive/index.php/t-1374.html	t-1374.html
20070310005355	http://forum.azzurra.org:80/archive/index.php/t-13740.html	t-13740.html
20061031163222	http://forum.azzurra.org:80/archive/index.php/t-13742.html	t-13742.html
20081121040433	http://forum.azzurra.org/archive/index.php/t-13744.html	t-13744.html
20070902001250	http://forum.azzurra.org:80/archive/index.php/t-13745.html	t-13745.html
20111127160948	http://forum.azzurra.org:80/archive/index.php/t-13747.html	t-13747.html
20081203225855	http://forum.azzurra.org/archive/index.php/t-13748.html	t-13748.html
20050514082458	http://forum.azzurra.org:80/archive/index.php/t-1375.html	t-1375.html
20090318000227	http://forum.azzurra.org:80/archive/index.php/t-13751.html	t-13751.html
20050514082454	http://forum.azzurra.org:80/archive/index.php/t-1377.html	t-1377.html
20081121034650	http://forum.azzurra.org/archive/index.php/t-13770.html	t-13770.html
20070714071817	http://forum.azzurra.org:80/archive/index.php/t-13775.html	t-13775.html
20070714071749	http://forum.azzurra.org:80/archive/index.php/t-13776.html	t-13776.html
20050514082502	http://forum.azzurra.org:80/archive/index.php/t-1378.html	t-1378.html
20050516014129	http://forum.azzurra.org:80/archive/index.php/t-1379.html	t-1379.html
20081203225147	http://forum.azzurra.org/archive/index.php/t-13791.html	t-13791.html
20090425072120	http://forum.azzurra.org:80/archive/index.php/t-13794.html	t-13794.html
20120415202253	http://forum.azzurra.org:80/archive/index.php/t-13795.html	t-13795.html
20081203214600	http://forum.azzurra.org/archive/index.php/t-13798.html	t-13798.html
20080624140922	http://forum.azzurra.org:80/archive/index.php/t-138.html	t-138.html
20131017052214	http://forum.azzurra.org:80/archive/index.php/t-13800.html	t-13800.html
20070321165050	http://forum.azzurra.org:80/archive/index.php/t-13809.html	t-13809.html
20050516014132	http://forum.azzurra.org:80/archive/index.php/t-1381.html	t-1381.html
20070714071847	http://forum.azzurra.org:80/archive/index.php/t-13810.html	t-13810.html
20081203234107	http://forum.azzurra.org/archive/index.php/t-13814.html	t-13814.html
20070401014145	http://forum.azzurra.org:80/archive/index.php/t-13816.html	t-13816.html
20050516014137	http://forum.azzurra.org:80/archive/index.php/t-1382.html	t-1382.html
20111127160953	http://forum.azzurra.org:80/archive/index.php/t-13827.html	t-13827.html
20070901014320	http://forum.azzurra.org:80/archive/index.php/t-13830.html	t-13830.html
20111127160957	http://forum.azzurra.org:80/archive/index.php/t-13834.html	t-13834.html
20080624230825	http://forum.azzurra.org:80/archive/index.php/t-1384.html	t-1384.html
20070713232324	http://forum.azzurra.org:80/archive/index.php/t-13840.html	t-13840.html
20081204000817	http://forum.azzurra.org/archive/index.php/t-13844.html	t-13844.html
20050516014141	http://forum.azzurra.org:80/archive/index.php/t-1385.html	t-1385.html
20070714071620	http://forum.azzurra.org:80/archive/index.php/t-13859.html	t-13859.html
20081028081658	http://forum.azzurra.org:80/archive/index.php/t-13863.html	t-13863.html
20111127161002	http://forum.azzurra.org:80/archive/index.php/t-13864.html	t-13864.html
20111127161007	http://forum.azzurra.org:80/archive/index.php/t-13868.html	t-13868.html
20070824101157	http://forum.azzurra.org:80/archive/index.php/t-13869.html	t-13869.html
20080922033542	http://forum.azzurra.org:80/archive/index.php/t-13870.html	t-13870.html
20050516014145	http://forum.azzurra.org:80/archive/index.php/t-1388.html	t-1388.html
20070714071538	http://forum.azzurra.org:80/archive/index.php/t-13883.html	t-13883.html
20081203225314	http://forum.azzurra.org/archive/index.php/t-13885.html	t-13885.html
20050516014148	http://forum.azzurra.org:80/archive/index.php/t-1389.html	t-1389.html
20070701204328	http://forum.azzurra.org:80/archive/index.php/t-13898.html	t-13898.html
20050514082437	http://forum.azzurra.org:80/archive/index.php/t-1390.html	t-1390.html
20070904031653	http://forum.azzurra.org:80/archive/index.php/t-13900.html	t-13900.html
20061031075651	http://forum.azzurra.org:80/archive/index.php/t-1391.html	t-1391.html
20091108081134	http://forum.azzurra.org:80/archive/index.php/t-13917.html	t-13917.html
20111127161012	http://forum.azzurra.org:80/archive/index.php/t-13937.html	t-13937.html
20080421163201	http://forum.azzurra.org:80/archive/index.php/t-13938.html	t-13938.html
20050514082450	http://forum.azzurra.org:80/archive/index.php/t-1394.html	t-1394.html
20070830022832	http://forum.azzurra.org:80/archive/index.php/t-13948.html	t-13948.html
20081203213910	http://forum.azzurra.org/archive/index.php/t-13955.html	t-13955.html
20081203221658	http://forum.azzurra.org/archive/index.php/t-13959.html	t-13959.html
20081121035606	http://forum.azzurra.org/archive/index.php/t-1396.html	t-1396.html
20080624140927	http://forum.azzurra.org:80/archive/index.php/t-13960.html	t-13960.html
20050516014152	http://forum.azzurra.org:80/archive/index.php/t-1398.html	t-1398.html
20111127161022	http://forum.azzurra.org:80/archive/index.php/t-13980.html	t-13980.html
20081203221505	http://forum.azzurra.org/archive/index.php/t-13983.html	t-13983.html
20111127161027	http://forum.azzurra.org:80/archive/index.php/t-13993.html	t-13993.html
20111127161032	http://forum.azzurra.org:80/archive/index.php/t-13997.html	t-13997.html
20050516014048	http://forum.azzurra.org:80/archive/index.php/t-14.html	t-14.html
20081203232955	http://forum.azzurra.org/archive/index.php/t-1401.html	t-1401.html
20070716102721	http://forum.azzurra.org:80/archive/index.php/t-14012.html	t-14012.html
20081203233618	http://forum.azzurra.org/archive/index.php/t-14018.html	t-14018.html
20060113060624	http://forum.azzurra.org:80/archive/index.php/t-1402.html	t-1402.html
20080917020850	http://forum.azzurra.org:80/archive/index.php/t-14025.html	t-14025.html
20081203215945	http://forum.azzurra.org/archive/index.php/t-14031.html	t-14031.html
20070211154320	http://forum.azzurra.org:80/archive/index.php/t-14034.html	t-14034.html
20061031032834	http://forum.azzurra.org:80/archive/index.php/t-1404.html	t-1404.html
20070321021542	http://forum.azzurra.org:80/archive/index.php/t-14044.html	t-14044.html
20050514082506	http://forum.azzurra.org:80/archive/index.php/t-1405.html	t-1405.html
20081203224749	http://forum.azzurra.org/archive/index.php/t-14050.html	t-14050.html
20080919035802	http://forum.azzurra.org:80/archive/index.php/t-14051.html	t-14051.html
20070330211108	http://forum.azzurra.org:80/archive/index.php/t-14052.html	t-14052.html
20070329011559	http://forum.azzurra.org:80/archive/index.php/t-14057.html	t-14057.html
20080928073933	http://forum.azzurra.org:80/archive/index.php/t-14067.html	t-14067.html
20050516014156	http://forum.azzurra.org:80/archive/index.php/t-1407.html	t-1407.html
20111127161040	http://forum.azzurra.org:80/archive/index.php/t-14072.html	t-14072.html
20070714071552	http://forum.azzurra.org:80/archive/index.php/t-14075.html	t-14075.html
20111127161045	http://forum.azzurra.org:80/archive/index.php/t-14079.html	t-14079.html
20070830022541	http://forum.azzurra.org:80/archive/index.php/t-14080.html	t-14080.html
20070306090056	http://forum.azzurra.org:80/archive/index.php/t-14085.html	t-14085.html
20070222011534	http://forum.azzurra.org:80/archive/index.php/t-14094.html	t-14094.html
20081203235613	http://forum.azzurra.org/archive/index.php/t-141.html	t-141.html
20081121035823	http://forum.azzurra.org/archive/index.php/t-14103.html	t-14103.html
20070321092116	http://forum.azzurra.org:80/archive/index.php/t-14107.html	t-14107.html
20110620021304	http://forum.azzurra.org:80/archive/index.php/t-1411.html	t-1411.html
20050516014201	http://forum.azzurra.org:80/archive/index.php/t-1412.html	t-1412.html
20070502220152	http://forum.azzurra.org:80/archive/index.php/t-14125.html	t-14125.html
20081203230645	http://forum.azzurra.org/archive/index.php/t-1413.html	t-1413.html
20070901013637	http://forum.azzurra.org:80/archive/index.php/t-14130.html	t-14130.html
20070504043120	http://forum.azzurra.org:80/archive/index.php/t-14134.html	t-14134.html
20081203221859	http://forum.azzurra.org/archive/index.php/t-1415.html	t-1415.html
20081203221216	http://forum.azzurra.org/archive/index.php/t-14156.html	t-14156.html
20070507104430	http://forum.azzurra.org:80/archive/index.php/t-14159.html	t-14159.html
20081203222515	http://forum.azzurra.org/archive/index.php/t-1416.html	t-1416.html
20070507104418	http://forum.azzurra.org:80/archive/index.php/t-14164.html	t-14164.html
20070507104208	http://forum.azzurra.org:80/archive/index.php/t-14165.html	t-14165.html
20070507104525	http://forum.azzurra.org:80/archive/index.php/t-14166.html	t-14166.html
20070507104348	http://forum.azzurra.org:80/archive/index.php/t-14167.html	t-14167.html
20060629224347	http://forum.azzurra.org:80/archive/index.php/t-1417.html	t-1417.html
20070507104615	http://forum.azzurra.org:80/archive/index.php/t-14170.html	t-14170.html
20070507104514	http://forum.azzurra.org:80/archive/index.php/t-14171.html	t-14171.html
20070507104406	http://forum.azzurra.org:80/archive/index.php/t-14172.html	t-14172.html
20081203235136	http://forum.azzurra.org/archive/index.php/t-14173.html	t-14173.html
20070507104601	http://forum.azzurra.org:80/archive/index.php/t-14174.html	t-14174.html
20070507104424	http://forum.azzurra.org:80/archive/index.php/t-14176.html	t-14176.html
20070321165100	http://forum.azzurra.org:80/archive/index.php/t-14177.html	t-14177.html
20081201123541	http://forum.azzurra.org/archive/index.php/t-14179.html	t-14179.html
20050516014204	http://forum.azzurra.org:80/archive/index.php/t-1418.html	t-1418.html
20050516014208	http://forum.azzurra.org:80/archive/index.php/t-1419.html	t-1419.html
20081201154532	http://forum.azzurra.org/archive/index.php/t-14190.html	t-14190.html
20070818161617	http://forum.azzurra.org:80/archive/index.php/t-14191.html	t-14191.html
20050516014035	http://forum.azzurra.org:80/archive/index.php/t-142.html	t-142.html
20090302095700	http://forum.azzurra.org:80/archive/index.php/t-1420.html	t-1420.html
20070507122523	http://forum.azzurra.org:80/archive/index.php/t-14200.html	t-14200.html
20070714071936	http://forum.azzurra.org:80/archive/index.php/t-14208.html	t-14208.html
20081201103809	http://forum.azzurra.org/archive/index.php/t-1421.html	t-1421.html
20070507104400	http://forum.azzurra.org:80/archive/index.php/t-14212.html	t-14212.html
20070507104340	http://forum.azzurra.org:80/archive/index.php/t-14214.html	t-14214.html
20070329084751	http://forum.azzurra.org:80/archive/index.php/t-14216.html	t-14216.html
20050801081720	http://forum.azzurra.org:80/archive/index.php/t-1422.html	t-1422.html
20070507104519	http://forum.azzurra.org:80/archive/index.php/t-14225.html	t-14225.html
20070206051142	http://forum.azzurra.org:80/archive/index.php/t-1423.html	t-1423.html
20070507122536	http://forum.azzurra.org:80/archive/index.php/t-14238.html	t-14238.html
20070714221230	http://forum.azzurra.org:80/archive/index.php/t-14239.html	t-14239.html
20060721201340	http://forum.azzurra.org:80/archive/index.php/t-1424.html	t-1424.html
20111028175310	http://forum.azzurra.org:80/archive/index.php/t-14240.html	t-14240.html
20081201142608	http://forum.azzurra.org/archive/index.php/t-14245.html	t-14245.html
20070507104503	http://forum.azzurra.org:80/archive/index.php/t-14248.html	t-14248.html
20050516014213	http://forum.azzurra.org:80/archive/index.php/t-1425.html	t-1425.html
20081201104432	http://forum.azzurra.org/archive/index.php/t-14250.html	t-14250.html
20081201133735	http://forum.azzurra.org/archive/index.php/t-14258.html	t-14258.html
20050516014216	http://forum.azzurra.org:80/archive/index.php/t-1426.html	t-1426.html
20070507104308	http://forum.azzurra.org:80/archive/index.php/t-14260.html	t-14260.html
20070507104325	http://forum.azzurra.org:80/archive/index.php/t-14261.html	t-14261.html
20081201110832	http://forum.azzurra.org/archive/index.php/t-14262.html	t-14262.html
20081201140813	http://forum.azzurra.org/archive/index.php/t-14265.html	t-14265.html
20070507104258	http://forum.azzurra.org:80/archive/index.php/t-14271.html	t-14271.html
20081201141435	http://forum.azzurra.org/archive/index.php/t-14274.html	t-14274.html
20081201122018	http://forum.azzurra.org/archive/index.php/t-14279.html	t-14279.html
20081121061935	http://forum.azzurra.org/archive/index.php/t-1428.html	t-1428.html
20070507104441	http://forum.azzurra.org:80/archive/index.php/t-14282.html	t-14282.html
20081201103305	http://forum.azzurra.org/archive/index.php/t-14285.html	t-14285.html
20080914173034	http://forum.azzurra.org:80/archive/index.php/t-14293.html	t-14293.html
20081201154456	http://forum.azzurra.org/archive/index.php/t-143.html	t-143.html
20070329011302	http://forum.azzurra.org:80/archive/index.php/t-14307.html	t-14307.html
20081201105818	http://forum.azzurra.org/archive/index.php/t-14309.html	t-14309.html
20070507104435	http://forum.azzurra.org:80/archive/index.php/t-14317.html	t-14317.html
20080920011638	http://forum.azzurra.org:80/archive/index.php/t-14327.html	t-14327.html
20050516014220	http://forum.azzurra.org:80/archive/index.php/t-1433.html	t-1433.html
20070507104413	http://forum.azzurra.org:80/archive/index.php/t-14334.html	t-14334.html
20101206103126	http://forum.azzurra.org:80/archive/index.php/t-14339.html	t-14339.html
20070507122558	http://forum.azzurra.org:80/archive/index.php/t-14345.html	t-14345.html
20070507104354	http://forum.azzurra.org:80/archive/index.php/t-14347.html	t-14347.html
20070507122506	http://forum.azzurra.org:80/archive/index.php/t-14350.html	t-14350.html
20070507122547	http://forum.azzurra.org:80/archive/index.php/t-14352.html	t-14352.html
20090515141253	http://forum.azzurra.org:80/archive/index.php/t-14354.html	t-14354.html
20070507104554	http://forum.azzurra.org:80/archive/index.php/t-14363.html	t-14363.html
20070503233554	http://forum.azzurra.org:80/archive/index.php/t-14365.html	t-14365.html
20070502220307	http://forum.azzurra.org:80/archive/index.php/t-14366.html	t-14366.html
20070507104457	http://forum.azzurra.org:80/archive/index.php/t-14369.html	t-14369.html
20060527213731	http://forum.azzurra.org:80/archive/index.php/t-1437.html	t-1437.html
20070427122411	http://forum.azzurra.org:80/archive/index.php/t-14371.html	t-14371.html
20080411094839	http://forum.azzurra.org:80/archive/index.php/t-14372.html	t-14372.html
20070507104608	http://forum.azzurra.org:80/archive/index.php/t-14373.html	t-14373.html
20070714221311	http://forum.azzurra.org:80/archive/index.php/t-14374.html	t-14374.html
20081201143937	http://forum.azzurra.org/archive/index.php/t-1438.html	t-1438.html
20080426043239	http://forum.azzurra.org:80/archive/index.php/t-14385.html	t-14385.html
20081201102756	http://forum.azzurra.org/archive/index.php/t-14386.html	t-14386.html
20070820153707	http://forum.azzurra.org:80/archive/index.php/t-14387.html	t-14387.html
20081201141008	http://forum.azzurra.org/archive/index.php/t-14388.html	t-14388.html
20081201104230	http://forum.azzurra.org/archive/index.php/t-14389.html	t-14389.html
20050515035031	http://forum.azzurra.org:80/archive/index.php/t-1439.html	t-1439.html
20070810084343	http://forum.azzurra.org:80/archive/index.php/t-144.html	t-144.html
20081201134818	http://forum.azzurra.org/archive/index.php/t-14404.html	t-14404.html
20070507104508	http://forum.azzurra.org:80/archive/index.php/t-14411.html	t-14411.html
20070606095108	http://forum.azzurra.org:80/archive/index.php/t-14412.html	t-14412.html
20070714221114	http://forum.azzurra.org:80/archive/index.php/t-14413.html	t-14413.html
20070507122608	http://forum.azzurra.org:80/archive/index.php/t-14415.html	t-14415.html
20081201133926	http://forum.azzurra.org/archive/index.php/t-1442.html	t-1442.html
20100402235926	http://forum.azzurra.org:80/archive/index.php/t-14422.html	t-14422.html
20070211152322	http://forum.azzurra.org:80/archive/index.php/t-1443.html	t-1443.html
20081201135434	http://forum.azzurra.org/archive/index.php/t-14430.html	t-14430.html
20090619111326	http://forum.azzurra.org:80/archive/index.php/t-14433.html	t-14433.html
20081201140255	http://forum.azzurra.org/archive/index.php/t-14436.html	t-14436.html
20070502220403	http://forum.azzurra.org:80/archive/index.php/t-14437.html	t-14437.html
20120927002448	http://forum.azzurra.org:80/archive/index.php/t-14439.html	t-14439.html
20050824115311	http://forum.azzurra.org:80/archive/index.php/t-1444.html	t-1444.html
20070502220337	http://forum.azzurra.org:80/archive/index.php/t-14442.html	t-14442.html
20070902001437	http://forum.azzurra.org:80/archive/index.php/t-14445.html	t-14445.html
20070714071650	http://forum.azzurra.org:80/archive/index.php/t-14449.html	t-14449.html
20070507122618	http://forum.azzurra.org:80/archive/index.php/t-14451.html	t-14451.html
20070507104333	http://forum.azzurra.org:80/archive/index.php/t-14452.html	t-14452.html
20090201051638	http://forum.azzurra.org:80/archive/index.php/t-14453.html	t-14453.html
20081201102052	http://forum.azzurra.org/archive/index.php/t-14455.html	t-14455.html
20050514082510	http://forum.azzurra.org:80/archive/index.php/t-1446.html	t-1446.html
20070507104446	http://forum.azzurra.org:80/archive/index.php/t-14462.html	t-14462.html
20081201154224	http://forum.azzurra.org/archive/index.php/t-14471.html	t-14471.html
20081201124152	http://forum.azzurra.org/archive/index.php/t-14473.html	t-14473.html
20081201122131	http://forum.azzurra.org/archive/index.php/t-14476.html	t-14476.html
20081201135246	http://forum.azzurra.org/archive/index.php/t-14481.html	t-14481.html
20081201104738	http://forum.azzurra.org/archive/index.php/t-14486.html	t-14486.html
20081201142424	http://forum.azzurra.org/archive/index.php/t-14490.html	t-14490.html
20081201141623	http://forum.azzurra.org/archive/index.php/t-14495.html	t-14495.html
20081201141835	http://forum.azzurra.org/archive/index.php/t-14496.html	t-14496.html
20070901013334	http://forum.azzurra.org:80/archive/index.php/t-14497.html	t-14497.html
20081201144507	http://forum.azzurra.org/archive/index.php/t-145.html	t-145.html
20081201154146	http://forum.azzurra.org/archive/index.php/t-1450.html	t-1450.html
20081201134341	http://forum.azzurra.org/archive/index.php/t-14504.html	t-14504.html
20081201111147	http://forum.azzurra.org/archive/index.php/t-14505.html	t-14505.html
20081201110034	http://forum.azzurra.org/archive/index.php/t-14506.html	t-14506.html
20081201122944	http://forum.azzurra.org/archive/index.php/t-1451.html	t-1451.html
20081201141926	http://forum.azzurra.org/archive/index.php/t-14510.html	t-14510.html
20081201115808	http://forum.azzurra.org/archive/index.php/t-14511.html	t-14511.html
20081201142334	http://forum.azzurra.org/archive/index.php/t-14516.html	t-14516.html
20060721201353	http://forum.azzurra.org:80/archive/index.php/t-1452.html	t-1452.html
20081201111724	http://forum.azzurra.org/archive/index.php/t-14520.html	t-14520.html
20081201115502	http://forum.azzurra.org/archive/index.php/t-14525.html	t-14525.html
20050516072246	http://forum.azzurra.org:80/archive/index.php/t-1453.html	t-1453.html
20081201121326	http://forum.azzurra.org/archive/index.php/t-1454.html	t-1454.html
20081201154841	http://forum.azzurra.org/archive/index.php/t-14543.html	t-14543.html
20081201143849	http://forum.azzurra.org/archive/index.php/t-14545.html	t-14545.html
20050516072303	http://forum.azzurra.org:80/archive/index.php/t-1455.html	t-1455.html
20081201102855	http://forum.azzurra.org/archive/index.php/t-14553.html	t-14553.html
20081201133831	http://forum.azzurra.org/archive/index.php/t-14554.html	t-14554.html
20081201154652	http://forum.azzurra.org/archive/index.php/t-1456.html	t-1456.html
20070322113514	http://forum.azzurra.org:80/archive/index.php/t-1457.html	t-1457.html
20081201144112	http://forum.azzurra.org/archive/index.php/t-14571.html	t-14571.html
20050503182134	http://forum.azzurra.org:80/archive/index.php/t-1458.html	t-1458.html
20070902000804	http://forum.azzurra.org:80/archive/index.php/t-14589.html	t-14589.html
20050503182752	http://forum.azzurra.org:80/archive/index.php/t-1459.html	t-1459.html
20070704145747	http://forum.azzurra.org:80/archive/index.php/t-14591.html	t-14591.html
20070714071929	http://forum.azzurra.org:80/archive/index.php/t-14599.html	t-14599.html
20050516072239	http://forum.azzurra.org:80/archive/index.php/t-146.html	t-146.html
20081201120958	http://forum.azzurra.org/archive/index.php/t-1460.html	t-1460.html
20081201105252	http://forum.azzurra.org/archive/index.php/t-14606.html	t-14606.html
20081201135814	http://forum.azzurra.org/archive/index.php/t-14607.html	t-14607.html
20050503180803	http://forum.azzurra.org:80/archive/index.php/t-1461.html	t-1461.html
20050503181855	http://forum.azzurra.org:80/archive/index.php/t-1462.html	t-1462.html
20081201141744	http://forum.azzurra.org/archive/index.php/t-14621.html	t-14621.html
20080614040641	http://forum.azzurra.org:80/archive/index.php/t-14624.html	t-14624.html
20081201144246	http://forum.azzurra.org/archive/index.php/t-14628.html	t-14628.html
20050503182332	http://forum.azzurra.org:80/archive/index.php/t-1463.html	t-1463.html
20111127161101	http://forum.azzurra.org:80/archive/index.php/t-14633.html	t-14633.html
20081201105923	http://forum.azzurra.org/archive/index.php/t-14634.html	t-14634.html
20080624235046	http://forum.azzurra.org:80/archive/index.php/t-1464.html	t-1464.html
20081201144645	http://forum.azzurra.org/archive/index.php/t-14640.html	t-14640.html
20070228125641	http://forum.azzurra.org:80/archive/index.php/t-1465.html	t-1465.html
20081201124300	http://forum.azzurra.org/archive/index.php/t-14654.html	t-14654.html
20081201103502	http://forum.azzurra.org/archive/index.php/t-14655.html	t-14655.html
20081201140411	http://forum.azzurra.org/archive/index.php/t-14658.html	t-14658.html
20111127161106	http://forum.azzurra.org:80/archive/index.php/t-14662.html	t-14662.html
20081201134634	http://forum.azzurra.org/archive/index.php/t-14669.html	t-14669.html
20050503182712	http://forum.azzurra.org:80/archive/index.php/t-1468.html	t-1468.html
20081201110405	http://forum.azzurra.org/archive/index.php/t-14685.html	t-14685.html
20080602003118	http://forum.azzurra.org:80/archive/index.php/t-14689.html	t-14689.html
20081201123937	http://forum.azzurra.org/archive/index.php/t-147.html	t-147.html
20081201124706	http://forum.azzurra.org/archive/index.php/t-1470.html	t-1470.html
20081201111040	http://forum.azzurra.org/archive/index.php/t-14700.html	t-14700.html
20081201105033	http://forum.azzurra.org/archive/index.php/t-14705.html	t-14705.html
20050516072327	http://forum.azzurra.org:80/archive/index.php/t-1471.html	t-1471.html
20081201114918	http://forum.azzurra.org/archive/index.php/t-14712.html	t-14712.html
20070427012234	http://forum.azzurra.org:80/archive/index.php/t-1472.html	t-1472.html
20111127161111	http://forum.azzurra.org:80/archive/index.php/t-14733.html	t-14733.html
20081201120359	http://forum.azzurra.org/archive/index.php/t-14748.html	t-14748.html
20080505031512	http://forum.azzurra.org:80/archive/index.php/t-14749.html	t-14749.html
20050514082514	http://forum.azzurra.org:80/archive/index.php/t-1475.html	t-1475.html
20090629041400	http://forum.azzurra.org:80/archive/index.php/t-14750.html	t-14750.html
20050516072314	http://forum.azzurra.org:80/archive/index.php/t-1476.html	t-1476.html
20080505031517	http://forum.azzurra.org:80/archive/index.php/t-14764.html	t-14764.html
20060113073735	http://forum.azzurra.org:80/archive/index.php/t-1477.html	t-1477.html
20080505085048	http://forum.azzurra.org:80/archive/index.php/t-14793.html	t-14793.html
20081201154300	http://forum.azzurra.org/archive/index.php/t-14799.html	t-14799.html
20081201111502	http://forum.azzurra.org/archive/index.php/t-148.html	t-148.html
20050825193851	http://forum.azzurra.org:80/archive/index.php/t-1480.html	t-1480.html
20081201140201	http://forum.azzurra.org/archive/index.php/t-14810.html	t-14810.html
20081201104936	http://forum.azzurra.org/archive/index.php/t-14811.html	t-14811.html
20081201115354	http://forum.azzurra.org/archive/index.php/t-1482.html	t-1482.html
20080624140941	http://forum.azzurra.org:80/archive/index.php/t-1483.html	t-1483.html
20081201112101	http://forum.azzurra.org/archive/index.php/t-1484.html	t-1484.html
20081201125459	http://forum.azzurra.org/archive/index.php/t-14846.html	t-14846.html
20081201142932	http://forum.azzurra.org/archive/index.php/t-1485.html	t-1485.html
20081201112419	http://forum.azzurra.org/archive/index.php/t-14859.html	t-14859.html
20081201111949	http://forum.azzurra.org/archive/index.php/t-1487.html	t-1487.html
20050819160252	http://forum.azzurra.org:80/archive/index.php/t-1489.html	t-1489.html
20080624140943	http://forum.azzurra.org:80/archive/index.php/t-14891.html	t-14891.html
20080505085057	http://forum.azzurra.org:80/archive/index.php/t-14897.html	t-14897.html
20090307032512	http://forum.azzurra.org:80/archive/index.php/t-14898.html	t-14898.html
20050516072243	http://forum.azzurra.org:80/archive/index.php/t-149.html	t-149.html
20050516072318	http://forum.azzurra.org:80/archive/index.php/t-1490.html	t-1490.html
20081201115248	http://forum.azzurra.org/archive/index.php/t-14903.html	t-14903.html
20081201103712	http://forum.azzurra.org/archive/index.php/t-14911.html	t-14911.html
20081201140012	http://forum.azzurra.org/archive/index.php/t-1492.html	t-1492.html
20080624140949	http://forum.azzurra.org:80/archive/index.php/t-14925.html	t-14925.html
20070718160122	http://forum.azzurra.org:80/archive/index.php/t-1493.html	t-1493.html
20081201114811	http://forum.azzurra.org/archive/index.php/t-14931.html	t-14931.html
20081201111618	http://forum.azzurra.org/archive/index.php/t-14932.html	t-14932.html
20081201122618	http://forum.azzurra.org/archive/index.php/t-14938.html	t-14938.html
20050516072323	http://forum.azzurra.org:80/archive/index.php/t-1494.html	t-1494.html
20081201155108	http://forum.azzurra.org/archive/index.php/t-14951.html	t-14951.html
20060311010719	http://forum.azzurra.org:80/archive/index.php/t-1496.html	t-1496.html
20081201121436	http://forum.azzurra.org/archive/index.php/t-14964.html	t-14964.html
20081201154801	http://forum.azzurra.org/archive/index.php/t-14965.html	t-14965.html
20090629041515	http://forum.azzurra.org:80/archive/index.php/t-14974.html	t-14974.html
20081201125114	http://forum.azzurra.org/archive/index.php/t-14977.html	t-14977.html
20050516072250	http://forum.azzurra.org:80/archive/index.php/t-1498.html	t-1498.html
20090629040545	http://forum.azzurra.org:80/archive/index.php/t-14985.html	t-14985.html
20081201122351	http://forum.azzurra.org/archive/index.php/t-14989.html	t-14989.html
20081121061653	http://forum.azzurra.org/archive/index.php/t-1499.html	t-1499.html
20081201102251	http://forum.azzurra.org/archive/index.php/t-15.html	t-15.html
20080624230831	http://forum.azzurra.org:80/archive/index.php/t-150.html	t-150.html
20050619083328	http://forum.azzurra.org:80/archive/index.php/t-1501.html	t-1501.html
20081201142842	http://forum.azzurra.org/archive/index.php/t-1503.html	t-1503.html
20060113064518	http://forum.azzurra.org:80/archive/index.php/t-1504.html	t-1504.html
20070211152331	http://forum.azzurra.org:80/archive/index.php/t-1505.html	t-1505.html
20081201141530	http://forum.azzurra.org/archive/index.php/t-1506.html	t-1506.html
20081201120508	http://forum.azzurra.org/archive/index.php/t-1507.html	t-1507.html
20050819150940	http://forum.azzurra.org:80/archive/index.php/t-1508.html	t-1508.html
20081201110615	http://forum.azzurra.org/archive/index.php/t-1510.html	t-1510.html
20081201134725	http://forum.azzurra.org/archive/index.php/t-1511.html	t-1511.html
20081201135008	http://forum.azzurra.org/archive/index.php/t-1512.html	t-1512.html
20081201135528	http://forum.azzurra.org/archive/index.php/t-1514.html	t-1514.html
20081201104013	http://forum.azzurra.org/archive/index.php/t-1516.html	t-1516.html
20070316042715	http://forum.azzurra.org:80/archive/index.php/t-1517.html	t-1517.html
20061031213834	http://forum.azzurra.org:80/archive/index.php/t-1518.html	t-1518.html
20081201125324	http://forum.azzurra.org/archive/index.php/t-152.html	t-152.html
20070307031736	http://forum.azzurra.org:80/archive/index.php/t-1521.html	t-1521.html
20060629223743	http://forum.azzurra.org:80/archive/index.php/t-1522.html	t-1522.html
20081201140721	http://forum.azzurra.org/archive/index.php/t-1523.html	t-1523.html
20081201111358	http://forum.azzurra.org/archive/index.php/t-1524.html	t-1524.html
20081201134248	http://forum.azzurra.org/archive/index.php/t-1525.html	t-1525.html
20081201135133	http://forum.azzurra.org/archive/index.php/t-1526.html	t-1526.html
20081201110140	http://forum.azzurra.org/archive/index.php/t-1527.html	t-1527.html
20080624140953	http://forum.azzurra.org:80/archive/index.php/t-1529.html	t-1529.html
20081201120129	http://forum.azzurra.org/archive/index.php/t-1530.html	t-1530.html
20061031162833	http://forum.azzurra.org:80/archive/index.php/t-1531.html	t-1531.html
20081201120241	http://forum.azzurra.org/archive/index.php/t-1533.html	t-1533.html
20050516072330	http://forum.azzurra.org:80/archive/index.php/t-1534.html	t-1534.html
20050516072334	http://forum.azzurra.org:80/archive/index.php/t-1535.html	t-1535.html
20081201114700	http://forum.azzurra.org/archive/index.php/t-1536.html	t-1536.html
20070902001309	http://forum.azzurra.org:80/archive/index.php/t-1537.html	t-1537.html
20080624140958	http://forum.azzurra.org:80/archive/index.php/t-1538.html	t-1538.html
20081201123650	http://forum.azzurra.org/archive/index.php/t-1539.html	t-1539.html
20070205063035	http://forum.azzurra.org:80/archive/index.php/t-154.html	t-154.html
20081121070745	http://forum.azzurra.org/archive/index.php/t-1540.html	t-1540.html
20081201133420	http://forum.azzurra.org/archive/index.php/t-1541.html	t-1541.html
20050731090401	http://forum.azzurra.org:80/archive/index.php/t-1542.html	t-1542.html
20060616033920	http://forum.azzurra.org:80/archive/index.php/t-1546.html	t-1546.html
20050503181205	http://forum.azzurra.org:80/archive/index.php/t-1547.html	t-1547.html
20081201140558	http://forum.azzurra.org/archive/index.php/t-1548.html	t-1548.html
20081201104532	http://forum.azzurra.org/archive/index.php/t-1549.html	t-1549.html
20080914144626	http://forum.azzurra.org:80/archive/index.php/t-155.html	t-155.html
20081201144420	http://forum.azzurra.org/archive/index.php/t-1550.html	t-1550.html
20050827044305	http://forum.azzurra.org:80/archive/index.php/t-1552.html	t-1552.html
20081201154341	http://forum.azzurra.org/archive/index.php/t-1555.html	t-1555.html
20080624141003	http://forum.azzurra.org:80/archive/index.php/t-156.html	t-156.html
20081201121912	http://forum.azzurra.org/archive/index.php/t-1560.html	t-1560.html
20070211152342	http://forum.azzurra.org:80/archive/index.php/t-1561.html	t-1561.html
20070901013859	http://forum.azzurra.org:80/archive/index.php/t-1563.html	t-1563.html
20080624141008	http://forum.azzurra.org:80/archive/index.php/t-1564.html	t-1564.html
20070510053529	http://forum.azzurra.org:80/archive/index.php/t-1566.html	t-1566.html
20070211152352	http://forum.azzurra.org:80/archive/index.php/t-1567.html	t-1567.html
20080624141013	http://forum.azzurra.org:80/archive/index.php/t-1569.html	t-1569.html
20080624141018	http://forum.azzurra.org:80/archive/index.php/t-157.html	t-157.html
20050516072343	http://forum.azzurra.org:80/archive/index.php/t-1570.html	t-1570.html
20050310085532	http://forum.azzurra.org:80/archive/index.php/t-1572.html	t-1572.html
20061031080142	http://forum.azzurra.org:80/archive/index.php/t-1574.html	t-1574.html
20060408143601	http://forum.azzurra.org:80/archive/index.php/t-1575.html	t-1575.html
20050516072347	http://forum.azzurra.org:80/archive/index.php/t-1576.html	t-1576.html
20081201102154	http://forum.azzurra.org/archive/index.php/t-1577.html	t-1577.html
20110620021310	http://forum.azzurra.org:80/archive/index.php/t-1579.html	t-1579.html
20081201134151	http://forum.azzurra.org/archive/index.php/t-158.html	t-158.html
20081201115918	http://forum.azzurra.org/archive/index.php/t-1581.html	t-1581.html
20050607080117	http://forum.azzurra.org:80/archive/index.php/t-1583.html	t-1583.html
20050516072351	http://forum.azzurra.org:80/archive/index.php/t-1584.html	t-1584.html
20060519173410	http://forum.azzurra.org:80/archive/index.php/t-1589.html	t-1589.html
20050516072258	http://forum.azzurra.org:80/archive/index.php/t-159.html	t-159.html
20050516072354	http://forum.azzurra.org:80/archive/index.php/t-1591.html	t-1591.html
20050503181552	http://forum.azzurra.org:80/archive/index.php/t-1592.html	t-1592.html
20050516072255	http://forum.azzurra.org:80/archive/index.php/t-16.html	t-16.html
20050516072307	http://forum.azzurra.org:80/archive/index.php/t-160.html	t-160.html
20050516072358	http://forum.azzurra.org:80/archive/index.php/t-1601.html	t-1601.html
20060519173438	http://forum.azzurra.org:80/archive/index.php/t-1602.html	t-1602.html
20050516072402	http://forum.azzurra.org:80/archive/index.php/t-1605.html	t-1605.html
20061031032846	http://forum.azzurra.org:80/archive/index.php/t-1606.html	t-1606.html
20050729091105	http://forum.azzurra.org:80/archive/index.php/t-1607.html	t-1607.html
20061103161810	http://forum.azzurra.org:80/archive/index.php/t-1615.html	t-1615.html
20080613175214	http://forum.azzurra.org:80/archive/index.php/t-1616.html	t-1616.html
20091006081838	http://forum.azzurra.org:80/archive/index.php/t-1617.html	t-1617.html
20060629223810	http://forum.azzurra.org:80/archive/index.php/t-1622.html	t-1622.html
20070112151102	http://forum.azzurra.org:80/archive/index.php/t-1627.html	t-1627.html
20050514082442	http://forum.azzurra.org:80/archive/index.php/t-1638.html	t-1638.html
20050503182357	http://forum.azzurra.org:80/archive/index.php/t-1645.html	t-1645.html
20060117055954	http://forum.azzurra.org:80/archive/index.php/t-1646.html	t-1646.html
20060113071418	http://forum.azzurra.org:80/archive/index.php/t-1649.html	t-1649.html
20050503182719	http://forum.azzurra.org:80/archive/index.php/t-1659.html	t-1659.html
20050516072310	http://forum.azzurra.org:80/archive/index.php/t-166.html	t-166.html
20050516072407	http://forum.azzurra.org:80/archive/index.php/t-1662.html	t-1662.html
20050516072410	http://forum.azzurra.org:80/archive/index.php/t-1667.html	t-1667.html
20080624235051	http://forum.azzurra.org:80/archive/index.php/t-1670.html	t-1670.html
20081120104427	http://forum.azzurra.org/archive/index.php/t-1671.html	t-1671.html
20070211152411	http://forum.azzurra.org:80/archive/index.php/t-1673.html	t-1673.html
20060822003910	http://forum.azzurra.org:80/archive/index.php/t-1676.html	t-1676.html
20050516072415	http://forum.azzurra.org:80/archive/index.php/t-1677.html	t-1677.html
20090703222336	http://forum.azzurra.org:80/archive/index.php/t-168.html	t-168.html
20050516072418	http://forum.azzurra.org:80/archive/index.php/t-1682.html	t-1682.html
20050826195313	http://forum.azzurra.org:80/archive/index.php/t-1683.html	t-1683.html
20120730161122	http://forum.azzurra.org/archive/index.php/t-1687.html	t-1687.html
20060822114859	http://forum.azzurra.org:80/archive/index.php/t-1690.html	t-1690.html
20060629224402	http://forum.azzurra.org:80/archive/index.php/t-1694.html	t-1694.html
20080624141024	http://forum.azzurra.org:80/archive/index.php/t-1695.html	t-1695.html
20050211101043	http://forum.azzurra.org:80/archive/index.php/t-1697.html	t-1697.html
20120615203716	http://forum.azzurra.org:80/archive/index.php/t-1706.html	t-1706.html
20050827125948	http://forum.azzurra.org:80/archive/index.php/t-1715.html	t-1715.html
20080624141029	http://forum.azzurra.org:80/archive/index.php/t-1716.html	t-1716.html
20070718155819	http://forum.azzurra.org:80/archive/index.php/t-1719.html	t-1719.html
20090629044708	http://forum.azzurra.org:80/archive/index.php/t-1724.html	t-1724.html
20060113055339	http://forum.azzurra.org:80/archive/index.php/t-1729.html	t-1729.html
20050516072339	http://forum.azzurra.org:80/archive/index.php/t-173.html	t-173.html
20050516072423	http://forum.azzurra.org:80/archive/index.php/t-1730.html	t-1730.html
20060113062319	http://forum.azzurra.org:80/archive/index.php/t-1737.html	t-1737.html
20070502075203	http://forum.azzurra.org:80/archive/index.php/t-1739	t-1739
20081102075620	http://forum.azzurra.org:80/archive/index.php/t-1739.html	t-1739.html
20070714221359	http://forum.azzurra.org:80/archive/index.php/t-1743.html	t-1743.html
20050514082445	http://forum.azzurra.org:80/archive/index.php/t-1744.html	t-1744.html
20060113063406	http://forum.azzurra.org:80/archive/index.php/t-1745.html	t-1745.html
20060113055404	http://forum.azzurra.org:80/archive/index.php/t-1748.html	t-1748.html
20050127091449	http://forum.azzurra.org:80/archive/index.php/t-1751.html	t-1751.html
20070211152422	http://forum.azzurra.org:80/archive/index.php/t-1753.html	t-1753.html
20070205052438	http://forum.azzurra.org:80/archive/index.php/t-1754.html	t-1754.html
20050516072426	http://forum.azzurra.org:80/archive/index.php/t-1759.html	t-1759.html
20050516144821	http://forum.azzurra.org:80/archive/index.php/t-176.html	t-176.html
20060629224414	http://forum.azzurra.org:80/archive/index.php/t-1763.html	t-1763.html
20050516144833	http://forum.azzurra.org:80/archive/index.php/t-1764.html	t-1764.html
20050516144837	http://forum.azzurra.org:80/archive/index.php/t-1765.html	t-1765.html
20060113070615	http://forum.azzurra.org:80/archive/index.php/t-1767.html	t-1767.html
20070211152432	http://forum.azzurra.org:80/archive/index.php/t-1770.html	t-1770.html
20050514082429	http://forum.azzurra.org:80/archive/index.php/t-1771.html	t-1771.html
20060117082331	http://forum.azzurra.org:80/archive/index.php/t-1774.html	t-1774.html
20060629224430	http://forum.azzurra.org:80/archive/index.php/t-1777.html	t-1777.html
20070717001728	http://forum.azzurra.org:80/archive/index.php/t-1779.html	t-1779.html
20070630085507	http://forum.azzurra.org:80/archive/index.php/t-178.html	t-178.html
20070718155524	http://forum.azzurra.org:80/archive/index.php/t-1781.html	t-1781.html
20080624235056	http://forum.azzurra.org:80/archive/index.php/t-1785.html	t-1785.html
20070211152442	http://forum.azzurra.org:80/archive/index.php/t-1793.html	t-1793.html
20090221072736	http://forum.azzurra.org:80/archive/index.php/t-1797.html	t-1797.html
20050516144841	http://forum.azzurra.org:80/archive/index.php/t-1798.html	t-1798.html
20050516144844	http://forum.azzurra.org:80/archive/index.php/t-1799.html	t-1799.html
20050516144816	http://forum.azzurra.org:80/archive/index.php/t-18.html	t-18.html
20080624234920	http://forum.azzurra.org:80/archive/index.php/t-1800.html	t-1800.html
20070718123802	http://forum.azzurra.org:80/archive/index.php/t-1801.html	t-1801.html
20060113060554	http://forum.azzurra.org:80/archive/index.php/t-1802.html	t-1802.html
20050802105426	http://forum.azzurra.org:80/archive/index.php/t-1804.html	t-1804.html
20050516144801	http://forum.azzurra.org:80/archive/index.php/t-1811.html	t-1811.html
20050503180833	http://forum.azzurra.org:80/archive/index.php/t-1813.html	t-1813.html
20050827072147	http://forum.azzurra.org:80/archive/index.php/t-1815.html	t-1815.html
20061031075659	http://forum.azzurra.org:80/archive/index.php/t-1817.html	t-1817.html
20081212041656	http://forum.azzurra.org:80/archive/index.php/t-183.html	t-183.html
20060113061527	http://forum.azzurra.org:80/archive/index.php/t-1833.html	t-1833.html
20050516144849	http://forum.azzurra.org:80/archive/index.php/t-1835.html	t-1835.html
20061031032446	http://forum.azzurra.org:80/archive/index.php/t-1838.html	t-1838.html
20081120104240	http://forum.azzurra.org/archive/index.php/t-1839.html	t-1839.html
20080624141034	http://forum.azzurra.org:80/archive/index.php/t-1840.html	t-1840.html
20050516144809	http://forum.azzurra.org:80/archive/index.php/t-185.html	t-185.html
20050816225839	http://forum.azzurra.org:80/archive/index.php/t-1850.html	t-1850.html
20050516144853	http://forum.azzurra.org:80/archive/index.php/t-1851.html	t-1851.html
20090709093519	http://forum.azzurra.org:80/archive/index.php/t-1854.html	t-1854.html
20050728103838	http://forum.azzurra.org:80/archive/index.php/t-1858.html	t-1858.html
20050514082521	http://forum.azzurra.org:80/archive/index.php/t-1860.html	t-1860.html
20070211151816	http://forum.azzurra.org:80/archive/index.php/t-1865.html	t-1865.html
20070902001314	http://forum.azzurra.org:80/archive/index.php/t-1866.html	t-1866.html
20080624141039	http://forum.azzurra.org:80/archive/index.php/t-187.html	t-187.html
20081025043159	http://forum.azzurra.org:80/archive/index.php/t-1870-p-2.html	t-1870-p-2.html
20081024110538	http://forum.azzurra.org:80/archive/index.php/t-1870.html	t-1870.html
20050516144857	http://forum.azzurra.org:80/archive/index.php/t-1874.html	t-1874.html
20090515114648	http://forum.azzurra.org:80/archive/index.php/t-1879.html	t-1879.html
20080624141044	http://forum.azzurra.org:80/archive/index.php/t-188.html	t-188.html
20070211152452	http://forum.azzurra.org:80/archive/index.php/t-1880.html	t-1880.html
20070902001617	http://forum.azzurra.org:80/archive/index.php/t-1887.html	t-1887.html
20081120104721	http://forum.azzurra.org/archive/index.php/t-1888.html	t-1888.html
20080624141051	http://forum.azzurra.org:80/archive/index.php/t-189.html	t-189.html
20050516144900	http://forum.azzurra.org:80/archive/index.php/t-1895.html	t-1895.html
20050516144756	http://forum.azzurra.org:80/archive/index.php/t-190.html	t-190.html
20070211152502	http://forum.azzurra.org:80/archive/index.php/t-1902.html	t-1902.html
20070317234315	http://forum.azzurra.org:80/archive/index.php/t-1903.html	t-1903.html
20061027180737	http://forum.azzurra.org:80/archive/index.php/t-1907.html	t-1907.html
20070211152512	http://forum.azzurra.org:80/archive/index.php/t-1908.html	t-1908.html
20050520192437	http://forum.azzurra.org:80/archive/index.php/t-1909.html	t-1909.html
20070211152521	http://forum.azzurra.org:80/archive/index.php/t-1910.html	t-1910.html
20070714114306	http://forum.azzurra.org:80/archive/index.php/t-1912-p-2.html	t-1912-p-2.html
20070712203747	http://forum.azzurra.org:80/archive/index.php/t-1912.html	t-1912.html
20070714221458	http://forum.azzurra.org:80/archive/index.php/t-1913.html	t-1913.html
20080624230836	http://forum.azzurra.org:80/archive/index.php/t-1915.html	t-1915.html
20050503181818	http://forum.azzurra.org:80/archive/index.php/t-1917.html	t-1917.html
20050503182401	http://forum.azzurra.org:80/archive/index.php/t-1918.html	t-1918.html
20070902001340	http://forum.azzurra.org:80/archive/index.php/t-192.html	t-192.html
20050531074124	http://forum.azzurra.org:80/archive/index.php/t-1924.html	t-1924.html
20050514082526	http://forum.azzurra.org:80/archive/index.php/t-1925.html	t-1925.html
20070715225206	http://forum.azzurra.org:80/archive/index.php/t-1929.html	t-1929.html
20070525053914	http://forum.azzurra.org:80/archive/index.php/t-1931.html	t-1931.html
20080510143942	http://forum.azzurra.org:80/archive/index.php/t-1936.html	t-1936.html
20050731091713	http://forum.azzurra.org:80/archive/index.php/t-1937.html	t-1937.html
20081120103350	http://forum.azzurra.org/archive/index.php/t-1939.html	t-1939.html
20050503182534	http://forum.azzurra.org:80/archive/index.php/t-1940.html	t-1940.html
20060113072642	http://forum.azzurra.org:80/archive/index.php/t-1943.html	t-1943.html
20070223210216	http://forum.azzurra.org:80/archive/index.php/t-1944.html	t-1944.html
20070510210124	http://forum.azzurra.org:80/archive/index.php/t-1947.html	t-1947.html
20070221044215	http://forum.azzurra.org:80/archive/index.php/t-1951.html	t-1951.html
20070315133814	http://forum.azzurra.org:80/archive/index.php/t-1954-p-2.html	t-1954-p-2.html
20070312213223	http://forum.azzurra.org:80/archive/index.php/t-1954-p-3.html	t-1954-p-3.html
20070315133824	http://forum.azzurra.org:80/archive/index.php/t-1954-p-4.html	t-1954-p-4.html
20070315133835	http://forum.azzurra.org:80/archive/index.php/t-1954-p-5.html	t-1954-p-5.html
20070315133804	http://forum.azzurra.org:80/archive/index.php/t-1954.html	t-1954.html
20081121183400	http://forum.azzurra.org/archive/index.php/t-1955.html	t-1955.html
20081121183624	http://forum.azzurra.org/archive/index.php/t-1956.html	t-1956.html
20081121180723	http://forum.azzurra.org/archive/index.php/t-1957.html	t-1957.html
20080624235104	http://forum.azzurra.org:80/archive/index.php/t-1958.html	t-1958.html
20081121184240	http://forum.azzurra.org/archive/index.php/t-1959.html	t-1959.html
20081121190432	http://forum.azzurra.org/archive/index.php/t-196.html	t-196.html
20061029093734	http://forum.azzurra.org:80/archive/index.php/t-1960.html	t-1960.html
20081121180526	http://forum.azzurra.org/archive/index.php/t-1966.html	t-1966.html
20081121183956	http://forum.azzurra.org/archive/index.php/t-1968.html	t-1968.html
20070928082908	http://forum.azzurra.org/archive/index.php/t-1969.html	t-1969.html
20081121182533	http://forum.azzurra.org/archive/index.php/t-197.html	t-197.html
20081121200202	http://forum.azzurra.org/archive/index.php/t-1970.html	t-1970.html
20050816081138	http://forum.azzurra.org:80/archive/index.php/t-1973.html	t-1973.html
20081121183107	http://forum.azzurra.org/archive/index.php/t-1974.html	t-1974.html
20070211152532	http://forum.azzurra.org:80/archive/index.php/t-1975.html	t-1975.html
20050516144905	http://forum.azzurra.org:80/archive/index.php/t-1977.html	t-1977.html
20070112032147	http://forum.azzurra.org:80/archive/index.php/t-1978.html	t-1978.html
20060113062135	http://forum.azzurra.org:80/archive/index.php/t-1981.html	t-1981.html
20070315200932	http://forum.azzurra.org:80/archive/index.php/t-1982.html	t-1982.html
20081121181553	http://forum.azzurra.org/archive/index.php/t-1984.html	t-1984.html
20081121184059	http://forum.azzurra.org/archive/index.php/t-1986.html	t-1986.html
20081121200023	http://forum.azzurra.org/archive/index.php/t-199.html	t-199.html
20081121182648	http://forum.azzurra.org/archive/index.php/t-1990.html	t-1990.html
20070718011041	http://forum.azzurra.org:80/archive/index.php/t-1992.html	t-1992.html
20070211152542	http://forum.azzurra.org:80/archive/index.php/t-1993.html	t-1993.html
20081121193238	http://forum.azzurra.org/archive/index.php/t-1994.html	t-1994.html
20070306194307	http://forum.azzurra.org:80/archive/index.php/t-1997.html	t-1997.html
20081121183300	http://forum.azzurra.org/archive/index.php/t-1999.html	t-1999.html
20081121183723	http://forum.azzurra.org/archive/index.php/t-2.html	t-2.html
20070902001335	http://forum.azzurra.org:80/archive/index.php/t-20.html	t-20.html
20081121181728	http://forum.azzurra.org/archive/index.php/t-200.html	t-200.html
20060629224442	http://forum.azzurra.org:80/archive/index.php/t-2002.html	t-2002.html
20081121181604	http://forum.azzurra.org/archive/index.php/t-2003.html	t-2003.html
20050503180843	http://forum.azzurra.org:80/archive/index.php/t-2004.html	t-2004.html
20050514082530	http://forum.azzurra.org:80/archive/index.php/t-2005.html	t-2005.html
20081121181017	http://forum.azzurra.org/archive/index.php/t-2006.html	t-2006.html
20061031213846	http://forum.azzurra.org:80/archive/index.php/t-2007.html	t-2007.html
20060113073801	http://forum.azzurra.org:80/archive/index.php/t-2011.html	t-2011.html
20050520194204	http://forum.azzurra.org:80/archive/index.php/t-2013.html	t-2013.html
20080430011646	http://forum.azzurra.org:80/archive/index.php/t-2018.html	t-2018.html
20080624141056	http://forum.azzurra.org:80/archive/index.php/t-202.html	t-202.html
20080430020148	http://forum.azzurra.org:80/archive/index.php/t-2022.html	t-2022.html
20081121194100	http://forum.azzurra.org/archive/index.php/t-2024.html	t-2024.html
20080430014950	http://forum.azzurra.org:80/archive/index.php/t-2025.html	t-2025.html
20070211152552	http://forum.azzurra.org:80/archive/index.php/t-2026.html	t-2026.html
20080430011651	http://forum.azzurra.org:80/archive/index.php/t-2027.html	t-2027.html
20080430020153	http://forum.azzurra.org:80/archive/index.php/t-2028.html	t-2028.html
20050516144909	http://forum.azzurra.org:80/archive/index.php/t-2029.html	t-2029.html
20081121181506	http://forum.azzurra.org/archive/index.php/t-203.html	t-203.html
20070902001244	http://forum.azzurra.org:80/archive/index.php/t-2030.html	t-2030.html
20070302095940	http://forum.azzurra.org:80/archive/index.php/t-2031.html	t-2031.html
20050801082705	http://forum.azzurra.org:80/archive/index.php/t-2032.html	t-2032.html
20060113073238	http://forum.azzurra.org:80/archive/index.php/t-2033.html	t-2033.html
20050405124957	http://forum.azzurra.org:80/archive/index.php/t-2034.html	t-2034.html
20081121184035	http://forum.azzurra.org/archive/index.php/t-2035.html	t-2035.html
20070315200714	http://forum.azzurra.org:80/archive/index.php/t-2038.html	t-2038.html
20080430020203	http://forum.azzurra.org:80/archive/index.php/t-2039.html	t-2039.html
20081121184315	http://forum.azzurra.org/archive/index.php/t-204.html	t-204.html
20051107100028	http://forum.azzurra.org:80/archive/index.php/t-2040.html	t-2040.html
20081121183156	http://forum.azzurra.org/archive/index.php/t-2041.html	t-2041.html
20070427063655	http://forum.azzurra.org:80/archive/index.php/t-2042-p-2.html	t-2042-p-2.html
20070430071627	http://forum.azzurra.org:80/archive/index.php/t-2042-p-3.html	t-2042-p-3.html
20060627060539	http://forum.azzurra.org:80/archive/index.php/t-2042.html	t-2042.html
20080527235347	http://forum.azzurra.org:80/archive/index.php/t-2043.html	t-2043.html
20081121183009	http://forum.azzurra.org/archive/index.php/t-2044.html	t-2044.html
20080430011701	http://forum.azzurra.org:80/archive/index.php/t-2045.html	t-2045.html
20080624234925	http://forum.azzurra.org:80/archive/index.php/t-2046.html	t-2046.html
20070225013022	http://forum.azzurra.org:80/archive/index.php/t-2047.html	t-2047.html
20080430011706	http://forum.azzurra.org:80/archive/index.php/t-2048.html	t-2048.html
20080624230842	http://forum.azzurra.org:80/archive/index.php/t-205.html	t-205.html
20081121183820	http://forum.azzurra.org/archive/index.php/t-2051.html	t-2051.html
20050514082533	http://forum.azzurra.org:80/archive/index.php/t-2053.html	t-2053.html
20070902001254	http://forum.azzurra.org:80/archive/index.php/t-2054.html	t-2054.html
20050817201549	http://forum.azzurra.org:80/archive/index.php/t-2055.html	t-2055.html
20081121181131	http://forum.azzurra.org/archive/index.php/t-206.html	t-206.html
20081121180710	http://forum.azzurra.org/archive/index.php/t-2061.html	t-2061.html
20081121180735	http://forum.azzurra.org/archive/index.php/t-2062.html	t-2062.html
20080430020213	http://forum.azzurra.org:80/archive/index.php/t-2064.html	t-2064.html
20050511085702	http://forum.azzurra.org:80/archive/index.php/t-2067.html	t-2067.html
20081121184339	http://forum.azzurra.org/archive/index.php/t-207.html	t-207.html
20080430011712	http://forum.azzurra.org:80/archive/index.php/t-2070.html	t-2070.html
20081121200112	http://forum.azzurra.org/archive/index.php/t-2072.html	t-2072.html
20080430015005	http://forum.azzurra.org:80/archive/index.php/t-2073.html	t-2073.html
20080430011717	http://forum.azzurra.org:80/archive/index.php/t-2074.html	t-2074.html
20050114094542	http://forum.azzurra.org:80/archive/index.php/t-2075.html	t-2075.html
20080430015010	http://forum.azzurra.org:80/archive/index.php/t-2076.html	t-2076.html
20081121183347	http://forum.azzurra.org/archive/index.php/t-208.html	t-208.html
20080624141101	http://forum.azzurra.org:80/archive/index.php/t-2080.html	t-2080.html
20080430020218	http://forum.azzurra.org:80/archive/index.php/t-2083.html	t-2083.html
20080430015015	http://forum.azzurra.org:80/archive/index.php/t-2087.html	t-2087.html
20081121180927	http://forum.azzurra.org/archive/index.php/t-209.html	t-209.html
20070718010919	http://forum.azzurra.org:80/archive/index.php/t-2094.html	t-2094.html
20070716175108	http://forum.azzurra.org:80/archive/index.php/t-2098.html	t-2098.html
20060427034729	http://forum.azzurra.org:80/archive/index.php/t-2099.html	t-2099.html
20081121180552	http://forum.azzurra.org/archive/index.php/t-21.html	t-21.html
20081121194327	http://forum.azzurra.org/archive/index.php/t-210.html	t-210.html
20081121181519	http://forum.azzurra.org/archive/index.php/t-2100.html	t-2100.html
20080624230847	http://forum.azzurra.org:80/archive/index.php/t-2101.html	t-2101.html
20050503181802	http://forum.azzurra.org:80/archive/index.php/t-2103.html	t-2103.html
20080430011726	http://forum.azzurra.org:80/archive/index.php/t-2106.html	t-2106.html
20081121182011	http://forum.azzurra.org/archive/index.php/t-211.html	t-211.html
20080430020700	http://forum.azzurra.org:80/archive/index.php/t-2110.html	t-2110.html
20050511235452	http://forum.azzurra.org:80/archive/index.php/t-2115.html	t-2115.html
20050516144914	http://forum.azzurra.org:80/archive/index.php/t-2119.html	t-2119.html
20081121182130	http://forum.azzurra.org/archive/index.php/t-212.html	t-212.html
20060616143341	http://forum.azzurra.org:80/archive/index.php/t-2121.html	t-2121.html
20050503182327	http://forum.azzurra.org:80/archive/index.php/t-2123.html	t-2123.html
20080430020223	http://forum.azzurra.org:80/archive/index.php/t-2124.html	t-2124.html
20080430020710	http://forum.azzurra.org:80/archive/index.php/t-2129.html	t-2129.html
20081121192018	http://forum.azzurra.org/archive/index.php/t-213.html	t-213.html
20080430015020	http://forum.azzurra.org:80/archive/index.php/t-2130.html	t-2130.html
20050511235701	http://forum.azzurra.org:80/archive/index.php/t-2131.html	t-2131.html
20070322113525	http://forum.azzurra.org:80/archive/index.php/t-2132.html	t-2132.html
20060113061550	http://forum.azzurra.org:80/archive/index.php/t-2133.html	t-2133.html
20080430020228	http://forum.azzurra.org:80/archive/index.php/t-2136.html	t-2136.html
20080430020715	http://forum.azzurra.org:80/archive/index.php/t-2138.html	t-2138.html
20070827020438	http://forum.azzurra.org:80/archive/index.php/t-214.html	t-214.html
20060113065246	http://forum.azzurra.org:80/archive/index.php/t-2140.html	t-2140.html
20050321095157	http://forum.azzurra.org:80/archive/index.php/t-2141.html	t-2141.html
20081121183235	http://forum.azzurra.org/archive/index.php/t-2142.html	t-2142.html
20060426234114	http://forum.azzurra.org:80/archive/index.php/t-2144.html	t-2144.html
20070203100359	http://forum.azzurra.org:80/archive/index.php/t-2147-p-2.html	t-2147-p-2.html
20050310085940	http://forum.azzurra.org:80/archive/index.php/t-2147.html	t-2147.html
20070211152602	http://forum.azzurra.org:80/archive/index.php/t-2148.html	t-2148.html
20081121180632	http://forum.azzurra.org/archive/index.php/t-2150.html	t-2150.html
20080430015030	http://forum.azzurra.org:80/archive/index.php/t-2151.html	t-2151.html
20050516144918	http://forum.azzurra.org:80/archive/index.php/t-2156.html	t-2156.html
20080430020233	http://forum.azzurra.org:80/archive/index.php/t-2162.html	t-2162.html
20070713232642	http://forum.azzurra.org:80/archive/index.php/t-2164.html	t-2164.html
20070901013254	http://forum.azzurra.org:80/archive/index.php/t-2166.html	t-2166.html
20080430020238	http://forum.azzurra.org:80/archive/index.php/t-2167.html	t-2167.html
20081121181739	http://forum.azzurra.org/archive/index.php/t-2168.html	t-2168.html
20081121183844	http://forum.azzurra.org/archive/index.php/t-2169.html	t-2169.html
20080624234930	http://forum.azzurra.org:80/archive/index.php/t-217.html	t-217.html
20081121181815	http://forum.azzurra.org/archive/index.php/t-2179.html	t-2179.html
20081121182735	http://forum.azzurra.org/archive/index.php/t-218.html	t-218.html
20080430015035	http://forum.azzurra.org:80/archive/index.php/t-2180.html	t-2180.html
20060113054404	http://forum.azzurra.org:80/archive/index.php/t-2183.html	t-2183.html
20080430015040	http://forum.azzurra.org:80/archive/index.php/t-2184.html	t-2184.html
20081121181616	http://forum.azzurra.org/archive/index.php/t-2186.html	t-2186.html
20050516144825	http://forum.azzurra.org:80/archive/index.php/t-219.html	t-219.html
20080430020243	http://forum.azzurra.org:80/archive/index.php/t-2192.html	t-2192.html
20081121192752	http://forum.azzurra.org/archive/index.php/t-2195.html	t-2195.html
20081121193553	http://forum.azzurra.org/archive/index.php/t-2196.html	t-2196.html
20081121182049	http://forum.azzurra.org/archive/index.php/t-2197.html	t-2197.html
20081121183247	http://forum.azzurra.org/archive/index.php/t-2198.html	t-2198.html
20080430015045	http://forum.azzurra.org:80/archive/index.php/t-2199.html	t-2199.html
20081121180501	http://forum.azzurra.org/archive/index.php/t-22.html	t-22.html
20061031080129	http://forum.azzurra.org:80/archive/index.php/t-220.html	t-220.html
20050516144805	http://forum.azzurra.org:80/archive/index.php/t-2200.html	t-2200.html
20080430011731	http://forum.azzurra.org:80/archive/index.php/t-2201.html	t-2201.html
20080430020248	http://forum.azzurra.org:80/archive/index.php/t-2202.html	t-2202.html
20080430020726	http://forum.azzurra.org:80/archive/index.php/t-2203.html	t-2203.html
20070304085041	http://forum.azzurra.org:80/archive/index.php/t-2205.html	t-2205.html
20070717001759	http://forum.azzurra.org:80/archive/index.php/t-2209.html	t-2209.html
20081121191302	http://forum.azzurra.org/archive/index.php/t-221.html	t-221.html
20081121191443	http://forum.azzurra.org/archive/index.php/t-2210.html	t-2210.html
20050516144922	http://forum.azzurra.org:80/archive/index.php/t-2212.html	t-2212.html
20080513002943	http://forum.azzurra.org:80/archive/index.php/t-2213.html	t-2213.html
20070211152612	http://forum.azzurra.org:80/archive/index.php/t-2215.html	t-2215.html
20081121192908	http://forum.azzurra.org/archive/index.php/t-2216.html	t-2216.html
20070301034253	http://forum.azzurra.org:80/archive/index.php/t-2219.html	t-2219.html
20070501062500	http://forum.azzurra.org:80/archive/index.php/t-222.html	t-222.html
20070713232247	http://forum.azzurra.org:80/archive/index.php/t-2220.html	t-2220.html
20081121194004	http://forum.azzurra.org/archive/index.php/t-2221.html	t-2221.html
20060528093700	http://forum.azzurra.org:80/archive/index.php/t-2222.html	t-2222.html
20081121182142	http://forum.azzurra.org/archive/index.php/t-2223.html	t-2223.html
20080430011737	http://forum.azzurra.org:80/archive/index.php/t-2224.html	t-2224.html
20081121182310	http://forum.azzurra.org/archive/index.php/t-2225.html	t-2225.html
20081121182558	http://forum.azzurra.org/archive/index.php/t-2226.html	t-2226.html
20081121200403	http://forum.azzurra.org/archive/index.php/t-2228.html	t-2228.html
20070617134051	http://forum.azzurra.org:80/archive/index.php/t-2229.html	t-2229.html
20080430020730	http://forum.azzurra.org:80/archive/index.php/t-2230.html	t-2230.html
20081121181704	http://forum.azzurra.org/archive/index.php/t-2231.html	t-2231.html
20081121181530	http://forum.azzurra.org/archive/index.php/t-2232.html	t-2232.html
20050729092442	http://forum.azzurra.org:80/archive/index.php/t-2235.html	t-2235.html
20050516144926	http://forum.azzurra.org:80/archive/index.php/t-2236.html	t-2236.html
20050516144812	http://forum.azzurra.org:80/archive/index.php/t-2238.html	t-2238.html
20081121183336	http://forum.azzurra.org/archive/index.php/t-2239.html	t-2239.html
20070929222009	http://forum.azzurra.org:80/archive/index.php/t-2240.html	t-2240.html
20080430020740	http://forum.azzurra.org:80/archive/index.php/t-2242.html	t-2242.html
20050516144931	http://forum.azzurra.org:80/archive/index.php/t-2243.html	t-2243.html
20060822070733	http://forum.azzurra.org:80/archive/index.php/t-2244.html	t-2244.html
20080430020746	http://forum.azzurra.org:80/archive/index.php/t-2245.html	t-2245.html
20070910134034	http://forum.azzurra.org:80/archive/index.php/t-2246.html	t-2246.html
20070321073537	http://forum.azzurra.org:80/archive/index.php/t-2248.html	t-2248.html
20081121192512	http://forum.azzurra.org/archive/index.php/t-2249.html	t-2249.html
20050516144828	http://forum.azzurra.org:80/archive/index.php/t-225.html	t-225.html
20060113062750	http://forum.azzurra.org:80/archive/index.php/t-2250.html	t-2250.html
20060519173450	http://forum.azzurra.org:80/archive/index.php/t-2251.html	t-2251.html
20081121180940	http://forum.azzurra.org/archive/index.php/t-2253.html	t-2253.html
20050503182818	http://forum.azzurra.org:80/archive/index.php/t-2258.html	t-2258.html
20080430015055	http://forum.azzurra.org:80/archive/index.php/t-2259.html	t-2259.html
20081121182100	http://forum.azzurra.org/archive/index.php/t-226.html	t-226.html
20081121183831	http://forum.azzurra.org/archive/index.php/t-2260.html	t-2260.html
20080430020751	http://forum.azzurra.org:80/archive/index.php/t-2261.html	t-2261.html
20080430020756	http://forum.azzurra.org:80/archive/index.php/t-2263.html	t-2263.html
20081121183636	http://forum.azzurra.org/archive/index.php/t-2265.html	t-2265.html
20070716102616	http://forum.azzurra.org:80/archive/index.php/t-2267.html	t-2267.html
20080430020303	http://forum.azzurra.org:80/archive/index.php/t-2268.html	t-2268.html
20081121184706	http://forum.azzurra.org/archive/index.php/t-2269.html	t-2269.html
20081121193348	http://forum.azzurra.org/archive/index.php/t-227.html	t-227.html
20060715021802	http://forum.azzurra.org:80/archive/index.php/t-2270.html	t-2270.html
20080430011752	http://forum.azzurra.org:80/archive/index.php/t-2272.html	t-2272.html
20080430015707	http://forum.azzurra.org:80/archive/index.php/t-2273.html	t-2273.html
20050516144935	http://forum.azzurra.org:80/archive/index.php/t-2274.html	t-2274.html
20081121182834	http://forum.azzurra.org/archive/index.php/t-2275.html	t-2275.html
20081121182823	http://forum.azzurra.org/archive/index.php/t-2276.html	t-2276.html
20081121182622	http://forum.azzurra.org/archive/index.php/t-2279.html	t-2279.html
20081121195418	http://forum.azzurra.org/archive/index.php/t-228.html	t-228.html
20050516144938	http://forum.azzurra.org:80/archive/index.php/t-2283.html	t-2283.html
20081121184327	http://forum.azzurra.org/archive/index.php/t-2284.html	t-2284.html
20081121181157	http://forum.azzurra.org/archive/index.php/t-2285.html	t-2285.html
20050414081815	http://forum.azzurra.org:80/archive/index.php/t-2286.html	t-2286.html
20050516144943	http://forum.azzurra.org:80/archive/index.php/t-2288.html	t-2288.html
20081121183056	http://forum.azzurra.org/archive/index.php/t-229.html	t-229.html
20080430020801	http://forum.azzurra.org:80/archive/index.php/t-2291.html	t-2291.html
20050516144946	http://forum.azzurra.org:80/archive/index.php/t-2294.html	t-2294.html
20081121190809	http://forum.azzurra.org/archive/index.php/t-2295.html	t-2295.html
20081121185722	http://forum.azzurra.org/archive/index.php/t-2296.html	t-2296.html
20050511235705	http://forum.azzurra.org:80/archive/index.php/t-2299.html	t-2299.html
20081121183808	http://forum.azzurra.org/archive/index.php/t-23.html	t-23.html
20050120093009	http://forum.azzurra.org:80/archive/index.php/t-230.html	t-230.html
20080430011757	http://forum.azzurra.org:80/archive/index.php/t-2302.html	t-2302.html
20050322092637	http://forum.azzurra.org:80/archive/index.php/t-2303.html	t-2303.html
20081121123302	http://forum.azzurra.org/archive/index.php/t-2305.html	t-2305.html
20081202165252	http://forum.azzurra.org/archive/index.php/t-2307.html	t-2307.html
20050516203128	http://forum.azzurra.org:80/archive/index.php/t-2308.html	t-2308.html
20080624141106	http://forum.azzurra.org:80/archive/index.php/t-231.html	t-231.html
20080430020807	http://forum.azzurra.org:80/archive/index.php/t-2310.html	t-2310.html
20081202170251	http://forum.azzurra.org/archive/index.php/t-2313.html	t-2313.html
20080513143616	http://forum.azzurra.org:80/archive/index.php/t-232.html	t-232.html
20080430020308	http://forum.azzurra.org:80/archive/index.php/t-2322.html	t-2322.html
20081202165904	http://forum.azzurra.org/archive/index.php/t-2324.html	t-2324.html
20050516203138	http://forum.azzurra.org:80/archive/index.php/t-2325.html	t-2325.html
20050511235527	http://forum.azzurra.org:80/archive/index.php/t-2329.html	t-2329.html
20081202165846	http://forum.azzurra.org/archive/index.php/t-233.html	t-233.html
20050516203150	http://forum.azzurra.org:80/archive/index.php/t-2331.html	t-2331.html
20081002032339	http://forum.azzurra.org:80/archive/index.php/t-2333.html	t-2333.html
20050511235657	http://forum.azzurra.org:80/archive/index.php/t-2334.html	t-2334.html
20080430020313	http://forum.azzurra.org:80/archive/index.php/t-2336.html	t-2336.html
20050514082537	http://forum.azzurra.org:80/archive/index.php/t-2338.html	t-2338.html
20080430020812	http://forum.azzurra.org:80/archive/index.php/t-2339.html	t-2339.html
20070715111805	http://forum.azzurra.org:80/archive/index.php/t-234.html	t-234.html
20070427012103	http://forum.azzurra.org:80/archive/index.php/t-2340.html	t-2340.html
20081121140612	http://forum.azzurra.org/archive/index.php/t-2341.html	t-2341.html
20080430011802	http://forum.azzurra.org:80/archive/index.php/t-2342.html	t-2342.html
20081202171340	http://forum.azzurra.org/archive/index.php/t-2343.html	t-2343.html
20061103055102	http://forum.azzurra.org:80/archive/index.php/t-2344.html	t-2344.html
20080430020816	http://forum.azzurra.org:80/archive/index.php/t-2345.html	t-2345.html
20081202170814	http://forum.azzurra.org/archive/index.php/t-2346.html	t-2346.html
20050511235455	http://forum.azzurra.org:80/archive/index.php/t-2349.html	t-2349.html
20080624141111	http://forum.azzurra.org:80/archive/index.php/t-235.html	t-235.html
20050511235653	http://forum.azzurra.org:80/archive/index.php/t-2350.html	t-2350.html
20050516203154	http://forum.azzurra.org:80/archive/index.php/t-2351.html	t-2351.html
20050511235508	http://forum.azzurra.org:80/archive/index.php/t-2354.html	t-2354.html
20070302132700	http://forum.azzurra.org:80/archive/index.php/t-2358.html	t-2358.html
20081121130119	http://forum.azzurra.org/archive/index.php/t-2359.html	t-2359.html
20081121105612	http://forum.azzurra.org/archive/index.php/t-2361.html	t-2361.html
20050511235449	http://forum.azzurra.org:80/archive/index.php/t-2362.html	t-2362.html
20081121115111	http://forum.azzurra.org/archive/index.php/t-2364.html	t-2364.html
20081121151936	http://forum.azzurra.org/archive/index.php/t-2365.html	t-2365.html
20050503181221	http://forum.azzurra.org:80/archive/index.php/t-2366.html	t-2366.html
20080430015717	http://forum.azzurra.org:80/archive/index.php/t-2367.html	t-2367.html
20050516203142	http://forum.azzurra.org:80/archive/index.php/t-237.html	t-237.html
20050503181539	http://forum.azzurra.org:80/archive/index.php/t-2373.html	t-2373.html
20070303125727	http://forum.azzurra.org:80/archive/index.php/t-2377.html	t-2377.html
20081202170235	http://forum.azzurra.org/archive/index.php/t-2378.html	t-2378.html
20050516203146	http://forum.azzurra.org:80/archive/index.php/t-238.html	t-238.html
20081121124220	http://forum.azzurra.org/archive/index.php/t-2380.html	t-2380.html
20080430020821	http://forum.azzurra.org:80/archive/index.php/t-2382.html	t-2382.html
20050511235621	http://forum.azzurra.org:80/archive/index.php/t-2383.html	t-2383.html
20050511235436	http://forum.azzurra.org:80/archive/index.php/t-2384.html	t-2384.html
20081121120544	http://forum.azzurra.org/archive/index.php/t-2385.html	t-2385.html
20081202165517	http://forum.azzurra.org/archive/index.php/t-2387.html	t-2387.html
20081202164301	http://forum.azzurra.org/archive/index.php/t-2388.html	t-2388.html
20080624141116	http://forum.azzurra.org:80/archive/index.php/t-239.html	t-239.html
20081202170418	http://forum.azzurra.org/archive/index.php/t-2390.html	t-2390.html
20081121133755	http://forum.azzurra.org/archive/index.php/t-2391.html	t-2391.html
20050511235523	http://forum.azzurra.org:80/archive/index.php/t-2392.html	t-2392.html
20080430020826	http://forum.azzurra.org:80/archive/index.php/t-2396.html	t-2396.html
20070211152624	http://forum.azzurra.org:80/archive/index.php/t-2398.html	t-2398.html
20081202171356	http://forum.azzurra.org/archive/index.php/t-2399.html	t-2399.html
20080917193643	http://forum.azzurra.org:80/archive/index.php/t-24.html	t-24.html
20050820090429	http://forum.azzurra.org:80/archive/index.php/t-240.html	t-240.html
20080430015722	http://forum.azzurra.org:80/archive/index.php/t-2401.html	t-2401.html
20081202165131	http://forum.azzurra.org/archive/index.php/t-2404.html	t-2404.html
20080430012112	http://forum.azzurra.org:80/archive/index.php/t-2406.html	t-2406.html
20080430012118	http://forum.azzurra.org:80/archive/index.php/t-2407.html	t-2407.html
20080624234935	http://forum.azzurra.org:80/archive/index.php/t-241.html	t-241.html
20080624141121	http://forum.azzurra.org:80/archive/index.php/t-2416.html	t-2416.html
20080624231109	http://forum.azzurra.org:80/archive/index.php/t-2418.html	t-2418.html
20061031032246	http://forum.azzurra.org:80/archive/index.php/t-242.html	t-242.html
20081121144422	http://forum.azzurra.org/archive/index.php/t-2420.html	t-2420.html
20050516203158	http://forum.azzurra.org:80/archive/index.php/t-2421.html	t-2421.html
20081202171002	http://forum.azzurra.org/archive/index.php/t-2422.html	t-2422.html
20081121143801	http://forum.azzurra.org/archive/index.php/t-2423.html	t-2423.html
20080430015727	http://forum.azzurra.org:80/archive/index.php/t-2424.html	t-2424.html
20070225101113	http://forum.azzurra.org:80/archive/index.php/t-2425-p-2.html	t-2425-p-2.html
20070223210228	http://forum.azzurra.org:80/archive/index.php/t-2425.html	t-2425.html
20050516203133	http://forum.azzurra.org:80/archive/index.php/t-243.html	t-243.html
20081202164719	http://forum.azzurra.org/archive/index.php/t-2433.html	t-2433.html
20081121111317	http://forum.azzurra.org/archive/index.php/t-2434.html	t-2434.html
20060629224457	http://forum.azzurra.org:80/archive/index.php/t-2435.html	t-2435.html
20050516203202	http://forum.azzurra.org:80/archive/index.php/t-2438.html	t-2438.html
20080624141126	http://forum.azzurra.org:80/archive/index.php/t-244.html	t-244.html
20050516203125	http://forum.azzurra.org:80/archive/index.php/t-2440.html	t-2440.html
20081121134453	http://forum.azzurra.org/archive/index.php/t-2441.html	t-2441.html
20050322094052	http://forum.azzurra.org:80/archive/index.php/t-2442.html	t-2442.html
20081202170013	http://forum.azzurra.org/archive/index.php/t-2443.html	t-2443.html
20100920231000	http://forum.azzurra.org:80/archive/index.php/t-2446.html	t-2446.html
20081121133956	http://forum.azzurra.org/archive/index.php/t-2447.html	t-2447.html
20081202170944	http://forum.azzurra.org/archive/index.php/t-2449.html	t-2449.html
20080624141131	http://forum.azzurra.org:80/archive/index.php/t-245.html	t-245.html
20081202165724	http://forum.azzurra.org/archive/index.php/t-2452.html	t-2452.html
20081202165205	http://forum.azzurra.org/archive/index.php/t-2454.html	t-2454.html
20080624235106	http://forum.azzurra.org:80/archive/index.php/t-2455.html	t-2455.html
20081202165501	http://forum.azzurra.org/archive/index.php/t-2457.html	t-2457.html
20080916115548	http://forum.azzurra.org:80/archive/index.php/t-2458.html	t-2458.html
20081121105330	http://forum.azzurra.org/archive/index.php/t-2459.html	t-2459.html
20081202171430	http://forum.azzurra.org/archive/index.php/t-246.html	t-246.html
20080615093036	http://forum.azzurra.org:80/archive/index.php/t-2460.html	t-2460.html
20080430015732	http://forum.azzurra.org:80/archive/index.php/t-2461.html	t-2461.html
20050514082426	http://forum.azzurra.org:80/archive/index.php/t-2463.html	t-2463.html
20081202165812	http://forum.azzurra.org/archive/index.php/t-2466.html	t-2466.html
20050511235601	http://forum.azzurra.org:80/archive/index.php/t-2468.html	t-2468.html
20081121140931	http://forum.azzurra.org/archive/index.php/t-247.html	t-247.html
20081121132450	http://forum.azzurra.org/archive/index.php/t-2470.html	t-2470.html
20050511235649	http://forum.azzurra.org:80/archive/index.php/t-2471.html	t-2471.html
20081202170436	http://forum.azzurra.org/archive/index.php/t-2472.html	t-2472.html
20070902001441	http://forum.azzurra.org:80/archive/index.php/t-2473.html	t-2473.html
20081202170326	http://forum.azzurra.org/archive/index.php/t-2474.html	t-2474.html
20070323230923	http://forum.azzurra.org:80/archive/index.php/t-2477.html	t-2477.html
20070509033837	http://forum.azzurra.org:80/archive/index.php/t-2478.html	t-2478.html
20081121135510	http://forum.azzurra.org/archive/index.php/t-248.html	t-248.html
20081202164350	http://forum.azzurra.org/archive/index.php/t-2484.html	t-2484.html
20081121111830	http://forum.azzurra.org/archive/index.php/t-2485.html	t-2485.html
20081121114601	http://forum.azzurra.org/archive/index.php/t-2486.html	t-2486.html
20060519173503	http://forum.azzurra.org:80/archive/index.php/t-2487.html	t-2487.html
20081121120729	http://forum.azzurra.org/archive/index.php/t-2489.html	t-2489.html
20081202165955	http://forum.azzurra.org/archive/index.php/t-249.html	t-249.html
20081202170833	http://forum.azzurra.org/archive/index.php/t-2490.html	t-2490.html
20080430015737	http://forum.azzurra.org:80/archive/index.php/t-2491.html	t-2491.html
20050205084629	http://forum.azzurra.org:80/archive/index.php/t-2492.html	t-2492.html
20081202170925	http://forum.azzurra.org/archive/index.php/t-2493.html	t-2493.html
20081121142304	http://forum.azzurra.org/archive/index.php/t-2494.html	t-2494.html
20050511235500	http://forum.azzurra.org:80/archive/index.php/t-2497.html	t-2497.html
20050511235440	http://forum.azzurra.org:80/archive/index.php/t-2498.html	t-2498.html
20081202170032	http://forum.azzurra.org/archive/index.php/t-2499.html	t-2499.html
20081121153151	http://forum.azzurra.org/archive/index.php/t-25.html	t-25.html
20081121104215	http://forum.azzurra.org/archive/index.php/t-250.html	t-250.html
20081121113929	http://forum.azzurra.org/archive/index.php/t-2500.html	t-2500.html
20080624230852	http://forum.azzurra.org:80/archive/index.php/t-2501.html	t-2501.html
20080430015742	http://forum.azzurra.org:80/archive/index.php/t-2502.html	t-2502.html
20070713232139	http://forum.azzurra.org:80/archive/index.php/t-2503.html	t-2503.html
20081121105809	http://forum.azzurra.org/archive/index.php/t-2505.html	t-2505.html
20081121105022	http://forum.azzurra.org/archive/index.php/t-2506.html	t-2506.html
20080430020833	http://forum.azzurra.org:80/archive/index.php/t-2507.html	t-2507.html
20050511235645	http://forum.azzurra.org:80/archive/index.php/t-2508.html	t-2508.html
20081202165001	http://forum.azzurra.org/archive/index.php/t-251.html	t-251.html
20080430020323	http://forum.azzurra.org:80/archive/index.php/t-2511.html	t-2511.html
20050516203207	http://forum.azzurra.org:80/archive/index.php/t-2512.html	t-2512.html
20081202171149	http://forum.azzurra.org/archive/index.php/t-2513.html	t-2513.html
20050411081048	http://forum.azzurra.org:80/archive/index.php/t-2514.html	t-2514.html
20050516203211	http://forum.azzurra.org:80/archive/index.php/t-2516.html	t-2516.html
20050511235617	http://forum.azzurra.org:80/archive/index.php/t-2518.html	t-2518.html
20070901013152	http://forum.azzurra.org:80/archive/index.php/t-2519.html	t-2519.html
20081202164600	http://forum.azzurra.org/archive/index.php/t-252.html	t-252.html
20050503182315	http://forum.azzurra.org:80/archive/index.php/t-2521.html	t-2521.html
20081202170617	http://forum.azzurra.org/archive/index.php/t-2522.html	t-2522.html
20081121150702	http://forum.azzurra.org/archive/index.php/t-2523.html	t-2523.html
20081202171505	http://forum.azzurra.org/archive/index.php/t-2524.html	t-2524.html
20081121111119	http://forum.azzurra.org/archive/index.php/t-253.html	t-253.html
20050516203214	http://forum.azzurra.org:80/archive/index.php/t-2531.html	t-2531.html
20050503182825	http://forum.azzurra.org:80/archive/index.php/t-2533.html	t-2533.html
20071013020119	http://forum.azzurra.org:80/archive/index.php/t-2535.html	t-2535.html
20070427101255	http://forum.azzurra.org:80/archive/index.php/t-2536.html	t-2536.html
20081121112743	http://forum.azzurra.org/archive/index.php/t-2537.html	t-2537.html
20050516203218	http://forum.azzurra.org:80/archive/index.php/t-2538.html	t-2538.html
20081202165652	http://forum.azzurra.org/archive/index.php/t-2539.html	t-2539.html
20050516203223	http://forum.azzurra.org:80/archive/index.php/t-2540.html	t-2540.html
20070211152633	http://forum.azzurra.org:80/archive/index.php/t-2544.html	t-2544.html
20060629224510	http://forum.azzurra.org:80/archive/index.php/t-2545.html	t-2545.html
20070224134432	http://forum.azzurra.org:80/archive/index.php/t-2546.html	t-2546.html
20060629224522	http://forum.azzurra.org:80/archive/index.php/t-2549.html	t-2549.html
20081121120058	http://forum.azzurra.org/archive/index.php/t-2550.html	t-2550.html
20050516203227	http://forum.azzurra.org:80/archive/index.php/t-2552.html	t-2552.html
20050511235604	http://forum.azzurra.org:80/archive/index.php/t-2553.html	t-2553.html
20080430020838	http://forum.azzurra.org:80/archive/index.php/t-2555.html	t-2555.html
20081121130816	http://forum.azzurra.org/archive/index.php/t-2556.html	t-2556.html
20050511235444	http://forum.azzurra.org:80/archive/index.php/t-2557.html	t-2557.html
20080430015757	http://forum.azzurra.org:80/archive/index.php/t-2558.html	t-2558.html
20081121104018	http://forum.azzurra.org/archive/index.php/t-2559.html	t-2559.html
20060113072707	http://forum.azzurra.org:80/archive/index.php/t-256.html	t-256.html
20050516203230	http://forum.azzurra.org:80/archive/index.php/t-2561.html	t-2561.html
20081202165147	http://forum.azzurra.org/archive/index.php/t-2563.html	t-2563.html
20070223060801	http://forum.azzurra.org:80/archive/index.php/t-2564.html	t-2564.html
20080430020843	http://forum.azzurra.org:80/archive/index.php/t-2565.html	t-2565.html
20080430020848	http://forum.azzurra.org:80/archive/index.php/t-2566.html	t-2566.html
20080430020854	http://forum.azzurra.org:80/archive/index.php/t-2567.html	t-2567.html
20080430020328	http://forum.azzurra.org:80/archive/index.php/t-2568.html	t-2568.html
20080430012140	http://forum.azzurra.org:80/archive/index.php/t-2569.html	t-2569.html
20060117081839	http://forum.azzurra.org:80/archive/index.php/t-257.html	t-257.html
20080430020858	http://forum.azzurra.org:80/archive/index.php/t-2570.html	t-2570.html
20080430020333	http://forum.azzurra.org:80/archive/index.php/t-2571.html	t-2571.html
20080430020910	http://forum.azzurra.org:80/archive/index.php/t-2572.html	t-2572.html
20070211152642	http://forum.azzurra.org:80/archive/index.php/t-2573.html	t-2573.html
20050516203234	http://forum.azzurra.org:80/archive/index.php/t-2574.html	t-2574.html
20060814213538	http://forum.azzurra.org:80/archive/index.php/t-2575.html	t-2575.html
20070630161315	http://forum.azzurra.org:80/archive/index.php/t-2576.html	t-2576.html
20060127004208	http://forum.azzurra.org:80/archive/index.php/t-2578.html	t-2578.html
20080624141138	http://forum.azzurra.org:80/archive/index.php/t-258.html	t-258.html
20080430012150	http://forum.azzurra.org:80/archive/index.php/t-2580.html	t-2580.html
20050511235709	http://forum.azzurra.org:80/archive/index.php/t-2581.html	t-2581.html
20050511235555	http://forum.azzurra.org:80/archive/index.php/t-2582.html	t-2582.html
20050503180855	http://forum.azzurra.org:80/archive/index.php/t-2584.html	t-2584.html
20081202165620	http://forum.azzurra.org/archive/index.php/t-2588.html	t-2588.html
20081121122644	http://forum.azzurra.org/archive/index.php/t-2589.html	t-2589.html
20081121120358	http://forum.azzurra.org/archive/index.php/t-259.html	t-259.html
20050516203238	http://forum.azzurra.org:80/archive/index.php/t-2590.html	t-2590.html
20080430020338	http://forum.azzurra.org:80/archive/index.php/t-2591.html	t-2591.html
20050516203242	http://forum.azzurra.org:80/archive/index.php/t-2593.html	t-2593.html
20050516203246	http://forum.azzurra.org:80/archive/index.php/t-2594.html	t-2594.html
20081202171447	http://forum.azzurra.org/archive/index.php/t-2595.html	t-2595.html
20081121141303	http://forum.azzurra.org/archive/index.php/t-2597.html	t-2597.html
20081202164335	http://forum.azzurra.org/archive/index.php/t-26.html	t-26.html
20060113060958	http://forum.azzurra.org:80/archive/index.php/t-260.html	t-260.html
20080430020910	http://forum.azzurra.org:80/archive/index.php/t-2601.html	t-2601.html
20060113055452	http://forum.azzurra.org:80/archive/index.php/t-2606.html	t-2606.html
20080430012155	http://forum.azzurra.org:80/archive/index.php/t-2607.html	t-2607.html
20080430012201	http://forum.azzurra.org:80/archive/index.php/t-2608.html	t-2608.html
20050211102307	http://forum.azzurra.org:80/archive/index.php/t-261.html	t-261.html
20060528093828	http://forum.azzurra.org:80/archive/index.php/t-2613.html	t-2613.html
20080430020342	http://forum.azzurra.org:80/archive/index.php/t-2614.html	t-2614.html
20081202171413	http://forum.azzurra.org/archive/index.php/t-2615.html	t-2615.html
20060113071227	http://forum.azzurra.org:80/archive/index.php/t-262.html	t-262.html
20081121134257	http://forum.azzurra.org/archive/index.php/t-2629.html	t-2629.html
20050817150432	http://forum.azzurra.org:80/archive/index.php/t-263.html	t-263.html
20081202164528	http://forum.azzurra.org/archive/index.php/t-2630.html	t-2630.html
20081121114222	http://forum.azzurra.org/archive/index.php/t-2632.html	t-2632.html
20081202164845	http://forum.azzurra.org/archive/index.php/t-2635.html	t-2635.html
20081202164737	http://forum.azzurra.org/archive/index.php/t-2636.html	t-2636.html
20081121110125	http://forum.azzurra.org/archive/index.php/t-2637.html	t-2637.html
20060113070426	http://forum.azzurra.org:80/archive/index.php/t-264.html	t-264.html
20081202170604	http://forum.azzurra.org/archive/index.php/t-2640.html	t-2640.html
20081121131914	http://forum.azzurra.org/archive/index.php/t-2641.html	t-2641.html
20050503182033	http://forum.azzurra.org:80/archive/index.php/t-2643.html	t-2643.html
20081121134817	http://forum.azzurra.org/archive/index.php/t-2644.html	t-2644.html
20081202170217	http://forum.azzurra.org/archive/index.php/t-2645.html	t-2645.html
20070502075016	http://forum.azzurra.org:80/archive/index.php/t-2646.html	t-2646.html
20050514082542	http://forum.azzurra.org:80/archive/index.php/t-2648.html	t-2648.html
20060113055811	http://forum.azzurra.org:80/archive/index.php/t-265.html	t-265.html
20070902000908	http://forum.azzurra.org:80/archive/index.php/t-2650.html	t-2650.html
20081202165221	http://forum.azzurra.org/archive/index.php/t-2651.html	t-2651.html
20050516203251	http://forum.azzurra.org:80/archive/index.php/t-2652.html	t-2652.html
20081121123626	http://forum.azzurra.org/archive/index.php/t-2653.html	t-2653.html
20081121121156	http://forum.azzurra.org/archive/index.php/t-2655.html	t-2655.html
20081202165740	http://forum.azzurra.org/archive/index.php/t-2657.html	t-2657.html
20080430015802	http://forum.azzurra.org:80/archive/index.php/t-2658.html	t-2658.html
20060113055212	http://forum.azzurra.org:80/archive/index.php/t-2659.html	t-2659.html
20060113073917	http://forum.azzurra.org:80/archive/index.php/t-266.html	t-266.html
20081121122219	http://forum.azzurra.org/archive/index.php/t-2661.html	t-2661.html
20081201174938	http://forum.azzurra.org/archive/index.php/t-2667.html	t-2667.html
20060113063431	http://forum.azzurra.org:80/archive/index.php/t-2668.html	t-2668.html
20081201182557	http://forum.azzurra.org/archive/index.php/t-2669.html	t-2669.html
20051029025304	http://forum.azzurra.org:80/archive/index.php/t-267.html	t-267.html
20081201191227	http://forum.azzurra.org/archive/index.php/t-2671.html	t-2671.html
20081201190014	http://forum.azzurra.org/archive/index.php/t-2672.html	t-2672.html
20080430020916	http://forum.azzurra.org:80/archive/index.php/t-2673.html	t-2673.html
20080430015807	http://forum.azzurra.org:80/archive/index.php/t-2674.html	t-2674.html
20070825201912	http://forum.azzurra.org:80/archive/index.php/t-2675.html	t-2675.html
20080430012205	http://forum.azzurra.org:80/archive/index.php/t-2676.html	t-2676.html
20080430015812	http://forum.azzurra.org:80/archive/index.php/t-2677.html	t-2677.html
20080430020921	http://forum.azzurra.org:80/archive/index.php/t-2678.html	t-2678.html
20080430012210	http://forum.azzurra.org:80/archive/index.php/t-2679.html	t-2679.html
20060113072323	http://forum.azzurra.org:80/archive/index.php/t-268.html	t-268.html
20080430015817	http://forum.azzurra.org:80/archive/index.php/t-2680.html	t-2680.html
20060113072553	http://forum.azzurra.org:80/archive/index.php/t-2681.html	t-2681.html
20080430012215	http://forum.azzurra.org:80/archive/index.php/t-2682.html	t-2682.html
20081201174226	http://forum.azzurra.org/archive/index.php/t-2683.html	t-2683.html
20060623011221	http://forum.azzurra.org:80/archive/index.php/t-2684.html	t-2684.html
20050729092617	http://forum.azzurra.org:80/archive/index.php/t-2686.html	t-2686.html
20081201184410	http://forum.azzurra.org/archive/index.php/t-2688.html	t-2688.html
20081201174813	http://forum.azzurra.org/archive/index.php/t-2689.html	t-2689.html
20060113070714	http://forum.azzurra.org:80/archive/index.php/t-269.html	t-269.html
20081201193504	http://forum.azzurra.org/archive/index.php/t-2690.html	t-2690.html
20081201181346	http://forum.azzurra.org/archive/index.php/t-2691.html	t-2691.html
20060629223916	http://forum.azzurra.org:80/archive/index.php/t-2692.html	t-2692.html
20050627080223	http://forum.azzurra.org:80/archive/index.php/t-2693.html	t-2693.html
20070322070718	http://forum.azzurra.org:80/archive/index.php/t-2694.html	t-2694.html
20050503182318	http://forum.azzurra.org:80/archive/index.php/t-2696.html	t-2696.html
20080430020353	http://forum.azzurra.org:80/archive/index.php/t-2698.html	t-2698.html
20070225013032	http://forum.azzurra.org:80/archive/index.php/t-2699.html	t-2699.html
20081201125705	http://forum.azzurra.org/archive/index.php/t-27.html	t-27.html
20081201181414	http://forum.azzurra.org/archive/index.php/t-270.html	t-270.html
20060629224535	http://forum.azzurra.org:80/archive/index.php/t-2700.html	t-2700.html
20070211152652	http://forum.azzurra.org:80/archive/index.php/t-2701.html	t-2701.html
20080628181506	http://forum.azzurra.org:80/archive/index.php/t-2702.html	t-2702.html
20050511235712	http://forum.azzurra.org:80/archive/index.php/t-2703.html	t-2703.html
20050512152346	http://forum.azzurra.org:80/archive/index.php/t-2704.html	t-2704.html
20060113073415	http://forum.azzurra.org:80/archive/index.php/t-2709.html	t-2709.html
20081201193353	http://forum.azzurra.org/archive/index.php/t-271.html	t-271.html
20080430012226	http://forum.azzurra.org:80/archive/index.php/t-2714.html	t-2714.html
20081201193920	http://forum.azzurra.org/archive/index.php/t-2715.html	t-2715.html
20080624235111	http://forum.azzurra.org:80/archive/index.php/t-2716.html	t-2716.html
20080430012230	http://forum.azzurra.org:80/archive/index.php/t-2718.html	t-2718.html
20081201190805	http://forum.azzurra.org/archive/index.php/t-2719.html	t-2719.html
20081201193953	http://forum.azzurra.org/archive/index.php/t-272.html	t-272.html
20081201181004	http://forum.azzurra.org/archive/index.php/t-2720.html	t-2720.html
20050516203255	http://forum.azzurra.org:80/archive/index.php/t-2721.html	t-2721.html
20081201193208	http://forum.azzurra.org/archive/index.php/t-2724.html	t-2724.html
20080430012236	http://forum.azzurra.org:80/archive/index.php/t-2725.html	t-2725.html
20080430020926	http://forum.azzurra.org:80/archive/index.php/t-2726.html	t-2726.html
20080430015827	http://forum.azzurra.org:80/archive/index.php/t-2727.html	t-2727.html
20050516203258	http://forum.azzurra.org:80/archive/index.php/t-2728.html	t-2728.html
20081201175548	http://forum.azzurra.org/archive/index.php/t-2729.html	t-2729.html
20060113064216	http://forum.azzurra.org:80/archive/index.php/t-273.html	t-273.html
20070427011947	http://forum.azzurra.org:80/archive/index.php/t-2730.html	t-2730.html
20080430020931	http://forum.azzurra.org:80/archive/index.php/t-2731.html	t-2731.html
20050512152354	http://forum.azzurra.org:80/archive/index.php/t-2732.html	t-2732.html
20070310004230	http://forum.azzurra.org:80/archive/index.php/t-2733.html	t-2733.html
20050516203303	http://forum.azzurra.org:80/archive/index.php/t-2734.html	t-2734.html
20081201182728	http://forum.azzurra.org/archive/index.php/t-2735.html	t-2735.html
20060616163454	http://forum.azzurra.org:80/archive/index.php/t-2736.html	t-2736.html
20080430014153	http://forum.azzurra.org:80/archive/index.php/t-2737.html	t-2737.html
20081201183659	http://forum.azzurra.org/archive/index.php/t-2739.html	t-2739.html
20060113061930	http://forum.azzurra.org:80/archive/index.php/t-274.html	t-274.html
20080430020935	http://forum.azzurra.org:80/archive/index.php/t-2740.html	t-2740.html
20081201175841	http://forum.azzurra.org/archive/index.php/t-2741.html	t-2741.html
20081201175614	http://forum.azzurra.org/archive/index.php/t-2742.html	t-2742.html
20081201180423	http://forum.azzurra.org/archive/index.php/t-2744.html	t-2744.html
20081201191441	http://forum.azzurra.org/archive/index.php/t-2746.html	t-2746.html
20081201180234	http://forum.azzurra.org/archive/index.php/t-2747.html	t-2747.html
20070825202000	http://forum.azzurra.org:80/archive/index.php/t-2748.html	t-2748.html
20070223210237	http://forum.azzurra.org:80/archive/index.php/t-2749.html	t-2749.html
20081201181641	http://forum.azzurra.org/archive/index.php/t-275.html	t-275.html
20060507072840	http://forum.azzurra.org:80/archive/index.php/t-2751.html	t-2751.html
20081201185542	http://forum.azzurra.org/archive/index.php/t-2754.html	t-2754.html
20070527163011	http://forum.azzurra.org:80/archive/index.php/t-2757.html	t-2757.html
20080430020940	http://forum.azzurra.org:80/archive/index.php/t-2758.html	t-2758.html
20081201185507	http://forum.azzurra.org/archive/index.php/t-2760.html	t-2760.html
20070714221526	http://forum.azzurra.org:80/archive/index.php/t-2762.html	t-2762.html
20070714221212	http://forum.azzurra.org:80/archive/index.php/t-2764.html	t-2764.html
20050512152200	http://forum.azzurra.org:80/archive/index.php/t-2765.html	t-2765.html
20081201183601	http://forum.azzurra.org/archive/index.php/t-2766.html	t-2766.html
20081201175303	http://forum.azzurra.org/archive/index.php/t-2767.html	t-2767.html
20080430015837	http://forum.azzurra.org:80/archive/index.php/t-2769.html	t-2769.html
20081201192950	http://forum.azzurra.org/archive/index.php/t-277.html	t-277.html
20080430020945	http://forum.azzurra.org:80/archive/index.php/t-2770.html	t-2770.html
20081201190235	http://forum.azzurra.org/archive/index.php/t-2771.html	t-2771.html
20050516203306	http://forum.azzurra.org:80/archive/index.php/t-2774.html	t-2774.html
20081201180107	http://forum.azzurra.org/archive/index.php/t-2775.html	t-2775.html
20081201181813	http://forum.azzurra.org/archive/index.php/t-2779.html	t-2779.html
20050516203311	http://forum.azzurra.org:80/archive/index.php/t-2782.html	t-2782.html
20050516203314	http://forum.azzurra.org:80/archive/index.php/t-2783.html	t-2783.html
20080430020408	http://forum.azzurra.org:80/archive/index.php/t-2784.html	t-2784.html
20070818212643	http://forum.azzurra.org:80/archive/index.php/t-2785.html	t-2785.html
20081119141656	http://forum.azzurra.org/archive/index.php/t-2786.html	t-2786.html
20081201183430	http://forum.azzurra.org/archive/index.php/t-2787.html	t-2787.html
20070901014345	http://forum.azzurra.org:80/archive/index.php/t-279.html	t-279.html
20070301224928	http://forum.azzurra.org:80/archive/index.php/t-2792.html	t-2792.html
20070129091206	http://forum.azzurra.org:80/archive/index.php/t-2793.html	t-2793.html
20080430020414	http://forum.azzurra.org:80/archive/index.php/t-2797.html	t-2797.html
20080430020951	http://forum.azzurra.org:80/archive/index.php/t-2798.html	t-2798.html
20081201174447	http://forum.azzurra.org/archive/index.php/t-28.html	t-28.html
20060113062020	http://forum.azzurra.org:80/archive/index.php/t-280.html	t-280.html
20080430020955	http://forum.azzurra.org:80/archive/index.php/t-2801.html	t-2801.html
20080430014203	http://forum.azzurra.org:80/archive/index.php/t-2804.html	t-2804.html
20070211152702	http://forum.azzurra.org:80/archive/index.php/t-2805.html	t-2805.html
20080430015842	http://forum.azzurra.org:80/archive/index.php/t-2807.html	t-2807.html
20081201192422	http://forum.azzurra.org/archive/index.php/t-2808.html	t-2808.html
20081201175453	http://forum.azzurra.org/archive/index.php/t-2809.html	t-2809.html
20081201184706	http://forum.azzurra.org/archive/index.php/t-281.html	t-281.html
20081201181908	http://forum.azzurra.org/archive/index.php/t-2810.html	t-2810.html
20081201182938	http://forum.azzurra.org/archive/index.php/t-2815.html	t-2815.html
20081201183234	http://forum.azzurra.org/archive/index.php/t-2816.html	t-2816.html
20081201185650	http://forum.azzurra.org/archive/index.php/t-282.html	t-282.html
20081119152956	http://forum.azzurra.org/archive/index.php/t-2820.html	t-2820.html
20080430015847	http://forum.azzurra.org:80/archive/index.php/t-2824.html	t-2824.html
20081201185115	http://forum.azzurra.org/archive/index.php/t-2828.html	t-2828.html
20070129002547	http://forum.azzurra.org:80/archive/index.php/t-2830.html	t-2830.html
20080430014209	http://forum.azzurra.org:80/archive/index.php/t-2831.html	t-2831.html
20080430014214	http://forum.azzurra.org:80/archive/index.php/t-2832.html	t-2832.html
20081201192646	http://forum.azzurra.org/archive/index.php/t-2833.html	t-2833.html
20060127002247	http://forum.azzurra.org:80/archive/index.php/t-2834.html	t-2834.html
20080430021000	http://forum.azzurra.org:80/archive/index.php/t-2835.html	t-2835.html
20061123142404	http://forum.azzurra.org:80/archive/index.php/t-2837-p-2.html	t-2837-p-2.html
20061103055030	http://forum.azzurra.org:80/archive/index.php/t-2837.html	t-2837.html
20080430020423	http://forum.azzurra.org:80/archive/index.php/t-2838.html	t-2838.html
20070211152712	http://forum.azzurra.org:80/archive/index.php/t-2839.html	t-2839.html
20080430021006	http://forum.azzurra.org:80/archive/index.php/t-2844.html	t-2844.html
20081201184222	http://forum.azzurra.org/archive/index.php/t-2845.html	t-2845.html
20070227230805	http://forum.azzurra.org:80/archive/index.php/t-2846-p-3.html	t-2846-p-3.html
20051221170737	http://forum.azzurra.org:80/archive/index.php/t-2846.html	t-2846.html
20050505094805	http://forum.azzurra.org:80/archive/index.php/t-2847.html	t-2847.html
20080430020428	http://forum.azzurra.org:80/archive/index.php/t-2848.html	t-2848.html
20080430021011	http://forum.azzurra.org:80/archive/index.php/t-2849.html	t-2849.html
20081201175034	http://forum.azzurra.org/archive/index.php/t-285.html	t-285.html
20080430021015	http://forum.azzurra.org:80/archive/index.php/t-2850.html	t-2850.html
20061014133634	http://forum.azzurra.org:80/archive/index.php/t-2852.html	t-2852.html
20081201191849	http://forum.azzurra.org/archive/index.php/t-2854.html	t-2854.html
20050505101754	http://forum.azzurra.org:80/archive/index.php/t-2855.html	t-2855.html
20081201175721	http://forum.azzurra.org/archive/index.php/t-2856.html	t-2856.html
20050517073616	http://forum.azzurra.org:80/archive/index.php/t-2857.html	t-2857.html
20100619082633	http://forum.azzurra.org:80/archive/index.php/t-2858.html	t-2858.html
20060113062930	http://forum.azzurra.org:80/archive/index.php/t-286.html	t-286.html
20070825001751	http://forum.azzurra.org:80/archive/index.php/t-2862.html	t-2862.html
20050505102919	http://forum.azzurra.org:80/archive/index.php/t-2863.html	t-2863.html
20081201190320	http://forum.azzurra.org/archive/index.php/t-2865.html	t-2865.html
20081201193629	http://forum.azzurra.org/archive/index.php/t-2869.html	t-2869.html
20060113071857	http://forum.azzurra.org:80/archive/index.php/t-287.html	t-287.html
20070717001408	http://forum.azzurra.org:80/archive/index.php/t-2870.html	t-2870.html
20081201184558	http://forum.azzurra.org/archive/index.php/t-2871.html	t-2871.html
20081201175329	http://forum.azzurra.org/archive/index.php/t-2873.html	t-2873.html
20081201174324	http://forum.azzurra.org/archive/index.php/t-2875.html	t-2875.html
20080430015857	http://forum.azzurra.org:80/archive/index.php/t-2876.html	t-2876.html
20070211152723	http://forum.azzurra.org:80/archive/index.php/t-2877.html	t-2877.html
20081201182530	http://forum.azzurra.org/archive/index.php/t-2878.html	t-2878.html
20081201125809	http://forum.azzurra.org/archive/index.php/t-2879.html	t-2879.html
20081201182633	http://forum.azzurra.org/archive/index.php/t-288.html	t-288.html
20081201193243	http://forum.azzurra.org/archive/index.php/t-2881.html	t-2881.html
20081201192724	http://forum.azzurra.org/archive/index.php/t-2882.html	t-2882.html
20081201181033	http://forum.azzurra.org/archive/index.php/t-2885.html	t-2885.html
20080430015902	http://forum.azzurra.org:80/archive/index.php/t-2886.html	t-2886.html
20061029231627	http://forum.azzurra.org:80/archive/index.php/t-2887.html	t-2887.html
20050517073621	http://forum.azzurra.org:80/archive/index.php/t-2888.html	t-2888.html
20081119154527	http://forum.azzurra.org/archive/index.php/t-289.html	t-289.html
20080430020434	http://forum.azzurra.org:80/archive/index.php/t-2890.html	t-2890.html
20081119160331	http://forum.azzurra.org/archive/index.php/t-2891.html	t-2891.html
20080430020438	http://forum.azzurra.org:80/archive/index.php/t-2892.html	t-2892.html
20080430014223	http://forum.azzurra.org:80/archive/index.php/t-2893.html	t-2893.html
20080430014228	http://forum.azzurra.org:80/archive/index.php/t-2894.html	t-2894.html
20050517073625	http://forum.azzurra.org:80/archive/index.php/t-2896.html	t-2896.html
20080430020444	http://forum.azzurra.org:80/archive/index.php/t-2897.html	t-2897.html
20081201184947	http://forum.azzurra.org/archive/index.php/t-2899.html	t-2899.html
20081201185246	http://forum.azzurra.org/archive/index.php/t-29.html	t-29.html
20081201191100	http://forum.azzurra.org/archive/index.php/t-290.html	t-290.html
20081201181249	http://forum.azzurra.org/archive/index.php/t-2900.html	t-2900.html
20060527213706	http://forum.azzurra.org:80/archive/index.php/t-2903.html	t-2903.html
20081201181841	http://forum.azzurra.org/archive/index.php/t-2905.html	t-2905.html
20081201181512	http://forum.azzurra.org/archive/index.php/t-2906.html	t-2906.html
20050517073629	http://forum.azzurra.org:80/archive/index.php/t-2908.html	t-2908.html
20090108114011	http://forum.azzurra.org/archive/index.php/t-2909-p-25.html	t-2909-p-25.html
20090108113407	http://forum.azzurra.org/archive/index.php/t-2909-p-26.html	t-2909-p-26.html
20090108105928	http://forum.azzurra.org/archive/index.php/t-2909-p-29.html	t-2909-p-29.html
20090108120305	http://forum.azzurra.org/archive/index.php/t-2909-p-30.html	t-2909-p-30.html
20090108093850	http://forum.azzurra.org/archive/index.php/t-2909-p-31.html	t-2909-p-31.html
20090108095750	http://forum.azzurra.org/archive/index.php/t-2909-p-32.html	t-2909-p-32.html
20090108114717	http://forum.azzurra.org/archive/index.php/t-2909-p-33.html	t-2909-p-33.html
20090108092234	http://forum.azzurra.org/archive/index.php/t-2909-p-34.html	t-2909-p-34.html
20090108121551	http://forum.azzurra.org/archive/index.php/t-2909-p-35.html	t-2909-p-35.html
20090108120931	http://forum.azzurra.org/archive/index.php/t-2909-p-36.html	t-2909-p-36.html
20090108092437	http://forum.azzurra.org/archive/index.php/t-2909-p-37.html	t-2909-p-37.html
20090108104101	http://forum.azzurra.org/archive/index.php/t-2909-p-4.html	t-2909-p-4.html
20090108122005	http://forum.azzurra.org/archive/index.php/t-2909-p-5.html	t-2909-p-5.html
20090108122848	http://forum.azzurra.org/archive/index.php/t-2909-p-6.html	t-2909-p-6.html
20090108103300	http://forum.azzurra.org/archive/index.php/t-2909-p-7.html	t-2909-p-7.html
20090108092553	http://forum.azzurra.org/archive/index.php/t-2909-p-8.html	t-2909-p-8.html
20090108120829	http://forum.azzurra.org/archive/index.php/t-2909-p-9.html	t-2909-p-9.html
20081201175815	http://forum.azzurra.org/archive/index.php/t-2909.html	t-2909.html
20050517073552	http://forum.azzurra.org:80/archive/index.php/t-291.html	t-291.html
20080503042647	http://forum.azzurra.org:80/archive/index.php/t-2910.html	t-2910.html
20090108094757	http://forum.azzurra.org/archive/index.php/t-2911.html	t-2911.html
20090108095214	http://forum.azzurra.org/archive/index.php/t-2912.html	t-2912.html
20050517073633	http://forum.azzurra.org:80/archive/index.php/t-2913.html	t-2913.html
20080430020449	http://forum.azzurra.org:80/archive/index.php/t-2914.html	t-2914.html
20080624230857	http://forum.azzurra.org:80/archive/index.php/t-2916.html	t-2916.html
20060113071529	http://forum.azzurra.org:80/archive/index.php/t-292.html	t-292.html
20081201183106	http://forum.azzurra.org/archive/index.php/t-2921.html	t-2921.html
20090108121804	http://forum.azzurra.org/archive/index.php/t-2923-p-2.html	t-2923-p-2.html
20090108092121	http://forum.azzurra.org/archive/index.php/t-2923-p-3.html	t-2923-p-3.html
20090108114813	http://forum.azzurra.org/archive/index.php/t-2923-p-4.html	t-2923-p-4.html
20090108095638	http://forum.azzurra.org/archive/index.php/t-2923-p-5.html	t-2923-p-5.html
20090108094131	http://forum.azzurra.org/archive/index.php/t-2923-p-6.html	t-2923-p-6.html
20081119145807	http://forum.azzurra.org/archive/index.php/t-2923.html	t-2923.html
20050728105350	http://forum.azzurra.org:80/archive/index.php/t-2924.html	t-2924.html
20070312003732	http://forum.azzurra.org:80/archive/index.php/t-2925.html	t-2925.html
20081201182004	http://forum.azzurra.org/archive/index.php/t-2927.html	t-2927.html
20081201185326	http://forum.azzurra.org/archive/index.php/t-2928.html	t-2928.html
20050517073637	http://forum.azzurra.org:80/archive/index.php/t-2929.html	t-2929.html
20081201190104	http://forum.azzurra.org/archive/index.php/t-293.html	t-293.html
20050517073556	http://forum.azzurra.org:80/archive/index.php/t-2930.html	t-2930.html
20090108113825	http://forum.azzurra.org/archive/index.php/t-2931.html	t-2931.html
20090108113306	http://forum.azzurra.org/archive/index.php/t-2932.html	t-2932.html
20050726080350	http://forum.azzurra.org:80/archive/index.php/t-2933.html	t-2933.html
20090108112116	http://forum.azzurra.org/archive/index.php/t-2934.html	t-2934.html
20070211152733	http://forum.azzurra.org:80/archive/index.php/t-2935.html	t-2935.html
20090108101908	http://forum.azzurra.org/archive/index.php/t-2941.html	t-2941.html
20090108101020	http://forum.azzurra.org/archive/index.php/t-2942.html	t-2942.html
20070211152743	http://forum.azzurra.org:80/archive/index.php/t-2943.html	t-2943.html
20090108104436	http://forum.azzurra.org/archive/index.php/t-2944.html	t-2944.html
20081201174746	http://forum.azzurra.org/archive/index.php/t-2947.html	t-2947.html
20090108092705	http://forum.azzurra.org/archive/index.php/t-2948.html	t-2948.html
20081201183036	http://forum.azzurra.org/archive/index.php/t-2949.html	t-2949.html
20081201190507	http://forum.azzurra.org/archive/index.php/t-2951.html	t-2951.html
20080430021228	http://forum.azzurra.org:80/archive/index.php/t-2953.html	t-2953.html
20081201175357	http://forum.azzurra.org/archive/index.php/t-2955.html	t-2955.html
20070211152753	http://forum.azzurra.org:80/archive/index.php/t-2956.html	t-2956.html
20050517073640	http://forum.azzurra.org:80/archive/index.php/t-2957.html	t-2957.html
20090108113621	http://forum.azzurra.org/archive/index.php/t-2959.html	t-2959.html
20081201192145	http://forum.azzurra.org/archive/index.php/t-2960.html	t-2960.html
20081201191146	http://forum.azzurra.org/archive/index.php/t-2965.html	t-2965.html
20081201185849	http://forum.azzurra.org/archive/index.php/t-2966.html	t-2966.html
20070510025136	http://forum.azzurra.org:80/archive/index.php/t-2971.html	t-2971.html
20090108103407	http://forum.azzurra.org/archive/index.php/t-2973.html	t-2973.html
20050517073645	http://forum.azzurra.org:80/archive/index.php/t-2974.html	t-2974.html
20080430020454	http://forum.azzurra.org:80/archive/index.php/t-2977.html	t-2977.html
20081201182201	http://forum.azzurra.org/archive/index.php/t-2978.html	t-2978.html
20050517073649	http://forum.azzurra.org:80/archive/index.php/t-2979.html	t-2979.html
20080430015907	http://forum.azzurra.org:80/archive/index.php/t-2982.html	t-2982.html
20070211152803	http://forum.azzurra.org:80/archive/index.php/t-2984.html	t-2984.html
20090108111600	http://forum.azzurra.org/archive/index.php/t-2985.html	t-2985.html
20050213102718	http://forum.azzurra.org:80/archive/index.php/t-2990.html	t-2990.html
20070715111747	http://forum.azzurra.org:80/archive/index.php/t-2991.html	t-2991.html
20081119161528	http://forum.azzurra.org/archive/index.php/t-2994.html	t-2994.html
20080420131928	http://forum.azzurra.org:80/archive/index.php/t-2995.html	t-2995.html
20080430020459	http://forum.azzurra.org:80/archive/index.php/t-2996.html	t-2996.html
20070427000118	http://forum.azzurra.org:80/archive/index.php/t-2997.html	t-2997.html
20050505094702	http://forum.azzurra.org:80/archive/index.php/t-2998.html	t-2998.html
20050517073605	http://forum.azzurra.org:80/archive/index.php/t-3.html	t-3.html
20081201181612	http://forum.azzurra.org/archive/index.php/t-30.html	t-30.html
20081201181443	http://forum.azzurra.org/archive/index.php/t-3005.html	t-3005.html
20060527213748	http://forum.azzurra.org:80/archive/index.php/t-3006.html	t-3006.html
20070714221406	http://forum.azzurra.org:80/archive/index.php/t-3008.html	t-3008.html
20070825201923	http://forum.azzurra.org:80/archive/index.php/t-3009.html	t-3009.html
20081201184057	http://forum.azzurra.org/archive/index.php/t-301.html	t-301.html
20081201183135	http://forum.azzurra.org/archive/index.php/t-3010.html	t-3010.html
20060527213806	http://forum.azzurra.org:80/archive/index.php/t-3012.html	t-3012.html
20050228224213	http://forum.azzurra.org:80/archive/index.php/t-3015.html	t-3015.html
20090108101408	http://forum.azzurra.org/archive/index.php/t-3018.html	t-3018.html
20081201183726	http://forum.azzurra.org/archive/index.php/t-302.html	t-302.html
20051130154203	http://forum.azzurra.org:80/archive/index.php/t-3021.html	t-3021.html
20050517073653	http://forum.azzurra.org:80/archive/index.php/t-3022.html	t-3022.html
20050517073656	http://forum.azzurra.org:80/archive/index.php/t-3023.html	t-3023.html
20050517073700	http://forum.azzurra.org:80/archive/index.php/t-3024.html	t-3024.html
20060527213814	http://forum.azzurra.org:80/archive/index.php/t-3025.html	t-3025.html
20060629224547	http://forum.azzurra.org:80/archive/index.php/t-3026.html	t-3026.html
20080624141143	http://forum.azzurra.org:80/archive/index.php/t-3027.html	t-3027.html
20081201184139	http://forum.azzurra.org/archive/index.php/t-3028.html	t-3028.html
20081201193812	http://forum.azzurra.org/archive/index.php/t-3030.html	t-3030.html
20060427005302	http://forum.azzurra.org:80/archive/index.php/t-3031.html	t-3031.html
20081201180906	http://forum.azzurra.org/archive/index.php/t-3032.html	t-3032.html
20090108114616	http://forum.azzurra.org/archive/index.php/t-3034.html	t-3034.html
20070825201955	http://forum.azzurra.org:80/archive/index.php/t-3035.html	t-3035.html
20090108112844	http://forum.azzurra.org/archive/index.php/t-3037.html	t-3037.html
20050512152401	http://forum.azzurra.org:80/archive/index.php/t-3041.html	t-3041.html
20090108103518	http://forum.azzurra.org/archive/index.php/t-3042.html	t-3042.html
20080624141148	http://forum.azzurra.org:80/archive/index.php/t-3044.html	t-3044.html
20081201184631	http://forum.azzurra.org/archive/index.php/t-3045.html	t-3045.html
20081201185616	http://forum.azzurra.org/archive/index.php/t-3046.html	t-3046.html
20070901013304	http://forum.azzurra.org:80/archive/index.php/t-3049.html	t-3049.html
20050517073705	http://forum.azzurra.org:80/archive/index.php/t-3050.html	t-3050.html
20080430020509	http://forum.azzurra.org:80/archive/index.php/t-3055.html	t-3055.html
20080624235116	http://forum.azzurra.org:80/archive/index.php/t-3056.html	t-3056.html
20080430020514	http://forum.azzurra.org:80/archive/index.php/t-3057.html	t-3057.html
20080430021234	http://forum.azzurra.org:80/archive/index.php/t-3058.html	t-3058.html
20081201174544	http://forum.azzurra.org/archive/index.php/t-306.html	t-306.html
20081201180326	http://forum.azzurra.org/archive/index.php/t-3061.html	t-3061.html
20050113091906	http://forum.azzurra.org:80/archive/index.php/t-3063.html	t-3063.html
20060527213837	http://forum.azzurra.org:80/archive/index.php/t-3064.html	t-3064.html
20060527213850	http://forum.azzurra.org:80/archive/index.php/t-3065.html	t-3065.html
20090108105728	http://forum.azzurra.org/archive/index.php/t-3067.html	t-3067.html
20050729093753	http://forum.azzurra.org:80/archive/index.php/t-3069.html	t-3069.html
20081201185031	http://forum.azzurra.org/archive/index.php/t-307.html	t-307.html
20080430014244	http://forum.azzurra.org:80/archive/index.php/t-3070.html	t-3070.html
20080430020519	http://forum.azzurra.org:80/archive/index.php/t-3072.html	t-3072.html
20080430015922	http://forum.azzurra.org:80/archive/index.php/t-3073.html	t-3073.html
20060527213902	http://forum.azzurra.org:80/archive/index.php/t-3074.html	t-3074.html
20080430020524	http://forum.azzurra.org:80/archive/index.php/t-3075.html	t-3075.html
20080430014249	http://forum.azzurra.org:80/archive/index.php/t-3076.html	t-3076.html
20090108122621	http://forum.azzurra.org/archive/index.php/t-3077.html	t-3077.html
20050517073708	http://forum.azzurra.org:80/archive/index.php/t-3078.html	t-3078.html
20070718155927	http://forum.azzurra.org:80/archive/index.php/t-308.html	t-308.html
20060715021849	http://forum.azzurra.org:80/archive/index.php/t-3080.html	t-3080.html
20050505101751	http://forum.azzurra.org:80/archive/index.php/t-3081.html	t-3081.html
20080430015927	http://forum.azzurra.org:80/archive/index.php/t-3082.html	t-3082.html
20090108110703	http://forum.azzurra.org/archive/index.php/t-3083.html	t-3083.html
20070227102510	http://forum.azzurra.org:80/archive/index.php/t-3084.html	t-3084.html
20080430014259	http://forum.azzurra.org:80/archive/index.php/t-3085.html	t-3085.html
20080917020855	http://forum.azzurra.org:80/archive/index.php/t-3086.html	t-3086.html
20080430021244	http://forum.azzurra.org:80/archive/index.php/t-3087.html	t-3087.html
20081201191932	http://forum.azzurra.org/archive/index.php/t-3088.html	t-3088.html
20080624234940	http://forum.azzurra.org:80/archive/index.php/t-3089.html	t-3089.html
20060113073100	http://forum.azzurra.org:80/archive/index.php/t-309.html	t-309.html
20080430015932	http://forum.azzurra.org:80/archive/index.php/t-3090.html	t-3090.html
20050318085602	http://forum.azzurra.org:80/archive/index.php/t-3091.html	t-3091.html
20050517073712	http://forum.azzurra.org:80/archive/index.php/t-3092.html	t-3092.html
20081201182130	http://forum.azzurra.org/archive/index.php/t-3093.html	t-3093.html
20080430015937	http://forum.azzurra.org:80/archive/index.php/t-3094.html	t-3094.html
20070211152813	http://forum.azzurra.org:80/archive/index.php/t-3095.html	t-3095.html
20070713232210	http://forum.azzurra.org:80/archive/index.php/t-3096.html	t-3096.html
20090108093516	http://forum.azzurra.org/archive/index.php/t-3097.html	t-3097.html
20070704181444	http://forum.azzurra.org:80/archive/index.php/t-3098.html	t-3098.html
20080430015942	http://forum.azzurra.org:80/archive/index.php/t-3099.html	t-3099.html
20081201192913	http://forum.azzurra.org/archive/index.php/t-31.html	t-31.html
20080516214813	http://forum.azzurra.org:80/archive/index.php/t-3100.html	t-3100.html
20080430015947	http://forum.azzurra.org:80/archive/index.php/t-3101.html	t-3101.html
20080430021249	http://forum.azzurra.org:80/archive/index.php/t-3102.html	t-3102.html
20080430015952	http://forum.azzurra.org:80/archive/index.php/t-3103.html	t-3103.html
20060427001206	http://forum.azzurra.org:80/archive/index.php/t-3105.html	t-3105.html
20050420075711	http://forum.azzurra.org:80/archive/index.php/t-3106.html	t-3106.html
20080624230902	http://forum.azzurra.org:80/archive/index.php/t-3107.html	t-3107.html
20080430020534	http://forum.azzurra.org:80/archive/index.php/t-3109.html	t-3109.html
20081201175746	http://forum.azzurra.org/archive/index.php/t-311.html	t-311.html
20081201182841	http://forum.azzurra.org/archive/index.php/t-3110.html	t-3110.html
20090108093257	http://forum.azzurra.org/archive/index.php/t-3111.html	t-3111.html
20090108091619	http://forum.azzurra.org/archive/index.php/t-3112.html	t-3112.html
20080430014309	http://forum.azzurra.org:80/archive/index.php/t-3113.html	t-3113.html
20090108095334	http://forum.azzurra.org/archive/index.php/t-3114.html	t-3114.html
20080430020539	http://forum.azzurra.org:80/archive/index.php/t-3116.html	t-3116.html
20080430015957	http://forum.azzurra.org:80/archive/index.php/t-3117.html	t-3117.html
20081201175520	http://forum.azzurra.org/archive/index.php/t-312.html	t-312.html
20060405154302	http://forum.azzurra.org:80/archive/index.php/t-3121.html	t-3121.html
20080430014314	http://forum.azzurra.org:80/archive/index.php/t-3125.html	t-3125.html
20080430021259	http://forum.azzurra.org:80/archive/index.php/t-3127.html	t-3127.html
20060629224601	http://forum.azzurra.org:80/archive/index.php/t-3129.html	t-3129.html
20081201192342	http://forum.azzurra.org/archive/index.php/t-313.html	t-313.html
20080430014320	http://forum.azzurra.org:80/archive/index.php/t-3132.html	t-3132.html
20071029020146	http://forum.azzurra.org:80/archive/index.php/t-3133.html	t-3133.html
20080430014325	http://forum.azzurra.org:80/archive/index.php/t-3136.html	t-3136.html
20080430021304	http://forum.azzurra.org:80/archive/index.php/t-3137.html	t-3137.html
20051125104054	http://forum.azzurra.org:80/archive/index.php/t-314.html	t-314.html
20061028194529	http://forum.azzurra.org:80/archive/index.php/t-3146.html	t-3146.html
20070429053149	http://forum.azzurra.org:80/archive/index.php/t-3147.html	t-3147.html
20050517073609	http://forum.azzurra.org:80/archive/index.php/t-315.html	t-315.html
20050517073717	http://forum.azzurra.org:80/archive/index.php/t-3150.html	t-3150.html
20081201190154	http://forum.azzurra.org/archive/index.php/t-3154.html	t-3154.html
20081201180353	http://forum.azzurra.org/archive/index.php/t-3155.html	t-3155.html
20060527213916	http://forum.azzurra.org:80/archive/index.php/t-3156.html	t-3156.html
20081201190858	http://forum.azzurra.org/archive/index.php/t-316.html	t-316.html
20070607173518	http://forum.azzurra.org:80/archive/index.php/t-3160.html	t-3160.html
20080430014335	http://forum.azzurra.org:80/archive/index.php/t-3162.html	t-3162.html
20050517073721	http://forum.azzurra.org:80/archive/index.php/t-3163.html	t-3163.html
20050512152242	http://forum.azzurra.org:80/archive/index.php/t-3164.html	t-3164.html
20070211152823	http://forum.azzurra.org:80/archive/index.php/t-3165.html	t-3165.html
20050802110309	http://forum.azzurra.org:80/archive/index.php/t-3167.html	t-3167.html
20060701052944	http://forum.azzurra.org:80/archive/index.php/t-3168.html	t-3168.html
20080430021617	http://forum.azzurra.org:80/archive/index.php/t-3169.html	t-3169.html
20081202051501	http://forum.azzurra.org/archive/index.php/t-317.html	t-317.html
20070309210319	http://forum.azzurra.org:80/archive/index.php/t-3170.html	t-3170.html
20060527213933	http://forum.azzurra.org:80/archive/index.php/t-3171.html	t-3171.html
20080430021627	http://forum.azzurra.org:80/archive/index.php/t-3172.html	t-3172.html
20081202045557	http://forum.azzurra.org/archive/index.php/t-3173.html	t-3173.html
20081202070406	http://forum.azzurra.org/archive/index.php/t-3174.html	t-3174.html
20080430014344	http://forum.azzurra.org:80/archive/index.php/t-3175.html	t-3175.html
20080430202842	http://forum.azzurra.org:80/archive/index.php/t-3177.html	t-3177.html
20081202061920	http://forum.azzurra.org/archive/index.php/t-3178.html	t-3178.html
20050517073613	http://forum.azzurra.org:80/archive/index.php/t-318.html	t-318.html
20080624231112	http://forum.azzurra.org:80/archive/index.php/t-3180.html	t-3180.html
20070312212941	http://forum.azzurra.org:80/archive/index.php/t-3181.html	t-3181.html
20081202081340	http://forum.azzurra.org/archive/index.php/t-3182.html	t-3182.html
20090108112014	http://forum.azzurra.org/archive/index.php/t-3183.html	t-3183.html
20080430020549	http://forum.azzurra.org:80/archive/index.php/t-3187.html	t-3187.html
20050521081434	http://forum.azzurra.org:80/archive/index.php/t-3189.html	t-3189.html
20070716102548	http://forum.azzurra.org:80/archive/index.php/t-319.html	t-319.html
20081202055811	http://forum.azzurra.org/archive/index.php/t-3193.html	t-3193.html
20050517073725	http://forum.azzurra.org:80/archive/index.php/t-3194.html	t-3194.html
20080430014854	http://forum.azzurra.org:80/archive/index.php/t-3195.html	t-3195.html
20081202061811	http://forum.azzurra.org/archive/index.php/t-3196.html	t-3196.html
20090108091959	http://forum.azzurra.org/archive/index.php/t-3197.html	t-3197.html
20090108104205	http://forum.azzurra.org/archive/index.php/t-3198.html	t-3198.html
20060427072740	http://forum.azzurra.org:80/archive/index.php/t-3199.html	t-3199.html
20081202075934	http://forum.azzurra.org/archive/index.php/t-32.html	t-32.html
20081202052234	http://forum.azzurra.org/archive/index.php/t-320.html	t-320.html
20080430020554	http://forum.azzurra.org:80/archive/index.php/t-3200.html	t-3200.html
20050505102635	http://forum.azzurra.org:80/archive/index.php/t-3201.html	t-3201.html
20050505094532	http://forum.azzurra.org:80/archive/index.php/t-3202.html	t-3202.html
20070303072543	http://forum.azzurra.org:80/archive/index.php/t-3203.html	t-3203.html
20080430014859	http://forum.azzurra.org:80/archive/index.php/t-3205.html	t-3205.html
20080430014904	http://forum.azzurra.org:80/archive/index.php/t-3206.html	t-3206.html
20061208015743	http://forum.azzurra.org:80/archive/index.php/t-3207.html	t-3207.html
20090108110148	http://forum.azzurra.org/archive/index.php/t-3209.html	t-3209.html
20081202073919	http://forum.azzurra.org/archive/index.php/t-321.html	t-321.html
20050517073728	http://forum.azzurra.org:80/archive/index.php/t-3210.html	t-3210.html
20080430020046	http://forum.azzurra.org:80/archive/index.php/t-3211.html	t-3211.html
20090108115117	http://forum.azzurra.org/archive/index.php/t-3213.html	t-3213.html
20070702192405	http://forum.azzurra.org:80/archive/index.php/t-3214.html	t-3214.html
20090108120724	http://forum.azzurra.org/archive/index.php/t-3216.html	t-3216.html
20090108093032	http://forum.azzurra.org/archive/index.php/t-3217.html	t-3217.html
20090108102830	http://forum.azzurra.org/archive/index.php/t-3218.html	t-3218.html
20081202071052	http://forum.azzurra.org/archive/index.php/t-3219.html	t-3219.html
20081202074210	http://forum.azzurra.org/archive/index.php/t-322.html	t-322.html
20081120060141	http://forum.azzurra.org/archive/index.php/t-3220.html	t-3220.html
20080430020050	http://forum.azzurra.org:80/archive/index.php/t-3221.html	t-3221.html
20070513174236	http://forum.azzurra.org:80/archive/index.php/t-3222.html	t-3222.html
20090108093147	http://forum.azzurra.org/archive/index.php/t-3223.html	t-3223.html
20081202055153	http://forum.azzurra.org/archive/index.php/t-3224.html	t-3224.html
20080430020559	http://forum.azzurra.org:80/archive/index.php/t-3225.html	t-3225.html
20081202044613	http://forum.azzurra.org/archive/index.php/t-3226.html	t-3226.html
20050505101340	http://forum.azzurra.org:80/archive/index.php/t-3229.html	t-3229.html
20050827002737	http://forum.azzurra.org:80/archive/index.php/t-323.html	t-323.html
20081202054712	http://forum.azzurra.org/archive/index.php/t-3231.html	t-3231.html
20060527213947	http://forum.azzurra.org:80/archive/index.php/t-3233.html	t-3233.html
20090108111138	http://forum.azzurra.org/archive/index.php/t-3234.html	t-3234.html
20070223055920	http://forum.azzurra.org:80/archive/index.php/t-3237.html	t-3237.html
20070901013944	http://forum.azzurra.org:80/archive/index.php/t-3239.html	t-3239.html
20060113073002	http://forum.azzurra.org:80/archive/index.php/t-324.html	t-324.html
20050728110758	http://forum.azzurra.org:80/archive/index.php/t-3240.html	t-3240.html
20070607173504	http://forum.azzurra.org:80/archive/index.php/t-3241.html	t-3241.html
20080430014909	http://forum.azzurra.org:80/archive/index.php/t-3242.html	t-3242.html
20060304182115	http://forum.azzurra.org:80/archive/index.php/t-3245.html	t-3245.html
20050801084005	http://forum.azzurra.org:80/archive/index.php/t-3247.html	t-3247.html
20060706151127	http://forum.azzurra.org:80/archive/index.php/t-3248.html	t-3248.html
20081202055859	http://forum.azzurra.org/archive/index.php/t-3249.html	t-3249.html
20081202051131	http://forum.azzurra.org/archive/index.php/t-325.html	t-325.html
20081202051347	http://forum.azzurra.org/archive/index.php/t-3250.html	t-3250.html
20080430021642	http://forum.azzurra.org:80/archive/index.php/t-3251.html	t-3251.html
20060629224621	http://forum.azzurra.org:80/archive/index.php/t-3252.html	t-3252.html
20080430020055	http://forum.azzurra.org:80/archive/index.php/t-3253.html	t-3253.html
20080430021649	http://forum.azzurra.org:80/archive/index.php/t-3254.html	t-3254.html
20050517073732	http://forum.azzurra.org:80/archive/index.php/t-3255.html	t-3255.html
20081202050948	http://forum.azzurra.org/archive/index.php/t-3256.html	t-3256.html
20090108112640	http://forum.azzurra.org/archive/index.php/t-3259.html	t-3259.html
20060113064637	http://forum.azzurra.org:80/archive/index.php/t-326.html	t-326.html
20090108104643	http://forum.azzurra.org/archive/index.php/t-3261.html	t-3261.html
20081202052024	http://forum.azzurra.org/archive/index.php/t-3264.html	t-3264.html
20081202073832	http://forum.azzurra.org/archive/index.php/t-3266.html	t-3266.html
20090108110450	http://forum.azzurra.org/archive/index.php/t-3267.html	t-3267.html
20060527214015	http://forum.azzurra.org:80/archive/index.php/t-3269.html	t-3269.html
20081202075342	http://forum.azzurra.org/archive/index.php/t-327.html	t-327.html
20080430021654	http://forum.azzurra.org:80/archive/index.php/t-3270.html	t-3270.html
20050517073600	http://forum.azzurra.org:80/archive/index.php/t-3272.html	t-3272.html
20080430020604	http://forum.azzurra.org:80/archive/index.php/t-3279.html	t-3279.html
20081202080313	http://forum.azzurra.org/archive/index.php/t-328.html	t-328.html
20081202075848	http://forum.azzurra.org/archive/index.php/t-3281.html	t-3281.html
20070307225116	http://forum.azzurra.org:80/archive/index.php/t-3283.html	t-3283.html
20080624141153	http://forum.azzurra.org:80/archive/index.php/t-3284.html	t-3284.html
20060527214028	http://forum.azzurra.org:80/archive/index.php/t-3285.html	t-3285.html
20060519173529	http://forum.azzurra.org:80/archive/index.php/t-3286.html	t-3286.html
20061029093455	http://forum.azzurra.org:80/archive/index.php/t-3288-p-2.html	t-3288-p-2.html
20061118051917	http://forum.azzurra.org:80/archive/index.php/t-3288-p-3.html	t-3288-p-3.html
20050321084021	http://forum.azzurra.org:80/archive/index.php/t-3288.html	t-3288.html
20050505102914	http://forum.azzurra.org:80/archive/index.php/t-3289.html	t-3289.html
20081202054328	http://forum.azzurra.org/archive/index.php/t-329.html	t-329.html
20080430021659	http://forum.azzurra.org:80/archive/index.php/t-3291.html	t-3291.html
20050517073737	http://forum.azzurra.org:80/archive/index.php/t-3292.html	t-3292.html
20070128015227	http://forum.azzurra.org:80/archive/index.php/t-3293.html	t-3293.html
20080430020100	http://forum.azzurra.org:80/archive/index.php/t-3294.html	t-3294.html
20081202055315	http://forum.azzurra.org/archive/index.php/t-3295.html	t-3295.html
20080430021705	http://forum.azzurra.org:80/archive/index.php/t-3296.html	t-3296.html
20050517073741	http://forum.azzurra.org:80/archive/index.php/t-3297.html	t-3297.html
20090108100906	http://forum.azzurra.org/archive/index.php/t-3298.html	t-3298.html
20081202054513	http://forum.azzurra.org/archive/index.php/t-33.html	t-33.html
20081202071924	http://forum.azzurra.org/archive/index.php/t-330.html	t-330.html
20050505094234	http://forum.azzurra.org:80/archive/index.php/t-3301.html	t-3301.html
20090715055851	http://forum.azzurra.org:80/archive/index.php/t-3302.html	t-3302.html
20090108110804	http://forum.azzurra.org/archive/index.php/t-3303.html	t-3303.html
20060113073852	http://forum.azzurra.org:80/archive/index.php/t-3308.html	t-3308.html
20081202045042	http://forum.azzurra.org/archive/index.php/t-331.html	t-331.html
20060427040140	http://forum.azzurra.org:80/archive/index.php/t-3310.html	t-3310.html
20050517175006	http://forum.azzurra.org:80/archive/index.php/t-3312.html	t-3312.html
20060527214040	http://forum.azzurra.org:80/archive/index.php/t-3313.html	t-3313.html
20070206012313	http://forum.azzurra.org:80/archive/index.php/t-3314.html	t-3314.html
20080430020105	http://forum.azzurra.org:80/archive/index.php/t-3315.html	t-3315.html
20090108091505	http://forum.azzurra.org/archive/index.php/t-3317.html	t-3317.html
20081202063048	http://forum.azzurra.org/archive/index.php/t-3319.html	t-3319.html
20081202045406	http://forum.azzurra.org/archive/index.php/t-332.html	t-332.html
20080624235122	http://forum.azzurra.org:80/archive/index.php/t-3320.html	t-3320.html
20050728111830	http://forum.azzurra.org:80/archive/index.php/t-3321.html	t-3321.html
20050517175010	http://forum.azzurra.org:80/archive/index.php/t-3327.html	t-3327.html
20081101095156	http://forum.azzurra.org:80/archive/index.php/t-3329.html	t-3329.html
20081202071603	http://forum.azzurra.org/archive/index.php/t-333.html	t-333.html
20081202054128	http://forum.azzurra.org/archive/index.php/t-3331.html	t-3331.html
20080430020110	http://forum.azzurra.org:80/archive/index.php/t-3333.html	t-3333.html
20050406081908	http://forum.azzurra.org:80/archive/index.php/t-3335.html	t-3335.html
20090108112321	http://forum.azzurra.org/archive/index.php/t-3337.html	t-3337.html
20060510192533	http://forum.azzurra.org/archive/index.php/t-3338.html	t-3338.html
20081202074049	http://forum.azzurra.org/archive/index.php/t-3339.html	t-3339.html
20060113073827	http://forum.azzurra.org:80/archive/index.php/t-334.html	t-334.html
20050517175014	http://forum.azzurra.org:80/archive/index.php/t-3340.html	t-3340.html
20090108103055	http://forum.azzurra.org/archive/index.php/t-3344.html	t-3344.html
20080430014915	http://forum.azzurra.org:80/archive/index.php/t-3345.html	t-3345.html
20081202062408	http://forum.azzurra.org/archive/index.php/t-3346.html	t-3346.html
20081202050148	http://forum.azzurra.org/archive/index.php/t-3347.html	t-3347.html
20060813151734	http://forum.azzurra.org:80/archive/index.php/t-3349.html	t-3349.html
20081202071149	http://forum.azzurra.org/archive/index.php/t-335.html	t-335.html
20080430020609	http://forum.azzurra.org:80/archive/index.php/t-3350.html	t-3350.html
20091129035912	http://forum.azzurra.org:80/archive/index.php/t-3351.html	t-3351.html
20060629224634	http://forum.azzurra.org:80/archive/index.php/t-3353.html	t-3353.html
20050528081343	http://forum.azzurra.org:80/archive/index.php/t-3354.html	t-3354.html
20070211152843	http://forum.azzurra.org:80/archive/index.php/t-3356.html	t-3356.html
20081202075545	http://forum.azzurra.org/archive/index.php/t-3357.html	t-3357.html
20080430021725	http://forum.azzurra.org:80/archive/index.php/t-3358.html	t-3358.html
20050515035041	http://forum.azzurra.org:80/archive/index.php/t-3359.html	t-3359.html
20081202062731	http://forum.azzurra.org/archive/index.php/t-336.html	t-336.html
20080917020905	http://forum.azzurra.org:80/archive/index.php/t-3360.html	t-3360.html
20080430020614	http://forum.azzurra.org:80/archive/index.php/t-3364.html	t-3364.html
20080430020115	http://forum.azzurra.org:80/archive/index.php/t-3365.html	t-3365.html
20080430014919	http://forum.azzurra.org:80/archive/index.php/t-3367.html	t-3367.html
20050412082048	http://forum.azzurra.org:80/archive/index.php/t-3368.html	t-3368.html
20081202050029	http://forum.azzurra.org/archive/index.php/t-337.html	t-337.html
20080430014924	http://forum.azzurra.org:80/archive/index.php/t-3372.html	t-3372.html
20050517175018	http://forum.azzurra.org:80/archive/index.php/t-3373.html	t-3373.html
20081202044923	http://forum.azzurra.org/archive/index.php/t-3375.html	t-3375.html
20090108111809	http://forum.azzurra.org/archive/index.php/t-3376-p-3.html	t-3376-p-3.html
20081202045521	http://forum.azzurra.org/archive/index.php/t-3376.html	t-3376.html
20081202071339	http://forum.azzurra.org/archive/index.php/t-3377.html	t-3377.html
20080428142959	http://forum.azzurra.org:80/archive/index.php/t-3378.html	t-3378.html
20090108094243	http://forum.azzurra.org/archive/index.php/t-3379.html	t-3379.html
20060613162146	http://forum.azzurra.org:80/archive/index.php/t-3380.html	t-3380.html
20060814162615	http://forum.azzurra.org:80/archive/index.php/t-3381.html	t-3381.html
20080430021730	http://forum.azzurra.org:80/archive/index.php/t-3382.html	t-3382.html
20080430020120	http://forum.azzurra.org:80/archive/index.php/t-3383.html	t-3383.html
20090108110557	http://forum.azzurra.org/archive/index.php/t-3385.html	t-3385.html
20070317014928	http://forum.azzurra.org:80/archive/index.php/t-3386.html	t-3386.html
20050827052514	http://forum.azzurra.org:80/archive/index.php/t-339.html	t-339.html
20081120061208	http://forum.azzurra.org/archive/index.php/t-3392.html	t-3392.html
20050517175022	http://forum.azzurra.org:80/archive/index.php/t-3393.html	t-3393.html
20050306085627	http://forum.azzurra.org:80/archive/index.php/t-3395.html	t-3395.html
20060113071443	http://forum.azzurra.org:80/archive/index.php/t-3397.html	t-3397.html
20050505094504	http://forum.azzurra.org:80/archive/index.php/t-3398.html	t-3398.html
20081202084422	http://forum.azzurra.org/archive/index.php/t-34.html	t-34.html
20050505101839	http://forum.azzurra.org:80/archive/index.php/t-3403.html	t-3403.html
20050505102934	http://forum.azzurra.org:80/archive/index.php/t-3404.html	t-3404.html
20081202050440	http://forum.azzurra.org/archive/index.php/t-3405.html	t-3405.html
20090108113206	http://forum.azzurra.org/archive/index.php/t-3409.html	t-3409.html
20081202054249	http://forum.azzurra.org/archive/index.php/t-341.html	t-341.html
20090108102018	http://forum.azzurra.org/archive/index.php/t-3411.html	t-3411.html
20090108101523	http://forum.azzurra.org/archive/index.php/t-3412.html	t-3412.html
20090108092822	http://forum.azzurra.org/archive/index.php/t-3418.html	t-3418.html
20090108120509	http://forum.azzurra.org/archive/index.php/t-3419.html	t-3419.html
20060715022130	http://forum.azzurra.org:80/archive/index.php/t-342.html	t-342.html
20051231122617	http://forum.azzurra.org:80/archive/index.php/t-3422.html	t-3422.html
20060527214056	http://forum.azzurra.org:80/archive/index.php/t-3423.html	t-3423.html
20090108123050	http://forum.azzurra.org/archive/index.php/t-3424.html	t-3424.html
20090108100310	http://forum.azzurra.org/archive/index.php/t-3426.html	t-3426.html
20090108115215	http://forum.azzurra.org/archive/index.php/t-3428.html	t-3428.html
20070902000958	http://forum.azzurra.org:80/archive/index.php/t-343.html	t-343.html
20050505094508	http://forum.azzurra.org:80/archive/index.php/t-3430.html	t-3430.html
20090108105200	http://forum.azzurra.org/archive/index.php/t-3431.html	t-3431.html
20081202050702	http://forum.azzurra.org/archive/index.php/t-3432.html	t-3432.html
20050517175026	http://forum.azzurra.org:80/archive/index.php/t-3434.html	t-3434.html
20080606065539	http://forum.azzurra.org:80/archive/index.php/t-344.html	t-344.html
20070102074342	http://forum.azzurra.org:80/archive/index.php/t-3442.html	t-3442.html
20050517175030	http://forum.azzurra.org:80/archive/index.php/t-3443.html	t-3443.html
20081202062211	http://forum.azzurra.org/archive/index.php/t-3445.html	t-3445.html
20060408143551	http://forum.azzurra.org:80/archive/index.php/t-3448.html	t-3448.html
20081202084009	http://forum.azzurra.org/archive/index.php/t-345.html	t-345.html
20070129003318	http://forum.azzurra.org:80/archive/index.php/t-3450.html	t-3450.html
20060721080407	http://forum.azzurra.org:80/archive/index.php/t-3451.html	t-3451.html
20070224081459	http://forum.azzurra.org:80/archive/index.php/t-3453.html	t-3453.html
20070713222944	http://forum.azzurra.org:80/archive/index.php/t-3457.html	t-3457.html
20050517175034	http://forum.azzurra.org:80/archive/index.php/t-3458.html	t-3458.html
20060113062159	http://forum.azzurra.org:80/archive/index.php/t-346.html	t-346.html
20070310091118	http://forum.azzurra.org:80/archive/index.php/t-3460.html	t-3460.html
20090108114110	http://forum.azzurra.org/archive/index.php/t-3461.html	t-3461.html
20081202054207	http://forum.azzurra.org/archive/index.php/t-3462.html	t-3462.html
20050517175037	http://forum.azzurra.org:80/archive/index.php/t-3467.html	t-3467.html
20060721080419	http://forum.azzurra.org:80/archive/index.php/t-3468.html	t-3468.html
20081202054009	http://forum.azzurra.org/archive/index.php/t-347.html	t-347.html
20070211152853	http://forum.azzurra.org:80/archive/index.php/t-3470.html	t-3470.html
20050517175042	http://forum.azzurra.org:80/archive/index.php/t-3473.html	t-3473.html
20090108120158	http://forum.azzurra.org/archive/index.php/t-3474.html	t-3474.html
20080624230907	http://forum.azzurra.org:80/archive/index.php/t-3475.html	t-3475.html
20081202054749	http://forum.azzurra.org/archive/index.php/t-3477.html	t-3477.html
20090108101256	http://forum.azzurra.org/archive/index.php/t-3479.html	t-3479.html
20070901014445	http://forum.azzurra.org:80/archive/index.php/t-348.html	t-348.html
20081202074744	http://forum.azzurra.org/archive/index.php/t-3482.html	t-3482.html
20060629224645	http://forum.azzurra.org:80/archive/index.php/t-3483.html	t-3483.html
20070527143813	http://forum.azzurra.org:80/archive/index.php/t-3486.html	t-3486.html
20050119093525	http://forum.azzurra.org:80/archive/index.php/t-3487.html	t-3487.html
20081202083126	http://forum.azzurra.org/archive/index.php/t-3488.html	t-3488.html
20080918054929	http://forum.azzurra.org:80/archive/index.php/t-3489.html	t-3489.html
20080624231123	http://forum.azzurra.org:80/archive/index.php/t-349.html	t-349.html
20090108122422	http://forum.azzurra.org/archive/index.php/t-3490.html	t-3490.html
20090119211800	http://forum.azzurra.org:80/archive/index.php/t-3491.html	t-3491.html
20090108102458	http://forum.azzurra.org/archive/index.php/t-3494.html	t-3494.html
20050517175046	http://forum.azzurra.org:80/archive/index.php/t-3495.html	t-3495.html
20090108100754	http://forum.azzurra.org/archive/index.php/t-3497.html	t-3497.html
20060721080431	http://forum.azzurra.org:80/archive/index.php/t-3498.html	t-3498.html
20050517175049	http://forum.azzurra.org:80/archive/index.php/t-3499.html	t-3499.html
20081202052746	http://forum.azzurra.org/archive/index.php/t-35.html	t-35.html
20070718011028	http://forum.azzurra.org:80/archive/index.php/t-350.html	t-350.html
20070216040905	http://forum.azzurra.org:80/archive/index.php/t-3503.html	t-3503.html
20081202074956	http://forum.azzurra.org/archive/index.php/t-3504.html	t-3504.html
20090108105624	http://forum.azzurra.org/archive/index.php/t-3505.html	t-3505.html
20090108104955	http://forum.azzurra.org/archive/index.php/t-3506.html	t-3506.html
20090108114403	http://forum.azzurra.org/archive/index.php/t-3509.html	t-3509.html
20081202061118	http://forum.azzurra.org/archive/index.php/t-351.html	t-351.html
20090108100428	http://forum.azzurra.org/archive/index.php/t-3511.html	t-3511.html
20090609113403	http://forum.azzurra.org:80/archive/index.php/t-3513.html	t-3513.html
20090108103626	http://forum.azzurra.org/archive/index.php/t-3514.html	t-3514.html
20081202065645	http://forum.azzurra.org/archive/index.php/t-3515.html	t-3515.html
20070625123728	http://forum.azzurra.org/archive/index.php/t-3516.html	t-3516.html
20090108103846	http://forum.azzurra.org/archive/index.php/t-3517.html	t-3517.html
20060519173257	http://forum.azzurra.org:80/archive/index.php/t-3519.html	t-3519.html
20050801084831	http://forum.azzurra.org:80/archive/index.php/t-352.html	t-352.html
20090108102607	http://forum.azzurra.org/archive/index.php/t-3520.html	t-3520.html
20090108122107	http://forum.azzurra.org/archive/index.php/t-3522.html	t-3522.html
20060113060648	http://forum.azzurra.org:80/archive/index.php/t-3523.html	t-3523.html
20090108102241	http://forum.azzurra.org/archive/index.php/t-3526.html	t-3526.html
20081202071653	http://forum.azzurra.org/archive/index.php/t-3527.html	t-3527.html
20070310004239	http://forum.azzurra.org:80/archive/index.php/t-3528.html	t-3528.html
20081120060713	http://forum.azzurra.org/archive/index.php/t-353.html	t-353.html
20050517175054	http://forum.azzurra.org:80/archive/index.php/t-3532.html	t-3532.html
20050505101239	http://forum.azzurra.org:80/archive/index.php/t-3533.html	t-3533.html
20050505102804	http://forum.azzurra.org:80/archive/index.php/t-3534.html	t-3534.html
20070614224756	http://forum.azzurra.org:80/archive/index.php/t-3535.html	t-3535.html
20081202074257	http://forum.azzurra.org/archive/index.php/t-3536.html	t-3536.html
20060113073214	http://forum.azzurra.org:80/archive/index.php/t-3537.html	t-3537.html
20090108112221	http://forum.azzurra.org/archive/index.php/t-3538.html	t-3538.html
20050514082545	http://forum.azzurra.org:80/archive/index.php/t-3539.html	t-3539.html
20050517174949	http://forum.azzurra.org:80/archive/index.php/t-354.html	t-354.html
20070714163750	http://forum.azzurra.org:80/archive/index.php/t-3544-p-2.html	t-3544-p-2.html
20070714163951	http://forum.azzurra.org:80/archive/index.php/t-3544-p-3.html	t-3544-p-3.html
20070611135444	http://forum.azzurra.org:80/archive/index.php/t-3544-p-4.html	t-3544-p-4.html
20070611135050	http://forum.azzurra.org:80/archive/index.php/t-3544-p-5.html	t-3544-p-5.html
20070403164108	http://forum.azzurra.org:80/archive/index.php/t-3544.html	t-3544.html
20090108121246	http://forum.azzurra.org/archive/index.php/t-3545.html	t-3545.html
20050517174941	http://forum.azzurra.org:80/archive/index.php/t-3546.html	t-3546.html
20080624141158	http://forum.azzurra.org:80/archive/index.php/t-3548.html	t-3548.html
20050517175058	http://forum.azzurra.org:80/archive/index.php/t-3549.html	t-3549.html
20081202044735	http://forum.azzurra.org/archive/index.php/t-355.html	t-355.html
20050517175102	http://forum.azzurra.org:80/archive/index.php/t-3551.html	t-3551.html
20090108111704	http://forum.azzurra.org/archive/index.php/t-3553.html	t-3553.html
20091007141915	http://forum.azzurra.org:80/archive/index.php/t-3556.html	t-3556.html
20090709093627	http://forum.azzurra.org:80/archive/index.php/t-3557.html	t-3557.html
20081202075804	http://forum.azzurra.org/archive/index.php/t-3558.html	t-3558.html
20081202050403	http://forum.azzurra.org/archive/index.php/t-3559.html	t-3559.html
20081202044307	http://forum.azzurra.org/archive/index.php/t-356.html	t-356.html
20081202080438	http://forum.azzurra.org/archive/index.php/t-3560.html	t-3560.html
20090108112538	http://forum.azzurra.org/archive/index.php/t-3561.html	t-3561.html
20090108114207	http://forum.azzurra.org/archive/index.php/t-3562.html	t-3562.html
20081202053015	http://forum.azzurra.org/archive/index.php/t-3564.html	t-3564.html
20050505094632	http://forum.azzurra.org:80/archive/index.php/t-3565.html	t-3565.html
20090108111344	http://forum.azzurra.org/archive/index.php/t-3567.html	t-3567.html
20081202055721	http://forum.azzurra.org/archive/index.php/t-357.html	t-357.html
20081202043954	http://forum.azzurra.org/archive/index.php/t-3570.html	t-3570.html
20081202060359	http://forum.azzurra.org/archive/index.php/t-3571.html	t-3571.html
20070301034305	http://forum.azzurra.org:80/archive/index.php/t-3572.html	t-3572.html
20090108115410	http://forum.azzurra.org/archive/index.php/t-3574.html	t-3574.html
20060113073351	http://forum.azzurra.org:80/archive/index.php/t-3577.html	t-3577.html
20060113070803	http://forum.azzurra.org:80/archive/index.php/t-358.html	t-358.html
20081202051022	http://forum.azzurra.org/archive/index.php/t-3580.html	t-3580.html
20081202075720	http://forum.azzurra.org/archive/index.php/t-3582.html	t-3582.html
20090108104540	http://forum.azzurra.org/archive/index.php/t-3583.html	t-3583.html
20061031213857	http://forum.azzurra.org:80/archive/index.php/t-3584.html	t-3584.html
20050505101919	http://forum.azzurra.org:80/archive/index.php/t-3585.html	t-3585.html
20060814213434	http://forum.azzurra.org:80/archive/index.php/t-3586.html	t-3586.html
20070813224351	http://forum.azzurra.org:80/archive/index.php/t-3587.html	t-3587.html
20050505102315	http://forum.azzurra.org:80/archive/index.php/t-3588.html	t-3588.html
20050505094415	http://forum.azzurra.org:80/archive/index.php/t-3589.html	t-3589.html
20081202045251	http://forum.azzurra.org/archive/index.php/t-359.html	t-359.html
20081202070903	http://forum.azzurra.org/archive/index.php/t-3590.html	t-3590.html
20081202045756	http://forum.azzurra.org/archive/index.php/t-3591.html	t-3591.html
20081023080143	http://forum.azzurra.org:80/archive/index.php/t-3592.html	t-3592.html
20070328091643	http://forum.azzurra.org:80/archive/index.php/t-3593-p-2.html	t-3593-p-2.html
20070323173015	http://forum.azzurra.org:80/archive/index.php/t-3593.html	t-3593.html
20050517175106	http://forum.azzurra.org:80/archive/index.php/t-3594.html	t-3594.html
20061211062541	http://forum.azzurra.org:80/archive/index.php/t-3595.html	t-3595.html
20070701204439	http://forum.azzurra.org:80/archive/index.php/t-3596.html	t-3596.html
20050517175110	http://forum.azzurra.org:80/archive/index.php/t-3599.html	t-3599.html
20081202053740	http://forum.azzurra.org/archive/index.php/t-36.html	t-36.html
20081202054958	http://forum.azzurra.org/archive/index.php/t-360.html	t-360.html
20070211152903	http://forum.azzurra.org:80/archive/index.php/t-3600.html	t-3600.html
20050802111415	http://forum.azzurra.org:80/archive/index.php/t-3602.html	t-3602.html
20081202051207	http://forum.azzurra.org/archive/index.php/t-3603.html	t-3603.html
20061031162557	http://forum.azzurra.org:80/archive/index.php/t-3604.html	t-3604.html
20070701204142	http://forum.azzurra.org:80/archive/index.php/t-3609.html	t-3609.html
20081202044536	http://forum.azzurra.org/archive/index.php/t-361.html	t-361.html
20090429174553	http://forum.azzurra.org:80/archive/index.php/t-3612.html	t-3612.html
20090108123150	http://forum.azzurra.org/archive/index.php/t-3615.html	t-3615.html
20081202073136	http://forum.azzurra.org/archive/index.php/t-3616.html	t-3616.html
20081202045118	http://forum.azzurra.org/archive/index.php/t-3617.html	t-3617.html
20090108095517	http://forum.azzurra.org/archive/index.php/t-3618.html	t-3618.html
20090108114909	http://forum.azzurra.org/archive/index.php/t-3619.html	t-3619.html
20081202044343	http://forum.azzurra.org/archive/index.php/t-362.html	t-362.html
20090108122948	http://forum.azzurra.org/archive/index.php/t-3621.html	t-3621.html
20090108100153	http://forum.azzurra.org/archive/index.php/t-3623.html	t-3623.html
20090108122324	http://forum.azzurra.org/archive/index.php/t-3624.html	t-3624.html
20090108103951	http://forum.azzurra.org/archive/index.php/t-3625.html	t-3625.html
20070630085142	http://forum.azzurra.org:80/archive/index.php/t-3627.html	t-3627.html
20070211152914	http://forum.azzurra.org:80/archive/index.php/t-3628.html	t-3628.html
20081202055233	http://forum.azzurra.org/archive/index.php/t-363.html	t-363.html
20050802112631	http://forum.azzurra.org:80/archive/index.php/t-3630.html	t-3630.html
20050505101357	http://forum.azzurra.org:80/archive/index.php/t-3631.html	t-3631.html
20050424080559	http://forum.azzurra.org:80/archive/index.php/t-3633.html	t-3633.html
20090108105056	http://forum.azzurra.org/archive/index.php/t-3634.html	t-3634.html
20090108113103	http://forum.azzurra.org/archive/index.php/t-3638.html	t-3638.html
20050517174954	http://forum.azzurra.org:80/archive/index.php/t-364.html	t-364.html
20090108121904	http://forum.azzurra.org/archive/index.php/t-3640.html	t-3640.html
20090108091735	http://forum.azzurra.org/archive/index.php/t-3641.html	t-3641.html
20050802114039	http://forum.azzurra.org:80/archive/index.php/t-3642.html	t-3642.html
20060504071324	http://forum.azzurra.org:80/archive/index.php/t-3644.html	t-3644.html
20090108115713	http://forum.azzurra.org/archive/index.php/t-3645.html	t-3645.html
20080513003003	http://forum.azzurra.org:80/archive/index.php/t-3647.html	t-3647.html
20090108100644	http://forum.azzurra.org/archive/index.php/t-3648.html	t-3648.html
20061031075735	http://forum.azzurra.org:80/archive/index.php/t-365.html	t-365.html
20080624230921	http://forum.azzurra.org:80/archive/index.php/t-3650.html	t-3650.html
20050809073314	http://forum.azzurra.org:80/archive/index.php/t-3651.html	t-3651.html
20081202054049	http://forum.azzurra.org/archive/index.php/t-3653.html	t-3653.html
20081202081812	http://forum.azzurra.org/archive/index.php/t-3654.html	t-3654.html
20090108111240	http://forum.azzurra.org/archive/index.php/t-3655.html	t-3655.html
20081202082915	http://forum.azzurra.org/archive/index.php/t-3657.html	t-3657.html
20081202073647	http://forum.azzurra.org/archive/index.php/t-3658.html	t-3658.html
20050517175114	http://forum.azzurra.org:80/archive/index.php/t-3659.html	t-3659.html
20080624230923	http://forum.azzurra.org:80/archive/index.php/t-366.html	t-366.html
20060527214120	http://forum.azzurra.org:80/archive/index.php/t-3661.html	t-3661.html
20081202054634	http://forum.azzurra.org/archive/index.php/t-3664.html	t-3664.html
20050517175118	http://forum.azzurra.org:80/archive/index.php/t-3665.html	t-3665.html
20081202051057	http://forum.azzurra.org/archive/index.php/t-3668.html	t-3668.html
20061031032734	http://forum.azzurra.org:80/archive/index.php/t-367.html	t-367.html
20090108115945	http://forum.azzurra.org/archive/index.php/t-3671.html	t-3671.html
20080624141203	http://forum.azzurra.org:80/archive/index.php/t-3673.html	t-3673.html
20050118084951	http://forum.azzurra.org:80/archive/index.php/t-3674.html	t-3674.html
20050505102320	http://forum.azzurra.org:80/archive/index.php/t-3676.html	t-3676.html
20090108102940	http://forum.azzurra.org/archive/index.php/t-3679.html	t-3679.html
20050729095155	http://forum.azzurra.org:80/archive/index.php/t-368.html	t-368.html
20050802114620	http://forum.azzurra.org:80/archive/index.php/t-3680.html	t-3680.html
20050505094545	http://forum.azzurra.org:80/archive/index.php/t-3683.html	t-3683.html
20090108105514	http://forum.azzurra.org/archive/index.php/t-3685.html	t-3685.html
20050517175122	http://forum.azzurra.org:80/archive/index.php/t-3687.html	t-3687.html
20090108112741	http://forum.azzurra.org/archive/index.php/t-3689.html	t-3689.html
20081202064758	http://forum.azzurra.org/archive/index.php/t-369.html	t-369.html
20050505101638	http://forum.azzurra.org:80/archive/index.php/t-3693.html	t-3693.html
20090108122522	http://forum.azzurra.org/archive/index.php/t-3696.html	t-3696.html
20090108093627	http://forum.azzurra.org/archive/index.php/t-3698.html	t-3698.html
20090108120408	http://forum.azzurra.org/archive/index.php/t-3699.html	t-3699.html
20081202080603	http://forum.azzurra.org/archive/index.php/t-37.html	t-37.html
20081202053224	http://forum.azzurra.org/archive/index.php/t-370.html	t-370.html
20081202074912	http://forum.azzurra.org/archive/index.php/t-3701.html	t-3701.html
20050505103008	http://forum.azzurra.org:80/archive/index.php/t-3702.html	t-3702.html
20090108104853	http://forum.azzurra.org/archive/index.php/t-3703.html	t-3703.html
20081202073529	http://forum.azzurra.org/archive/index.php/t-3704.html	t-3704.html
20090108110255	http://forum.azzurra.org/archive/index.php/t-3706.html	t-3706.html
20081202074341	http://forum.azzurra.org/archive/index.php/t-3707.html	t-3707.html
20070211152924	http://forum.azzurra.org:80/archive/index.php/t-3708.html	t-3708.html
20090108111034	http://forum.azzurra.org/archive/index.php/t-3709.html	t-3709.html
20080624231129	http://forum.azzurra.org:80/archive/index.php/t-371.html	t-371.html
20081202065541	http://forum.azzurra.org/archive/index.php/t-3710.html	t-3710.html
20081202044811	http://forum.azzurra.org/archive/index.php/t-3714.html	t-3714.html
20081202073441	http://forum.azzurra.org/archive/index.php/t-3715.html	t-3715.html
20090108102348	http://forum.azzurra.org/archive/index.php/t-3717.html	t-3717.html
20090108094623	http://forum.azzurra.org/archive/index.php/t-3718.html	t-3718.html
20070718160141	http://forum.azzurra.org:80/archive/index.php/t-372.html	t-372.html
20080624141208	http://forum.azzurra.org:80/archive/index.php/t-3720.html	t-3720.html
20081202071743	http://forum.azzurra.org/archive/index.php/t-3722.html	t-3722.html
20080624141214	http://forum.azzurra.org:80/archive/index.php/t-3723.html	t-3723.html
20050810082833	http://forum.azzurra.org:80/archive/index.php/t-3725.html	t-3725.html
20060408143626	http://forum.azzurra.org:80/archive/index.php/t-3726.html	t-3726.html
20050505094455	http://forum.azzurra.org:80/archive/index.php/t-3727.html	t-3727.html
20090108121346	http://forum.azzurra.org/archive/index.php/t-3728.html	t-3728.html
20081202053500	http://forum.azzurra.org/archive/index.php/t-373.html	t-373.html
20050506171152	http://forum.azzurra.org:80/archive/index.php/t-3731.html	t-3731.html
20050506170249	http://forum.azzurra.org:80/archive/index.php/t-3732.html	t-3732.html
20090108110040	http://forum.azzurra.org/archive/index.php/t-3734.html	t-3734.html
20070211152934	http://forum.azzurra.org:80/archive/index.php/t-3736.html	t-3736.html
20081201195859	http://forum.azzurra.org/archive/index.php/t-3737.html	t-3737.html
20050517174945	http://forum.azzurra.org:80/archive/index.php/t-374.html	t-374.html
20090108121030	http://forum.azzurra.org/archive/index.php/t-3740.html	t-3740.html
20080624141219	http://forum.azzurra.org:80/archive/index.php/t-3742.html	t-3742.html
20090108121448	http://forum.azzurra.org/archive/index.php/t-3743.html	t-3743.html
20090108095901	http://forum.azzurra.org/archive/index.php/t-3744.html	t-3744.html
20090108115841	http://forum.azzurra.org/archive/index.php/t-3746.html	t-3746.html
20090108093738	http://forum.azzurra.org/archive/index.php/t-3747.html	t-3747.html
20090108101759	http://forum.azzurra.org/archive/index.php/t-3748.html	t-3748.html
20081201204719	http://forum.azzurra.org/archive/index.php/t-3749.html	t-3749.html
20060113065223	http://forum.azzurra.org:80/archive/index.php/t-375.html	t-375.html
20090108113723	http://forum.azzurra.org/archive/index.php/t-3750.html	t-3750.html
20050506171052	http://forum.azzurra.org:80/archive/index.php/t-3751.html	t-3751.html
20081201202232	http://forum.azzurra.org/archive/index.php/t-3753.html	t-3753.html
20070718010852	http://forum.azzurra.org:80/archive/index.php/t-3759.html	t-3759.html
20081201202432	http://forum.azzurra.org/archive/index.php/t-376.html	t-376.html
20071016045839	http://forum.azzurra.org:80/archive/index.php/t-3761.html	t-3761.html
20090108114305	http://forum.azzurra.org/archive/index.php/t-3767.html	t-3767.html
20090108105304	http://forum.azzurra.org/archive/index.php/t-3768.html	t-3768.html
20081201210523	http://forum.azzurra.org/archive/index.php/t-377.html	t-377.html
20090108094905	http://forum.azzurra.org/archive/index.php/t-3770.html	t-3770.html
20090108115312	http://forum.azzurra.org/archive/index.php/t-3771.html	t-3771.html
20050506170312	http://forum.azzurra.org:80/archive/index.php/t-3772.html	t-3772.html
20090108094354	http://forum.azzurra.org/archive/index.php/t-3773.html	t-3773.html
20050517175126	http://forum.azzurra.org:80/archive/index.php/t-3775.html	t-3775.html
20090107160341	http://forum.azzurra.org/archive/index.php/t-3777.html	t-3777.html
20081201203940	http://forum.azzurra.org/archive/index.php/t-3778.html	t-3778.html
20081201210040	http://forum.azzurra.org/archive/index.php/t-378.html	t-378.html
20050803090332	http://forum.azzurra.org:80/archive/index.php/t-3780.html	t-3780.html
20081201205223	http://forum.azzurra.org/archive/index.php/t-3781.html	t-3781.html
20090107164250	http://forum.azzurra.org/archive/index.php/t-3782.html	t-3782.html
20090107144625	http://forum.azzurra.org/archive/index.php/t-3783.html	t-3783.html
20090107164833	http://forum.azzurra.org/archive/index.php/t-3784.html	t-3784.html
20090107143445	http://forum.azzurra.org/archive/index.php/t-3785.html	t-3785.html
20081201200039	http://forum.azzurra.org/archive/index.php/t-379.html	t-379.html
20080624141224	http://forum.azzurra.org:80/archive/index.php/t-3790.html	t-3790.html
20070603095655	http://forum.azzurra.org:80/archive/index.php/t-3791-p-2.html	t-3791-p-2.html
20081024015637	http://forum.azzurra.org:80/archive/index.php/t-3791-p-3.html	t-3791-p-3.html
20081024015641	http://forum.azzurra.org:80/archive/index.php/t-3791.html	t-3791.html
20090425072204	http://forum.azzurra.org:80/archive/index.php/t-3795.html	t-3795.html
20070427011345	http://forum.azzurra.org:80/archive/index.php/t-3796.html	t-3796.html
20090107142525	http://forum.azzurra.org/archive/index.php/t-3797.html	t-3797.html
20090107160033	http://forum.azzurra.org/archive/index.php/t-3799.html	t-3799.html
20050517174938	http://forum.azzurra.org:80/archive/index.php/t-38.html	t-38.html
20090107134652	http://forum.azzurra.org/archive/index.php/t-3800.html	t-3800.html
20090107163257	http://forum.azzurra.org/archive/index.php/t-3801.html	t-3801.html
20090107161948	http://forum.azzurra.org/archive/index.php/t-3802.html	t-3802.html
20090107135502	http://forum.azzurra.org/archive/index.php/t-3803.html	t-3803.html
20090107161512	http://forum.azzurra.org/archive/index.php/t-3804.html	t-3804.html
20090107141434	http://forum.azzurra.org/archive/index.php/t-3805.html	t-3805.html
20090107141552	http://forum.azzurra.org/archive/index.php/t-3806.html	t-3806.html
20081201203642	http://forum.azzurra.org/archive/index.php/t-3808.html	t-3808.html
20050517174958	http://forum.azzurra.org:80/archive/index.php/t-381.html	t-381.html
20090107145722	http://forum.azzurra.org/archive/index.php/t-3811.html	t-3811.html
20061031213509	http://forum.azzurra.org:80/archive/index.php/t-3812.html	t-3812.html
20081201205653	http://forum.azzurra.org/archive/index.php/t-3813.html	t-3813.html
20070510205547	http://forum.azzurra.org:80/archive/index.php/t-3814.html	t-3814.html
20061031162432	http://forum.azzurra.org:80/archive/index.php/t-3817.html	t-3817.html
20090107152742	http://forum.azzurra.org/archive/index.php/t-3818.html	t-3818.html
20080917020910	http://forum.azzurra.org:80/archive/index.php/t-3819.html	t-3819.html
20050517175001	http://forum.azzurra.org:80/archive/index.php/t-382.html	t-382.html
20090107170217	http://forum.azzurra.org/archive/index.php/t-3822.html	t-3822.html
20081201211222	http://forum.azzurra.org/archive/index.php/t-3828.html	t-3828.html
20060117042044	http://forum.azzurra.org:80/archive/index.php/t-383.html	t-383.html
20090107162622	http://forum.azzurra.org/archive/index.php/t-3835.html	t-3835.html
20070901014355	http://forum.azzurra.org:80/archive/index.php/t-3839.html	t-3839.html
20081201204246	http://forum.azzurra.org/archive/index.php/t-384.html	t-384.html
20090107172351	http://forum.azzurra.org/archive/index.php/t-3840.html	t-3840.html
20090107150734	http://forum.azzurra.org/archive/index.php/t-3842.html	t-3842.html
20120215142533	http://forum.azzurra.org:80/archive/index.php/t-3843-p-2.html	t-3843-p-2.html
20090107171609	http://forum.azzurra.org/archive/index.php/t-3843.html	t-3843.html
20090107151558	http://forum.azzurra.org/archive/index.php/t-3844.html	t-3844.html
20090107171041	http://forum.azzurra.org/archive/index.php/t-3845.html	t-3845.html
20050506171211	http://forum.azzurra.org:80/archive/index.php/t-3848.html	t-3848.html
20090107170346	http://forum.azzurra.org/archive/index.php/t-3849.html	t-3849.html
20080624141232	http://forum.azzurra.org:80/archive/index.php/t-385.html	t-385.html
20090107134437	http://forum.azzurra.org/archive/index.php/t-3850.html	t-3850.html
20090107153842	http://forum.azzurra.org/archive/index.php/t-3852.html	t-3852.html
20090107132201	http://forum.azzurra.org/archive/index.php/t-3853.html	t-3853.html
20090107155729	http://forum.azzurra.org/archive/index.php/t-3854.html	t-3854.html
20090107131056	http://forum.azzurra.org/archive/index.php/t-3855.html	t-3855.html
20050506170218	http://forum.azzurra.org:80/archive/index.php/t-3857.html	t-3857.html
20090107142406	http://forum.azzurra.org/archive/index.php/t-3859.html	t-3859.html
20081201195401	http://forum.azzurra.org/archive/index.php/t-386.html	t-386.html
20090107131639	http://forum.azzurra.org/archive/index.php/t-3861.html	t-3861.html
20090107133210	http://forum.azzurra.org/archive/index.php/t-3864.html	t-3864.html
20090107132704	http://forum.azzurra.org/archive/index.php/t-3867.html	t-3867.html
20090107135944	http://forum.azzurra.org/archive/index.php/t-3868.html	t-3868.html
20081201203708	http://forum.azzurra.org/archive/index.php/t-387.html	t-387.html
20090107151202	http://forum.azzurra.org/archive/index.php/t-3870.html	t-3870.html
20090107171325	http://forum.azzurra.org/archive/index.php/t-3871.html	t-3871.html
20080614040645	http://forum.azzurra.org:80/archive/index.php/t-3872.html	t-3872.html
20090107152500	http://forum.azzurra.org/archive/index.php/t-3873.html	t-3873.html
20090107171925	http://forum.azzurra.org/archive/index.php/t-3874.html	t-3874.html
20090107150626	http://forum.azzurra.org/archive/index.php/t-3876.html	t-3876.html
20081201203520	http://forum.azzurra.org/archive/index.php/t-388.html	t-388.html
20081201203735	http://forum.azzurra.org/archive/index.php/t-3882.html	t-3882.html
20090107162759	http://forum.azzurra.org/archive/index.php/t-3884.html	t-3884.html
20050506171522	http://forum.azzurra.org:80/archive/index.php/t-3885.html	t-3885.html
20090107135344	http://forum.azzurra.org/archive/index.php/t-3886.html	t-3886.html
20090107162446	http://forum.azzurra.org/archive/index.php/t-3887.html	t-3887.html
20090107153940	http://forum.azzurra.org/archive/index.php/t-3888.html	t-3888.html
20090107132037	http://forum.azzurra.org/archive/index.php/t-3889.html	t-3889.html
20061031075900	http://forum.azzurra.org:80/archive/index.php/t-389.html	t-389.html
20090107165029	http://forum.azzurra.org/archive/index.php/t-3890.html	t-3890.html
20090107142644	http://forum.azzurra.org/archive/index.php/t-3892.html	t-3892.html
20090107145218	http://forum.azzurra.org/archive/index.php/t-3894.html	t-3894.html
20090107163556	http://forum.azzurra.org/archive/index.php/t-3895.html	t-3895.html
20090107164205	http://forum.azzurra.org/archive/index.php/t-3896.html	t-3896.html
20070713223032	http://forum.azzurra.org:80/archive/index.php/t-3897.html	t-3897.html
20081201200834	http://forum.azzurra.org/archive/index.php/t-39.html	t-39.html
20081201205249	http://forum.azzurra.org/archive/index.php/t-390.html	t-390.html
20100726164350	http://forum.azzurra.org:80/archive/index.php/t-3905.html	t-3905.html
20060113071318	http://forum.azzurra.org:80/archive/index.php/t-3906.html	t-3906.html
20090107155315	http://forum.azzurra.org/archive/index.php/t-3908.html	t-3908.html
20080624230928	http://forum.azzurra.org:80/archive/index.php/t-391.html	t-391.html
20081201205626	http://forum.azzurra.org/archive/index.php/t-3910.html	t-3910.html
20050221093253	http://forum.azzurra.org:80/archive/index.php/t-3913.html	t-3913.html
20090107164750	http://forum.azzurra.org/archive/index.php/t-3916.html	t-3916.html
20090107165837	http://forum.azzurra.org/archive/index.php/t-3921.html	t-3921.html
20090107165541	http://forum.azzurra.org/archive/index.php/t-3922.html	t-3922.html
20090107164414	http://forum.azzurra.org/archive/index.php/t-3924.html	t-3924.html
20080624231134	http://forum.azzurra.org:80/archive/index.php/t-3929.html	t-3929.html
20081201205343	http://forum.azzurra.org/archive/index.php/t-393.html	t-393.html
20050506170138	http://forum.azzurra.org:80/archive/index.php/t-3932.html	t-3932.html
20081201204557	http://forum.azzurra.org/archive/index.php/t-3935.html	t-3935.html
20090107152953	http://forum.azzurra.org/archive/index.php/t-3939.html	t-3939.html
20090107150233	http://forum.azzurra.org/archive/index.php/t-3942.html	t-3942.html
20090107172201	http://forum.azzurra.org/archive/index.php/t-3943.html	t-3943.html
20090107152249	http://forum.azzurra.org/archive/index.php/t-3944.html	t-3944.html
20090107170644	http://forum.azzurra.org/archive/index.php/t-3945.html	t-3945.html
20090107151307	http://forum.azzurra.org/archive/index.php/t-3947.html	t-3947.html
20070212082157	http://forum.azzurra.org:80/archive/index.php/t-3949.html	t-3949.html
20081201205817	http://forum.azzurra.org/archive/index.php/t-395.html	t-395.html
20081201203017	http://forum.azzurra.org/archive/index.php/t-3951.html	t-3951.html
20090107154858	http://forum.azzurra.org/archive/index.php/t-3957.html	t-3957.html
20081201204100	http://forum.azzurra.org/archive/index.php/t-3958.html	t-3958.html
20071030034635	http://forum.azzurra.org:80/archive/index.php/t-3959.html	t-3959.html
20050518032704	http://forum.azzurra.org:80/archive/index.php/t-396.html	t-396.html
20070328182842	http://forum.azzurra.org:80/archive/index.php/t-3961.html	t-3961.html
20080917020915	http://forum.azzurra.org:80/archive/index.php/t-3967.html	t-3967.html
20050512152332	http://forum.azzurra.org:80/archive/index.php/t-3968.html	t-3968.html
20050512152300	http://forum.azzurra.org:80/archive/index.php/t-3969.html	t-3969.html
20061031032615	http://forum.azzurra.org:80/archive/index.php/t-397.html	t-397.html
20090107151917	http://forum.azzurra.org/archive/index.php/t-3970.html	t-3970.html
20090107170855	http://forum.azzurra.org/archive/index.php/t-3972.html	t-3972.html
20090107151416	http://forum.azzurra.org/archive/index.php/t-3973.html	t-3973.html
20090107171726	http://forum.azzurra.org/archive/index.php/t-3974.html	t-3974.html
20090107150846	http://forum.azzurra.org/archive/index.php/t-3975.html	t-3975.html
20090107145832	http://forum.azzurra.org/archive/index.php/t-3976.html	t-3976.html
20090107163950	http://forum.azzurra.org/archive/index.php/t-3978.html	t-3978.html
20050518032708	http://forum.azzurra.org:80/archive/index.php/t-398.html	t-398.html
20070321073548	http://forum.azzurra.org:80/archive/index.php/t-3980.html	t-3980.html
20090107140334	http://forum.azzurra.org/archive/index.php/t-3985.html	t-3985.html
20081201205038	http://forum.azzurra.org/archive/index.php/t-3987.html	t-3987.html
20090107133448	http://forum.azzurra.org/archive/index.php/t-3989.html	t-3989.html
20081201210744	http://forum.azzurra.org/archive/index.php/t-399.html	t-399.html
20090107165752	http://forum.azzurra.org/archive/index.php/t-3990.html	t-3990.html
20090107165240	http://forum.azzurra.org/archive/index.php/t-3993.html	t-3993.html
20060408143814	http://forum.azzurra.org:80/archive/index.php/t-3994.html	t-3994.html
20090107164540	http://forum.azzurra.org/archive/index.php/t-3995.html	t-3995.html
20090107150119	http://forum.azzurra.org/archive/index.php/t-3998.html	t-3998.html
20090107172237	http://forum.azzurra.org/archive/index.php/t-3999.html	t-3999.html
20081201202948	http://forum.azzurra.org/archive/index.php/t-4.html	t-4.html
20070510053812	http://forum.azzurra.org:80/archive/index.php/t-40.html	t-40.html
20081201130854	http://forum.azzurra.org/archive/index.php/t-400.html	t-400.html
20081201131958	http://forum.azzurra.org/archive/index.php/t-4003.html	t-4003.html
20090107131223	http://forum.azzurra.org/archive/index.php/t-4005.html	t-4005.html
20090107155821	http://forum.azzurra.org/archive/index.php/t-4007.html	t-4007.html
20090107141922	http://forum.azzurra.org/archive/index.php/t-4009.html	t-4009.html
20050518032712	http://forum.azzurra.org:80/archive/index.php/t-401.html	t-401.html
20070225013042	http://forum.azzurra.org:80/archive/index.php/t-4011.html	t-4011.html
20090107171124	http://forum.azzurra.org/archive/index.php/t-4015.html	t-4015.html
20070211152947	http://forum.azzurra.org:80/archive/index.php/t-4017.html	t-4017.html
20090107142934	http://forum.azzurra.org/archive/index.php/t-4018.html	t-4018.html
20090107170132	http://forum.azzurra.org/archive/index.php/t-4019.html	t-4019.html
20050827122731	http://forum.azzurra.org:80/archive/index.php/t-402.html	t-402.html
20090107171203	http://forum.azzurra.org/archive/index.php/t-4021.html	t-4021.html
20081201201235	http://forum.azzurra.org/archive/index.php/t-4025.html	t-4025.html
20050506171146	http://forum.azzurra.org:80/archive/index.php/t-4028.html	t-4028.html
20090107144032	http://forum.azzurra.org/archive/index.php/t-4029.html	t-4029.html
20050216102022	http://forum.azzurra.org:80/archive/index.php/t-403.html	t-403.html
20090107155222	http://forum.azzurra.org/archive/index.php/t-4030.html	t-4030.html
20090107130043	http://forum.azzurra.org/archive/index.php/t-4032.html	t-4032.html
20090107153501	http://forum.azzurra.org/archive/index.php/t-4036.html	t-4036.html
20090107132823	http://forum.azzurra.org/archive/index.php/t-4037.html	t-4037.html
20090107135830	http://forum.azzurra.org/archive/index.php/t-4038.html	t-4038.html
20090107162039	http://forum.azzurra.org/archive/index.php/t-4039.html	t-4039.html
20070503015810	http://forum.azzurra.org:80/archive/index.php/t-404.html	t-404.html
20090107163507	http://forum.azzurra.org/archive/index.php/t-4040.html	t-4040.html
20090107145614	http://forum.azzurra.org/archive/index.php/t-4041.html	t-4041.html
20070211152957	http://forum.azzurra.org:80/archive/index.php/t-4043.html	t-4043.html
20050302092553	http://forum.azzurra.org:80/archive/index.php/t-4044.html	t-4044.html
20050512152357	http://forum.azzurra.org:80/archive/index.php/t-4045.html	t-4045.html
20090107165709	http://forum.azzurra.org/archive/index.php/t-4046.html	t-4046.html
20081201200000	http://forum.azzurra.org/archive/index.php/t-4047.html	t-4047.html
20060621235010	http://forum.azzurra.org:80/archive/index.php/t-405.html	t-405.html
20090107163118	http://forum.azzurra.org/archive/index.php/t-4051.html	t-4051.html
20090107161140	http://forum.azzurra.org/archive/index.php/t-4057.html	t-4057.html
20050518032740	http://forum.azzurra.org:80/archive/index.php/t-4058.html	t-4058.html
20090107130217	http://forum.azzurra.org/archive/index.php/t-4059.html	t-4059.html
20081201132856	http://forum.azzurra.org/archive/index.php/t-406.html	t-406.html
20081201204220	http://forum.azzurra.org/archive/index.php/t-4060.html	t-4060.html
20090107135229	http://forum.azzurra.org/archive/index.php/t-4064.html	t-4064.html
20090107163030	http://forum.azzurra.org/archive/index.php/t-4065.html	t-4065.html
20090107162217	http://forum.azzurra.org/archive/index.php/t-4066.html	t-4066.html
20070716102755	http://forum.azzurra.org:80/archive/index.php/t-4068.html	t-4068.html
20081201202651	http://forum.azzurra.org/archive/index.php/t-407.html	t-407.html
20090107165157	http://forum.azzurra.org/archive/index.php/t-4071.html	t-4071.html
20060113061106	http://forum.azzurra.org:80/archive/index.php/t-4072.html	t-4072.html
20090107144406	http://forum.azzurra.org/archive/index.php/t-4076.html	t-4076.html
20090107171648	http://forum.azzurra.org/archive/index.php/t-4078.html	t-4078.html
20081201204811	http://forum.azzurra.org/archive/index.php/t-408.html	t-408.html
20060113071342	http://forum.azzurra.org:80/archive/index.php/t-4080.html	t-4080.html
20090107154954	http://forum.azzurra.org/archive/index.php/t-4081.html	t-4081.html
20090107153401	http://forum.azzurra.org/archive/index.php/t-4084.html	t-4084.html
20050512152238	http://forum.azzurra.org:80/archive/index.php/t-4085.html	t-4085.html
20081201132138	http://forum.azzurra.org/archive/index.php/t-4086.html	t-4086.html
20090107153639	http://forum.azzurra.org/archive/index.php/t-4087.html	t-4087.html
20070401102805	http://forum.azzurra.org:80/archive/index.php/t-4088-p-2.html	t-4088-p-2.html
20070329011440	http://forum.azzurra.org:80/archive/index.php/t-4088.html	t-4088.html
20090107140103	http://forum.azzurra.org/archive/index.php/t-4089.html	t-4089.html
20080624141239	http://forum.azzurra.org:80/archive/index.php/t-409.html	t-409.html
20090107171528	http://forum.azzurra.org/archive/index.php/t-4090.html	t-4090.html
20090107152143	http://forum.azzurra.org/archive/index.php/t-4092.html	t-4092.html
20081201204746	http://forum.azzurra.org/archive/index.php/t-41.html	t-41.html
20081201210810	http://forum.azzurra.org/archive/index.php/t-410.html	t-410.html
20070211153008	http://forum.azzurra.org:80/archive/index.php/t-4100.html	t-4100.html
20060113073125	http://forum.azzurra.org:80/archive/index.php/t-411.html	t-411.html
20050506170356	http://forum.azzurra.org:80/archive/index.php/t-4116.html	t-4116.html
20050506171303	http://forum.azzurra.org:80/archive/index.php/t-4118.html	t-4118.html
20070717001832	http://forum.azzurra.org:80/archive/index.php/t-4119.html	t-4119.html
20081201202008	http://forum.azzurra.org/archive/index.php/t-412.html	t-412.html
20090107151053	http://forum.azzurra.org/archive/index.php/t-4125.html	t-4125.html
20070211153017	http://forum.azzurra.org:80/archive/index.php/t-4126.html	t-4126.html
20090107172314	http://forum.azzurra.org/archive/index.php/t-4127.html	t-4127.html
20090107144733	http://forum.azzurra.org/archive/index.php/t-4129.html	t-4129.html
20060721200957	http://forum.azzurra.org:80/archive/index.php/t-413.html	t-413.html
20081201203403	http://forum.azzurra.org/archive/index.php/t-4130.html	t-4130.html
20081201130751	http://forum.azzurra.org/archive/index.php/t-4131.html	t-4131.html
20090107155501	http://forum.azzurra.org/archive/index.php/t-4133.html	t-4133.html
20090107131805	http://forum.azzurra.org/archive/index.php/t-4134.html	t-4134.html
20090107154417	http://forum.azzurra.org/archive/index.php/t-4135.html	t-4135.html
20090107134201	http://forum.azzurra.org/archive/index.php/t-4137.html	t-4137.html
20090107162535	http://forum.azzurra.org/archive/index.php/t-4139.html	t-4139.html
20060113061224	http://forum.azzurra.org:80/archive/index.php/t-414.html	t-414.html
20081201205410	http://forum.azzurra.org/archive/index.php/t-4140.html	t-4140.html
20090107145106	http://forum.azzurra.org/archive/index.php/t-4142.html	t-4142.html
20081201195755	http://forum.azzurra.org/archive/index.php/t-4144.html	t-4144.html
20090107170304	http://forum.azzurra.org/archive/index.php/t-4145.html	t-4145.html
20050512152425	http://forum.azzurra.org:80/archive/index.php/t-4149.html	t-4149.html
20081201211315	http://forum.azzurra.org/archive/index.php/t-415.html	t-415.html
20081201194313	http://forum.azzurra.org/archive/index.php/t-4150.html	t-4150.html
20090107162940	http://forum.azzurra.org/archive/index.php/t-4152.html	t-4152.html
20090107134936	http://forum.azzurra.org/archive/index.php/t-4153.html	t-4153.html
20081201195432	http://forum.azzurra.org/archive/index.php/t-4155.html	t-4155.html
20090107140614	http://forum.azzurra.org/archive/index.php/t-4156.html	t-4156.html
20050518032716	http://forum.azzurra.org:80/archive/index.php/t-416.html	t-416.html
20090107161047	http://forum.azzurra.org/archive/index.php/t-4160.html	t-4160.html
20081201195109	http://forum.azzurra.org/archive/index.php/t-4162.html	t-4162.html
20080624231139	http://forum.azzurra.org:80/archive/index.php/t-4163.html	t-4163.html
20080607053919	http://forum.azzurra.org:80/archive/index.php/t-4165.html	t-4165.html
20090107133328	http://forum.azzurra.org/archive/index.php/t-4168.html	t-4168.html
20090107143049	http://forum.azzurra.org/archive/index.php/t-4170.html	t-4170.html
20090107165625	http://forum.azzurra.org/archive/index.php/t-4171.html	t-4171.html
20090107165322	http://forum.azzurra.org/archive/index.php/t-4172.html	t-4172.html
20090107143202	http://forum.azzurra.org/archive/index.php/t-4173.html	t-4173.html
20090107164457	http://forum.azzurra.org/archive/index.php/t-4174.html	t-4174.html
20081201201135	http://forum.azzurra.org/archive/index.php/t-4176.html	t-4176.html
20090107171847	http://forum.azzurra.org/archive/index.php/t-4178.html	t-4178.html
20050518032720	http://forum.azzurra.org:80/archive/index.php/t-418.html	t-418.html
20050514082549	http://forum.azzurra.org:80/archive/index.php/t-4181.html	t-4181.html
20070211153028	http://forum.azzurra.org:80/archive/index.php/t-4182.html	t-4182.html
20090107130804	http://forum.azzurra.org/archive/index.php/t-4183.html	t-4183.html
20070718011514	http://forum.azzurra.org:80/archive/index.php/t-4184.html	t-4184.html
20090107152848	http://forum.azzurra.org/archive/index.php/t-4187.html	t-4187.html
20090107134810	http://forum.azzurra.org/archive/index.php/t-4189.html	t-4189.html
20060721201008	http://forum.azzurra.org:80/archive/index.php/t-419.html	t-419.html
20081201202204	http://forum.azzurra.org/archive/index.php/t-4191.html	t-4191.html
20090107171807	http://forum.azzurra.org/archive/index.php/t-4194-p-2.html	t-4194-p-2.html
20070508212127	http://forum.azzurra.org:80/archive/index.php/t-4194.html	t-4194.html
20080624141245	http://forum.azzurra.org:80/archive/index.php/t-4199.html	t-4199.html
20081201204624	http://forum.azzurra.org/archive/index.php/t-42.html	t-42.html
20081201201528	http://forum.azzurra.org/archive/index.php/t-420.html	t-420.html
20050518032744	http://forum.azzurra.org:80/archive/index.php/t-4200.html	t-4200.html
20090107155406	http://forum.azzurra.org/archive/index.php/t-4201.html	t-4201.html
20070620171118	http://forum.azzurra.org:80/archive/index.php/t-4204.html	t-4204.html
20050508074929	http://forum.azzurra.org:80/archive/index.php/t-4206.html	t-4206.html
20080624143502	http://forum.azzurra.org:80/archive/index.php/t-421.html	t-421.html
20080624230937	http://forum.azzurra.org:80/archive/index.php/t-4210.html	t-4210.html
20070427060411	http://forum.azzurra.org:80/archive/index.php/t-4213.html	t-4213.html
20081201200654	http://forum.azzurra.org/archive/index.php/t-4218.html	t-4218.html
20081201205600	http://forum.azzurra.org/archive/index.php/t-4219.html	t-4219.html
20081201211441	http://forum.azzurra.org/archive/index.php/t-422.html	t-422.html
20060507051709	http://forum.azzurra.org/archive/index.php/t-4221.html	t-4221.html
20110620021345	http://forum.azzurra.org:80/archive/index.php/t-4224.html	t-4224.html
20050518032748	http://forum.azzurra.org:80/archive/index.php/t-4225.html	t-4225.html
20081201201401	http://forum.azzurra.org/archive/index.php/t-423.html	t-423.html
20070714221411	http://forum.azzurra.org:80/archive/index.php/t-4231.html	t-4231.html
20081201132339	http://forum.azzurra.org/archive/index.php/t-4232.html	t-4232.html
20081120092345	http://forum.azzurra.org/archive/index.php/t-4237.html	t-4237.html
20050518032752	http://forum.azzurra.org:80/archive/index.php/t-4239.html	t-4239.html
20050518032724	http://forum.azzurra.org:80/archive/index.php/t-424.html	t-424.html
20060427032429	http://forum.azzurra.org:80/archive/index.php/t-4240.html	t-4240.html
20070316055129	http://forum.azzurra.org:80/archive/index.php/t-4241.html	t-4241.html
20081201202528	http://forum.azzurra.org/archive/index.php/t-425.html	t-425.html
20081201205011	http://forum.azzurra.org/archive/index.php/t-4254.html	t-4254.html
20060408143557	http://forum.azzurra.org:80/archive/index.php/t-4259.html	t-4259.html
20070714221557	http://forum.azzurra.org:80/archive/index.php/t-426.html	t-426.html
20081201211056	http://forum.azzurra.org/archive/index.php/t-427.html	t-427.html
20051229025442	http://forum.azzurra.org:80/archive/index.php/t-4276.html	t-4276.html
20050506170233	http://forum.azzurra.org:80/archive/index.php/t-4277.html	t-4277.html
20050421162229	http://forum.azzurra.org:80/archive/index.php/t-4278.html	t-4278.html
20081201210010	http://forum.azzurra.org/archive/index.php/t-428.html	t-428.html
20070211153038	http://forum.azzurra.org:80/archive/index.php/t-4280.html	t-4280.html
20081201200111	http://forum.azzurra.org/archive/index.php/t-429.html	t-429.html
20081201201430	http://forum.azzurra.org/archive/index.php/t-4291.html	t-4291.html
20081201194421	http://forum.azzurra.org/archive/index.php/t-43.html	t-43.html
20081201202807	http://forum.azzurra.org/archive/index.php/t-430.html	t-430.html
20070211153106	http://forum.azzurra.org:80/archive/index.php/t-4300.html	t-4300.html
20060624105539	http://forum.azzurra.org:80/archive/index.php/t-4301.html	t-4301.html
20081201131359	http://forum.azzurra.org/archive/index.php/t-4303.html	t-4303.html
20081201202917	http://forum.azzurra.org/archive/index.php/t-4304.html	t-4304.html
20050518032756	http://forum.azzurra.org:80/archive/index.php/t-4305.html	t-4305.html
20060721201021	http://forum.azzurra.org:80/archive/index.php/t-431.html	t-431.html
20070315174503	http://forum.azzurra.org:80/archive/index.php/t-4311.html	t-4311.html
20090511000820	http://forum.azzurra.org:80/archive/index.php/t-4316.html	t-4316.html
20080624143510	http://forum.azzurra.org:80/archive/index.php/t-4319.html	t-4319.html
20061031213809	http://forum.azzurra.org:80/archive/index.php/t-432.html	t-432.html
20080624234945	http://forum.azzurra.org:80/archive/index.php/t-4320.html	t-4320.html
20081201211248	http://forum.azzurra.org/archive/index.php/t-4321.html	t-4321.html
20090107151705	http://forum.azzurra.org/archive/index.php/t-4325.html	t-4325.html
20081201200423	http://forum.azzurra.org/archive/index.php/t-4329.html	t-4329.html
20081201202741	http://forum.azzurra.org/archive/index.php/t-433.html	t-433.html
20061031162758	http://forum.azzurra.org:80/archive/index.php/t-4335.html	t-4335.html
20070429053029	http://forum.azzurra.org:80/archive/index.php/t-4337.html	t-4337.html
20081120092547	http://forum.azzurra.org/archive/index.php/t-434.html	t-434.html
20050518032653	http://forum.azzurra.org:80/archive/index.php/t-4341.html	t-4341.html
20050518032800	http://forum.azzurra.org:80/archive/index.php/t-4342.html	t-4342.html
20050802075341	http://forum.azzurra.org:80/archive/index.php/t-4346.html	t-4346.html
20050518032805	http://forum.azzurra.org:80/archive/index.php/t-4347.html	t-4347.html
20081201203616	http://forum.azzurra.org/archive/index.php/t-435.html	t-435.html
20080430020619	http://forum.azzurra.org:80/archive/index.php/t-4351.html	t-4351.html
20081201204154	http://forum.azzurra.org/archive/index.php/t-4352.html	t-4352.html
20050512152312	http://forum.azzurra.org:80/archive/index.php/t-4355.html	t-4355.html
20081201203140	http://forum.azzurra.org/archive/index.php/t-436.html	t-436.html
20050506171607	http://forum.azzurra.org:80/archive/index.php/t-4360.html	t-4360.html
20081201195038	http://forum.azzurra.org/archive/index.php/t-4367.html	t-4367.html
20081201135910	http://forum.azzurra.org/archive/index.php/t-437.html	t-437.html
20081201201656	http://forum.azzurra.org/archive/index.php/t-4379.html	t-4379.html
20060721201047	http://forum.azzurra.org:80/archive/index.php/t-438.html	t-438.html
20081201204005	http://forum.azzurra.org/archive/index.php/t-439.html	t-439.html
20070211153119	http://forum.azzurra.org:80/archive/index.php/t-4396.html	t-4396.html
20081017035133	http://forum.azzurra.org:80/archive/index.php/t-4399.html	t-4399.html
20081201210105	http://forum.azzurra.org/archive/index.php/t-440.html	t-440.html
20081201194825	http://forum.azzurra.org/archive/index.php/t-4400.html	t-4400.html
20081201195930	http://forum.azzurra.org/archive/index.php/t-441.html	t-441.html
20050518032808	http://forum.azzurra.org:80/archive/index.php/t-4412.html	t-4412.html
20050518032812	http://forum.azzurra.org:80/archive/index.php/t-4413.html	t-4413.html
20081201200351	http://forum.azzurra.org/archive/index.php/t-442.html	t-442.html
20081201205907	http://forum.azzurra.org/archive/index.php/t-443.html	t-443.html
20081201194456	http://forum.azzurra.org/archive/index.php/t-4432.html	t-4432.html
20080516214833	http://forum.azzurra.org:80/archive/index.php/t-4438.html	t-4438.html
20090107160629	http://forum.azzurra.org/archive/index.php/t-4439.html	t-4439.html
20050518032729	http://forum.azzurra.org:80/archive/index.php/t-444.html	t-444.html
20090107171244	http://forum.azzurra.org/archive/index.php/t-4440.html	t-4440.html
20060721201059	http://forum.azzurra.org:80/archive/index.php/t-445.html	t-445.html
20060703162527	http://forum.azzurra.org:80/archive/index.php/t-4450.html	t-4450.html
20090107160444	http://forum.azzurra.org/archive/index.php/t-4452.html	t-4452.html
20081120093517	http://forum.azzurra.org/archive/index.php/t-4453.html	t-4453.html
20090311042319	http://forum.azzurra.org:80/archive/index.php/t-4454.html	t-4454.html
20050518032816	http://forum.azzurra.org:80/archive/index.php/t-4456.html	t-4456.html
20081201205156	http://forum.azzurra.org/archive/index.php/t-446.html	t-446.html
20061031075459	http://forum.azzurra.org:80/archive/index.php/t-4460.html	t-4460.html
20050506170242	http://forum.azzurra.org:80/archive/index.php/t-4467.html	t-4467.html
20050518032732	http://forum.azzurra.org:80/archive/index.php/t-447.html	t-447.html
20081201210647	http://forum.azzurra.org/archive/index.php/t-4477.html	t-4477.html
20081201210356	http://forum.azzurra.org/archive/index.php/t-4478.html	t-4478.html
20070713232428	http://forum.azzurra.org:80/archive/index.php/t-448.html	t-448.html
20070211153129	http://forum.azzurra.org:80/archive/index.php/t-4489.html	t-4489.html
20050518032737	http://forum.azzurra.org:80/archive/index.php/t-449.html	t-449.html
20070427011737	http://forum.azzurra.org:80/archive/index.php/t-4490.html	t-4490.html
20081201200452	http://forum.azzurra.org/archive/index.php/t-4492.html	t-4492.html
20060408143820	http://forum.azzurra.org:80/archive/index.php/t-4493.html	t-4493.html
20050506171632	http://forum.azzurra.org:80/archive/index.php/t-4498.html	t-4498.html
20081201210620	http://forum.azzurra.org/archive/index.php/t-4499.html	t-4499.html
20050518032700	http://forum.azzurra.org:80/archive/index.php/t-45.html	t-45.html
20090107170520	http://forum.azzurra.org/archive/index.php/t-4501-p-2.html	t-4501-p-2.html
20081201203802	http://forum.azzurra.org/archive/index.php/t-4501.html	t-4501.html
20070317234326	http://forum.azzurra.org:80/archive/index.php/t-4502.html	t-4502.html
20050221094139	http://forum.azzurra.org:80/archive/index.php/t-4503.html	t-4503.html
20050518032821	http://forum.azzurra.org:80/archive/index.php/t-4505.html	t-4505.html
20050729095523	http://forum.azzurra.org:80/archive/index.php/t-4507.html	t-4507.html
20070316005041	http://forum.azzurra.org:80/archive/index.php/t-4514.html	t-4514.html
20080624235135	http://forum.azzurra.org:80/archive/index.php/t-452.html	t-452.html
20081201195004	http://forum.azzurra.org/archive/index.php/t-453.html	t-453.html
20051224191211	http://forum.azzurra.org:80/archive/index.php/t-4530.html	t-4530.html
20050426162404	http://forum.azzurra.org:80/archive/index.php/t-4534.html	t-4534.html
20050426162344	http://forum.azzurra.org:80/archive/index.php/t-4537.html	t-4537.html
20081009053131	http://forum.azzurra.org:80/archive/index.php/t-4539.html	t-4539.html
20081201204530	http://forum.azzurra.org/archive/index.php/t-454.html	t-454.html
20050426162542	http://forum.azzurra.org:80/archive/index.php/t-4540.html	t-4540.html
20050426162415	http://forum.azzurra.org:80/archive/index.php/t-4541.html	t-4541.html
20090107161811	http://forum.azzurra.org/archive/index.php/t-4542-p-2.html	t-4542-p-2.html
20081201202038	http://forum.azzurra.org/archive/index.php/t-4542.html	t-4542.html
20050426162644	http://forum.azzurra.org:80/archive/index.php/t-4546.html	t-4546.html
20081201194601	http://forum.azzurra.org/archive/index.php/t-455.html	t-455.html
20050506170120	http://forum.azzurra.org:80/archive/index.php/t-4559.html	t-4559.html
20090107132544	http://forum.azzurra.org/archive/index.php/t-4561.html	t-4561.html
20081120093236	http://forum.azzurra.org/archive/index.php/t-4564.html	t-4564.html
20081201205103	http://forum.azzurra.org/archive/index.php/t-457.html	t-457.html
20081201210552	http://forum.azzurra.org/archive/index.php/t-4574.html	t-4574.html
20090107165112	http://forum.azzurra.org/archive/index.php/t-4575-p-2.html	t-4575-p-2.html
20090107143558	http://forum.azzurra.org/archive/index.php/t-4575-p-3.html	t-4575-p-3.html
20090107164120	http://forum.azzurra.org/archive/index.php/t-4575-p-4.html	t-4575-p-4.html
20090107144515	http://forum.azzurra.org/archive/index.php/t-4575-p-5.html	t-4575-p-5.html
20090107145503	http://forum.azzurra.org/archive/index.php/t-4575-p-6.html	t-4575-p-6.html
20090107163743	http://forum.azzurra.org/archive/index.php/t-4575-p-7.html	t-4575-p-7.html
20081201202405	http://forum.azzurra.org/archive/index.php/t-4575.html	t-4575.html
20081201211124	http://forum.azzurra.org/archive/index.php/t-4577.html	t-4577.html
20050426162546	http://forum.azzurra.org:80/archive/index.php/t-4584.html	t-4584.html
20070211153139	http://forum.azzurra.org:80/archive/index.php/t-4592.html	t-4592.html
20070211153150	http://forum.azzurra.org:80/archive/index.php/t-4593.html	t-4593.html
20060519173543	http://forum.azzurra.org:80/archive/index.php/t-4594.html	t-4594.html
20070309144011	http://forum.azzurra.org:80/archive/index.php/t-4599.html	t-4599.html
20070430063418	http://forum.azzurra.org:80/archive/index.php/t-46.html	t-46.html
20090107162712	http://forum.azzurra.org/archive/index.php/t-4601.html	t-4601.html
20060113063139	http://forum.azzurra.org:80/archive/index.php/t-4605.html	t-4605.html
20050211083947	http://forum.azzurra.org:80/archive/index.php/t-4606.html	t-4606.html
20070211153200	http://forum.azzurra.org:80/archive/index.php/t-4608.html	t-4608.html
20080624235140	http://forum.azzurra.org:80/archive/index.php/t-4611.html	t-4611.html
20090107144141	http://forum.azzurra.org/archive/index.php/t-4612.html	t-4612.html
20081202132439	http://forum.azzurra.org/archive/index.php/t-4615.html	t-4615.html
20081202122220	http://forum.azzurra.org/archive/index.php/t-462.html	t-462.html
20081202133355	http://forum.azzurra.org/archive/index.php/t-4622.html	t-4622.html
20060623011209	http://forum.azzurra.org:80/archive/index.php/t-4627.html	t-4627.html
20081202131849	http://forum.azzurra.org/archive/index.php/t-463.html	t-463.html
20050518032824	http://forum.azzurra.org:80/archive/index.php/t-4634.html	t-4634.html
20060720214958	http://forum.azzurra.org:80/archive/index.php/t-4635.html	t-4635.html
20070807195304	http://forum.azzurra.org/archive/index.php/t-4636.html	t-4636.html
20050518032829	http://forum.azzurra.org:80/archive/index.php/t-4637.html	t-4637.html
20090107133053	http://forum.azzurra.org/archive/index.php/t-4638.html	t-4638.html
20081202123035	http://forum.azzurra.org/archive/index.php/t-464.html	t-464.html
20060720215010	http://forum.azzurra.org:80/archive/index.php/t-4645.html	t-4645.html
20050506171346	http://forum.azzurra.org:80/archive/index.php/t-4649.html	t-4649.html
20060721201409	http://forum.azzurra.org:80/archive/index.php/t-4658.html	t-4658.html
20070902000628	http://forum.azzurra.org:80/archive/index.php/t-4659.html	t-4659.html
20060629223927	http://forum.azzurra.org:80/archive/index.php/t-466.html	t-466.html
20060518170042	http://forum.azzurra.org:80/archive/index.php/t-4660.html	t-4660.html
20060518170238	http://forum.azzurra.org:80/archive/index.php/t-4667.html	t-4667.html
20081202122509	http://forum.azzurra.org/archive/index.php/t-467.html	t-467.html
20081202134011	http://forum.azzurra.org/archive/index.php/t-4672.html	t-4672.html
20081202134443	http://forum.azzurra.org/archive/index.php/t-4677.html	t-4677.html
20060629223938	http://forum.azzurra.org:80/archive/index.php/t-468.html	t-468.html
20060518170254	http://forum.azzurra.org:80/archive/index.php/t-4680.html	t-4680.html
20050518032832	http://forum.azzurra.org:80/archive/index.php/t-4681.html	t-4681.html
20050518032836	http://forum.azzurra.org:80/archive/index.php/t-4685.html	t-4685.html
20050518032841	http://forum.azzurra.org:80/archive/index.php/t-4686.html	t-4686.html
20080624143515	http://forum.azzurra.org:80/archive/index.php/t-469.html	t-469.html
20081202132355	http://forum.azzurra.org/archive/index.php/t-4696.html	t-4696.html
20050518032656	http://forum.azzurra.org:80/archive/index.php/t-47.html	t-47.html
20060616163438	http://forum.azzurra.org:80/archive/index.php/t-470.html	t-470.html
20050518124122	http://forum.azzurra.org:80/archive/index.php/t-4702.html	t-4702.html
20081202122809	http://forum.azzurra.org/archive/index.php/t-4706.html	t-4706.html
20081202131345	http://forum.azzurra.org/archive/index.php/t-4707.html	t-4707.html
20081202132251	http://forum.azzurra.org/archive/index.php/t-471.html	t-471.html
20050518124157	http://forum.azzurra.org:80/archive/index.php/t-4715.html	t-4715.html
20081202133228	http://forum.azzurra.org/archive/index.php/t-4716.html	t-4716.html
20050518124202	http://forum.azzurra.org:80/archive/index.php/t-4717.html	t-4717.html
20050518124206	http://forum.azzurra.org:80/archive/index.php/t-4718.html	t-4718.html
20060518170313	http://forum.azzurra.org:80/archive/index.php/t-4721.html	t-4721.html
20060113073711	http://forum.azzurra.org:80/archive/index.php/t-473.html	t-473.html
20050415062810	http://forum.azzurra.org:80/archive/index.php/t-4730.html	t-4730.html
20050506170641	http://forum.azzurra.org:80/archive/index.php/t-4731.html	t-4731.html
20061211062104	http://forum.azzurra.org:80/archive/index.php/t-4741.html	t-4741.html
20061031213910	http://forum.azzurra.org:80/archive/index.php/t-4743.html	t-4743.html
20060721201114	http://forum.azzurra.org:80/archive/index.php/t-475.html	t-475.html
20090107154040	http://forum.azzurra.org/archive/index.php/t-4751.html	t-4751.html
20081202123502	http://forum.azzurra.org/archive/index.php/t-476.html	t-476.html
20050426162651	http://forum.azzurra.org:80/archive/index.php/t-4760.html	t-4760.html
20080624231144	http://forum.azzurra.org:80/archive/index.php/t-4763.html	t-4763.html
20081202121415	http://forum.azzurra.org/archive/index.php/t-4764.html	t-4764.html
20050506171626	http://forum.azzurra.org:80/archive/index.php/t-4768.html	t-4768.html
20070715111825	http://forum.azzurra.org:80/archive/index.php/t-477.html	t-477.html
20061031162846	http://forum.azzurra.org:80/archive/index.php/t-4772.html	t-4772.html
20060519173558	http://forum.azzurra.org:80/archive/index.php/t-4773.html	t-4773.html
20080624143520	http://forum.azzurra.org:80/archive/index.php/t-4774.html	t-4774.html
20081202135008	http://forum.azzurra.org/archive/index.php/t-4777.html	t-4777.html
20050518124113	http://forum.azzurra.org:80/archive/index.php/t-478.html	t-478.html
20080624234952	http://forum.azzurra.org:80/archive/index.php/t-4783.html	t-4783.html
20050506170401	http://forum.azzurra.org:80/archive/index.php/t-4785.html	t-4785.html
20050518124209	http://forum.azzurra.org:80/archive/index.php/t-4788.html	t-4788.html
20060629223956	http://forum.azzurra.org:80/archive/index.php/t-479.html	t-479.html
20050518124213	http://forum.azzurra.org:80/archive/index.php/t-4790.html	t-4790.html
20081202123126	http://forum.azzurra.org/archive/index.php/t-4791.html	t-4791.html
20050514082553	http://forum.azzurra.org:80/archive/index.php/t-4793.html	t-4793.html
20050506171545	http://forum.azzurra.org:80/archive/index.php/t-4794.html	t-4794.html
20050518124129	http://forum.azzurra.org:80/archive/index.php/t-48.html	t-48.html
20080624143526	http://forum.azzurra.org:80/archive/index.php/t-480.html	t-480.html
20090304152829	http://forum.azzurra.org:80/archive/index.php/t-4801.html	t-4801.html
20070427021858	http://forum.azzurra.org:80/archive/index.php/t-4805.html	t-4805.html
20081202132122	http://forum.azzurra.org/archive/index.php/t-4807.html	t-4807.html
20050731094046	http://forum.azzurra.org:80/archive/index.php/t-481.html	t-481.html
20081202131323	http://forum.azzurra.org/archive/index.php/t-4813.html	t-4813.html
20070211153211	http://forum.azzurra.org:80/archive/index.php/t-4819.html	t-4819.html
20081202125803	http://forum.azzurra.org/archive/index.php/t-482.html	t-482.html
20081202131802	http://forum.azzurra.org/archive/index.php/t-4821.html	t-4821.html
20080624143530	http://forum.azzurra.org:80/archive/index.php/t-4822.html	t-4822.html
20070125015533	http://forum.azzurra.org:80/archive/index.php/t-4824.html	t-4824.html
20081202130505	http://forum.azzurra.org/archive/index.php/t-4828.html	t-4828.html
20081202121817	http://forum.azzurra.org/archive/index.php/t-483.html	t-483.html
20080624143535	http://forum.azzurra.org:80/archive/index.php/t-4830.html	t-4830.html
20080624231150	http://forum.azzurra.org:80/archive/index.php/t-4831.html	t-4831.html
20080624231155	http://forum.azzurra.org:80/archive/index.php/t-4832.html	t-4832.html
20081202132228	http://forum.azzurra.org/archive/index.php/t-4833.html	t-4833.html
20081202132501	http://forum.azzurra.org/archive/index.php/t-4836.html	t-4836.html
20081202130856	http://forum.azzurra.org/archive/index.php/t-484.html	t-484.html
20081120034106	http://forum.azzurra.org/archive/index.php/t-4841.html	t-4841.html
20050728113444	http://forum.azzurra.org:80/archive/index.php/t-4843.html	t-4843.html
20061031075638	http://forum.azzurra.org:80/archive/index.php/t-485.html	t-485.html
20081202124233	http://forum.azzurra.org/archive/index.php/t-4856.html	t-4856.html
20060113070333	http://forum.azzurra.org:80/archive/index.php/t-486.html	t-486.html
20050729101246	http://forum.azzurra.org:80/archive/index.php/t-4860.html	t-4860.html
20070211153221	http://forum.azzurra.org:80/archive/index.php/t-4863.html	t-4863.html
20090107171407	http://forum.azzurra.org/archive/index.php/t-4866.html	t-4866.html
20050518124217	http://forum.azzurra.org:80/archive/index.php/t-4868.html	t-4868.html
20070211153231	http://forum.azzurra.org:80/archive/index.php/t-4869.html	t-4869.html
20081202130317	http://forum.azzurra.org/archive/index.php/t-487.html	t-487.html
20060720215022	http://forum.azzurra.org:80/archive/index.php/t-4870.html	t-4870.html
20090107154803	http://forum.azzurra.org/archive/index.php/t-4877.html	t-4877.html
20070205062518	http://forum.azzurra.org:80/archive/index.php/t-488.html	t-488.html
20081202123531	http://forum.azzurra.org/archive/index.php/t-4886.html	t-4886.html
20081202134219	http://forum.azzurra.org/archive/index.php/t-4888.html	t-4888.html
20050518124105	http://forum.azzurra.org:80/archive/index.php/t-489.html	t-489.html
20060527214134	http://forum.azzurra.org:80/archive/index.php/t-4891.html	t-4891.html
20060720215044	http://forum.azzurra.org:80/archive/index.php/t-4892.html	t-4892.html
20060113071930	http://forum.azzurra.org:80/archive/index.php/t-4893.html	t-4893.html
20050506170634	http://forum.azzurra.org:80/archive/index.php/t-4895.html	t-4895.html
20070211153240	http://forum.azzurra.org:80/archive/index.php/t-4897.html	t-4897.html
20061031032522	http://forum.azzurra.org:80/archive/index.php/t-4898.html	t-4898.html
20080624144142	http://forum.azzurra.org:80/archive/index.php/t-49.html	t-49.html
20081202134509	http://forum.azzurra.org/archive/index.php/t-490.html	t-490.html
20050729102116	http://forum.azzurra.org:80/archive/index.php/t-4904.html	t-4904.html
20060427042856	http://forum.azzurra.org:80/archive/index.php/t-4906.html	t-4906.html
20060113070358	http://forum.azzurra.org:80/archive/index.php/t-491.html	t-491.html
20050506171434	http://forum.azzurra.org:80/archive/index.php/t-4913.html	t-4913.html
20090107162131	http://forum.azzurra.org/archive/index.php/t-4916.html	t-4916.html
20080715061043	http://forum.azzurra.org:80/archive/index.php/t-4917.html	t-4917.html
20070718123647	http://forum.azzurra.org:80/archive/index.php/t-4919.html	t-4919.html
20060720215057	http://forum.azzurra.org:80/archive/index.php/t-4921.html	t-4921.html
20090107135714	http://forum.azzurra.org/archive/index.php/t-4923.html	t-4923.html
20081202131432	http://forum.azzurra.org/archive/index.php/t-4924.html	t-4924.html
20090107141806	http://forum.azzurra.org/archive/index.php/t-4926.html	t-4926.html
20061027075430	http://forum.azzurra.org:80/archive/index.php/t-4928.html	t-4928.html
20081202134926	http://forum.azzurra.org/archive/index.php/t-493.html	t-493.html
20090107143919	http://forum.azzurra.org/archive/index.php/t-4932.html	t-4932.html
20081202123242	http://forum.azzurra.org/archive/index.php/t-4937.html	t-4937.html
20081202125443	http://forum.azzurra.org/archive/index.php/t-4938.html	t-4938.html
20050518124118	http://forum.azzurra.org:80/archive/index.php/t-4940.html	t-4940.html
20050506170738	http://forum.azzurra.org:80/archive/index.php/t-4943.html	t-4943.html
20050506171124	http://forum.azzurra.org:80/archive/index.php/t-4944.html	t-4944.html
20070422230357	http://forum.azzurra.org:80/archive/index.php/t-4945.html	t-4945.html
20081202121515	http://forum.azzurra.org/archive/index.php/t-4947.html	t-4947.html
20090107161902	http://forum.azzurra.org/archive/index.php/t-4949.html	t-4949.html
20060426222030	http://forum.azzurra.org:80/archive/index.php/t-495.html	t-495.html
20081202124832	http://forum.azzurra.org/archive/index.php/t-4950.html	t-4950.html
20070702192251	http://forum.azzurra.org:80/archive/index.php/t-4955.html	t-4955.html
20050518124222	http://forum.azzurra.org:80/archive/index.php/t-4963.html	t-4963.html
20081202125207	http://forum.azzurra.org/archive/index.php/t-4964.html	t-4964.html
20081202133743	http://forum.azzurra.org/archive/index.php/t-4969.html	t-4969.html
20050506170439	http://forum.azzurra.org:80/archive/index.php/t-4972.html	t-4972.html
20081202130640	http://forum.azzurra.org/archive/index.php/t-4974.html	t-4974.html
20081202123436	http://forum.azzurra.org/archive/index.php/t-498.html	t-498.html
20060719063635	http://forum.azzurra.org:80/archive/index.php/t-4980.html	t-4980.html
20060113052722	http://forum.azzurra.org:80/archive/index.php/t-4981.html	t-4981.html
20081202125319	http://forum.azzurra.org/archive/index.php/t-4989.html	t-4989.html
20081202133146	http://forum.azzurra.org/archive/index.php/t-499.html	t-499.html
20081202131958	http://forum.azzurra.org/archive/index.php/t-4990.html	t-4990.html
20050518124226	http://forum.azzurra.org:80/archive/index.php/t-4992.html	t-4992.html
20060113065035	http://forum.azzurra.org:80/archive/index.php/t-4993.html	t-4993.html
20070211153251	http://forum.azzurra.org:80/archive/index.php/t-4994.html	t-4994.html
20050518124229	http://forum.azzurra.org:80/archive/index.php/t-4998.html	t-4998.html
20081202073009	http://forum.azzurra.org/archive/index.php/t-5.html	t-5.html
20081202132206	http://forum.azzurra.org/archive/index.php/t-50.html	t-50.html
20060518170342	http://forum.azzurra.org:80/archive/index.php/t-5008.html	t-5008.html
20081202130441	http://forum.azzurra.org/archive/index.php/t-501.html	t-501.html
20090107163208	http://forum.azzurra.org/archive/index.php/t-5010.html	t-5010.html
20050506171501	http://forum.azzurra.org:80/archive/index.php/t-5013.html	t-5013.html
20050518124234	http://forum.azzurra.org:80/archive/index.php/t-5014.html	t-5014.html
20081120032608	http://forum.azzurra.org/archive/index.php/t-5018.html	t-5018.html
20090107160810	http://forum.azzurra.org/archive/index.php/t-5019.html	t-5019.html
20080624144149	http://forum.azzurra.org:80/archive/index.php/t-502.html	t-502.html
20081202131611	http://forum.azzurra.org/archive/index.php/t-5021.html	t-5021.html
20070901013642	http://forum.azzurra.org:80/archive/index.php/t-5026.html	t-5026.html
20060113070308	http://forum.azzurra.org:80/archive/index.php/t-503.html	t-503.html
20050518124125	http://forum.azzurra.org:80/archive/index.php/t-5030.html	t-5030.html
20081202123557	http://forum.azzurra.org/archive/index.php/t-5031.html	t-5031.html
20070901014429	http://forum.azzurra.org:80/archive/index.php/t-5036.html	t-5036.html
20050523013032	http://forum.azzurra.org:80/archive/index.php/t-5038.html	t-5038.html
20060113071832	http://forum.azzurra.org:80/archive/index.php/t-504.html	t-504.html
20081120033915	http://forum.azzurra.org/archive/index.php/t-5047.html	t-5047.html
20060721201124	http://forum.azzurra.org:80/archive/index.php/t-505.html	t-505.html
20070306033609	http://forum.azzurra.org:80/archive/index.php/t-5051.html	t-5051.html
20070524053959	http://forum.azzurra.org:80/archive/index.php/t-5054.html	t-5054.html
20050518124137	http://forum.azzurra.org:80/archive/index.php/t-506.html	t-506.html
20050518124237	http://forum.azzurra.org:80/archive/index.php/t-5060.html	t-5060.html
20051225095343	http://forum.azzurra.org:80/archive/index.php/t-5061.html	t-5061.html
20050518124141	http://forum.azzurra.org:80/archive/index.php/t-507.html	t-507.html
20050518124242	http://forum.azzurra.org:80/archive/index.php/t-5071.html	t-5071.html
20050518124246	http://forum.azzurra.org:80/archive/index.php/t-5072.html	t-5072.html
20070703225830	http://forum.azzurra.org:80/archive/index.php/t-5081-p-2.html	t-5081-p-2.html
20070703021451	http://forum.azzurra.org:80/archive/index.php/t-5081-p-3.html	t-5081-p-3.html
20070703021735	http://forum.azzurra.org:80/archive/index.php/t-5081-p-4.html	t-5081-p-4.html
20070703021712	http://forum.azzurra.org:80/archive/index.php/t-5081-p-5.html	t-5081-p-5.html
20070703225752	http://forum.azzurra.org:80/archive/index.php/t-5081-p-6.html	t-5081-p-6.html
20070630084522	http://forum.azzurra.org:80/archive/index.php/t-5081-p-7.html	t-5081-p-7.html
20070703021410	http://forum.azzurra.org:80/archive/index.php/t-5081-p-8.html	t-5081-p-8.html
20070329011450	http://forum.azzurra.org:80/archive/index.php/t-5081.html	t-5081.html
20080624144155	http://forum.azzurra.org:80/archive/index.php/t-5083.html	t-5083.html
20050518124250	http://forum.azzurra.org:80/archive/index.php/t-5085.html	t-5085.html
20070211153300	http://forum.azzurra.org:80/archive/index.php/t-5086.html	t-5086.html
20060721080610	http://forum.azzurra.org:80/archive/index.php/t-5089.html	t-5089.html
20060721080624	http://forum.azzurra.org:80/archive/index.php/t-5090.html	t-5090.html
20050518124133	http://forum.azzurra.org:80/archive/index.php/t-51.html	t-51.html
20081202134312	http://forum.azzurra.org/archive/index.php/t-510.html	t-510.html
20050506170609	http://forum.azzurra.org:80/archive/index.php/t-5100.html	t-5100.html
20080624230940	http://forum.azzurra.org:80/archive/index.php/t-5103.html	t-5103.html
20081202133641	http://forum.azzurra.org/archive/index.php/t-5104.html	t-5104.html
20090107164710	http://forum.azzurra.org/archive/index.php/t-5107.html	t-5107.html
20081202125051	http://forum.azzurra.org/archive/index.php/t-511.html	t-511.html
20080624144200	http://forum.azzurra.org:80/archive/index.php/t-5111.html	t-5111.html
20070211153311	http://forum.azzurra.org:80/archive/index.php/t-5112.html	t-5112.html
20070211153320	http://forum.azzurra.org:80/archive/index.php/t-5114.html	t-5114.html
20060519173610	http://forum.azzurra.org:80/archive/index.php/t-5115.html	t-5115.html
20050518124254	http://forum.azzurra.org:80/archive/index.php/t-5118.html	t-5118.html
20050518124109	http://forum.azzurra.org:80/archive/index.php/t-512.html	t-512.html
20081202122907	http://forum.azzurra.org/archive/index.php/t-5120.html	t-5120.html
20070211153330	http://forum.azzurra.org:80/archive/index.php/t-5122.html	t-5122.html
20081202122700	http://forum.azzurra.org/archive/index.php/t-5123.html	t-5123.html
20081202122013	http://forum.azzurra.org/archive/index.php/t-5126.html	t-5126.html
20081202125740	http://forum.azzurra.org/archive/index.php/t-5128.html	t-5128.html
20050518124146	http://forum.azzurra.org:80/archive/index.php/t-513.html	t-513.html
20050511043544	http://forum.azzurra.org:80/archive/index.php/t-5130.html	t-5130.html
20050426162706	http://forum.azzurra.org:80/archive/index.php/t-5134.html	t-5134.html
20060113074100	http://forum.azzurra.org:80/archive/index.php/t-5136.html	t-5136.html
20060422201039	http://forum.azzurra.org:80/archive/index.php/t-5138.html	t-5138.html
20050518124150	http://forum.azzurra.org:80/archive/index.php/t-514.html	t-514.html
20060519173622	http://forum.azzurra.org:80/archive/index.php/t-5140.html	t-5140.html
20090107160903	http://forum.azzurra.org/archive/index.php/t-5141-p-10.html	t-5141-p-10.html
20090107142039	http://forum.azzurra.org/archive/index.php/t-5141-p-11.html	t-5141-p-11.html
20090107140456	http://forum.azzurra.org/archive/index.php/t-5141-p-12.html	t-5141-p-12.html
20090107161651	http://forum.azzurra.org/archive/index.php/t-5141-p-13.html	t-5141-p-13.html
20090107133919	http://forum.azzurra.org/archive/index.php/t-5141-p-2.html	t-5141-p-2.html
20090107153151	http://forum.azzurra.org/archive/index.php/t-5141-p-3.html	t-5141-p-3.html
20090107125759	http://forum.azzurra.org/archive/index.php/t-5141-p-4.html	t-5141-p-4.html
20090107160535	http://forum.azzurra.org/archive/index.php/t-5141-p-5.html	t-5141-p-5.html
20090107155052	http://forum.azzurra.org/archive/index.php/t-5141-p-6.html	t-5141-p-6.html
20090107131348	http://forum.azzurra.org/archive/index.php/t-5141-p-7.html	t-5141-p-7.html
20090107141316	http://forum.azzurra.org/archive/index.php/t-5141-p-8.html	t-5141-p-8.html
20090107161421	http://forum.azzurra.org/archive/index.php/t-5141-p-9.html	t-5141-p-9.html
20070328194244	http://forum.azzurra.org:80/archive/index.php/t-5141.html	t-5141.html
20070326063412	http://forum.azzurra.org:80/archive/index.php/t-5142-p-2.html	t-5142-p-2.html
20070322070729	http://forum.azzurra.org:80/archive/index.php/t-5142.html	t-5142.html
20061031213922	http://forum.azzurra.org:80/archive/index.php/t-5143.html	t-5143.html
20070211153341	http://forum.azzurra.org:80/archive/index.php/t-5145.html	t-5145.html
20070211153351	http://forum.azzurra.org:80/archive/index.php/t-5146.html	t-5146.html
20080624144204	http://forum.azzurra.org:80/archive/index.php/t-5148.html	t-5148.html
20050518124154	http://forum.azzurra.org:80/archive/index.php/t-515.html	t-515.html
20050511045350	http://forum.azzurra.org:80/archive/index.php/t-5154.html	t-5154.html
20080624230944	http://forum.azzurra.org:80/archive/index.php/t-5159.html	t-5159.html
20081202134806	http://forum.azzurra.org/archive/index.php/t-516.html	t-516.html
20081010105823	http://forum.azzurra.org:80/archive/index.php/t-5167.html	t-5167.html
20080624144213	http://forum.azzurra.org:80/archive/index.php/t-5168.html	t-5168.html
20090107164035	http://forum.azzurra.org/archive/index.php/t-5169.html	t-5169.html
20060113073941	http://forum.azzurra.org:80/archive/index.php/t-517.html	t-517.html
20080516214843	http://forum.azzurra.org:80/archive/index.php/t-5171.html	t-5171.html
20090107154317	http://forum.azzurra.org/archive/index.php/t-5174.html	t-5174.html
20060528093918	http://forum.azzurra.org:80/archive/index.php/t-5176.html	t-5176.html
20060113064044	http://forum.azzurra.org:80/archive/index.php/t-5177.html	t-5177.html
20050518210507	http://forum.azzurra.org:80/archive/index.php/t-5178.html	t-5178.html
20070211153401	http://forum.azzurra.org:80/archive/index.php/t-5180.html	t-5180.html
20061116055227	http://forum.azzurra.org:80/archive/index.php/t-5181.html	t-5181.html
20050518210510	http://forum.azzurra.org:80/archive/index.php/t-5184.html	t-5184.html
20081202124208	http://forum.azzurra.org/archive/index.php/t-5186.html	t-5186.html
20081202132333	http://forum.azzurra.org/archive/index.php/t-519.html	t-519.html
20061031162858	http://forum.azzurra.org:80/archive/index.php/t-5199.html	t-5199.html
20081202123835	http://forum.azzurra.org/archive/index.php/t-52.html	t-52.html
20081202124351	http://forum.azzurra.org/archive/index.php/t-520.html	t-520.html
20080624144214	http://forum.azzurra.org:80/archive/index.php/t-5200.html	t-5200.html
20081202133430	http://forum.azzurra.org/archive/index.php/t-5202.html	t-5202.html
20081202123625	http://forum.azzurra.org/archive/index.php/t-5206.html	t-5206.html
20060426235311	http://forum.azzurra.org:80/archive/index.php/t-5208.html	t-5208.html
20070718160053	http://forum.azzurra.org:80/archive/index.php/t-521.html	t-521.html
20081202131718	http://forum.azzurra.org/archive/index.php/t-5216.html	t-5216.html
20081202134416	http://forum.azzurra.org/archive/index.php/t-522.html	t-522.html
20070922182444	http://forum.azzurra.org:80/archive/index.php/t-523.html	t-523.html
20090107143709	http://forum.azzurra.org/archive/index.php/t-5234.html	t-5234.html
20080624144219	http://forum.azzurra.org:80/archive/index.php/t-5236.html	t-5236.html
20071013020124	http://forum.azzurra.org:80/archive/index.php/t-5239.html	t-5239.html
20081202130702	http://forum.azzurra.org/archive/index.php/t-5240.html	t-5240.html
20050512152433	http://forum.azzurra.org:80/archive/index.php/t-5243.html	t-5243.html
20081202121943	http://forum.azzurra.org/archive/index.php/t-5244.html	t-5244.html
20081202125555	http://forum.azzurra.org/archive/index.php/t-5245.html	t-5245.html
20050731094604	http://forum.azzurra.org:80/archive/index.php/t-5249.html	t-5249.html
20070714221541	http://forum.azzurra.org:80/archive/index.php/t-525.html	t-525.html
20070906033201	http://forum.azzurra.org:80/archive/index.php/t-5251.html	t-5251.html
20060721080647	http://forum.azzurra.org:80/archive/index.php/t-5252.html	t-5252.html
20060222112000	http://forum.azzurra.org:80/archive/index.php/t-5253.html	t-5253.html
20060113070638	http://forum.azzurra.org:80/archive/index.php/t-5254.html	t-5254.html
20070211153412	http://forum.azzurra.org:80/archive/index.php/t-5256.html	t-5256.html
20081202125232	http://forum.azzurra.org/archive/index.php/t-526.html	t-526.html
20050426162538	http://forum.azzurra.org:80/archive/index.php/t-5261.html	t-5261.html
20050319085933	http://forum.azzurra.org:80/archive/index.php/t-5262.html	t-5262.html
20081202123337	http://forum.azzurra.org/archive/index.php/t-5268.html	t-5268.html
20050518210406	http://forum.azzurra.org:80/archive/index.php/t-527.html	t-527.html
20090107153741	http://forum.azzurra.org/archive/index.php/t-5272.html	t-5272.html
20090107154711	http://forum.azzurra.org/archive/index.php/t-5274.html	t-5274.html
20050518210515	http://forum.azzurra.org:80/archive/index.php/t-5276.html	t-5276.html
20050616075331	http://forum.azzurra.org:80/archive/index.php/t-5277.html	t-5277.html
20081202133712	http://forum.azzurra.org/archive/index.php/t-528.html	t-528.html
20060113064018	http://forum.azzurra.org:80/archive/index.php/t-5283.html	t-5283.html
20090107151811	http://forum.azzurra.org/archive/index.php/t-5289.html	t-5289.html
20081202123153	http://forum.azzurra.org/archive/index.php/t-529.html	t-529.html
20090927085155	http://forum.azzurra.org:80/archive/index.php/t-5292.html	t-5292.html
20090503041455	http://forum.azzurra.org:80/archive/index.php/t-5297.html	t-5297.html
20081120033620	http://forum.azzurra.org/archive/index.php/t-5298.html	t-5298.html
20061031032458	http://forum.azzurra.org:80/archive/index.php/t-5299.html	t-5299.html
20081202132312	http://forum.azzurra.org/archive/index.php/t-53.html	t-53.html
20050518210423	http://forum.azzurra.org:80/archive/index.php/t-530.html	t-530.html
20070717001316	http://forum.azzurra.org:80/archive/index.php/t-5300.html	t-5300.html
20080624235000	http://forum.azzurra.org:80/archive/index.php/t-5303.html	t-5303.html
20060117065055	http://forum.azzurra.org:80/archive/index.php/t-5304.html	t-5304.html
20050216084315	http://forum.azzurra.org:80/archive/index.php/t-5312.html	t-5312.html
20050518210519	http://forum.azzurra.org:80/archive/index.php/t-5318.html	t-5318.html
20081202072830	http://forum.azzurra.org/archive/index.php/t-532.html	t-532.html
20081202122838	http://forum.azzurra.org/archive/index.php/t-5326.html	t-5326.html
20070718011303	http://forum.azzurra.org:80/archive/index.php/t-533.html	t-533.html
20080624231200	http://forum.azzurra.org:80/archive/index.php/t-534.html	t-534.html
20070314055956	http://forum.azzurra.org:80/archive/index.php/t-5343.html	t-5343.html
20081202130120	http://forum.azzurra.org/archive/index.php/t-5345.html	t-5345.html
20070310004249	http://forum.azzurra.org:80/archive/index.php/t-5347.html	t-5347.html
20081202131932	http://forum.azzurra.org/archive/index.php/t-5349.html	t-5349.html
20070901013609	http://forum.azzurra.org:80/archive/index.php/t-535.html	t-535.html
20081202134350	http://forum.azzurra.org/archive/index.php/t-5352.html	t-5352.html
20050729103343	http://forum.azzurra.org:80/archive/index.php/t-5353.html	t-5353.html
20081202134541	http://forum.azzurra.org/archive/index.php/t-5354.html	t-5354.html
20081202124534	http://forum.azzurra.org/archive/index.php/t-5355.html	t-5355.html
20070314124131	http://forum.azzurra.org:80/archive/index.php/t-5359.html	t-5359.html
20081202130750	http://forum.azzurra.org/archive/index.php/t-536.html	t-536.html
20070211153422	http://forum.azzurra.org:80/archive/index.php/t-5361.html	t-5361.html
20070310004301	http://forum.azzurra.org:80/archive/index.php/t-5365.html	t-5365.html
20080624235145	http://forum.azzurra.org:80/archive/index.php/t-5368.html	t-5368.html
20081202132942	http://forum.azzurra.org/archive/index.php/t-5369.html	t-5369.html
20060721201137	http://forum.azzurra.org:80/archive/index.php/t-537.html	t-537.html
20070310040940	http://forum.azzurra.org:80/archive/index.php/t-5371.html	t-5371.html
20050518210523	http://forum.azzurra.org:80/archive/index.php/t-5372.html	t-5372.html
20060518170150	http://forum.azzurra.org:80/archive/index.php/t-5377.html	t-5377.html
20070310004313	http://forum.azzurra.org:80/archive/index.php/t-5379.html	t-5379.html
20051224181318	http://forum.azzurra.org:80/archive/index.php/t-538.html	t-538.html
20070314124142	http://forum.azzurra.org:80/archive/index.php/t-5384.html	t-5384.html
20071026090552	http://forum.azzurra.org:80/archive/index.php/t-539.html	t-539.html
20070310004325	http://forum.azzurra.org:80/archive/index.php/t-5390.html	t-5390.html
20070403163719	http://forum.azzurra.org:80/archive/index.php/t-5391.html	t-5391.html
20070310060425	http://forum.azzurra.org:80/archive/index.php/t-5392.html	t-5392.html
20060721080714	http://forum.azzurra.org:80/archive/index.php/t-5393.html	t-5393.html
20070310004335	http://forum.azzurra.org:80/archive/index.php/t-5394.html	t-5394.html
20070310040951	http://forum.azzurra.org:80/archive/index.php/t-5398.html	t-5398.html
20081201161811	http://forum.azzurra.org/archive/index.php/t-54.html	t-54.html
20081201172138	http://forum.azzurra.org/archive/index.php/t-540.html	t-540.html
20081201163703	http://forum.azzurra.org/archive/index.php/t-5400.html	t-5400.html
20081201173224	http://forum.azzurra.org/archive/index.php/t-5401.html	t-5401.html
20070310041001	http://forum.azzurra.org:80/archive/index.php/t-5402.html	t-5402.html
20070510010829	http://forum.azzurra.org:80/archive/index.php/t-5405.html	t-5405.html
20070314060006	http://forum.azzurra.org:80/archive/index.php/t-5406.html	t-5406.html
20070310004346	http://forum.azzurra.org:80/archive/index.php/t-5407.html	t-5407.html
20050518210527	http://forum.azzurra.org:80/archive/index.php/t-5409.html	t-5409.html
20081201161555	http://forum.azzurra.org/archive/index.php/t-541.html	t-541.html
20070314091423	http://forum.azzurra.org:80/archive/index.php/t-5411.html	t-5411.html
20070314060016	http://forum.azzurra.org:80/archive/index.php/t-5412.html	t-5412.html
20070310041011	http://forum.azzurra.org:80/archive/index.php/t-5413.html	t-5413.html
20070310004359	http://forum.azzurra.org:80/archive/index.php/t-5419.html	t-5419.html
20080624231206	http://forum.azzurra.org:80/archive/index.php/t-542.html	t-542.html
20070310041022	http://forum.azzurra.org:80/archive/index.php/t-5421.html	t-5421.html
20070314124152	http://forum.azzurra.org:80/archive/index.php/t-5423.html	t-5423.html
20081201165108	http://forum.azzurra.org/archive/index.php/t-5424.html	t-5424.html
20070625123522	http://forum.azzurra.org/archive/index.php/t-5425.html	t-5425.html
20060328110931	http://forum.azzurra.org:80/archive/index.php/t-5429.html	t-5429.html
20050518210427	http://forum.azzurra.org:80/archive/index.php/t-543.html	t-543.html
20081201162720	http://forum.azzurra.org/archive/index.php/t-5431.html	t-5431.html
20060527214157	http://forum.azzurra.org:80/archive/index.php/t-5432.html	t-5432.html
20081201173447	http://forum.azzurra.org/archive/index.php/t-5433.html	t-5433.html
20081201163837	http://forum.azzurra.org/archive/index.php/t-5434.html	t-5434.html
20081201173022	http://forum.azzurra.org/archive/index.php/t-5435.html	t-5435.html
20081201172924	http://forum.azzurra.org/archive/index.php/t-5436.html	t-5436.html
20070310041032	http://forum.azzurra.org:80/archive/index.php/t-5438.html	t-5438.html
20081201162258	http://forum.azzurra.org/archive/index.php/t-544.html	t-544.html
20050426162654	http://forum.azzurra.org:80/archive/index.php/t-5440.html	t-5440.html
20070314124203	http://forum.azzurra.org:80/archive/index.php/t-5443.html	t-5443.html
20070314060027	http://forum.azzurra.org:80/archive/index.php/t-5445.html	t-5445.html
20080624144230	http://forum.azzurra.org:80/archive/index.php/t-5446.html	t-5446.html
20081201171703	http://forum.azzurra.org/archive/index.php/t-545.html	t-545.html
20070310041042	http://forum.azzurra.org:80/archive/index.php/t-5450.html	t-5450.html
20081201161137	http://forum.azzurra.org/archive/index.php/t-5453.html	t-5453.html
20070310041053	http://forum.azzurra.org:80/archive/index.php/t-5454.html	t-5454.html
20081201162355	http://forum.azzurra.org/archive/index.php/t-5455.html	t-5455.html
20070523051133	http://forum.azzurra.org:80/archive/index.php/t-5456.html	t-5456.html
20070314091434	http://forum.azzurra.org:80/archive/index.php/t-5458.html	t-5458.html
20081201171857	http://forum.azzurra.org/archive/index.php/t-546.html	t-546.html
20081201171605	http://forum.azzurra.org/archive/index.php/t-5460.html	t-5460.html
20070901014458	http://forum.azzurra.org:80/archive/index.php/t-5462.html	t-5462.html
20060721201540	http://forum.azzurra.org:80/archive/index.php/t-5464.html	t-5464.html
20060721201552	http://forum.azzurra.org:80/archive/index.php/t-5465.html	t-5465.html
20060721201612	http://forum.azzurra.org:80/archive/index.php/t-5466.html	t-5466.html
20050518210414	http://forum.azzurra.org:80/archive/index.php/t-547.html	t-547.html
20060721201623	http://forum.azzurra.org:80/archive/index.php/t-5471.html	t-5471.html
20050518210531	http://forum.azzurra.org:80/archive/index.php/t-5472.html	t-5472.html
20090107161602	http://forum.azzurra.org/archive/index.php/t-5474.html	t-5474.html
20081201160441	http://forum.azzurra.org/archive/index.php/t-5475.html	t-5475.html
20081201170321	http://forum.azzurra.org/archive/index.php/t-5477.html	t-5477.html
20081201165622	http://forum.azzurra.org/archive/index.php/t-5478.html	t-5478.html
20081120062613	http://forum.azzurra.org/archive/index.php/t-5479.html	t-5479.html
20081201163248	http://forum.azzurra.org/archive/index.php/t-548.html	t-548.html
20050518210535	http://forum.azzurra.org:80/archive/index.php/t-5481.html	t-5481.html
20050511043616	http://forum.azzurra.org:80/archive/index.php/t-5482.html	t-5482.html
20081201163454	http://forum.azzurra.org/archive/index.php/t-5483.html	t-5483.html
20061031213933	http://forum.azzurra.org:80/archive/index.php/t-5484.html	t-5484.html
20060721080741	http://forum.azzurra.org:80/archive/index.php/t-5485.html	t-5485.html
20081201164216	http://forum.azzurra.org/archive/index.php/t-5486.html	t-5486.html
20070310004412	http://forum.azzurra.org:80/archive/index.php/t-5487.html	t-5487.html
20081201161212	http://forum.azzurra.org/archive/index.php/t-5489.html	t-5489.html
20081201173546	http://forum.azzurra.org/archive/index.php/t-549.html	t-549.html
20080919035813	http://forum.azzurra.org:80/archive/index.php/t-5491.html	t-5491.html
20061031162909	http://forum.azzurra.org:80/archive/index.php/t-5492.html	t-5492.html
20050217084416	http://forum.azzurra.org:80/archive/index.php/t-5493.html	t-5493.html
20050121090408	http://forum.azzurra.org:80/archive/index.php/t-5494.html	t-5494.html
20080525082911	http://forum.azzurra.org:80/archive/index.php/t-5498-p-2.html	t-5498-p-2.html
20090107170603	http://forum.azzurra.org/archive/index.php/t-5498-p-3.html	t-5498-p-3.html
20090107150343	http://forum.azzurra.org/archive/index.php/t-5498-p-4.html	t-5498-p-4.html
20090107172122	http://forum.azzurra.org/archive/index.php/t-5498-p-5.html	t-5498-p-5.html
20070222011030	http://forum.azzurra.org:80/archive/index.php/t-5498.html	t-5498.html
20060721201637	http://forum.azzurra.org:80/archive/index.php/t-5499.html	t-5499.html
20081201172107	http://forum.azzurra.org/archive/index.php/t-55.html	t-55.html
20050518210431	http://forum.azzurra.org:80/archive/index.php/t-550.html	t-550.html
20060113063455	http://forum.azzurra.org:80/archive/index.php/t-5500.html	t-5500.html
20081201172850	http://forum.azzurra.org/archive/index.php/t-5501.html	t-5501.html
20081201163939	http://forum.azzurra.org/archive/index.php/t-5503.html	t-5503.html
20070211153433	http://forum.azzurra.org:80/archive/index.php/t-5504.html	t-5504.html
20081201173937	http://forum.azzurra.org/archive/index.php/t-5507.html	t-5507.html
20081201170529	http://forum.azzurra.org/archive/index.php/t-551.html	t-551.html
20070211151859	http://forum.azzurra.org:80/archive/index.php/t-5511.html	t-5511.html
20060721201649	http://forum.azzurra.org:80/archive/index.php/t-5512.html	t-5512.html
20070211153443	http://forum.azzurra.org:80/archive/index.php/t-5513.html	t-5513.html
20081201155348	http://forum.azzurra.org/archive/index.php/t-5517.html	t-5517.html
20081201170007	http://forum.azzurra.org/archive/index.php/t-552.html	t-552.html
20081201114229	http://forum.azzurra.org/archive/index.php/t-5520.html	t-5520.html
20081201164645	http://forum.azzurra.org/archive/index.php/t-5521.html	t-5521.html
20081201164542	http://forum.azzurra.org/archive/index.php/t-5522.html	t-5522.html
20081201155240	http://forum.azzurra.org/archive/index.php/t-5523.html	t-5523.html
20060720215109	http://forum.azzurra.org:80/archive/index.php/t-5526.html	t-5526.html
20080624230950	http://forum.azzurra.org:80/archive/index.php/t-5527.html	t-5527.html
20050525022305	http://forum.azzurra.org:80/archive/index.php/t-5528.html	t-5528.html
20081201161029	http://forum.azzurra.org/archive/index.php/t-553.html	t-553.html
20050518210540	http://forum.azzurra.org:80/archive/index.php/t-5530.html	t-5530.html
20080624144235	http://forum.azzurra.org:80/archive/index.php/t-5535.html	t-5535.html
20081201171201	http://forum.azzurra.org/archive/index.php/t-554.html	t-554.html
20090107160956	http://forum.azzurra.org/archive/index.php/t-5540.html	t-5540.html
20070310060431	http://forum.azzurra.org:80/archive/index.php/t-5546.html	t-5546.html
20090107153256	http://forum.azzurra.org/archive/index.php/t-5549.html	t-5549.html
20081201155831	http://forum.azzurra.org/archive/index.php/t-555.html	t-555.html
20060524000316	http://forum.azzurra.org:80/archive/index.php/t-5551.html	t-5551.html
20061031075711	http://forum.azzurra.org:80/archive/index.php/t-5552.html	t-5552.html
20060721201704	http://forum.azzurra.org:80/archive/index.php/t-5553.html	t-5553.html
20070310041103	http://forum.azzurra.org:80/archive/index.php/t-5555.html	t-5555.html
20060524000213	http://forum.azzurra.org:80/archive/index.php/t-5556.html	t-5556.html
20081201163038	http://forum.azzurra.org/archive/index.php/t-5559.html	t-5559.html
20060715022001	http://forum.azzurra.org:80/archive/index.php/t-556.html	t-556.html
20060113070741	http://forum.azzurra.org:80/archive/index.php/t-5562.html	t-5562.html
20081201171635	http://forum.azzurra.org/archive/index.php/t-5563.html	t-5563.html
20081201171130	http://forum.azzurra.org/archive/index.php/t-557.html	t-557.html
20060113073303	http://forum.azzurra.org:80/archive/index.php/t-5576.html	t-5576.html
20061031032622	http://forum.azzurra.org:80/archive/index.php/t-558.html	t-558.html
20070310004437	http://forum.azzurra.org:80/archive/index.php/t-5587.html	t-5587.html
20120907031312	http://forum.azzurra.org:80/archive/index.php/t-5588.html	t-5588.html
20060721201717	http://forum.azzurra.org:80/archive/index.php/t-5589.html	t-5589.html
20050518210434	http://forum.azzurra.org:80/archive/index.php/t-559.html	t-559.html
20081201114116	http://forum.azzurra.org/archive/index.php/t-5591.html	t-5591.html
20070310060442	http://forum.azzurra.org:80/archive/index.php/t-5592.html	t-5592.html
20081201172501	http://forum.azzurra.org/archive/index.php/t-56.html	t-56.html
20050518210439	http://forum.azzurra.org:80/archive/index.php/t-560.html	t-560.html
20070211153453	http://forum.azzurra.org:80/archive/index.php/t-5604.html	t-5604.html
20081201172432	http://forum.azzurra.org/archive/index.php/t-5608.html	t-5608.html
20061119025937	http://forum.azzurra.org:80/archive/index.php/t-5610.html	t-5610.html
20060113063335	http://forum.azzurra.org:80/archive/index.php/t-5615.html	t-5615.html
20070310004450	http://forum.azzurra.org:80/archive/index.php/t-5619.html	t-5619.html
20050518210443	http://forum.azzurra.org:80/archive/index.php/t-562.html	t-562.html
20050511045411	http://forum.azzurra.org:80/archive/index.php/t-5626.html	t-5626.html
20081201170933	http://forum.azzurra.org/archive/index.php/t-5628.html	t-5628.html
20070314091445	http://forum.azzurra.org:80/archive/index.php/t-5629.html	t-5629.html
20081201170632	http://forum.azzurra.org/archive/index.php/t-563.html	t-563.html
20060524000146	http://forum.azzurra.org:80/archive/index.php/t-5635.html	t-5635.html
20081201160516	http://forum.azzurra.org/archive/index.php/t-564.html	t-564.html
20070314091455	http://forum.azzurra.org:80/archive/index.php/t-5643.html	t-5643.html
20070211153503	http://forum.azzurra.org:80/archive/index.php/t-5644.html	t-5644.html
20070211153513	http://forum.azzurra.org:80/archive/index.php/t-5645.html	t-5645.html
20060117040939	http://forum.azzurra.org:80/archive/index.php/t-5648.html	t-5648.html
20060527214217	http://forum.azzurra.org:80/archive/index.php/t-5649.html	t-5649.html
20081201170351	http://forum.azzurra.org/archive/index.php/t-565.html	t-565.html
20081201171830	http://forum.azzurra.org/archive/index.php/t-5652.html	t-5652.html
20081201161103	http://forum.azzurra.org/archive/index.php/t-5656.html	t-5656.html
20070314060037	http://forum.azzurra.org:80/archive/index.php/t-5668.html	t-5668.html
20081201160552	http://forum.azzurra.org/archive/index.php/t-567.html	t-567.html
20081201170249	http://forum.azzurra.org/archive/index.php/t-5672.html	t-5672.html
20081201155722	http://forum.azzurra.org/archive/index.php/t-5675.html	t-5675.html
20081201170832	http://forum.azzurra.org/archive/index.php/t-5677.html	t-5677.html
20050518210447	http://forum.azzurra.org:80/archive/index.php/t-568.html	t-568.html
20070310004501	http://forum.azzurra.org:80/archive/index.php/t-5685.html	t-5685.html
20081201163419	http://forum.azzurra.org/archive/index.php/t-5686.html	t-5686.html
20070306050638	http://forum.azzurra.org:80/archive/index.php/t-5688.html	t-5688.html
20050518210543	http://forum.azzurra.org:80/archive/index.php/t-5689.html	t-5689.html
20081201165653	http://forum.azzurra.org/archive/index.php/t-569.html	t-569.html
20050518210417	http://forum.azzurra.org:80/archive/index.php/t-57.html	t-57.html
20081201162428	http://forum.azzurra.org/archive/index.php/t-570.html	t-570.html
20081201173418	http://forum.azzurra.org/archive/index.php/t-5701.html	t-5701.html
20070310004512	http://forum.azzurra.org:80/archive/index.php/t-5706.html	t-5706.html
20100308044902	http://forum.azzurra.org:80/archive/index.php/t-5707.html	t-5707.html
20070527085639	http://forum.azzurra.org:80/archive/index.php/t-5712.html	t-5712.html
20070310004522	http://forum.azzurra.org:80/archive/index.php/t-5713.html	t-5713.html
20050518210547	http://forum.azzurra.org:80/archive/index.php/t-5716.html	t-5716.html
20080624144240	http://forum.azzurra.org:80/archive/index.php/t-5719.html	t-5719.html
20081201171926	http://forum.azzurra.org/archive/index.php/t-572.html	t-572.html
20050322095242	http://forum.azzurra.org:80/archive/index.php/t-5727.html	t-5727.html
20060113060712	http://forum.azzurra.org:80/archive/index.php/t-5729.html	t-5729.html
20050518210409	http://forum.azzurra.org:80/archive/index.php/t-573.html	t-573.html
20050518210451	http://forum.azzurra.org:80/archive/index.php/t-574.html	t-574.html
20060328112412	http://forum.azzurra.org:80/archive/index.php/t-5745.html	t-5745.html
20081201161519	http://forum.azzurra.org/archive/index.php/t-575.html	t-575.html
20050518210552	http://forum.azzurra.org:80/archive/index.php/t-5751.html	t-5751.html
20081201171732	http://forum.azzurra.org/archive/index.php/t-5766.html	t-5766.html
20081201172335	http://forum.azzurra.org/archive/index.php/t-577.html	t-577.html
20081201160920	http://forum.azzurra.org/archive/index.php/t-5770.html	t-5770.html
20120730160218	http://forum.azzurra.org/archive/index.php/t-5773.html	t-5773.html
20070314060048	http://forum.azzurra.org:80/archive/index.php/t-5776.html	t-5776.html
20070715111710	http://forum.azzurra.org:80/archive/index.php/t-578.html	t-578.html
20060721080832	http://forum.azzurra.org:80/archive/index.php/t-5781.html	t-5781.html
20070310041114	http://forum.azzurra.org:80/archive/index.php/t-5783.html	t-5783.html
20081201173814	http://forum.azzurra.org/archive/index.php/t-5784.html	t-5784.html
20050511045305	http://forum.azzurra.org:80/archive/index.php/t-5786.html	t-5786.html
20070310004533	http://forum.azzurra.org:80/archive/index.php/t-5789.html	t-5789.html
20081201164248	http://forum.azzurra.org/archive/index.php/t-579.html	t-579.html
20070310060452	http://forum.azzurra.org:80/archive/index.php/t-5790.html	t-5790.html
20081120062824	http://forum.azzurra.org/archive/index.php/t-5791.html	t-5791.html
20070310004544	http://forum.azzurra.org:80/archive/index.php/t-5795.html	t-5795.html
20070310041124	http://forum.azzurra.org:80/archive/index.php/t-5799.html	t-5799.html
20081201164115	http://forum.azzurra.org/archive/index.php/t-58.html	t-58.html
20081201155524	http://forum.azzurra.org/archive/index.php/t-580.html	t-580.html
20070310004555	http://forum.azzurra.org:80/archive/index.php/t-5802.html	t-5802.html
20070310004605	http://forum.azzurra.org:80/archive/index.php/t-5803.html	t-5803.html
20081201113218	http://forum.azzurra.org/archive/index.php/t-5805.html	t-5805.html
20081201164320	http://forum.azzurra.org/archive/index.php/t-581.html	t-581.html
20060721201149	http://forum.azzurra.org:80/archive/index.php/t-582.html	t-582.html
20131027094447	http://forum.azzurra.org:80/archive/index.php/t-5825-p-7.html	t-5825-p-7.html
20061031213622	http://forum.azzurra.org:80/archive/index.php/t-583.html	t-583.html
20050511043626	http://forum.azzurra.org:80/archive/index.php/t-5835.html	t-5835.html
20060518170054	http://forum.azzurra.org:80/archive/index.php/t-5837.html	t-5837.html
20070718155723	http://forum.azzurra.org:80/archive/index.php/t-5838.html	t-5838.html
20090221041246	http://forum.azzurra.org:80/archive/index.php/t-5839.html	t-5839.html
20070310060501	http://forum.azzurra.org:80/archive/index.php/t-5843.html	t-5843.html
20050728114749	http://forum.azzurra.org:80/archive/index.php/t-5844.html	t-5844.html
20070310060512	http://forum.azzurra.org:80/archive/index.php/t-5848.html	t-5848.html
20050518210454	http://forum.azzurra.org:80/archive/index.php/t-585.html	t-585.html
20050531075058	http://forum.azzurra.org:80/archive/index.php/t-5851.html	t-5851.html
20070310041137	http://forum.azzurra.org:80/archive/index.php/t-5854.html	t-5854.html
20170803194037	http://forum.azzurra.org:80/archive/index.php/t-5859.html	t-5859.html
20081120064845	http://forum.azzurra.org/archive/index.php/t-586.html	t-586.html
20060721201742	http://forum.azzurra.org:80/archive/index.php/t-5860.html	t-5860.html
20050518210402	http://forum.azzurra.org:80/archive/index.php/t-5861.html	t-5861.html
20081201171230	http://forum.azzurra.org/archive/index.php/t-5863.html	t-5863.html
20050731101326	http://forum.azzurra.org:80/archive/index.php/t-587.html	t-587.html
20060721201755	http://forum.azzurra.org:80/archive/index.php/t-5871.html	t-5871.html
20090107163650	http://forum.azzurra.org/archive/index.php/t-5872.html	t-5872.html
20070112031941	http://forum.azzurra.org:80/archive/index.php/t-5873.html	t-5873.html
20070310041149	http://forum.azzurra.org:80/archive/index.php/t-5876.html	t-5876.html
20050518210458	http://forum.azzurra.org:80/archive/index.php/t-588.html	t-588.html
20070625123510	http://forum.azzurra.org/archive/index.php/t-5880.html	t-5880.html
20081201170422	http://forum.azzurra.org/archive/index.php/t-5888.html	t-5888.html
20060629224008	http://forum.azzurra.org:80/archive/index.php/t-589.html	t-589.html
20070310004616	http://forum.azzurra.org:80/archive/index.php/t-5896.html	t-5896.html
20070310041159	http://forum.azzurra.org:80/archive/index.php/t-5897.html	t-5897.html
20081201172823	http://forum.azzurra.org/archive/index.php/t-59.html	t-59.html
20050518210502	http://forum.azzurra.org:80/archive/index.php/t-590.html	t-590.html
20051030092200	http://forum.azzurra.org:80/archive/index.php/t-5901.html	t-5901.html
20100425011535	http://forum.azzurra.org:80/archive/index.php/t-5905.html	t-5905.html
20081201162643	http://forum.azzurra.org/archive/index.php/t-591.html	t-591.html
20071017032132	http://forum.azzurra.org:80/archive/index.php/t-5910.html	t-5910.html
20050519045528	http://forum.azzurra.org:80/archive/index.php/t-5911.html	t-5911.html
20060519173634	http://forum.azzurra.org:80/archive/index.php/t-5917.html	t-5917.html
20060113062957	http://forum.azzurra.org:80/archive/index.php/t-5918.html	t-5918.html
20081201163347	http://forum.azzurra.org/archive/index.php/t-592.html	t-592.html
20060626153417	http://forum.azzurra.org:80/archive/index.php/t-5920.html	t-5920.html
20070314091506	http://forum.azzurra.org:80/archive/index.php/t-5926.html	t-5926.html
20070716102433	http://forum.azzurra.org:80/archive/index.php/t-593.html	t-593.html
20070310004628	http://forum.azzurra.org:80/archive/index.php/t-5931.html	t-5931.html
20070314124213	http://forum.azzurra.org:80/archive/index.php/t-5933.html	t-5933.html
20070310060553	http://forum.azzurra.org:80/archive/index.php/t-5935.html	t-5935.html
20070310004637	http://forum.azzurra.org:80/archive/index.php/t-5936.html	t-5936.html
20070211153523	http://forum.azzurra.org:80/archive/index.php/t-5937.html	t-5937.html
20081201164043	http://forum.azzurra.org/archive/index.php/t-594.html	t-594.html
20060113065012	http://forum.azzurra.org:80/archive/index.php/t-5940.html	t-5940.html
20070211153533	http://forum.azzurra.org:80/archive/index.php/t-5947.html	t-5947.html
20081202104609	http://forum.azzurra.org/archive/index.php/t-5948.html	t-5948.html
20081202120317	http://forum.azzurra.org/archive/index.php/t-595.html	t-595.html
20070310004650	http://forum.azzurra.org:80/archive/index.php/t-5952.html	t-5952.html
20060719063648	http://forum.azzurra.org:80/archive/index.php/t-5953.html	t-5953.html
20081202114344	http://forum.azzurra.org/archive/index.php/t-5954.html	t-5954.html
20080624231212	http://forum.azzurra.org:80/archive/index.php/t-5955.html	t-5955.html
20070211153544	http://forum.azzurra.org:80/archive/index.php/t-5959.html	t-5959.html
20081202120116	http://forum.azzurra.org/archive/index.php/t-596.html	t-596.html
20081202114414	http://forum.azzurra.org/archive/index.php/t-5960.html	t-5960.html
20061031075939	http://forum.azzurra.org:80/archive/index.php/t-5965.html	t-5965.html
20070321092007	http://forum.azzurra.org:80/archive/index.php/t-5966.html	t-5966.html
20081202091416	http://forum.azzurra.org/archive/index.php/t-5967.html	t-5967.html
20061025192307	http://forum.azzurra.org:80/archive/index.php/t-5968.html	t-5968.html
20081202110117	http://forum.azzurra.org/archive/index.php/t-597.html	t-597.html
20070310060604	http://forum.azzurra.org:80/archive/index.php/t-5971.html	t-5971.html
20080923134351	http://forum.azzurra.org:80/archive/index.php/t-5972-p-10.html	t-5972-p-10.html
20080914173052	http://forum.azzurra.org:80/archive/index.php/t-5972-p-11.html	t-5972-p-11.html
20080923134355	http://forum.azzurra.org:80/archive/index.php/t-5972-p-12.html	t-5972-p-12.html
20080923134401	http://forum.azzurra.org:80/archive/index.php/t-5972-p-2.html	t-5972-p-2.html
20070225105516	http://forum.azzurra.org:80/archive/index.php/t-5972-p-3.html	t-5972-p-3.html
20080923134411	http://forum.azzurra.org:80/archive/index.php/t-5972-p-4.html	t-5972-p-4.html
20080923134416	http://forum.azzurra.org:80/archive/index.php/t-5972-p-5.html	t-5972-p-5.html
20080923134423	http://forum.azzurra.org:80/archive/index.php/t-5972-p-6.html	t-5972-p-6.html
20080923134428	http://forum.azzurra.org:80/archive/index.php/t-5972-p-7.html	t-5972-p-7.html
20080923134433	http://forum.azzurra.org:80/archive/index.php/t-5972-p-8.html	t-5972-p-8.html
20080923050728	http://forum.azzurra.org:80/archive/index.php/t-5972-p-9.html	t-5972-p-9.html
20080923134449	http://forum.azzurra.org:80/archive/index.php/t-5972.html	t-5972.html
20081202094425	http://forum.azzurra.org/archive/index.php/t-5976.html	t-5976.html
20060404213942	http://forum.azzurra.org:80/archive/index.php/t-598.html	t-598.html
20081202110829	http://forum.azzurra.org/archive/index.php/t-5981.html	t-5981.html
20070314091515	http://forum.azzurra.org:80/archive/index.php/t-5983.html	t-5983.html
20080624144245	http://forum.azzurra.org:80/archive/index.php/t-5986.html	t-5986.html
20050514082557	http://forum.azzurra.org:80/archive/index.php/t-5987.html	t-5987.html
20081202115754	http://forum.azzurra.org/archive/index.php/t-599.html	t-599.html
20050702021637	http://forum.azzurra.org:80/archive/index.php/t-5992.html	t-5992.html
20061216234603	http://forum.azzurra.org:80/archive/index.php/t-5999.html	t-5999.html
20081202072119	http://forum.azzurra.org/archive/index.php/t-6.html	t-6.html
20050519045420	http://forum.azzurra.org:80/archive/index.php/t-60.html	t-60.html
20050221095752	http://forum.azzurra.org:80/archive/index.php/t-600.html	t-600.html
20060524000329	http://forum.azzurra.org:80/archive/index.php/t-6005.html	t-6005.html
20050519045532	http://forum.azzurra.org:80/archive/index.php/t-6006.html	t-6006.html
20070902000944	http://forum.azzurra.org:80/archive/index.php/t-6007.html	t-6007.html
20070328091656	http://forum.azzurra.org:80/archive/index.php/t-6008-p-2.html	t-6008-p-2.html
20070323204537	http://forum.azzurra.org:80/archive/index.php/t-6008.html	t-6008.html
20081202112646	http://forum.azzurra.org/archive/index.php/t-601.html	t-601.html
20081202120248	http://forum.azzurra.org/archive/index.php/t-6012.html	t-6012.html
20070310060616	http://forum.azzurra.org:80/archive/index.php/t-6014.html	t-6014.html
20060627065832	http://forum.azzurra.org:80/archive/index.php/t-6017.html	t-6017.html
20090108145432	http://forum.azzurra.org/archive/index.php/t-6019-p-2.html	t-6019-p-2.html
20081202101423	http://forum.azzurra.org/archive/index.php/t-6019.html	t-6019.html
20081202111301	http://forum.azzurra.org/archive/index.php/t-602.html	t-602.html
20081202120930	http://forum.azzurra.org/archive/index.php/t-6020.html	t-6020.html
20081202104003	http://forum.azzurra.org/archive/index.php/t-6021.html	t-6021.html
20050728115558	http://forum.azzurra.org:80/archive/index.php/t-6022.html	t-6022.html
20090108152451	http://forum.azzurra.org/archive/index.php/t-6028-p-2.html	t-6028-p-2.html
20090108135325	http://forum.azzurra.org/archive/index.php/t-6028-p-3.html	t-6028-p-3.html
20070303091940	http://forum.azzurra.org:80/archive/index.php/t-6028.html	t-6028.html
20081202072440	http://forum.azzurra.org/archive/index.php/t-603.html	t-603.html
20050511045430	http://forum.azzurra.org:80/archive/index.php/t-6032.html	t-6032.html
20081120155836	http://forum.azzurra.org/archive/index.php/t-6036.html	t-6036.html
20080517071143	http://forum.azzurra.org:80/archive/index.php/t-6038.html	t-6038.html
20081202113256	http://forum.azzurra.org/archive/index.php/t-604.html	t-604.html
20070310004701	http://forum.azzurra.org:80/archive/index.php/t-6040.html	t-6040.html
20090108140305	http://forum.azzurra.org/archive/index.php/t-6043.html	t-6043.html
20091016010505	http://forum.azzurra.org:80/archive/index.php/t-6046.html	t-6046.html
20081120154651	http://forum.azzurra.org/archive/index.php/t-605.html	t-605.html
20081202113657	http://forum.azzurra.org/archive/index.php/t-6050.html	t-6050.html
20070714221514	http://forum.azzurra.org:80/archive/index.php/t-6056.html	t-6056.html
20080624231000	http://forum.azzurra.org:80/archive/index.php/t-6058.html	t-6058.html
20070309003323	http://forum.azzurra.org:80/archive/index.php/t-6059.html	t-6059.html
20081120155409	http://forum.azzurra.org/archive/index.php/t-606.html	t-606.html
20070310060627	http://forum.azzurra.org:80/archive/index.php/t-6065.html	t-6065.html
20050519045436	http://forum.azzurra.org:80/archive/index.php/t-607.html	t-607.html
20081202100521	http://forum.azzurra.org/archive/index.php/t-6071.html	t-6071.html
20081202101051	http://forum.azzurra.org/archive/index.php/t-6072.html	t-6072.html
20050519045537	http://forum.azzurra.org:80/archive/index.php/t-6074.html	t-6074.html
20080430014930	http://forum.azzurra.org:80/archive/index.php/t-6078.html	t-6078.html
20081202114034	http://forum.azzurra.org/archive/index.php/t-608.html	t-608.html
20051016191809	http://forum.azzurra.org:80/archive/index.php/t-6081.html	t-6081.html
20081202111706	http://forum.azzurra.org/archive/index.php/t-6083.html	t-6083.html
20081202113417	http://forum.azzurra.org/archive/index.php/t-6085.html	t-6085.html
20070715151400	http://forum.azzurra.org:80/archive/index.php/t-6086.html	t-6086.html
20050519045441	http://forum.azzurra.org:80/archive/index.php/t-609.html	t-609.html
20090108144911	http://forum.azzurra.org/archive/index.php/t-6095.html	t-6095.html
20081202115326	http://forum.azzurra.org/archive/index.php/t-61.html	t-61.html
20081202120659	http://forum.azzurra.org/archive/index.php/t-610.html	t-610.html
20070310041211	http://forum.azzurra.org:80/archive/index.php/t-6106.html	t-6106.html
20050519045444	http://forum.azzurra.org:80/archive/index.php/t-611.html	t-611.html
20050511043512	http://forum.azzurra.org:80/archive/index.php/t-6110.html	t-6110.html
20081202120626	http://forum.azzurra.org/archive/index.php/t-6111.html	t-6111.html
20081202115948	http://forum.azzurra.org/archive/index.php/t-6112.html	t-6112.html
20081202115201	http://forum.azzurra.org/archive/index.php/t-6118.html	t-6118.html
20081202102710	http://forum.azzurra.org/archive/index.php/t-612.html	t-612.html
20081202121248	http://forum.azzurra.org/archive/index.php/t-6120.html	t-6120.html
20050801090206	http://forum.azzurra.org:80/archive/index.php/t-6122.html	t-6122.html
20081202120758	http://forum.azzurra.org/archive/index.php/t-6123.html	t-6123.html
20070102074158	http://forum.azzurra.org:80/archive/index.php/t-6124.html	t-6124.html
20081202115825	http://forum.azzurra.org/archive/index.php/t-6129.html	t-6129.html
20081202121121	http://forum.azzurra.org/archive/index.php/t-613.html	t-613.html
20081202111115	http://forum.azzurra.org/archive/index.php/t-6131.html	t-6131.html
20070310004712	http://forum.azzurra.org:80/archive/index.php/t-6137.html	t-6137.html
20081202092341	http://forum.azzurra.org/archive/index.php/t-6139.html	t-6139.html
20081202105821	http://forum.azzurra.org/archive/index.php/t-614.html	t-614.html
20080917020925	http://forum.azzurra.org:80/archive/index.php/t-6143.html	t-6143.html
20070403164008	http://forum.azzurra.org:80/archive/index.php/t-6153.html	t-6153.html
20081212041712	http://forum.azzurra.org:80/archive/index.php/t-6158.html	t-6158.html
20081202120421	http://forum.azzurra.org/archive/index.php/t-616.html	t-616.html
20081202084621	http://forum.azzurra.org/archive/index.php/t-6160.html	t-6160.html
20070401101817	http://forum.azzurra.org:80/archive/index.php/t-6161-p-2.html	t-6161-p-2.html
20070328194256	http://forum.azzurra.org:80/archive/index.php/t-6161.html	t-6161.html
20081202090250	http://forum.azzurra.org/archive/index.php/t-6163.html	t-6163.html
20050728120344	http://forum.azzurra.org:80/archive/index.php/t-6164.html	t-6164.html
20081202114734	http://forum.azzurra.org/archive/index.php/t-6170.html	t-6170.html
20060715022055	http://forum.azzurra.org:80/archive/index.php/t-6173.html	t-6173.html
20081202094759	http://forum.azzurra.org/archive/index.php/t-6174.html	t-6174.html
20060822070955	http://forum.azzurra.org:80/archive/index.php/t-6175.html	t-6175.html
20070523051157	http://forum.azzurra.org:80/archive/index.php/t-6176.html	t-6176.html
20090108135841	http://forum.azzurra.org/archive/index.php/t-6177.html	t-6177.html
20081202110659	http://forum.azzurra.org/archive/index.php/t-6178.html	t-6178.html
20081022074416	http://forum.azzurra.org:80/archive/index.php/t-6179.html	t-6179.html
20081202100013	http://forum.azzurra.org/archive/index.php/t-618.html	t-618.html
20090108150917	http://forum.azzurra.org/archive/index.php/t-6185.html	t-6185.html
20090108151514	http://forum.azzurra.org/archive/index.php/t-6186.html	t-6186.html
20080919035823	http://forum.azzurra.org:80/archive/index.php/t-6187.html	t-6187.html
20070211153554	http://forum.azzurra.org:80/archive/index.php/t-6188.html	t-6188.html
20081005044833	http://forum.azzurra.org:80/archive/index.php/t-619.html	t-619.html
20090108142839	http://forum.azzurra.org/archive/index.php/t-6190.html	t-6190.html
20090108162440	http://forum.azzurra.org/archive/index.php/t-6191.html	t-6191.html
20070211153604	http://forum.azzurra.org:80/archive/index.php/t-6195.html	t-6195.html
20090108144526	http://forum.azzurra.org/archive/index.php/t-6196.html	t-6196.html
20090108160700	http://forum.azzurra.org/archive/index.php/t-6197.html	t-6197.html
20081202093305	http://forum.azzurra.org/archive/index.php/t-6199.html	t-6199.html
20081202115526	http://forum.azzurra.org/archive/index.php/t-62.html	t-62.html
20081202110411	http://forum.azzurra.org/archive/index.php/t-620.html	t-620.html
20090108133023	http://forum.azzurra.org/archive/index.php/t-6202.html	t-6202.html
20060623011233	http://forum.azzurra.org:80/archive/index.php/t-6204.html	t-6204.html
20090108151943	http://forum.azzurra.org/archive/index.php/t-6205.html	t-6205.html
20090108150959	http://forum.azzurra.org/archive/index.php/t-6206.html	t-6206.html
20070401182347	http://forum.azzurra.org:80/archive/index.php/t-6207-p-2.html	t-6207-p-2.html
20070401182748	http://forum.azzurra.org:80/archive/index.php/t-6207-p-3.html	t-6207-p-3.html
20070401182626	http://forum.azzurra.org:80/archive/index.php/t-6207-p-4.html	t-6207-p-4.html
20070401182509	http://forum.azzurra.org:80/archive/index.php/t-6207-p-5.html	t-6207-p-5.html
20070328194304	http://forum.azzurra.org:80/archive/index.php/t-6207.html	t-6207.html
20081202113941	http://forum.azzurra.org/archive/index.php/t-6209.html	t-6209.html
20081202115853	http://forum.azzurra.org/archive/index.php/t-621.html	t-621.html
20090108143013	http://forum.azzurra.org/archive/index.php/t-6210-p-2.html	t-6210-p-2.html
20090108162256	http://forum.azzurra.org/archive/index.php/t-6210-p-3.html	t-6210-p-3.html
20090108145050	http://forum.azzurra.org/archive/index.php/t-6210-p-4.html	t-6210-p-4.html
20090108160206	http://forum.azzurra.org/archive/index.php/t-6210-p-5.html	t-6210-p-5.html
20090108161122	http://forum.azzurra.org/archive/index.php/t-6210-p-6.html	t-6210-p-6.html
20070102074417	http://forum.azzurra.org:80/archive/index.php/t-6210-p-7.html	t-6210-p-7.html
20090108140354	http://forum.azzurra.org/archive/index.php/t-6210-p-8.html	t-6210-p-8.html
20081202104743	http://forum.azzurra.org/archive/index.php/t-6210.html	t-6210.html
20081202120826	http://forum.azzurra.org/archive/index.php/t-6211.html	t-6211.html
20090108162645	http://forum.azzurra.org/archive/index.php/t-6212.html	t-6212.html
20090108160619	http://forum.azzurra.org/archive/index.php/t-6214.html	t-6214.html
20070228093220	http://forum.azzurra.org:80/archive/index.php/t-6215.html	t-6215.html
20070603095542	http://forum.azzurra.org:80/archive/index.php/t-6217.html	t-6217.html
20060113074035	http://forum.azzurra.org:80/archive/index.php/t-622.html	t-622.html
20070630060351	http://forum.azzurra.org:80/archive/index.php/t-6220.html	t-6220.html
20090108143834	http://forum.azzurra.org/archive/index.php/t-6222.html	t-6222.html
20090108161239	http://forum.azzurra.org/archive/index.php/t-6223.html	t-6223.html
20060427061629	http://forum.azzurra.org:80/archive/index.php/t-6224.html	t-6224.html
20090108161359	http://forum.azzurra.org/archive/index.php/t-6225.html	t-6225.html
20090108162143	http://forum.azzurra.org/archive/index.php/t-6226.html	t-6226.html
20081202103347	http://forum.azzurra.org/archive/index.php/t-6227.html	t-6227.html
20050625083331	http://forum.azzurra.org:80/archive/index.php/t-6228.html	t-6228.html
20081202115005	http://forum.azzurra.org/archive/index.php/t-6229.html	t-6229.html
20081202105219	http://forum.azzurra.org/archive/index.php/t-623.html	t-623.html
20090108150615	http://forum.azzurra.org/archive/index.php/t-6232.html	t-6232.html
20090108132431	http://forum.azzurra.org/archive/index.php/t-6233.html	t-6233.html
20070109082630	http://forum.azzurra.org:80/archive/index.php/t-6235.html	t-6235.html
20081120165131	http://forum.azzurra.org/archive/index.php/t-6236.html	t-6236.html
20050117093453	http://forum.azzurra.org:80/archive/index.php/t-6239.html	t-6239.html
20081202120953	http://forum.azzurra.org/archive/index.php/t-624.html	t-624.html
20060113055902	http://forum.azzurra.org:80/archive/index.php/t-6243.html	t-6243.html
20090108135926	http://forum.azzurra.org/archive/index.php/t-6245.html	t-6245.html
20081202094614	http://forum.azzurra.org/archive/index.php/t-6246.html	t-6246.html
20090108155247	http://forum.azzurra.org/archive/index.php/t-6247.html	t-6247.html
20050519074515	http://forum.azzurra.org:80/archive/index.php/t-6248.html	t-6248.html
20081202103656	http://forum.azzurra.org/archive/index.php/t-625.html	t-625.html
20090108153655	http://forum.azzurra.org/archive/index.php/t-6250.html	t-6250.html
20090108133226	http://forum.azzurra.org/archive/index.php/t-6252.html	t-6252.html
20090108134801	http://forum.azzurra.org/archive/index.php/t-6254.html	t-6254.html
20080430020126	http://forum.azzurra.org:80/archive/index.php/t-6256.html	t-6256.html
20090108150800	http://forum.azzurra.org/archive/index.php/t-6259.html	t-6259.html
20081202102857	http://forum.azzurra.org/archive/index.php/t-626.html	t-626.html
20090108134843	http://forum.azzurra.org/archive/index.php/t-6260.html	t-6260.html
20050511045342	http://forum.azzurra.org:80/archive/index.php/t-6262.html	t-6262.html
20060114070555	http://forum.azzurra.org:80/archive/index.php/t-6263.html	t-6263.html
20070302145846	http://forum.azzurra.org:80/archive/index.php/t-6266.html	t-6266.html
20081202111421	http://forum.azzurra.org/archive/index.php/t-6268.html	t-6268.html
20050511043537	http://forum.azzurra.org:80/archive/index.php/t-6269.html	t-6269.html
20081202121023	http://forum.azzurra.org/archive/index.php/t-627.html	t-627.html
20090108160040	http://forum.azzurra.org/archive/index.php/t-6270.html	t-6270.html
20081202095831	http://forum.azzurra.org/archive/index.php/t-6272.html	t-6272.html
20081202100336	http://forum.azzurra.org/archive/index.php/t-6274.html	t-6274.html
20081202115104	http://forum.azzurra.org/archive/index.php/t-6276.html	t-6276.html
20081202101232	http://forum.azzurra.org/archive/index.php/t-6277.html	t-6277.html
20090108142704	http://forum.azzurra.org/archive/index.php/t-6278.html	t-6278.html
20081202121152	http://forum.azzurra.org/archive/index.php/t-6279.html	t-6279.html
20081202114704	http://forum.azzurra.org/archive/index.php/t-628.html	t-628.html
20090108132155	http://forum.azzurra.org/archive/index.php/t-6282.html	t-6282.html
20081120163030	http://forum.azzurra.org/archive/index.php/t-6284.html	t-6284.html
20090108145602	http://forum.azzurra.org/archive/index.php/t-6286.html	t-6286.html
20081202072303	http://forum.azzurra.org/archive/index.php/t-6287.html	t-6287.html
20090108133145	http://forum.azzurra.org/archive/index.php/t-6288.html	t-6288.html
20090108154109	http://forum.azzurra.org/archive/index.php/t-6289.html	t-6289.html
20081202102228	http://forum.azzurra.org/archive/index.php/t-629.html	t-629.html
20070422230328	http://forum.azzurra.org:80/archive/index.php/t-6290.html	t-6290.html
20081202120554	http://forum.azzurra.org/archive/index.php/t-6292.html	t-6292.html
20090108161735	http://forum.azzurra.org/archive/index.php/t-6294.html	t-6294.html
20050228225120	http://forum.azzurra.org:80/archive/index.php/t-6295.html	t-6295.html
20081202103038	http://forum.azzurra.org/archive/index.php/t-6296.html	t-6296.html
20050730081020	http://forum.azzurra.org:80/archive/index.php/t-6299.html	t-6299.html
20050310091126	http://forum.azzurra.org:80/archive/index.php/t-63.html	t-63.html
20081202113449	http://forum.azzurra.org/archive/index.php/t-630.html	t-630.html
20081120164825	http://forum.azzurra.org/archive/index.php/t-6301.html	t-6301.html
20081120162535	http://forum.azzurra.org/archive/index.php/t-6302.html	t-6302.html
20090108150531	http://forum.azzurra.org/archive/index.php/t-6305.html	t-6305.html
20081120153328	http://forum.azzurra.org/archive/index.php/t-6307.html	t-6307.html
20081120152644	http://forum.azzurra.org/archive/index.php/t-631.html	t-631.html
20090108161618	http://forum.azzurra.org/archive/index.php/t-6312.html	t-6312.html
20070901013328	http://forum.azzurra.org:80/archive/index.php/t-6315.html	t-6315.html
20090108144824	http://forum.azzurra.org/archive/index.php/t-6316.html	t-6316.html
20090108160538	http://forum.azzurra.org/archive/index.php/t-6317.html	t-6317.html
20090108155801	http://forum.azzurra.org/archive/index.php/t-6318.html	t-6318.html
20081202094046	http://forum.azzurra.org/archive/index.php/t-6319.html	t-6319.html
20081120155648	http://forum.azzurra.org/archive/index.php/t-632.html	t-632.html
20060619230536	http://forum.azzurra.org:80/archive/index.php/t-6320.html	t-6320.html
20081202105948	http://forum.azzurra.org/archive/index.php/t-6322.html	t-6322.html
20081202102539	http://forum.azzurra.org/archive/index.php/t-6324.html	t-6324.html
20060304182135	http://forum.azzurra.org:80/archive/index.php/t-6325.html	t-6325.html
20081202120728	http://forum.azzurra.org/archive/index.php/t-6326.html	t-6326.html
20070503155708	http://forum.azzurra.org:80/archive/index.php/t-6327.html	t-6327.html
20090108141826	http://forum.azzurra.org/archive/index.php/t-6328.html	t-6328.html
20081202112933	http://forum.azzurra.org/archive/index.php/t-633.html	t-633.html
20050519045541	http://forum.azzurra.org:80/archive/index.php/t-6331.html	t-6331.html
20081202072609	http://forum.azzurra.org/archive/index.php/t-6335.html	t-6335.html
20081120161016	http://forum.azzurra.org/archive/index.php/t-6336.html	t-6336.html
20050324085416	http://forum.azzurra.org:80/archive/index.php/t-6338.html	t-6338.html
20050424081837	http://forum.azzurra.org:80/archive/index.php/t-6339.html	t-6339.html
20081120163506	http://forum.azzurra.org/archive/index.php/t-634.html	t-634.html
20081202100839	http://forum.azzurra.org/archive/index.php/t-6340.html	t-6340.html
20090108154313	http://forum.azzurra.org/archive/index.php/t-6341.html	t-6341.html
20081202095643	http://forum.azzurra.org/archive/index.php/t-6345.html	t-6345.html
20081202115624	http://forum.azzurra.org/archive/index.php/t-6347.html	t-6347.html
20081202120218	http://forum.azzurra.org/archive/index.php/t-6348.html	t-6348.html
20090108144358	http://forum.azzurra.org/archive/index.php/t-6349.html	t-6349.html
20050519045449	http://forum.azzurra.org:80/archive/index.php/t-635.html	t-635.html
20081202085230	http://forum.azzurra.org/archive/index.php/t-6351.html	t-6351.html
20081202090054	http://forum.azzurra.org/archive/index.php/t-6352.html	t-6352.html
20050511045347	http://forum.azzurra.org:80/archive/index.php/t-6353.html	t-6353.html
20090108133827	http://forum.azzurra.org/archive/index.php/t-6354.html	t-6354.html
20090108153446	http://forum.azzurra.org/archive/index.php/t-6355.html	t-6355.html
20081202113553	http://forum.azzurra.org/archive/index.php/t-6356.html	t-6356.html
20050329093415	http://forum.azzurra.org:80/archive/index.php/t-6357.html	t-6357.html
20081202111834	http://forum.azzurra.org/archive/index.php/t-636.html	t-636.html
20070314060057	http://forum.azzurra.org:80/archive/index.php/t-6362.html	t-6362.html
20081202091614	http://forum.azzurra.org/archive/index.php/t-6363.html	t-6363.html
20081202114636	http://forum.azzurra.org/archive/index.php/t-6364.html	t-6364.html
20081202072745	http://forum.azzurra.org/archive/index.php/t-6365.html	t-6365.html
20081202090501	http://forum.azzurra.org/archive/index.php/t-6366.html	t-6366.html
20050728121325	http://forum.azzurra.org:80/archive/index.php/t-6367.html	t-6367.html
20081202112240	http://forum.azzurra.org/archive/index.php/t-6368.html	t-6368.html
20060721080844	http://forum.azzurra.org:80/archive/index.php/t-6369.html	t-6369.html
20081202072212	http://forum.azzurra.org/archive/index.php/t-637.html	t-637.html
20090108155558	http://forum.azzurra.org/archive/index.php/t-6370.html	t-6370.html
20081202094940	http://forum.azzurra.org/archive/index.php/t-6371.html	t-6371.html
20081202093513	http://forum.azzurra.org/archive/index.php/t-6372.html	t-6372.html
20081202115555	http://forum.azzurra.org/archive/index.php/t-6373.html	t-6373.html
20070502220041	http://forum.azzurra.org:80/archive/index.php/t-6374.html	t-6374.html
20080624231219	http://forum.azzurra.org:80/archive/index.php/t-6378.html	t-6378.html
20081202072655	http://forum.azzurra.org/archive/index.php/t-638.html	t-638.html
20090108132044	http://forum.azzurra.org/archive/index.php/t-6381.html	t-6381.html
20090108131830	http://forum.azzurra.org/archive/index.php/t-6382.html	t-6382.html
20090108132939	http://forum.azzurra.org/archive/index.php/t-6384.html	t-6384.html
20081120160024	http://forum.azzurra.org/archive/index.php/t-6387.html	t-6387.html
20090108153943	http://forum.azzurra.org/archive/index.php/t-6389.html	t-6389.html
20081202114534	http://forum.azzurra.org/archive/index.php/t-639.html	t-639.html
20081202120148	http://forum.azzurra.org/archive/index.php/t-6392.html	t-6392.html
20061214052250	http://forum.azzurra.org:80/archive/index.php/t-6393.html	t-6393.html
20090108141743	http://forum.azzurra.org/archive/index.php/t-6399.html	t-6399.html
20050519045428	http://forum.azzurra.org:80/archive/index.php/t-64.html	t-64.html
20081202115229	http://forum.azzurra.org/archive/index.php/t-640.html	t-640.html
20070314060107	http://forum.azzurra.org:80/archive/index.php/t-6400.html	t-6400.html
20070310041221	http://forum.azzurra.org:80/archive/index.php/t-6401.html	t-6401.html
20090108152534	http://forum.azzurra.org/archive/index.php/t-6405.html	t-6405.html
20090108153113	http://forum.azzurra.org/archive/index.php/t-6406.html	t-6406.html
20090108134046	http://forum.azzurra.org/archive/index.php/t-6407.html	t-6407.html
20090108131940	http://forum.azzurra.org/archive/index.php/t-6408.html	t-6408.html
20090108151424	http://forum.azzurra.org/archive/index.php/t-6409.html	t-6409.html
20081202100154	http://forum.azzurra.org/archive/index.php/t-641.html	t-641.html
20081202115724	http://forum.azzurra.org/archive/index.php/t-6414.html	t-6414.html
20081202092727	http://forum.azzurra.org/archive/index.php/t-6415.html	t-6415.html
20070321062511	http://forum.azzurra.org:80/archive/index.php/t-6416.html	t-6416.html
20090108160822	http://forum.azzurra.org/archive/index.php/t-6418.html	t-6418.html
20081202101733	http://forum.azzurra.org/archive/index.php/t-642.html	t-642.html
20090108155638	http://forum.azzurra.org/archive/index.php/t-6420.html	t-6420.html
20081202094240	http://forum.azzurra.org/archive/index.php/t-6421.html	t-6421.html
20090108155207	http://forum.azzurra.org/archive/index.php/t-6423.html	t-6423.html
20090108141224	http://forum.azzurra.org/archive/index.php/t-6424.html	t-6424.html
20070310004723	http://forum.azzurra.org:80/archive/index.php/t-6426.html	t-6426.html
20050514234715	http://forum.azzurra.org:80/archive/index.php/t-6427.html	t-6427.html
20090108143304	http://forum.azzurra.org/archive/index.php/t-6428.html	t-6428.html
20081202114832	http://forum.azzurra.org/archive/index.php/t-643.html	t-643.html
20081202091227	http://forum.azzurra.org/archive/index.php/t-6430.html	t-6430.html
20081202113812	http://forum.azzurra.org/archive/index.php/t-6432.html	t-6432.html
20090108134549	http://forum.azzurra.org/archive/index.php/t-6433.html	t-6433.html
20070314060117	http://forum.azzurra.org:80/archive/index.php/t-6435.html	t-6435.html
20081123045141	http://forum.azzurra.org/archive/index.php/t-6437.html	t-6437.html
20060629224020	http://forum.azzurra.org:80/archive/index.php/t-644.html	t-644.html
20070825201805	http://forum.azzurra.org:80/archive/index.php/t-6440.html	t-6440.html
20090108162219	http://forum.azzurra.org/archive/index.php/t-6442.html	t-6442.html
20090108142925	http://forum.azzurra.org/archive/index.php/t-6443.html	t-6443.html
20090108160326	http://forum.azzurra.org/archive/index.php/t-6444.html	t-6444.html
20090108143920	http://forum.azzurra.org/archive/index.php/t-6446.html	t-6446.html
20090108161038	http://forum.azzurra.org/archive/index.php/t-6447.html	t-6447.html
20090108155326	http://forum.azzurra.org/archive/index.php/t-6448.html	t-6448.html
20090108140438	http://forum.azzurra.org/archive/index.php/t-6449.html	t-6449.html
20070713232121	http://forum.azzurra.org:80/archive/index.php/t-645.html	t-645.html
20060304165731	http://forum.azzurra.org:80/archive/index.php/t-6450.html	t-6450.html
20090108132546	http://forum.azzurra.org/archive/index.php/t-6451.html	t-6451.html
20090108132707	http://forum.azzurra.org/archive/index.php/t-6452.html	t-6452.html
20090108145901	http://forum.azzurra.org/archive/index.php/t-6453-p-2.html	t-6453-p-2.html
20081123040906	http://forum.azzurra.org/archive/index.php/t-6453.html	t-6453.html
20090108152157	http://forum.azzurra.org/archive/index.php/t-6455.html	t-6455.html
20070310060637	http://forum.azzurra.org:80/archive/index.php/t-6456.html	t-6456.html
20070314060127	http://forum.azzurra.org:80/archive/index.php/t-6457.html	t-6457.html
20070310060647	http://forum.azzurra.org:80/archive/index.php/t-6458.html	t-6458.html
20050811080808	http://forum.azzurra.org:80/archive/index.php/t-6460.html	t-6460.html
20090108151856	http://forum.azzurra.org/archive/index.php/t-6461.html	t-6461.html
20070401100707	http://forum.azzurra.org:80/archive/index.php/t-6462-p-2.html	t-6462-p-2.html
20070401101005	http://forum.azzurra.org:80/archive/index.php/t-6462-p-3.html	t-6462-p-3.html
20070329084601	http://forum.azzurra.org:80/archive/index.php/t-6462.html	t-6462.html
20090108132117	http://forum.azzurra.org/archive/index.php/t-6463.html	t-6463.html
20090108150102	http://forum.azzurra.org/archive/index.php/t-6464.html	t-6464.html
20060720215122	http://forum.azzurra.org:80/archive/index.php/t-6469.html	t-6469.html
20081123032905	http://forum.azzurra.org/archive/index.php/t-647.html	t-647.html
20090108144443	http://forum.azzurra.org/archive/index.php/t-6471.html	t-6471.html
20081123040435	http://forum.azzurra.org/archive/index.php/t-6472.html	t-6472.html
20090108142752	http://forum.azzurra.org/archive/index.php/t-6477.html	t-6477.html
20090108142139	http://forum.azzurra.org/archive/index.php/t-6478.html	t-6478.html
20081123045539	http://forum.azzurra.org/archive/index.php/t-6479.html	t-6479.html
20081123035922	http://forum.azzurra.org/archive/index.php/t-648.html	t-648.html
20081123043421	http://forum.azzurra.org/archive/index.php/t-6483.html	t-6483.html
20050511045354	http://forum.azzurra.org:80/archive/index.php/t-6488.html	t-6488.html
20080624231003	http://forum.azzurra.org:80/archive/index.php/t-649.html	t-649.html
20050115092221	http://forum.azzurra.org:80/archive/index.php/t-6490.html	t-6490.html
20081123032831	http://forum.azzurra.org/archive/index.php/t-6493.html	t-6493.html
20060113064738	http://forum.azzurra.org:80/archive/index.php/t-6497.html	t-6497.html
20070310041231	http://forum.azzurra.org:80/archive/index.php/t-6498.html	t-6498.html
20060408143607	http://forum.azzurra.org:80/archive/index.php/t-6499.html	t-6499.html
20050519045432	http://forum.azzurra.org:80/archive/index.php/t-65.html	t-65.html
20061031213646	http://forum.azzurra.org:80/archive/index.php/t-650.html	t-650.html
20081123044146	http://forum.azzurra.org/archive/index.php/t-6503.html	t-6503.html
20070310041241	http://forum.azzurra.org:80/archive/index.php/t-6504.html	t-6504.html
20090108152946	http://forum.azzurra.org/archive/index.php/t-6506.html	t-6506.html
20081123042208	http://forum.azzurra.org/archive/index.php/t-6509.html	t-6509.html
20050519045452	http://forum.azzurra.org:80/archive/index.php/t-651.html	t-651.html
20081123034307	http://forum.azzurra.org/archive/index.php/t-6510.html	t-6510.html
20090108141314	http://forum.azzurra.org/archive/index.php/t-6513.html	t-6513.html
20090108155004	http://forum.azzurra.org/archive/index.php/t-6514.html	t-6514.html
20090108140832	http://forum.azzurra.org/archive/index.php/t-6515.html	t-6515.html
20090108140218	http://forum.azzurra.org/archive/index.php/t-6516.html	t-6516.html
20090108160405	http://forum.azzurra.org/archive/index.php/t-6518.html	t-6518.html
20050309094728	http://forum.azzurra.org:80/archive/index.php/t-6519.html	t-6519.html
20081123045105	http://forum.azzurra.org/archive/index.php/t-652.html	t-652.html
20050228230428	http://forum.azzurra.org:80/archive/index.php/t-6521.html	t-6521.html
20050511045403	http://forum.azzurra.org:80/archive/index.php/t-6523.html	t-6523.html
20090108142434	http://forum.azzurra.org/archive/index.php/t-6524.html	t-6524.html
20090108154234	http://forum.azzurra.org/archive/index.php/t-6525.html	t-6525.html
20050722073606	http://forum.azzurra.org:80/archive/index.php/t-6527.html	t-6527.html
20081123030900	http://forum.azzurra.org/archive/index.php/t-653.html	t-653.html
20080624235154	http://forum.azzurra.org:80/archive/index.php/t-6532.html	t-6532.html
20080624231007	http://forum.azzurra.org:80/archive/index.php/t-6533.html	t-6533.html
20090108133616	http://forum.azzurra.org/archive/index.php/t-6535.html	t-6535.html
20081123031306	http://forum.azzurra.org/archive/index.php/t-6536.html	t-6536.html
20090108150000	http://forum.azzurra.org/archive/index.php/t-6538.html	t-6538.html
20081123043146	http://forum.azzurra.org/archive/index.php/t-654.html	t-654.html
20081123050834	http://forum.azzurra.org/archive/index.php/t-6544.html	t-6544.html
20050512152325	http://forum.azzurra.org:80/archive/index.php/t-6548.html	t-6548.html
20081123032203	http://forum.azzurra.org/archive/index.php/t-655.html	t-655.html
20090108132745	http://forum.azzurra.org/archive/index.php/t-6551.html	t-6551.html
20081123042020	http://forum.azzurra.org/archive/index.php/t-6555.html	t-6555.html
20090108152617	http://forum.azzurra.org/archive/index.php/t-6559.html	t-6559.html
20061031162733	http://forum.azzurra.org:80/archive/index.php/t-656.html	t-656.html
20090108131512	http://forum.azzurra.org/archive/index.php/t-6563.html	t-6563.html
20070310041251	http://forum.azzurra.org:80/archive/index.php/t-6565.html	t-6565.html
20050728122504	http://forum.azzurra.org:80/archive/index.php/t-6567.html	t-6567.html
20081123043530	http://forum.azzurra.org/archive/index.php/t-657.html	t-657.html
20050512152428	http://forum.azzurra.org:80/archive/index.php/t-6571.html	t-6571.html
20080624231224	http://forum.azzurra.org:80/archive/index.php/t-6572.html	t-6572.html
20090108143216	http://forum.azzurra.org/archive/index.php/t-6574.html	t-6574.html
20090108141447	http://forum.azzurra.org/archive/index.php/t-6578.html	t-6578.html
20090108154736	http://forum.azzurra.org/archive/index.php/t-6579.html	t-6579.html
20050519045456	http://forum.azzurra.org:80/archive/index.php/t-658.html	t-658.html
20070310041301	http://forum.azzurra.org:80/archive/index.php/t-6581.html	t-6581.html
20050519045544	http://forum.azzurra.org:80/archive/index.php/t-6588.html	t-6588.html
20090108150400	http://forum.azzurra.org/archive/index.php/t-6589.html	t-6589.html
20060813212054	http://forum.azzurra.org:80/archive/index.php/t-659.html	t-659.html
20071018030005	http://forum.azzurra.org:80/archive/index.php/t-6590.html	t-6590.html
20081123032420	http://forum.azzurra.org/archive/index.php/t-6593.html	t-6593.html
20070314060138	http://forum.azzurra.org:80/archive/index.php/t-6599.html	t-6599.html
20081123033527	http://forum.azzurra.org/archive/index.php/t-66.html	t-66.html
20081123042926	http://forum.azzurra.org/archive/index.php/t-660.html	t-660.html
20080624144250	http://forum.azzurra.org:80/archive/index.php/t-6601.html	t-6601.html
20081123044619	http://forum.azzurra.org/archive/index.php/t-6605.html	t-6605.html
20070306194320	http://forum.azzurra.org:80/archive/index.php/t-6606.html	t-6606.html
20090108133534	http://forum.azzurra.org/archive/index.php/t-6607.html	t-6607.html
20081123032312	http://forum.azzurra.org/archive/index.php/t-661.html	t-661.html
20060404213833	http://forum.azzurra.org:80/archive/index.php/t-6618.html	t-6618.html
20060720215134	http://forum.azzurra.org:80/archive/index.php/t-6622.html	t-6622.html
20090108154152	http://forum.azzurra.org/archive/index.php/t-6624-p-2.html	t-6624-p-2.html
20081123032651	http://forum.azzurra.org/archive/index.php/t-6624.html	t-6624.html
20081123035817	http://forum.azzurra.org/archive/index.php/t-6628.html	t-6628.html
20081123043715	http://forum.azzurra.org/archive/index.php/t-663.html	t-663.html
20081123031622	http://forum.azzurra.org/archive/index.php/t-6630.html	t-6630.html
20070310041311	http://forum.azzurra.org:80/archive/index.php/t-6633.html	t-6633.html
20090108134252	http://forum.azzurra.org/archive/index.php/t-6636.html	t-6636.html
20081123041527	http://forum.azzurra.org/archive/index.php/t-6638.html	t-6638.html
20050512152437	http://forum.azzurra.org:80/archive/index.php/t-6639.html	t-6639.html
20050519045501	http://forum.azzurra.org:80/archive/index.php/t-664.html	t-664.html
20081123050624	http://forum.azzurra.org/archive/index.php/t-6641.html	t-6641.html
20130820095246	http://forum.azzurra.org:80/archive/index.php/t-6643.html	t-6643.html
20050216085700	http://forum.azzurra.org:80/archive/index.php/t-6645.html	t-6645.html
20050520194225	http://forum.azzurra.org:80/archive/index.php/t-6646.html	t-6646.html
20081123051743	http://forum.azzurra.org/archive/index.php/t-6647.html	t-6647.html
20060527214232	http://forum.azzurra.org:80/archive/index.php/t-6649.html	t-6649.html
20050519045505	http://forum.azzurra.org:80/archive/index.php/t-665.html	t-665.html
20070211153614	http://forum.azzurra.org:80/archive/index.php/t-6650.html	t-6650.html
20060720153526	http://forum.azzurra.org:80/archive/index.php/t-6651.html	t-6651.html
20060721201844	http://forum.azzurra.org:80/archive/index.php/t-6656.html	t-6656.html
20060721080856	http://forum.azzurra.org:80/archive/index.php/t-6657.html	t-6657.html
20081123030816	http://forum.azzurra.org/archive/index.php/t-6658.html	t-6658.html
20050519045508	http://forum.azzurra.org:80/archive/index.php/t-666.html	t-666.html
20070906031706	http://forum.azzurra.org:80/archive/index.php/t-6660.html	t-6660.html
20090108151648	http://forum.azzurra.org/archive/index.php/t-6664.html	t-6664.html
20081123024208	http://forum.azzurra.org/archive/index.php/t-6666.html	t-6666.html
20050519045549	http://forum.azzurra.org:80/archive/index.php/t-6668.html	t-6668.html
20081123031103	http://forum.azzurra.org/archive/index.php/t-667.html	t-667.html
20050512152405	http://forum.azzurra.org:80/archive/index.php/t-6676.html	t-6676.html
20080624235005	http://forum.azzurra.org:80/archive/index.php/t-668.html	t-668.html
20050512152409	http://forum.azzurra.org:80/archive/index.php/t-6680.html	t-6680.html
20060629224031	http://forum.azzurra.org:80/archive/index.php/t-669.html	t-669.html
20081123033454	http://forum.azzurra.org/archive/index.php/t-6690.html	t-6690.html
20070211153624	http://forum.azzurra.org:80/archive/index.php/t-6692.html	t-6692.html
20070310004733	http://forum.azzurra.org:80/archive/index.php/t-6693.html	t-6693.html
20070314060148	http://forum.azzurra.org:80/archive/index.php/t-6694.html	t-6694.html
20080914173054	http://forum.azzurra.org:80/archive/index.php/t-6695.html	t-6695.html
20081123045759	http://forum.azzurra.org/archive/index.php/t-67.html	t-67.html
20051101091435	http://forum.azzurra.org:80/archive/index.php/t-670.html	t-670.html
20050511045236	http://forum.azzurra.org:80/archive/index.php/t-6701.html	t-6701.html
20070314060158	http://forum.azzurra.org:80/archive/index.php/t-6703.html	t-6703.html
20070314091526	http://forum.azzurra.org:80/archive/index.php/t-6704.html	t-6704.html
20080624231015	http://forum.azzurra.org:80/archive/index.php/t-6705.html	t-6705.html
20060716094615	http://forum.azzurra.org:80/archive/index.php/t-6708.html	t-6708.html
20070310060657	http://forum.azzurra.org:80/archive/index.php/t-6709.html	t-6709.html
20081123050514	http://forum.azzurra.org/archive/index.php/t-671.html	t-671.html
20070310041325	http://forum.azzurra.org:80/archive/index.php/t-6711.html	t-6711.html
20070310004746	http://forum.azzurra.org:80/archive/index.php/t-6714.html	t-6714.html
20070310041332	http://forum.azzurra.org:80/archive/index.php/t-6715.html	t-6715.html
20060716133109	http://forum.azzurra.org:80/archive/index.php/t-6716.html	t-6716.html
20060716133200	http://forum.azzurra.org:80/archive/index.php/t-6717.html	t-6717.html
20081123035500	http://forum.azzurra.org/archive/index.php/t-6719.html	t-6719.html
20081123050057	http://forum.azzurra.org/archive/index.php/t-672.html	t-672.html
20060422200858	http://forum.azzurra.org:80/archive/index.php/t-6723.html	t-6723.html
20050519045552	http://forum.azzurra.org:80/archive/index.php/t-6724.html	t-6724.html
20081123050021	http://forum.azzurra.org/archive/index.php/t-6725.html	t-6725.html
20070310060708	http://forum.azzurra.org:80/archive/index.php/t-6727.html	t-6727.html
20081123033211	http://forum.azzurra.org/archive/index.php/t-673.html	t-673.html
20081203122500	http://forum.azzurra.org:80/archive/index.php/t-6732.html	t-6732.html
20060716133123	http://forum.azzurra.org:80/archive/index.php/t-6733.html	t-6733.html
20081123043638	http://forum.azzurra.org/archive/index.php/t-6734.html	t-6734.html
20060716133135	http://forum.azzurra.org:80/archive/index.php/t-6735.html	t-6735.html
20060716133214	http://forum.azzurra.org:80/archive/index.php/t-6736.html	t-6736.html
20060628114039	http://forum.azzurra.org:80/archive/index.php/t-6738.html	t-6738.html
20050512152421	http://forum.azzurra.org:80/archive/index.php/t-6739.html	t-6739.html
20050519045512	http://forum.azzurra.org:80/archive/index.php/t-674.html	t-674.html
20060716133226	http://forum.azzurra.org:80/archive/index.php/t-6740.html	t-6740.html
20081123040539	http://forum.azzurra.org/archive/index.php/t-6743.html	t-6743.html
20070310060717	http://forum.azzurra.org:80/archive/index.php/t-6747.html	t-6747.html
20081123033903	http://forum.azzurra.org/archive/index.php/t-675.html	t-675.html
20060427005707	http://forum.azzurra.org:80/archive/index.php/t-6754.html	t-6754.html
20081123034240	http://forum.azzurra.org/archive/index.php/t-676.html	t-676.html
20050519045556	http://forum.azzurra.org:80/archive/index.php/t-6763.html	t-6763.html
20050630081411	http://forum.azzurra.org:80/archive/index.php/t-6769.html	t-6769.html
20081123045504	http://forum.azzurra.org/archive/index.php/t-677.html	t-677.html
20081123035004	http://forum.azzurra.org/archive/index.php/t-6771.html	t-6771.html
20061016001147	http://forum.azzurra.org:80/archive/index.php/t-6774.html	t-6774.html
20080624144256	http://forum.azzurra.org:80/archive/index.php/t-6776.html	t-6776.html
20070211153634	http://forum.azzurra.org:80/archive/index.php/t-6778.html	t-6778.html
20081123052053	http://forum.azzurra.org/archive/index.php/t-678.html	t-678.html
20081123044653	http://forum.azzurra.org/archive/index.php/t-6780.html	t-6780.html
20081123043111	http://forum.azzurra.org/archive/index.php/t-6786.html	t-6786.html
20060113064607	http://forum.azzurra.org:80/archive/index.php/t-6787.html	t-6787.html
20081123034539	http://forum.azzurra.org/archive/index.php/t-679.html	t-679.html
20050514082602	http://forum.azzurra.org:80/archive/index.php/t-6795.html	t-6795.html
20090108143437	http://forum.azzurra.org/archive/index.php/t-68-p-2.html	t-68-p-2.html
20081123051712	http://forum.azzurra.org/archive/index.php/t-68.html	t-68.html
20060113064948	http://forum.azzurra.org:80/archive/index.php/t-680.html	t-680.html
20050731074337	http://forum.azzurra.org:80/archive/index.php/t-6802.html	t-6802.html
20070314091536	http://forum.azzurra.org:80/archive/index.php/t-6805.html	t-6805.html
20081123050205	http://forum.azzurra.org/archive/index.php/t-6806.html	t-6806.html
20081123042443	http://forum.azzurra.org/archive/index.php/t-681.html	t-681.html
20060410075354	http://forum.azzurra.org:80/archive/index.php/t-6818.html	t-6818.html
20070314060208	http://forum.azzurra.org:80/archive/index.php/t-6819.html	t-6819.html
20081123041639	http://forum.azzurra.org/archive/index.php/t-682.html	t-682.html
20070310060728	http://forum.azzurra.org:80/archive/index.php/t-6820.html	t-6820.html
20050509075858	http://forum.azzurra.org:80/archive/index.php/t-6823.html	t-6823.html
20070203095948	http://forum.azzurra.org:80/archive/index.php/t-6829.html	t-6829.html
20050519045412	http://forum.azzurra.org:80/archive/index.php/t-683.html	t-683.html
20060720215151	http://forum.azzurra.org:80/archive/index.php/t-6838.html	t-6838.html
20050519045516	http://forum.azzurra.org:80/archive/index.php/t-684.html	t-684.html
20070310004756	http://forum.azzurra.org:80/archive/index.php/t-6843.html	t-6843.html
20051216122630	http://forum.azzurra.org:80/archive/index.php/t-6846.html	t-6846.html
20060813151434	http://forum.azzurra.org:80/archive/index.php/t-6847.html	t-6847.html
20060721201223	http://forum.azzurra.org:80/archive/index.php/t-685.html	t-685.html
20070321092018	http://forum.azzurra.org:80/archive/index.php/t-6851.html	t-6851.html
20081123051353	http://forum.azzurra.org/archive/index.php/t-6853.html	t-6853.html
20070310041343	http://forum.azzurra.org:80/archive/index.php/t-6854.html	t-6854.html
20060117053701	http://forum.azzurra.org:80/archive/index.php/t-686.html	t-686.html
20060813224014	http://forum.azzurra.org:80/archive/index.php/t-6860.html	t-6860.html
20081123051849	http://forum.azzurra.org/archive/index.php/t-6864.html	t-6864.html
20050519045600	http://forum.azzurra.org:80/archive/index.php/t-6865.html	t-6865.html
20050728123546	http://forum.azzurra.org:80/archive/index.php/t-6867.html	t-6867.html
20050519045521	http://forum.azzurra.org:80/archive/index.php/t-687.html	t-687.html
20050512152234	http://forum.azzurra.org:80/archive/index.php/t-6870.html	t-6870.html
20081123024643	http://forum.azzurra.org/archive/index.php/t-6871.html	t-6871.html
20070922072025	http://forum.azzurra.org:80/archive/index.php/t-6872.html	t-6872.html
20050512152329	http://forum.azzurra.org:80/archive/index.php/t-6876.html	t-6876.html
20081123045031	http://forum.azzurra.org/archive/index.php/t-688.html	t-688.html
20050512152441	http://forum.azzurra.org:80/archive/index.php/t-6880.html	t-6880.html
20081123045613	http://forum.azzurra.org/archive/index.php/t-6885.html	t-6885.html
20081123045724	http://forum.azzurra.org/archive/index.php/t-6886.html	t-6886.html
20050512152412	http://forum.azzurra.org:80/archive/index.php/t-6887.html	t-6887.html
20070211153643	http://forum.azzurra.org:80/archive/index.php/t-6888.html	t-6888.html
20050519045416	http://forum.azzurra.org:80/archive/index.php/t-689.html	t-689.html
20081123031737	http://forum.azzurra.org/archive/index.php/t-6890.html	t-6890.html
20060721080915	http://forum.azzurra.org:80/archive/index.php/t-6892.html	t-6892.html
20081123025718	http://forum.azzurra.org/archive/index.php/t-6899.html	t-6899.html
20081123035246	http://forum.azzurra.org/archive/index.php/t-69.html	t-69.html
20081123050728	http://forum.azzurra.org/archive/index.php/t-690.html	t-690.html
20050627081115	http://forum.azzurra.org:80/archive/index.php/t-691.html	t-691.html
20050309101422	http://forum.azzurra.org:80/archive/index.php/t-6912.html	t-6912.html
20080624144300	http://forum.azzurra.org:80/archive/index.php/t-6916.html	t-6916.html
20070422230440	http://forum.azzurra.org:80/archive/index.php/t-6918.html	t-6918.html
20081123035848	http://forum.azzurra.org/archive/index.php/t-692.html	t-692.html
20060524000341	http://forum.azzurra.org:80/archive/index.php/t-6922.html	t-6922.html
20050512152445	http://forum.azzurra.org:80/archive/index.php/t-6925.html	t-6925.html
20081123030052	http://forum.azzurra.org/archive/index.php/t-6928.html	t-6928.html
20080624231020	http://forum.azzurra.org:80/archive/index.php/t-693.html	t-693.html
20060117042019	http://forum.azzurra.org:80/archive/index.php/t-6930.html	t-6930.html
20060113072618	http://forum.azzurra.org:80/archive/index.php/t-6933.html	t-6933.html
20060721080942	http://forum.azzurra.org:80/archive/index.php/t-6935.html	t-6935.html
20081123035532	http://forum.azzurra.org/archive/index.php/t-694.html	t-694.html
20081123042705	http://forum.azzurra.org/archive/index.php/t-6944.html	t-6944.html
20060822045733	http://forum.azzurra.org:80/archive/index.php/t-6945.html	t-6945.html
20070211153654	http://forum.azzurra.org:80/archive/index.php/t-6947.html	t-6947.html
20070310060738	http://forum.azzurra.org:80/archive/index.php/t-6949.html	t-6949.html
20081123051535	http://forum.azzurra.org/archive/index.php/t-695.html	t-695.html
20070310041355	http://forum.azzurra.org:80/archive/index.php/t-6950.html	t-6950.html
20050512152249	http://forum.azzurra.org:80/archive/index.php/t-6951.html	t-6951.html
20081123050655	http://forum.azzurra.org/archive/index.php/t-6955.html	t-6955.html
20060721080956	http://forum.azzurra.org:80/archive/index.php/t-6964.html	t-6964.html
20060720215203	http://forum.azzurra.org:80/archive/index.php/t-6966.html	t-6966.html
20080624231229	http://forum.azzurra.org:80/archive/index.php/t-6968.html	t-6968.html
20081123033934	http://forum.azzurra.org/archive/index.php/t-6969.html	t-6969.html
20050519045525	http://forum.azzurra.org:80/archive/index.php/t-697.html	t-697.html
20081123024228	http://forum.azzurra.org/archive/index.php/t-6972.html	t-6972.html
20050421074721	http://forum.azzurra.org:80/archive/index.php/t-6973.html	t-6973.html
20050507090137	http://forum.azzurra.org:80/archive/index.php/t-6974.html	t-6974.html
20070312200025	http://forum.azzurra.org:80/archive/index.php/t-6976.html	t-6976.html
20081123034337	http://forum.azzurra.org/archive/index.php/t-698.html	t-698.html
20060110105919	http://forum.azzurra.org:80/archive/index.php/t-6982.html	t-6982.html
20081123034438	http://forum.azzurra.org/archive/index.php/t-6987.html	t-6987.html
20060720215217	http://forum.azzurra.org:80/archive/index.php/t-6988.html	t-6988.html
20081123045321	http://forum.azzurra.org/archive/index.php/t-699.html	t-699.html
20050219094146	http://forum.azzurra.org:80/archive/index.php/t-6993.html	t-6993.html
20090108153612	http://forum.azzurra.org/archive/index.php/t-6994.html	t-6994.html
20060304182147	http://forum.azzurra.org:80/archive/index.php/t-6995.html	t-6995.html
20061031162746	http://forum.azzurra.org:80/archive/index.php/t-7.html	t-7.html
20081123043455	http://forum.azzurra.org/archive/index.php/t-70.html	t-70.html
20081123030351	http://forum.azzurra.org/archive/index.php/t-700.html	t-700.html
20080624144306	http://forum.azzurra.org:80/archive/index.php/t-7007.html	t-7007.html
20081123035106	http://forum.azzurra.org/archive/index.php/t-7008.html	t-7008.html
20081123040936	http://forum.azzurra.org/archive/index.php/t-701.html	t-701.html
20050512152449	http://forum.azzurra.org:80/archive/index.php/t-7014.html	t-7014.html
20070314091546	http://forum.azzurra.org:80/archive/index.php/t-7017.html	t-7017.html
20060113070510	http://forum.azzurra.org:80/archive/index.php/t-7018.html	t-7018.html
20050512152417	http://forum.azzurra.org:80/archive/index.php/t-7019.html	t-7019.html
20081123041149	http://forum.azzurra.org/archive/index.php/t-702.html	t-702.html
20070510204118	http://forum.azzurra.org:80/archive/index.php/t-7020.html	t-7020.html
20070310004808	http://forum.azzurra.org:80/archive/index.php/t-7022.html	t-7022.html
20060720215229	http://forum.azzurra.org:80/archive/index.php/t-7023.html	t-7023.html
20081123043605	http://forum.azzurra.org/archive/index.php/t-7026.html	t-7026.html
20050519124102	http://forum.azzurra.org:80/archive/index.php/t-703.html	t-703.html
20060720214430	http://forum.azzurra.org:80/archive/index.php/t-7032.html	t-7032.html
20090108142350	http://forum.azzurra.org/archive/index.php/t-7033.html	t-7033.html
20081123041830	http://forum.azzurra.org/archive/index.php/t-704.html	t-704.html
20090108131738	http://forum.azzurra.org/archive/index.php/t-7040.html	t-7040.html
20081123024413	http://forum.azzurra.org/archive/index.php/t-7043.html	t-7043.html
20081123041447	http://forum.azzurra.org/archive/index.php/t-7044.html	t-7044.html
20081123024435	http://forum.azzurra.org/archive/index.php/t-705.html	t-705.html
20081123050801	http://forum.azzurra.org/archive/index.php/t-7050.html	t-7050.html
20070211153704	http://forum.azzurra.org:80/archive/index.php/t-7051.html	t-7051.html
20090108144051	http://forum.azzurra.org/archive/index.php/t-7052.html	t-7052.html
20050219100134	http://forum.azzurra.org:80/archive/index.php/t-7054.html	t-7054.html
20050326085906	http://forum.azzurra.org:80/archive/index.php/t-7056.html	t-7056.html
20050512152452	http://forum.azzurra.org:80/archive/index.php/t-7057.html	t-7057.html
20081123034036	http://forum.azzurra.org/archive/index.php/t-7058.html	t-7058.html
20081123024023	http://forum.azzurra.org/archive/index.php/t-706.html	t-706.html
20050513063613	http://forum.azzurra.org:80/archive/index.php/t-7060.html	t-7060.html
20081123034935	http://forum.azzurra.org/archive/index.php/t-7063.html	t-7063.html
20070310004818	http://forum.azzurra.org:80/archive/index.php/t-7066.html	t-7066.html
20171223101219	http://forum.azzurra.org:80/archive/index.php/t-7067.html	t-7067.html
20060113054042	http://forum.azzurra.org:80/archive/index.php/t-7068.html	t-7068.html
20081123042629	http://forum.azzurra.org/archive/index.php/t-707.html	t-707.html
20081123041330	http://forum.azzurra.org/archive/index.php/t-7070.html	t-7070.html
20050513063656	http://forum.azzurra.org:80/archive/index.php/t-7075.html	t-7075.html
20090108134633	http://forum.azzurra.org/archive/index.php/t-7078.html	t-7078.html
20050519124105	http://forum.azzurra.org:80/archive/index.php/t-708.html	t-708.html
20070310004829	http://forum.azzurra.org:80/archive/index.php/t-7080.html	t-7080.html
20081123033833	http://forum.azzurra.org/archive/index.php/t-7081.html	t-7081.html
20081123034005	http://forum.azzurra.org/archive/index.php/t-7082.html	t-7082.html
20080624144310	http://forum.azzurra.org:80/archive/index.php/t-7084.html	t-7084.html
20070211153714	http://forum.azzurra.org:80/archive/index.php/t-7088.html	t-7088.html
20050519124110	http://forum.azzurra.org:80/archive/index.php/t-709.html	t-709.html
20060328111645	http://forum.azzurra.org:80/archive/index.php/t-7091.html	t-7091.html
20090108154027	http://forum.azzurra.org/archive/index.php/t-7092.html	t-7092.html
20081123031224	http://forum.azzurra.org/archive/index.php/t-7093.html	t-7093.html
20090108135235	http://forum.azzurra.org/archive/index.php/t-7095.html	t-7095.html
20081123051815	http://forum.azzurra.org/archive/index.php/t-710.html	t-710.html
20081123050131	http://forum.azzurra.org/archive/index.php/t-7100.html	t-7100.html
20081123045650	http://forum.azzurra.org/archive/index.php/t-7106.html	t-7106.html
20070310004840	http://forum.azzurra.org:80/archive/index.php/t-7109.html	t-7109.html
20081123034838	http://forum.azzurra.org/archive/index.php/t-711.html	t-711.html
20090108153237	http://forum.azzurra.org/archive/index.php/t-7111.html	t-7111.html
20070310041404	http://forum.azzurra.org:80/archive/index.php/t-7112.html	t-7112.html
20070310041415	http://forum.azzurra.org:80/archive/index.php/t-7113.html	t-7113.html
20050513063725	http://forum.azzurra.org:80/archive/index.php/t-7114.html	t-7114.html
20070509000550	http://forum.azzurra.org:80/archive/index.php/t-7115.html	t-7115.html
20070211153725	http://forum.azzurra.org:80/archive/index.php/t-7116.html	t-7116.html
20081123035353	http://forum.azzurra.org/archive/index.php/t-712.html	t-712.html
20050513063755	http://forum.azzurra.org:80/archive/index.php/t-7123.html	t-7123.html
20060720215243	http://forum.azzurra.org:80/archive/index.php/t-7124.html	t-7124.html
20081123043220	http://forum.azzurra.org/archive/index.php/t-7126.html	t-7126.html
20070211153734	http://forum.azzurra.org:80/archive/index.php/t-7128.html	t-7128.html
20081123051639	http://forum.azzurra.org/archive/index.php/t-713.html	t-713.html
20070310004850	http://forum.azzurra.org:80/archive/index.php/t-7132.html	t-7132.html
20070310041425	http://forum.azzurra.org:80/archive/index.php/t-7133.html	t-7133.html
20050513063721	http://forum.azzurra.org:80/archive/index.php/t-7135.html	t-7135.html
20050513063748	http://forum.azzurra.org:80/archive/index.php/t-7136.html	t-7136.html
20070310060748	http://forum.azzurra.org:80/archive/index.php/t-7137.html	t-7137.html
20090108144613	http://forum.azzurra.org/archive/index.php/t-7139.html	t-7139.html
20050519124113	http://forum.azzurra.org:80/archive/index.php/t-714.html	t-714.html
20050525084724	http://forum.azzurra.org:80/archive/index.php/t-7141.html	t-7141.html
20050513063632	http://forum.azzurra.org:80/archive/index.php/t-7143.html	t-7143.html
20060721201909	http://forum.azzurra.org:80/archive/index.php/t-7144.html	t-7144.html
20070227230433	http://forum.azzurra.org:80/archive/index.php/t-715.html	t-715.html
20051215212921	http://forum.azzurra.org:80/archive/index.php/t-7150-p-1.html	t-7150-p-1.html
20051029083816	http://forum.azzurra.org:80/archive/index.php/t-7150-p-2.html	t-7150-p-2.html
20050619084431	http://forum.azzurra.org:80/archive/index.php/t-7150.html	t-7150.html
20060720153904	http://forum.azzurra.org:80/archive/index.php/t-7151.html	t-7151.html
20090108144958	http://forum.azzurra.org/archive/index.php/t-7152.html	t-7152.html
20070314124222	http://forum.azzurra.org:80/archive/index.php/t-7153.html	t-7153.html
20050513063602	http://forum.azzurra.org:80/archive/index.php/t-7154.html	t-7154.html
20090108162331	http://forum.azzurra.org/archive/index.php/t-7155.html	t-7155.html
20090108161816	http://forum.azzurra.org/archive/index.php/t-7156.html	t-7156.html
20061031032546	http://forum.azzurra.org:80/archive/index.php/t-7158.html	t-7158.html
20081123050550	http://forum.azzurra.org/archive/index.php/t-716.html	t-716.html
20070310060758	http://forum.azzurra.org:80/archive/index.php/t-7161.html	t-7161.html
20070401092443	http://forum.azzurra.org:80/archive/index.php/t-7162-p-2.html	t-7162-p-2.html
20070401100602	http://forum.azzurra.org:80/archive/index.php/t-7162-p-3.html	t-7162-p-3.html
20070329011314	http://forum.azzurra.org:80/archive/index.php/t-7162.html	t-7162.html
20070104014422	http://forum.azzurra.org:80/archive/index.php/t-7163.html	t-7163.html
20060501015640	http://forum.azzurra.org:80/archive/index.php/t-7165-p-2.html	t-7165-p-2.html
20050319090716	http://forum.azzurra.org:80/archive/index.php/t-7165.html	t-7165.html
20050519075705	http://forum.azzurra.org:80/archive/index.php/t-7166.html	t-7166.html
20060427044250	http://forum.azzurra.org:80/archive/index.php/t-7167.html	t-7167.html
20070314091556	http://forum.azzurra.org:80/archive/index.php/t-7168.html	t-7168.html
20090108135627	http://forum.azzurra.org/archive/index.php/t-7169.html	t-7169.html
20081123040646	http://forum.azzurra.org/archive/index.php/t-717.html	t-717.html
20090108150148	http://forum.azzurra.org/archive/index.php/t-7173.html	t-7173.html
20070528082527	http://forum.azzurra.org:80/archive/index.php/t-7177.html	t-7177.html
20050513063744	http://forum.azzurra.org:80/archive/index.php/t-7178.html	t-7178.html
20050513063804	http://forum.azzurra.org:80/archive/index.php/t-7179.html	t-7179.html
20050519124117	http://forum.azzurra.org:80/archive/index.php/t-718.html	t-718.html
20050312085031	http://forum.azzurra.org:80/archive/index.php/t-7181.html	t-7181.html
20060528093420	http://forum.azzurra.org:80/archive/index.php/t-7185.html	t-7185.html
20071018030011	http://forum.azzurra.org:80/archive/index.php/t-7190.html	t-7190.html
20081123042519	http://forum.azzurra.org/archive/index.php/t-7198.html	t-7198.html
20081123040402	http://forum.azzurra.org/archive/index.php/t-720.html	t-720.html
20050513063808	http://forum.azzurra.org:80/archive/index.php/t-7206.html	t-7206.html
20070301034315	http://forum.azzurra.org:80/archive/index.php/t-7207.html	t-7207.html
20070310004901	http://forum.azzurra.org:80/archive/index.php/t-7208.html	t-7208.html
20050724234939	http://forum.azzurra.org:80/archive/index.php/t-7209.html	t-7209.html
20081205081433	http://forum.azzurra.org/archive/index.php/t-721.html	t-721.html
20090108133744	http://forum.azzurra.org/archive/index.php/t-7210.html	t-7210.html
20081205075725	http://forum.azzurra.org/archive/index.php/t-7212.html	t-7212.html
20081120134058	http://forum.azzurra.org/archive/index.php/t-7213.html	t-7213.html
20060721201921	http://forum.azzurra.org:80/archive/index.php/t-7214.html	t-7214.html
20060721201953	http://forum.azzurra.org:80/archive/index.php/t-7215.html	t-7215.html
20090108134335	http://forum.azzurra.org/archive/index.php/t-7216.html	t-7216.html
20050728130056	http://forum.azzurra.org:80/archive/index.php/t-7217.html	t-7217.html
20090108150445	http://forum.azzurra.org/archive/index.php/t-7218.html	t-7218.html
20081205081225	http://forum.azzurra.org/archive/index.php/t-722.html	t-722.html
20070211153744	http://forum.azzurra.org:80/archive/index.php/t-7221.html	t-7221.html
20081120143017	http://forum.azzurra.org/archive/index.php/t-7222.html	t-7222.html
20070314060218	http://forum.azzurra.org:80/archive/index.php/t-7223.html	t-7223.html
20081205075525	http://forum.azzurra.org/archive/index.php/t-7225.html	t-7225.html
20070718123510	http://forum.azzurra.org:80/archive/index.php/t-7226.html	t-7226.html
20090108133104	http://forum.azzurra.org/archive/index.php/t-7228.html	t-7228.html
20081205073732	http://forum.azzurra.org/archive/index.php/t-7229.html	t-7229.html
20050519124121	http://forum.azzurra.org:80/archive/index.php/t-723.html	t-723.html
20090108135412	http://forum.azzurra.org/archive/index.php/t-7230.html	t-7230.html
20051104064928	http://forum.azzurra.org:80/archive/index.php/t-7231.html	t-7231.html
20090108141008	http://forum.azzurra.org/archive/index.php/t-7233.html	t-7233.html
20081205080304	http://forum.azzurra.org/archive/index.php/t-7234.html	t-7234.html
20070310004912	http://forum.azzurra.org:80/archive/index.php/t-7235.html	t-7235.html
20090108142303	http://forum.azzurra.org/archive/index.php/t-7236.html	t-7236.html
20060629224045	http://forum.azzurra.org:80/archive/index.php/t-724.html	t-724.html
20081205073815	http://forum.azzurra.org/archive/index.php/t-7242.html	t-7242.html
20061124005857	http://forum.azzurra.org:80/archive/index.php/t-7243.html	t-7243.html
20090108131913	http://forum.azzurra.org/archive/index.php/t-7245.html	t-7245.html
20081205073111	http://forum.azzurra.org/archive/index.php/t-725.html	t-725.html
20070310041435	http://forum.azzurra.org:80/archive/index.php/t-7254.html	t-7254.html
20081205081208	http://forum.azzurra.org/archive/index.php/t-7255.html	t-7255.html
20090108160901	http://forum.azzurra.org/archive/index.php/t-7256.html	t-7256.html
20060901094529	http://forum.azzurra.org:80/archive/index.php/t-7257.html	t-7257.html
20081120171101	http://forum.azzurra.org/archive/index.php/t-7258.html	t-7258.html
20070211153754	http://forum.azzurra.org:80/archive/index.php/t-7259.html	t-7259.html
20081205073311	http://forum.azzurra.org/archive/index.php/t-726.html	t-726.html
20070102202411	http://forum.azzurra.org:80/archive/index.php/t-7260.html	t-7260.html
20080624231234	http://forum.azzurra.org:80/archive/index.php/t-7261.html	t-7261.html
20050511045357	http://forum.azzurra.org:80/archive/index.php/t-7262.html	t-7262.html
20090108161851	http://forum.azzurra.org/archive/index.php/t-7264.html	t-7264.html
20081205081618	http://forum.azzurra.org/archive/index.php/t-727.html	t-727.html
20081205074825	http://forum.azzurra.org/archive/index.php/t-7270.html	t-7270.html
20070310004928	http://forum.azzurra.org:80/archive/index.php/t-7271.html	t-7271.html
20081120124509	http://forum.azzurra.org/archive/index.php/t-7272.html	t-7272.html
20070128014846	http://forum.azzurra.org:80/archive/index.php/t-7275.html	t-7275.html
20050330090549	http://forum.azzurra.org:80/archive/index.php/t-7276.html	t-7276.html
20090108133449	http://forum.azzurra.org/archive/index.php/t-7278.html	t-7278.html
20081205075805	http://forum.azzurra.org/archive/index.php/t-7279.html	t-7279.html
20081205080402	http://forum.azzurra.org/archive/index.php/t-728.html	t-728.html
20090108151600	http://forum.azzurra.org/archive/index.php/t-7280-p-2.html	t-7280-p-2.html
20081205080839	http://forum.azzurra.org/archive/index.php/t-7280.html	t-7280.html
20060113065455	http://forum.azzurra.org:80/archive/index.php/t-7283.html	t-7283.html
20050513063713	http://forum.azzurra.org:80/archive/index.php/t-7286.html	t-7286.html
20060113073034	http://forum.azzurra.org:80/archive/index.php/t-729.html	t-729.html
20090108135151	http://forum.azzurra.org/archive/index.php/t-7290.html	t-7290.html
20050622081719	http://forum.azzurra.org:80/archive/index.php/t-7294.html	t-7294.html
20060518170352	http://forum.azzurra.org:80/archive/index.php/t-7295.html	t-7295.html
20070211151902	http://forum.azzurra.org:80/archive/index.php/t-7296.html	t-7296.html
20050519124054	http://forum.azzurra.org:80/archive/index.php/t-73.html	t-73.html
20081205074622	http://forum.azzurra.org/archive/index.php/t-730.html	t-730.html
20070310004940	http://forum.azzurra.org:80/archive/index.php/t-7301.html	t-7301.html
20050513063709	http://forum.azzurra.org:80/archive/index.php/t-7303.html	t-7303.html
20070303215229	http://forum.azzurra.org:80/archive/index.php/t-7308.html	t-7308.html
20050513063645	http://forum.azzurra.org:80/archive/index.php/t-7309.html	t-7309.html
20081120123022	http://forum.azzurra.org/archive/index.php/t-731.html	t-731.html
20081120134921	http://forum.azzurra.org/archive/index.php/t-7310.html	t-7310.html
20060720215305	http://forum.azzurra.org:80/archive/index.php/t-7314.html	t-7314.html
20090108152405	http://forum.azzurra.org/archive/index.php/t-7317.html	t-7317.html
20050519124125	http://forum.azzurra.org:80/archive/index.php/t-732.html	t-732.html
20070211153804	http://forum.azzurra.org:80/archive/index.php/t-7321.html	t-7321.html
20081120165615	http://forum.azzurra.org/archive/index.php/t-7330.html	t-7330.html
20081120131644	http://forum.azzurra.org/archive/index.php/t-734.html	t-734.html
20081205073928	http://forum.azzurra.org/archive/index.php/t-735.html	t-735.html
20070211153816	http://forum.azzurra.org:80/archive/index.php/t-7350.html	t-7350.html
20090108160245	http://forum.azzurra.org/archive/index.php/t-7356.html	t-7356.html
20090108155841	http://forum.azzurra.org/archive/index.php/t-7359.html	t-7359.html
20080624235156	http://forum.azzurra.org:80/archive/index.php/t-736.html	t-736.html
20070314091606	http://forum.azzurra.org:80/archive/index.php/t-7360.html	t-7360.html
20090108160739	http://forum.azzurra.org/archive/index.php/t-7362.html	t-7362.html
20070314060228	http://forum.azzurra.org:80/archive/index.php/t-7365.html	t-7365.html
20050519124130	http://forum.azzurra.org:80/archive/index.php/t-737.html	t-737.html
20051208051957	http://forum.azzurra.org:80/archive/index.php/t-7373.html	t-7373.html
20070314060238	http://forum.azzurra.org:80/archive/index.php/t-7379.html	t-7379.html
20060629223821	http://forum.azzurra.org:80/archive/index.php/t-738.html	t-738.html
20070211153826	http://forum.azzurra.org:80/archive/index.php/t-7380.html	t-7380.html
20070211153835	http://forum.azzurra.org:80/archive/index.php/t-7381.html	t-7381.html
20060615151443	http://forum.azzurra.org:80/archive/index.php/t-7382.html	t-7382.html
20090108142521	http://forum.azzurra.org/archive/index.php/t-7384.html	t-7384.html
20081205080422	http://forum.azzurra.org/archive/index.php/t-7386.html	t-7386.html
20081120172224	http://forum.azzurra.org/archive/index.php/t-7387.html	t-7387.html
20081205081807	http://forum.azzurra.org/archive/index.php/t-7389.html	t-7389.html
20050519124134	http://forum.azzurra.org:80/archive/index.php/t-739.html	t-739.html
20070310041446	http://forum.azzurra.org:80/archive/index.php/t-7390.html	t-7390.html
20090108153029	http://forum.azzurra.org/archive/index.php/t-7391.html	t-7391.html
20070314091617	http://forum.azzurra.org:80/archive/index.php/t-7394.html	t-7394.html
20081120140921	http://forum.azzurra.org/archive/index.php/t-7396.html	t-7396.html
20081205074113	http://forum.azzurra.org/archive/index.php/t-7398.html	t-7398.html
20050519124045	http://forum.azzurra.org:80/archive/index.php/t-74.html	t-74.html
20070227074443	http://forum.azzurra.org:80/archive/index.php/t-7402.html	t-7402.html
20050519124210	http://forum.azzurra.org:80/archive/index.php/t-7405.html	t-7405.html
20090108155124	http://forum.azzurra.org/archive/index.php/t-7409.html	t-7409.html
20081205072816	http://forum.azzurra.org/archive/index.php/t-741.html	t-741.html
20060527214245	http://forum.azzurra.org:80/archive/index.php/t-7413.html	t-7413.html
20070211153846	http://forum.azzurra.org:80/archive/index.php/t-7414.html	t-7414.html
20090108131604	http://forum.azzurra.org/archive/index.php/t-7415.html	t-7415.html
20081205072735	http://forum.azzurra.org/archive/index.php/t-742.html	t-742.html
20081120121217	http://forum.azzurra.org/archive/index.php/t-7422.html	t-7422.html
20081120130042	http://forum.azzurra.org/archive/index.php/t-7424.html	t-7424.html
20050513063701	http://forum.azzurra.org:80/archive/index.php/t-7427.html	t-7427.html
20081120134718	http://forum.azzurra.org/archive/index.php/t-7428.html	t-7428.html
20060524000353	http://forum.azzurra.org:80/archive/index.php/t-7429.html	t-7429.html
20081205080244	http://forum.azzurra.org/archive/index.php/t-743.html	t-743.html
20060524000200	http://forum.azzurra.org:80/archive/index.php/t-7430.html	t-7430.html
20081205081129	http://forum.azzurra.org/archive/index.php/t-7431.html	t-7431.html
20050513063637	http://forum.azzurra.org:80/archive/index.php/t-7432.html	t-7432.html
20081205073550	http://forum.azzurra.org/archive/index.php/t-7433.html	t-7433.html
20081205081732	http://forum.azzurra.org/archive/index.php/t-7434.html	t-7434.html
20081205073231	http://forum.azzurra.org/archive/index.php/t-7435.html	t-7435.html
20070403163809	http://forum.azzurra.org:80/archive/index.php/t-7438.html	t-7438.html
20081205072929	http://forum.azzurra.org/archive/index.php/t-7439.html	t-7439.html
20081120170728	http://forum.azzurra.org/archive/index.php/t-744.html	t-744.html
20081205075603	http://forum.azzurra.org/archive/index.php/t-7442.html	t-7442.html
20090108152700	http://forum.azzurra.org/archive/index.php/t-7444.html	t-7444.html
20070310004951	http://forum.azzurra.org:80/archive/index.php/t-7445.html	t-7445.html
20060720215318	http://forum.azzurra.org:80/archive/index.php/t-7447.html	t-7447.html
20080624144315	http://forum.azzurra.org:80/archive/index.php/t-745.html	t-745.html
20111126191118	http://forum.azzurra.org:80/archive/index.php/t-7461.html	t-7461.html
20060113055427	http://forum.azzurra.org:80/archive/index.php/t-7464.html	t-7464.html
20060527214301	http://forum.azzurra.org:80/archive/index.php/t-7467.html	t-7467.html
20101012050137	http://forum.azzurra.org:80/archive/index.php/t-7468.html	t-7468.html
20060328110859	http://forum.azzurra.org:80/archive/index.php/t-747.html	t-747.html
20070310005001	http://forum.azzurra.org:80/archive/index.php/t-7470.html	t-7470.html
20081120143926	http://forum.azzurra.org/archive/index.php/t-7472.html	t-7472.html
20090108153738	http://forum.azzurra.org/archive/index.php/t-7475.html	t-7475.html
20070309011305	http://forum.azzurra.org:80/archive/index.php/t-7477.html	t-7477.html
20090108145817	http://forum.azzurra.org/archive/index.php/t-7479.html	t-7479.html
20070718160016	http://forum.azzurra.org:80/archive/index.php/t-748.html	t-748.html
20070501123337	http://forum.azzurra.org:80/archive/index.php/t-7483.html	t-7483.html
20090108143526	http://forum.azzurra.org/archive/index.php/t-7484.html	t-7484.html
20070310041456	http://forum.azzurra.org:80/archive/index.php/t-7485.html	t-7485.html
20070310041513	http://forum.azzurra.org:80/archive/index.php/t-7488.html	t-7488.html
20081205081013	http://forum.azzurra.org/archive/index.php/t-749.html	t-749.html
20070718011018	http://forum.azzurra.org:80/archive/index.php/t-7492.html	t-7492.html
20090108132011	http://forum.azzurra.org/archive/index.php/t-7493.html	t-7493.html
20081205074453	http://forum.azzurra.org/archive/index.php/t-7494.html	t-7494.html
20081120125617	http://forum.azzurra.org/archive/index.php/t-7495.html	t-7495.html
20050514082434	http://forum.azzurra.org:80/archive/index.php/t-7497.html	t-7497.html
20070112211006	http://forum.azzurra.org:80/archive/index.php/t-7499.html	t-7499.html
20050519124049	http://forum.azzurra.org:80/archive/index.php/t-75.html	t-75.html
20081120134355	http://forum.azzurra.org/archive/index.php/t-750.html	t-750.html
20070314060249	http://forum.azzurra.org:80/archive/index.php/t-7500.html	t-7500.html
20070310005012	http://forum.azzurra.org:80/archive/index.php/t-7501.html	t-7501.html
20081205081654	http://forum.azzurra.org/archive/index.php/t-7503.html	t-7503.html
20050513063705	http://forum.azzurra.org:80/archive/index.php/t-7505.html	t-7505.html
20060524000420	http://forum.azzurra.org:80/archive/index.php/t-7509.html	t-7509.html
20081205075624	http://forum.azzurra.org/archive/index.php/t-751.html	t-751.html
20081120132609	http://forum.azzurra.org/archive/index.php/t-7510.html	t-7510.html
20060524000238	http://forum.azzurra.org:80/archive/index.php/t-7518.html	t-7518.html
20081205075505	http://forum.azzurra.org/archive/index.php/t-752.html	t-752.html
20070314091626	http://forum.azzurra.org:80/archive/index.php/t-7521.html	t-7521.html
20070310060809	http://forum.azzurra.org:80/archive/index.php/t-7522.html	t-7522.html
20081205074805	http://forum.azzurra.org/archive/index.php/t-7523.html	t-7523.html
20050513063759	http://forum.azzurra.org:80/archive/index.php/t-7525.html	t-7525.html
20070716102514	http://forum.azzurra.org:80/archive/index.php/t-7528.html	t-7528.html
20090108153528	http://forum.azzurra.org/archive/index.php/t-7529.html	t-7529.html
20090108162107	http://forum.azzurra.org/archive/index.php/t-7534.html	t-7534.html
20081120171458	http://forum.azzurra.org/archive/index.php/t-7539.html	t-7539.html
20050801091347	http://forum.azzurra.org:80/archive/index.php/t-754.html	t-754.html
20050708081206	http://forum.azzurra.org:80/archive/index.php/t-7540.html	t-7540.html
20081205075327	http://forum.azzurra.org/archive/index.php/t-7542.html	t-7542.html
20051119160653	http://forum.azzurra.org:80/archive/index.php/t-7543-p-1.html	t-7543-p-1.html
20050817175624	http://forum.azzurra.org:80/archive/index.php/t-7543-p-2.html	t-7543-p-2.html
20051016192216	http://forum.azzurra.org:80/archive/index.php/t-7543-p-3.html	t-7543-p-3.html
20050420081009	http://forum.azzurra.org:80/archive/index.php/t-7543.html	t-7543.html
20050513063641	http://forum.azzurra.org:80/archive/index.php/t-7545.html	t-7545.html
20060113061434	http://forum.azzurra.org:80/archive/index.php/t-755.html	t-755.html
20061031162708	http://forum.azzurra.org:80/archive/index.php/t-7550.html	t-7550.html
20090108140919	http://forum.azzurra.org/archive/index.php/t-7551-p-2.html	t-7551-p-2.html
20081205073010	http://forum.azzurra.org/archive/index.php/t-7551.html	t-7551.html
20060527214314	http://forum.azzurra.org:80/archive/index.php/t-7552.html	t-7552.html
20050507174558	http://forum.azzurra.org:80/archive/index.php/t-7555.html	t-7555.html
20070314060259	http://forum.azzurra.org:80/archive/index.php/t-7557.html	t-7557.html
20050511043620	http://forum.azzurra.org:80/archive/index.php/t-7559.html	t-7559.html
20050519124139	http://forum.azzurra.org:80/archive/index.php/t-756.html	t-756.html
20070211153856	http://forum.azzurra.org:80/archive/index.php/t-7560.html	t-7560.html
20081205080608	http://forum.azzurra.org/archive/index.php/t-7561.html	t-7561.html
20081120150005	http://forum.azzurra.org/archive/index.php/t-7563.html	t-7563.html
20090108154610	http://forum.azzurra.org/archive/index.php/t-7567.html	t-7567.html
20060113064802	http://forum.azzurra.org:80/archive/index.php/t-7569.html	t-7569.html
20081205074846	http://forum.azzurra.org/archive/index.php/t-757.html	t-757.html
20060524000135	http://forum.azzurra.org:80/archive/index.php/t-7571.html	t-7571.html
20081205074338	http://forum.azzurra.org/archive/index.php/t-7579.html	t-7579.html
20060113064543	http://forum.azzurra.org:80/archive/index.php/t-758.html	t-758.html
20060113065311	http://forum.azzurra.org:80/archive/index.php/t-7584.html	t-7584.html
20081120120416	http://forum.azzurra.org/archive/index.php/t-759.html	t-759.html
20070310060818	http://forum.azzurra.org:80/archive/index.php/t-7591.html	t-7591.html
20060720215330	http://forum.azzurra.org:80/archive/index.php/t-7593.html	t-7593.html
20090108132626	http://forum.azzurra.org/archive/index.php/t-7596.html	t-7596.html
20060527214328	http://forum.azzurra.org:80/archive/index.php/t-7597.html	t-7597.html
20081205075306	http://forum.azzurra.org/archive/index.php/t-76.html	t-76.html
20060629223758	http://forum.azzurra.org:80/archive/index.php/t-760.html	t-760.html
20070718010955	http://forum.azzurra.org:80/archive/index.php/t-7600.html	t-7600.html
20070310041531	http://forum.azzurra.org:80/archive/index.php/t-7602.html	t-7602.html
20090108161159	http://forum.azzurra.org/archive/index.php/t-7603.html	t-7603.html
20070310060828	http://forum.azzurra.org:80/archive/index.php/t-7605.html	t-7605.html
20090108131629	http://forum.azzurra.org/archive/index.php/t-7610.html	t-7610.html
20070310005025	http://forum.azzurra.org:80/archive/index.php/t-7612.html	t-7612.html
20081120125149	http://forum.azzurra.org/archive/index.php/t-7613.html	t-7613.html
20081205074054	http://forum.azzurra.org/archive/index.php/t-7617.html	t-7617.html
20050519124143	http://forum.azzurra.org:80/archive/index.php/t-762.html	t-762.html
20050511045313	http://forum.azzurra.org:80/archive/index.php/t-7620.html	t-7620.html
20120528190158	http://forum.azzurra.org/archive/index.php/t-7624.html	t-7624.html
20090108151045	http://forum.azzurra.org/archive/index.php/t-7626.html	t-7626.html
20081205075023	http://forum.azzurra.org/archive/index.php/t-763.html	t-763.html
20081205081950	http://forum.azzurra.org/archive/index.php/t-7632.html	t-7632.html
20070314091636	http://forum.azzurra.org:80/archive/index.php/t-7634.html	t-7634.html
20081120133734	http://forum.azzurra.org/archive/index.php/t-764.html	t-764.html
20090108134927	http://forum.azzurra.org/archive/index.php/t-7640.html	t-7640.html
20061031075724	http://forum.azzurra.org:80/archive/index.php/t-7644.html	t-7644.html
20060720215341	http://forum.azzurra.org:80/archive/index.php/t-7648.html	t-7648.html
20050126100929	http://forum.azzurra.org:80/archive/index.php/t-765.html	t-765.html
20070717001343	http://forum.azzurra.org:80/archive/index.php/t-7650.html	t-7650.html
20060524000423	http://forum.azzurra.org:80/archive/index.php/t-7659.html	t-7659.html
20081205075246	http://forum.azzurra.org/archive/index.php/t-766.html	t-766.html
20090108154818	http://forum.azzurra.org/archive/index.php/t-7661.html	t-7661.html
20060408143621	http://forum.azzurra.org:80/archive/index.php/t-7663.html	t-7663.html
20081120150721	http://forum.azzurra.org/archive/index.php/t-7665.html	t-7665.html
20060721081010	http://forum.azzurra.org:80/archive/index.php/t-7667.html	t-7667.html
20070310005038	http://forum.azzurra.org:80/archive/index.php/t-7669.html	t-7669.html
20060113073150	http://forum.azzurra.org:80/archive/index.php/t-767.html	t-767.html
20070310041541	http://forum.azzurra.org:80/archive/index.php/t-7670.html	t-7670.html
20060721081022	http://forum.azzurra.org:80/archive/index.php/t-7674.html	t-7674.html
20060113054325	http://forum.azzurra.org:80/archive/index.php/t-7675.html	t-7675.html
20081205075045	http://forum.azzurra.org/archive/index.php/t-7676.html	t-7676.html
20060408143700	http://forum.azzurra.org:80/archive/index.php/t-7679.html	t-7679.html
20081120130440	http://forum.azzurra.org/archive/index.php/t-768.html	t-768.html
20060721081037	http://forum.azzurra.org:80/archive/index.php/t-7680.html	t-7680.html
20070329011459	http://forum.azzurra.org:80/archive/index.php/t-7686.html	t-7686.html
20070310060838	http://forum.azzurra.org:80/archive/index.php/t-7688.html	t-7688.html
20080624144325	http://forum.azzurra.org:80/archive/index.php/t-769.html	t-769.html
20070310060849	http://forum.azzurra.org:80/archive/index.php/t-7690.html	t-7690.html
20090108145516	http://forum.azzurra.org/archive/index.php/t-7692.html	t-7692.html
20050513063716	http://forum.azzurra.org:80/archive/index.php/t-7693.html	t-7693.html
20060304182151	http://forum.azzurra.org:80/archive/index.php/t-7694.html	t-7694.html
20081228045313	http://forum.azzurra.org:80/archive/index.php/t-7695.html	t-7695.html
20081120140603	http://forum.azzurra.org/archive/index.php/t-77.html	t-77.html
20081120170113	http://forum.azzurra.org/archive/index.php/t-770.html	t-770.html
20081205081301	http://forum.azzurra.org/archive/index.php/t-7700.html	t-7700.html
20060524000301	http://forum.azzurra.org:80/archive/index.php/t-7706.html	t-7706.html
20090108143352	http://forum.azzurra.org/archive/index.php/t-7707.html	t-7707.html
20060524000250	http://forum.azzurra.org:80/archive/index.php/t-7708.html	t-7708.html
20050513063739	http://forum.azzurra.org:80/archive/index.php/t-7709.html	t-7709.html
20060304182108	http://forum.azzurra.org:80/archive/index.php/t-771.html	t-771.html
20090108151337	http://forum.azzurra.org/archive/index.php/t-7711.html	t-7711.html
20081205074255	http://forum.azzurra.org/archive/index.php/t-7717.html	t-7717.html
20081205075544	http://forum.azzurra.org/archive/index.php/t-7718.html	t-7718.html
20070204050614	http://forum.azzurra.org:80/archive/index.php/t-7719.html	t-7719.html
20060113064842	http://forum.azzurra.org:80/archive/index.php/t-772.html	t-772.html
20070310060858	http://forum.azzurra.org:80/archive/index.php/t-7720.html	t-7720.html
20060721081054	http://forum.azzurra.org:80/archive/index.php/t-7723.html	t-7723.html
20090108132233	http://forum.azzurra.org/archive/index.php/t-7724.html	t-7724.html
20050126084740	http://forum.azzurra.org:80/archive/index.php/t-773.html	t-773.html
20060113065601	http://forum.azzurra.org:80/archive/index.php/t-7731.html	t-7731.html
20090108155717	http://forum.azzurra.org/archive/index.php/t-7738.html	t-7738.html
20080624235010	http://forum.azzurra.org:80/archive/index.php/t-774.html	t-774.html
20081205075105	http://forum.azzurra.org/archive/index.php/t-7741.html	t-7741.html
20081205075846	http://forum.azzurra.org/archive/index.php/t-7744.html	t-7744.html
20090108133305	http://forum.azzurra.org/archive/index.php/t-7745.html	t-7745.html
20070310060909	http://forum.azzurra.org:80/archive/index.php/t-7748.html	t-7748.html
20060721081104	http://forum.azzurra.org:80/archive/index.php/t-7749.html	t-7749.html
20080624144330	http://forum.azzurra.org:80/archive/index.php/t-775.html	t-775.html
20050514082606	http://forum.azzurra.org:80/archive/index.php/t-7752.html	t-7752.html
20050519124038	http://forum.azzurra.org:80/archive/index.php/t-7753.html	t-7753.html
20090108141358	http://forum.azzurra.org/archive/index.php/t-7757.html	t-7757.html
20070310041551	http://forum.azzurra.org:80/archive/index.php/t-7758.html	t-7758.html
20050519124146	http://forum.azzurra.org:80/archive/index.php/t-776.html	t-776.html
20090108141911	http://forum.azzurra.org/archive/index.php/t-7760.html	t-7760.html
20050519124214	http://forum.azzurra.org:80/archive/index.php/t-7767.html	t-7767.html
20080624231026	http://forum.azzurra.org:80/archive/index.php/t-777.html	t-777.html
20070310041602	http://forum.azzurra.org:80/archive/index.php/t-7770.html	t-7770.html
20090108133702	http://forum.azzurra.org/archive/index.php/t-7772.html	t-7772.html
20070310060919	http://forum.azzurra.org:80/archive/index.php/t-7775.html	t-7775.html
20061103054741	http://forum.azzurra.org:80/archive/index.php/t-7778.html	t-7778.html
20081205081750	http://forum.azzurra.org/archive/index.php/t-778.html	t-778.html
20081120150435	http://forum.azzurra.org/archive/index.php/t-7788.html	t-7788.html
20050319092032	http://forum.azzurra.org:80/archive/index.php/t-7789.html	t-7789.html
20081205073152	http://forum.azzurra.org/archive/index.php/t-779.html	t-779.html
20050721080224	http://forum.azzurra.org:80/archive/index.php/t-7790.html	t-7790.html
20081120123524	http://forum.azzurra.org/archive/index.php/t-7795.html	t-7795.html
20070211153906	http://forum.azzurra.org:80/archive/index.php/t-7796.html	t-7796.html
20090108134716	http://forum.azzurra.org/archive/index.php/t-7799.html	t-7799.html
20081120121852	http://forum.azzurra.org/archive/index.php/t-780.html	t-780.html
20060507090655	http://forum.azzurra.org:80/archive/index.php/t-7803.html	t-7803.html
20101221074838	http://forum.azzurra.org:80/archive/index.php/t-7804.html	t-7804.html
20060823061139	http://forum.azzurra.org:80/archive/index.php/t-7805.html	t-7805.html
20070314124232	http://forum.azzurra.org:80/archive/index.php/t-7809.html	t-7809.html
20081205074701	http://forum.azzurra.org/archive/index.php/t-781.html	t-781.html
20060507090605	http://forum.azzurra.org:80/archive/index.php/t-7812.html	t-7812.html
20070310005049	http://forum.azzurra.org:80/archive/index.php/t-7815.html	t-7815.html
20070716102639	http://forum.azzurra.org:80/archive/index.php/t-7817.html	t-7817.html
20081205074743	http://forum.azzurra.org/archive/index.php/t-782.html	t-782.html
20090108143611	http://forum.azzurra.org/archive/index.php/t-7821.html	t-7821.html
20060524000436	http://forum.azzurra.org:80/archive/index.php/t-7825.html	t-7825.html
20090108161657	http://forum.azzurra.org/archive/index.php/t-7826.html	t-7826.html
20081205080442	http://forum.azzurra.org/archive/index.php/t-7829.html	t-7829.html
20081120115721	http://forum.azzurra.org/archive/index.php/t-783.html	t-783.html
20081120124903	http://forum.azzurra.org/archive/index.php/t-7830.html	t-7830.html
20060518170404	http://forum.azzurra.org:80/archive/index.php/t-7831.html	t-7831.html
20050322021321	http://forum.azzurra.org:80/archive/index.php/t-7835.html	t-7835.html
20060507090615	http://forum.azzurra.org:80/archive/index.php/t-7838.html	t-7838.html
20070902001028	http://forum.azzurra.org:80/archive/index.php/t-784.html	t-784.html
20130306013458	http://forum.azzurra.org:80/archive/index.php/t-7842.html	t-7842.html
20070108120303	http://forum.azzurra.org:80/archive/index.php/t-7844.html	t-7844.html
20090108140523	http://forum.azzurra.org/archive/index.php/t-7845.html	t-7845.html
20050519124150	http://forum.azzurra.org:80/archive/index.php/t-785.html	t-785.html
20050513063729	http://forum.azzurra.org:80/archive/index.php/t-7850.html	t-7850.html
20050513063624	http://forum.azzurra.org:80/archive/index.php/t-7851.html	t-7851.html
20090108152901	http://forum.azzurra.org/archive/index.php/t-7856.html	t-7856.html
20081120144800	http://forum.azzurra.org/archive/index.php/t-7857.html	t-7857.html
20050519124154	http://forum.azzurra.org:80/archive/index.php/t-786.html	t-786.html
20061031214011	http://forum.azzurra.org:80/archive/index.php/t-7861.html	t-7861.html
20050519124218	http://forum.azzurra.org:80/archive/index.php/t-7864.html	t-7864.html
20050606082444	http://forum.azzurra.org:80/archive/index.php/t-7866.html	t-7866.html
20060405154257	http://forum.azzurra.org:80/archive/index.php/t-7868.html	t-7868.html
20081205074316	http://forum.azzurra.org/archive/index.php/t-787.html	t-787.html
20090108135757	http://forum.azzurra.org/archive/index.php/t-7872.html	t-7872.html
20090108141954	http://forum.azzurra.org/archive/index.php/t-7874.html	t-7874.html
20070310060932	http://forum.azzurra.org:80/archive/index.php/t-7876.html	t-7876.html
20090108141534	http://forum.azzurra.org/archive/index.php/t-7877.html	t-7877.html
20081205081601	http://forum.azzurra.org/archive/index.php/t-7879.html	t-7879.html
20050519124159	http://forum.azzurra.org:80/archive/index.php/t-788.html	t-788.html
20081120124102	http://forum.azzurra.org/archive/index.php/t-7881.html	t-7881.html
20090108131539	http://forum.azzurra.org/archive/index.php/t-7882.html	t-7882.html
20081205073950	http://forum.azzurra.org/archive/index.php/t-7885.html	t-7885.html
20060412144919	http://forum.azzurra.org:80/archive/index.php/t-7887.html	t-7887.html
20070310041613	http://forum.azzurra.org:80/archive/index.php/t-7888.html	t-7888.html
20050511043313	http://forum.azzurra.org:80/archive/index.php/t-7889.html	t-7889.html
20081120135501	http://forum.azzurra.org/archive/index.php/t-789.html	t-789.html
20070222212101	http://forum.azzurra.org:80/archive/index.php/t-7891.html	t-7891.html
20090108145346	http://forum.azzurra.org/archive/index.php/t-7893.html	t-7893.html
20070317014939	http://forum.azzurra.org:80/archive/index.php/t-7894.html	t-7894.html
20090108161927	http://forum.azzurra.org/archive/index.php/t-7897.html	t-7897.html
20090108154652	http://forum.azzurra.org/archive/index.php/t-7898.html	t-7898.html
20050519124058	http://forum.azzurra.org:80/archive/index.php/t-79.html	t-79.html
20060721201236	http://forum.azzurra.org:80/archive/index.php/t-790.html	t-790.html
20081205074216	http://forum.azzurra.org/archive/index.php/t-7900.html	t-7900.html
20060507090638	http://forum.azzurra.org:80/archive/index.php/t-7901.html	t-7901.html
20081205074536	http://forum.azzurra.org/archive/index.php/t-7906.html	t-7906.html
20090108134209	http://forum.azzurra.org/archive/index.php/t-7908.html	t-7908.html
20060721081204	http://forum.azzurra.org:80/archive/index.php/t-7909.html	t-7909.html
20050519124202	http://forum.azzurra.org:80/archive/index.php/t-791.html	t-791.html
20060721202032	http://forum.azzurra.org:80/archive/index.php/t-7914.html	t-7914.html
20090108155045	http://forum.azzurra.org/archive/index.php/t-7918.html	t-7918.html
20090108140741	http://forum.azzurra.org/archive/index.php/t-7919.html	t-7919.html
20081205073609	http://forum.azzurra.org/archive/index.php/t-792.html	t-792.html
20090108161318	http://forum.azzurra.org/archive/index.php/t-7925.html	t-7925.html
20070310061005	http://forum.azzurra.org:80/archive/index.php/t-7926.html	t-7926.html
20070310061014	http://forum.azzurra.org:80/archive/index.php/t-7929.html	t-7929.html
20081205081111	http://forum.azzurra.org/archive/index.php/t-793.html	t-793.html
20050524074347	http://forum.azzurra.org:80/archive/index.php/t-7930.html	t-7930.html
20090108152027	http://forum.azzurra.org/archive/index.php/t-7931.html	t-7931.html
20050809074513	http://forum.azzurra.org:80/archive/index.php/t-7932.html	t-7932.html
20090108132510	http://forum.azzurra.org/archive/index.php/t-7935.html	t-7935.html
20050519124223	http://forum.azzurra.org:80/archive/index.php/t-7936.html	t-7936.html
20081205073051	http://forum.azzurra.org/archive/index.php/t-794.html	t-794.html
20060404213839	http://forum.azzurra.org:80/archive/index.php/t-7940.html	t-7940.html
20081205080342	http://forum.azzurra.org/archive/index.php/t-7941.html	t-7941.html
20090108214529	http://forum.azzurra.org/archive/index.php/t-7944.html	t-7944.html
20050513063629	http://forum.azzurra.org:80/archive/index.php/t-7947.html	t-7947.html
20081205081357	http://forum.azzurra.org/archive/index.php/t-7948.html	t-7948.html
20060218070604	http://forum.azzurra.org:80/archive/index.php/t-7949.html	t-7949.html
20081205082007	http://forum.azzurra.org/archive/index.php/t-795.html	t-795.html
20081205075346	http://forum.azzurra.org/archive/index.php/t-7950.html	t-7950.html
20090108200748	http://forum.azzurra.org/archive/index.php/t-7951.html	t-7951.html
20061025233235	http://forum.azzurra.org:80/archive/index.php/t-7954.html	t-7954.html
20061031032310	http://forum.azzurra.org:80/archive/index.php/t-7957.html	t-7957.html
20081205081714	http://forum.azzurra.org/archive/index.php/t-796.html	t-796.html
20050731075000	http://forum.azzurra.org:80/archive/index.php/t-7962.html	t-7962.html
20051214192117	http://forum.azzurra.org:80/archive/index.php/t-7969.html	t-7969.html
20081205073212	http://forum.azzurra.org/archive/index.php/t-797.html	t-797.html
20050711073534	http://forum.azzurra.org:80/archive/index.php/t-7972.html	t-7972.html
20070312200035	http://forum.azzurra.org:80/archive/index.php/t-7973.html	t-7973.html
20070310041624	http://forum.azzurra.org:80/archive/index.php/t-7975.html	t-7975.html
20090108204602	http://forum.azzurra.org/archive/index.php/t-7977.html	t-7977.html
20090108204831	http://forum.azzurra.org/archive/index.php/t-7978.html	t-7978.html
20081205072755	http://forum.azzurra.org/archive/index.php/t-798.html	t-798.html
20090108194752	http://forum.azzurra.org/archive/index.php/t-7981.html	t-7981.html
20050728130902	http://forum.azzurra.org:80/archive/index.php/t-7984.html	t-7984.html
20081205080225	http://forum.azzurra.org/archive/index.php/t-799.html	t-799.html
20090108215432	http://forum.azzurra.org/archive/index.php/t-7991.html	t-7991.html
20050513063653	http://forum.azzurra.org:80/archive/index.php/t-7993.html	t-7993.html
20090108213507	http://forum.azzurra.org/archive/index.php/t-7998.html	t-7998.html
20050519124042	http://forum.azzurra.org:80/archive/index.php/t-8.html	t-8.html
20081205073407	http://forum.azzurra.org/archive/index.php/t-800.html	t-800.html
20090108204126	http://forum.azzurra.org/archive/index.php/t-8000.html	t-8000.html
20060813191613	http://forum.azzurra.org:80/archive/index.php/t-8003.html	t-8003.html
20060113070237	http://forum.azzurra.org:80/archive/index.php/t-8007.html	t-8007.html
20090108215810	http://forum.azzurra.org/archive/index.php/t-8008.html	t-8008.html
20050513063812	http://forum.azzurra.org:80/archive/index.php/t-8009.html	t-8009.html
20081205081451	http://forum.azzurra.org/archive/index.php/t-801.html	t-801.html
20070310041633	http://forum.azzurra.org:80/archive/index.php/t-8010.html	t-8010.html
20090108195911	http://forum.azzurra.org/archive/index.php/t-8012.html	t-8012.html
20070310061025	http://forum.azzurra.org:80/archive/index.php/t-8016.html	t-8016.html
20060113060333	http://forum.azzurra.org:80/archive/index.php/t-8017.html	t-8017.html
20060408143613	http://forum.azzurra.org:80/archive/index.php/t-8019.html	t-8019.html
20081205080917	http://forum.azzurra.org/archive/index.php/t-802.html	t-802.html
20070310005101	http://forum.azzurra.org:80/archive/index.php/t-8022.html	t-8022.html
20070427012030	http://forum.azzurra.org:80/archive/index.php/t-8023.html	t-8023.html
20090108212615	http://forum.azzurra.org/archive/index.php/t-8024.html	t-8024.html
20090108200940	http://forum.azzurra.org/archive/index.php/t-8025.html	t-8025.html
20070211153916	http://forum.azzurra.org:80/archive/index.php/t-8027.html	t-8027.html
20090108195531	http://forum.azzurra.org/archive/index.php/t-8029.html	t-8029.html
20081205073711	http://forum.azzurra.org/archive/index.php/t-803.html	t-803.html
20090108214632	http://forum.azzurra.org/archive/index.php/t-8030.html	t-8030.html
20050519124226	http://forum.azzurra.org:80/archive/index.php/t-8031.html	t-8031.html
20070314060308	http://forum.azzurra.org:80/archive/index.php/t-8036.html	t-8036.html
20050511045338	http://forum.azzurra.org:80/archive/index.php/t-8037.html	t-8037.html
20081205081858	http://forum.azzurra.org/archive/index.php/t-804.html	t-804.html
20090108210349	http://forum.azzurra.org/archive/index.php/t-8043.html	t-8043.html
20060507090758	http://forum.azzurra.org:80/archive/index.php/t-8044.html	t-8044.html
20050426162616	http://forum.azzurra.org:80/archive/index.php/t-8045.html	t-8045.html
20081205074642	http://forum.azzurra.org/archive/index.php/t-8046.html	t-8046.html
20050728131140	http://forum.azzurra.org:80/archive/index.php/t-8048.html	t-8048.html
20060427035706	http://forum.azzurra.org:80/archive/index.php/t-8049.html	t-8049.html
20080624231244	http://forum.azzurra.org:80/archive/index.php/t-805.html	t-805.html
20050513063816	http://forum.azzurra.org:80/archive/index.php/t-8050.html	t-8050.html
20050628082743	http://forum.azzurra.org:80/archive/index.php/t-8051.html	t-8051.html
20050511043448	http://forum.azzurra.org:80/archive/index.php/t-8056.html	t-8056.html
20070310061035	http://forum.azzurra.org:80/archive/index.php/t-8058.html	t-8058.html
20050519124206	http://forum.azzurra.org:80/archive/index.php/t-806.html	t-806.html
20081205080954	http://forum.azzurra.org/archive/index.php/t-8060.html	t-8060.html
20090108220040	http://forum.azzurra.org/archive/index.php/t-8063.html	t-8063.html
20090108220221	http://forum.azzurra.org/archive/index.php/t-8065.html	t-8065.html
20090108205026	http://forum.azzurra.org/archive/index.php/t-8067.html	t-8067.html
20090108213403	http://forum.azzurra.org/archive/index.php/t-8069.html	t-8069.html
20081205081824	http://forum.azzurra.org/archive/index.php/t-807.html	t-807.html
20090108211251	http://forum.azzurra.org/archive/index.php/t-8072.html	t-8072.html
20060822071016	http://forum.azzurra.org:80/archive/index.php/t-8074.html	t-8074.html
20090108213036	http://forum.azzurra.org/archive/index.php/t-8078.html	t-8078.html
20061027180650	http://forum.azzurra.org:80/archive/index.php/t-8081.html	t-8081.html
20090108214240	http://forum.azzurra.org/archive/index.php/t-8082.html	t-8082.html
20081205080106	http://forum.azzurra.org/archive/index.php/t-8087.html	t-8087.html
20081205073031	http://forum.azzurra.org/archive/index.php/t-8089.html	t-8089.html
20081120145208	http://forum.azzurra.org/archive/index.php/t-8091.html	t-8091.html
20070310061045	http://forum.azzurra.org:80/archive/index.php/t-8092.html	t-8092.html
20081205075226	http://forum.azzurra.org/archive/index.php/t-8093.html	t-8093.html
20081120135301	http://forum.azzurra.org/archive/index.php/t-8094.html	t-8094.html
20081205075407	http://forum.azzurra.org/archive/index.php/t-8095.html	t-8095.html
20070718155632	http://forum.azzurra.org:80/archive/index.php/t-8096.html	t-8096.html
20050519235823	http://forum.azzurra.org:80/archive/index.php/t-81.html	t-81.html
20090108213436	http://forum.azzurra.org/archive/index.php/t-8101.html	t-8101.html
20060113055315	http://forum.azzurra.org:80/archive/index.php/t-8103.html	t-8103.html
20090108203728	http://forum.azzurra.org/archive/index.php/t-8105.html	t-8105.html
20081205080821	http://forum.azzurra.org/archive/index.php/t-8107.html	t-8107.html
20081120090611	http://forum.azzurra.org/archive/index.php/t-811.html	t-811.html
20080624235019	http://forum.azzurra.org:80/archive/index.php/t-8114.html	t-8114.html
20081120083759	http://forum.azzurra.org/archive/index.php/t-812.html	t-812.html
20080517163430	http://forum.azzurra.org:80/archive/index.php/t-8127-p-2.html	t-8127-p-2.html
20080518075705	http://forum.azzurra.org:80/archive/index.php/t-8127.html	t-8127.html
20070902001403	http://forum.azzurra.org:80/archive/index.php/t-813.html	t-813.html
20050526074150	http://forum.azzurra.org:80/archive/index.php/t-8135.html	t-8135.html
20050804080704	http://forum.azzurra.org:80/archive/index.php/t-8136.html	t-8136.html
20090108203920	http://forum.azzurra.org/archive/index.php/t-8137.html	t-8137.html
20080423081059	http://forum.azzurra.org:80/archive/index.php/t-8138.html	t-8138.html
20081202011849	http://forum.azzurra.org/archive/index.php/t-814.html	t-814.html
20070310061055	http://forum.azzurra.org:80/archive/index.php/t-8140.html	t-8140.html
20070304061424	http://forum.azzurra.org:80/archive/index.php/t-8149.html	t-8149.html
20081203175022	http://forum.azzurra.org/archive/index.php/t-815.html	t-815.html
20050422074334	http://forum.azzurra.org:80/archive/index.php/t-8150.html	t-8150.html
20081203211719	http://forum.azzurra.org/archive/index.php/t-8151.html	t-8151.html
20060113071252	http://forum.azzurra.org:80/archive/index.php/t-8152.html	t-8152.html
20070830023440	http://forum.azzurra.org:80/archive/index.php/t-8157.html	t-8157.html
20060625144655	http://forum.azzurra.org:80/archive/index.php/t-8159.html	t-8159.html
20081203180315	http://forum.azzurra.org/archive/index.php/t-816.html	t-816.html
20090108205919	http://forum.azzurra.org/archive/index.php/t-8161.html	t-8161.html
20070830022738	http://forum.azzurra.org:80/archive/index.php/t-8164.html	t-8164.html
20070901013237	http://forum.azzurra.org:80/archive/index.php/t-8165.html	t-8165.html
20060524000452	http://forum.azzurra.org:80/archive/index.php/t-8167.html	t-8167.html
20050511045332	http://forum.azzurra.org:80/archive/index.php/t-8168.html	t-8168.html
20081202011741	http://forum.azzurra.org/archive/index.php/t-817.html	t-817.html
20090108195121	http://forum.azzurra.org/archive/index.php/t-8170.html	t-8170.html
20090108211541	http://forum.azzurra.org/archive/index.php/t-8172.html	t-8172.html
20060719063659	http://forum.azzurra.org:80/archive/index.php/t-8174.html	t-8174.html
20060113062111	http://forum.azzurra.org:80/archive/index.php/t-8177.html	t-8177.html
20060720215405	http://forum.azzurra.org:80/archive/index.php/t-8179.html	t-8179.html
20080624231250	http://forum.azzurra.org:80/archive/index.php/t-818.html	t-818.html
20081203202502	http://forum.azzurra.org/archive/index.php/t-8181.html	t-8181.html
20090108203805	http://forum.azzurra.org/archive/index.php/t-8186.html	t-8186.html
20060518170418	http://forum.azzurra.org:80/archive/index.php/t-8187.html	t-8187.html
20081203192649	http://forum.azzurra.org/archive/index.php/t-819.html	t-819.html
20090108212211	http://forum.azzurra.org/archive/index.php/t-8190.html	t-8190.html
20090108201659	http://forum.azzurra.org/archive/index.php/t-8191.html	t-8191.html
20090108200033	http://forum.azzurra.org/archive/index.php/t-8194.html	t-8194.html
20060519173646	http://forum.azzurra.org:80/archive/index.php/t-8195.html	t-8195.html
20050519235819	http://forum.azzurra.org:80/archive/index.php/t-82.html	t-82.html
20080624144336	http://forum.azzurra.org:80/archive/index.php/t-820.html	t-820.html
20090108204434	http://forum.azzurra.org/archive/index.php/t-8206.html	t-8206.html
20060623011109	http://forum.azzurra.org:80/archive/index.php/t-8207.html	t-8207.html
20081203212323	http://forum.azzurra.org/archive/index.php/t-8208.html	t-8208.html
20090108204753	http://forum.azzurra.org/archive/index.php/t-8209.html	t-8209.html
20060113123441	http://forum.azzurra.org:80/archive/index.php/t-8218.html	t-8218.html
20050519235841	http://forum.azzurra.org:80/archive/index.php/t-822.html	t-822.html
20050802081439	http://forum.azzurra.org:80/archive/index.php/t-8222.html	t-8222.html
20081203133316	http://forum.azzurra.org/archive/index.php/t-8226.html	t-8226.html
20070904031454	http://forum.azzurra.org:80/archive/index.php/t-8228.html	t-8228.html
20050519235845	http://forum.azzurra.org:80/archive/index.php/t-823.html	t-823.html
20061031080053	http://forum.azzurra.org:80/archive/index.php/t-8231.html	t-8231.html
20070323220904	http://forum.azzurra.org:80/archive/index.php/t-8237.html	t-8237.html
20081203170259	http://forum.azzurra.org/archive/index.php/t-8238.html	t-8238.html
20060331115521	http://forum.azzurra.org:80/archive/index.php/t-8241.html	t-8241.html
20061031032909	http://forum.azzurra.org:80/archive/index.php/t-8242.html	t-8242.html
20060427041511	http://forum.azzurra.org:80/archive/index.php/t-8244.html	t-8244.html
20070303200121	http://forum.azzurra.org:80/archive/index.php/t-8245.html	t-8245.html
20090108200501	http://forum.azzurra.org/archive/index.php/t-8248.html	t-8248.html
20090108215502	http://forum.azzurra.org/archive/index.php/t-8252.html	t-8252.html
20090108205843	http://forum.azzurra.org/archive/index.php/t-8253.html	t-8253.html
20060405154308	http://forum.azzurra.org:80/archive/index.php/t-8258.html	t-8258.html
20081203160128	http://forum.azzurra.org/archive/index.php/t-8259.html	t-8259.html
20081120085102	http://forum.azzurra.org/archive/index.php/t-826.html	t-826.html
20081203211244	http://forum.azzurra.org/archive/index.php/t-8260.html	t-8260.html
20090108214943	http://forum.azzurra.org/archive/index.php/t-8265.html	t-8265.html
20060507090709	http://forum.azzurra.org:80/archive/index.php/t-8269.html	t-8269.html
20081203182221	http://forum.azzurra.org/archive/index.php/t-827.html	t-827.html
20050519235849	http://forum.azzurra.org:80/archive/index.php/t-828.html	t-828.html
20070427024940	http://forum.azzurra.org:80/archive/index.php/t-8286.html	t-8286.html
20060113072502	http://forum.azzurra.org:80/archive/index.php/t-8288.html	t-8288.html
20060404213943	http://forum.azzurra.org:80/archive/index.php/t-829.html	t-829.html
20060519173701	http://forum.azzurra.org:80/archive/index.php/t-8295.html	t-8295.html
20090108201619	http://forum.azzurra.org/archive/index.php/t-8297.html	t-8297.html
20090108195038	http://forum.azzurra.org/archive/index.php/t-8298.html	t-8298.html
20050519235816	http://forum.azzurra.org:80/archive/index.php/t-83.html	t-83.html
20050519235852	http://forum.azzurra.org:80/archive/index.php/t-830.html	t-830.html
20081203163050	http://forum.azzurra.org/archive/index.php/t-831.html	t-831.html
20090108201422	http://forum.azzurra.org/archive/index.php/t-8311.html	t-8311.html
20070310061106	http://forum.azzurra.org:80/archive/index.php/t-8313.html	t-8313.html
20090108200625	http://forum.azzurra.org/archive/index.php/t-8314.html	t-8314.html
20090108212647	http://forum.azzurra.org/archive/index.php/t-8316.html	t-8316.html
20090108201101	http://forum.azzurra.org/archive/index.php/t-8317.html	t-8317.html
20050804081341	http://forum.azzurra.org:80/archive/index.php/t-8318.html	t-8318.html
20060113065125	http://forum.azzurra.org:80/archive/index.php/t-8321.html	t-8321.html
20060427061751	http://forum.azzurra.org:80/archive/index.php/t-8327.html	t-8327.html
20050519235900	http://forum.azzurra.org:80/archive/index.php/t-833.html	t-833.html
20060113061323	http://forum.azzurra.org:80/archive/index.php/t-8331.html	t-8331.html
20081203203905	http://forum.azzurra.org/archive/index.php/t-8339.html	t-8339.html
20080917020940	http://forum.azzurra.org:80/archive/index.php/t-8341.html	t-8341.html
20090108194547	http://forum.azzurra.org/archive/index.php/t-8342.html	t-8342.html
20070224081509	http://forum.azzurra.org:80/archive/index.php/t-8343.html	t-8343.html
20081203180610	http://forum.azzurra.org/archive/index.php/t-8346.html	t-8346.html
20090108201302	http://forum.azzurra.org/archive/index.php/t-8348.html	t-8348.html
20070205062634	http://forum.azzurra.org:80/archive/index.php/t-835.html	t-835.html
20081203200710	http://forum.azzurra.org/archive/index.php/t-8358.html	t-8358.html
20081203152405	http://forum.azzurra.org/archive/index.php/t-8359.html	t-8359.html
20080624235210	http://forum.azzurra.org:80/archive/index.php/t-836.html	t-836.html
20081203213716	http://forum.azzurra.org/archive/index.php/t-8360.html	t-8360.html
20090108210231	http://forum.azzurra.org/archive/index.php/t-8367.html	t-8367.html
20080624231030	http://forum.azzurra.org:80/archive/index.php/t-837.html	t-837.html
20090108195656	http://forum.azzurra.org/archive/index.php/t-8370.html	t-8370.html
20081203142246	http://forum.azzurra.org/archive/index.php/t-838.html	t-838.html
20070830023411	http://forum.azzurra.org:80/archive/index.php/t-8380.html	t-8380.html
20070314091646	http://forum.azzurra.org:80/archive/index.php/t-8382.html	t-8382.html
20081203151414	http://forum.azzurra.org/archive/index.php/t-8383.html	t-8383.html
20090108203648	http://forum.azzurra.org/archive/index.php/t-8385.html	t-8385.html
20050519235902	http://forum.azzurra.org:80/archive/index.php/t-839.html	t-839.html
20060518170030	http://forum.azzurra.org:80/archive/index.php/t-8393.html	t-8393.html
20070310005113	http://forum.azzurra.org:80/archive/index.php/t-8394.html	t-8394.html
20060507090819	http://forum.azzurra.org:80/archive/index.php/t-8396.html	t-8396.html
20050519235827	http://forum.azzurra.org:80/archive/index.php/t-84.html	t-84.html
20081203191522	http://forum.azzurra.org/archive/index.php/t-840.html	t-840.html
20090108214810	http://forum.azzurra.org/archive/index.php/t-8401.html	t-8401.html
20050522083025	http://forum.azzurra.org:80/archive/index.php/t-8407.html	t-8407.html
20090108213331	http://forum.azzurra.org/archive/index.php/t-8408.html	t-8408.html
20081203133625	http://forum.azzurra.org/archive/index.php/t-841.html	t-841.html
20060113072730	http://forum.azzurra.org:80/archive/index.php/t-8413.html	t-8413.html
20070211153925	http://forum.azzurra.org:80/archive/index.php/t-8418.html	t-8418.html
20081203141306	http://forum.azzurra.org/archive/index.php/t-842.html	t-842.html
20060629224108	http://forum.azzurra.org:80/archive/index.php/t-843.html	t-843.html
20060328111729	http://forum.azzurra.org:80/archive/index.php/t-8430.html	t-8430.html
20090108220429	http://forum.azzurra.org/archive/index.php/t-8433.html	t-8433.html
20090108215251	http://forum.azzurra.org/archive/index.php/t-8435.html	t-8435.html
20060823061129	http://forum.azzurra.org:80/archive/index.php/t-8438.html	t-8438.html
20060813151308	http://forum.azzurra.org:80/archive/index.php/t-8439.html	t-8439.html
20081203131234	http://forum.azzurra.org/archive/index.php/t-844.html	t-844.html
20090108211649	http://forum.azzurra.org/archive/index.php/t-8440.html	t-8440.html
20090108214206	http://forum.azzurra.org/archive/index.php/t-8452.html	t-8452.html
20060721202121	http://forum.azzurra.org:80/archive/index.php/t-8457.html	t-8457.html
20060625202223	http://forum.azzurra.org:80/archive/index.php/t-8459.html	t-8459.html
20050519235907	http://forum.azzurra.org:80/archive/index.php/t-846.html	t-846.html
20090108201223	http://forum.azzurra.org/archive/index.php/t-8470.html	t-8470.html
20090108212509	http://forum.azzurra.org/archive/index.php/t-8471.html	t-8471.html
20090108213143	http://forum.azzurra.org/archive/index.php/t-8472.html	t-8472.html
20070119085856	http://forum.azzurra.org:80/archive/index.php/t-8473.html	t-8473.html
20090108211955	http://forum.azzurra.org/archive/index.php/t-8474.html	t-8474.html
20070314124243	http://forum.azzurra.org:80/archive/index.php/t-8475.html	t-8475.html
20070310005125	http://forum.azzurra.org:80/archive/index.php/t-8476.html	t-8476.html
20070317221706	http://forum.azzurra.org:80/archive/index.php/t-8477.html	t-8477.html
20081202011342	http://forum.azzurra.org/archive/index.php/t-848.html	t-848.html
20090108205343	http://forum.azzurra.org/archive/index.php/t-8480.html	t-8480.html
20070227132605	http://forum.azzurra.org:80/archive/index.php/t-8481.html	t-8481.html
20090108220608	http://forum.azzurra.org/archive/index.php/t-8482.html	t-8482.html
20090108210114	http://forum.azzurra.org/archive/index.php/t-8485.html	t-8485.html
20050528084446	http://forum.azzurra.org:80/archive/index.php/t-8486.html	t-8486.html
20090108215602	http://forum.azzurra.org/archive/index.php/t-8487.html	t-8487.html
20081203180838	http://forum.azzurra.org/archive/index.php/t-849.html	t-849.html
20060813151321	http://forum.azzurra.org:80/archive/index.php/t-8498.html	t-8498.html
20090108212402	http://forum.azzurra.org/archive/index.php/t-8499.html	t-8499.html
20080425102238	http://forum.azzurra.org:80/archive/index.php/t-85.html	t-85.html
20050519235910	http://forum.azzurra.org:80/archive/index.php/t-850.html	t-850.html
20090108210035	http://forum.azzurra.org/archive/index.php/t-8503.html	t-8503.html
20070317221737	http://forum.azzurra.org:80/archive/index.php/t-8506.html	t-8506.html
20081203201856	http://forum.azzurra.org/archive/index.php/t-851.html	t-851.html
20060113061403	http://forum.azzurra.org:80/archive/index.php/t-8512.html	t-8512.html
20090108211506	http://forum.azzurra.org/archive/index.php/t-8513.html	t-8513.html
20090108211135	http://forum.azzurra.org/archive/index.php/t-8516.html	t-8516.html
20081203203148	http://forum.azzurra.org/archive/index.php/t-852.html	t-852.html
20081120090854	http://forum.azzurra.org/archive/index.php/t-8525.html	t-8525.html
20060117050432	http://forum.azzurra.org:80/archive/index.php/t-853.html	t-853.html
20090108220359	http://forum.azzurra.org/archive/index.php/t-8530.html	t-8530.html
20090108205804	http://forum.azzurra.org/archive/index.php/t-8534.html	t-8534.html
20090108215843	http://forum.azzurra.org/archive/index.php/t-8535.html	t-8535.html
20090108214736	http://forum.azzurra.org/archive/index.php/t-8536.html	t-8536.html
20081203173857	http://forum.azzurra.org/archive/index.php/t-8537.html	t-8537.html
20080425102244	http://forum.azzurra.org:80/archive/index.php/t-8538.html	t-8538.html
20050519235915	http://forum.azzurra.org:80/archive/index.php/t-854.html	t-854.html
20090108212136	http://forum.azzurra.org/archive/index.php/t-8540.html	t-8540.html
20090108211019	http://forum.azzurra.org/archive/index.php/t-8549.html	t-8549.html
20090108203609	http://forum.azzurra.org/archive/index.php/t-8550.html	t-8550.html
20070714221246	http://forum.azzurra.org:80/archive/index.php/t-8554.html	t-8554.html
20070222011221	http://forum.azzurra.org:80/archive/index.php/t-8556.html	t-8556.html
20090108214028	http://forum.azzurra.org/archive/index.php/t-8557.html	t-8557.html
20061031213345	http://forum.azzurra.org:80/archive/index.php/t-856.html	t-856.html
20061124005913	http://forum.azzurra.org:80/archive/index.php/t-8561.html	t-8561.html
20090108204202	http://forum.azzurra.org/archive/index.php/t-8562.html	t-8562.html
20081203202017	http://forum.azzurra.org/archive/index.php/t-8565.html	t-8565.html
20090108215221	http://forum.azzurra.org/archive/index.php/t-8569.html	t-8569.html
20050519235919	http://forum.azzurra.org:80/archive/index.php/t-857.html	t-857.html
20090108200424	http://forum.azzurra.org/archive/index.php/t-8570.html	t-8570.html
20060113072756	http://forum.azzurra.org:80/archive/index.php/t-8579.html	t-8579.html
20050329094209	http://forum.azzurra.org:80/archive/index.php/t-858.html	t-858.html
20090108205229	http://forum.azzurra.org/archive/index.php/t-8580.html	t-8580.html
20090108220252	http://forum.azzurra.org/archive/index.php/t-8581.html	t-8581.html
20120323000225	http://forum.azzurra.org:80/archive/index.php/t-8583-p-2.html	t-8583-p-2.html
20070714221509	http://forum.azzurra.org:80/archive/index.php/t-8587.html	t-8587.html
20081203164129	http://forum.azzurra.org/archive/index.php/t-859.html	t-859.html
20090108210753	http://forum.azzurra.org/archive/index.php/t-8590.html	t-8590.html
20060518170434	http://forum.azzurra.org:80/archive/index.php/t-8592.html	t-8592.html
20070211153935	http://forum.azzurra.org:80/archive/index.php/t-8594.html	t-8594.html
20050519235832	http://forum.azzurra.org:80/archive/index.php/t-86.html	t-86.html
20081203194921	http://forum.azzurra.org/archive/index.php/t-860.html	t-860.html
20090108215705	http://forum.azzurra.org/archive/index.php/t-8607.html	t-8607.html
20090108214423	http://forum.azzurra.org/archive/index.php/t-8608.html	t-8608.html
20090108203406	http://forum.azzurra.org/archive/index.php/t-8609.html	t-8609.html
20081202011630	http://forum.azzurra.org/archive/index.php/t-8611.html	t-8611.html
20081203184808	http://forum.azzurra.org/archive/index.php/t-8615.html	t-8615.html
20061031162958	http://forum.azzurra.org:80/archive/index.php/t-8617.html	t-8617.html
20060113054817	http://forum.azzurra.org:80/archive/index.php/t-8618.html	t-8618.html
20081203150835	http://forum.azzurra.org/archive/index.php/t-862.html	t-862.html
20050729105826	http://forum.azzurra.org:80/archive/index.php/t-8624.html	t-8624.html
20081203192916	http://forum.azzurra.org/archive/index.php/t-8628.html	t-8628.html
20050519235923	http://forum.azzurra.org:80/archive/index.php/t-863.html	t-863.html
20090108220147	http://forum.azzurra.org/archive/index.php/t-8635.html	t-8635.html
20090108204318	http://forum.azzurra.org/archive/index.php/t-8638.html	t-8638.html
20081203145007	http://forum.azzurra.org/archive/index.php/t-864.html	t-864.html
20090108212929	http://forum.azzurra.org/archive/index.php/t-8643.html	t-8643.html
20081203185916	http://forum.azzurra.org/archive/index.php/t-8645.html	t-8645.html
20090108212328	http://forum.azzurra.org/archive/index.php/t-8646.html	t-8646.html
20070718123555	http://forum.azzurra.org:80/archive/index.php/t-8650.html	t-8650.html
20090108213717	http://forum.azzurra.org/archive/index.php/t-8651.html	t-8651.html
20060113072819	http://forum.azzurra.org:80/archive/index.php/t-8654.html	t-8654.html
20090108214313	http://forum.azzurra.org/archive/index.php/t-8663.html	t-8663.html
20060720153916	http://forum.azzurra.org:80/archive/index.php/t-8665.html	t-8665.html
20090108204910	http://forum.azzurra.org/archive/index.php/t-8668.html	t-8668.html
20081203142446	http://forum.azzurra.org/archive/index.php/t-867.html	t-867.html
20090108211921	http://forum.azzurra.org/archive/index.php/t-8671.html	t-8671.html
20090108201736	http://forum.azzurra.org/archive/index.php/t-8673.html	t-8673.html
20090108201141	http://forum.azzurra.org/archive/index.php/t-8675.html	t-8675.html
20080624151308	http://forum.azzurra.org:80/archive/index.php/t-868.html	t-868.html
20081203172444	http://forum.azzurra.org/archive/index.php/t-8680.html	t-8680.html
20090108215119	http://forum.azzurra.org/archive/index.php/t-8681.html	t-8681.html
20070510025250	http://forum.azzurra.org:80/archive/index.php/t-8682.html	t-8682.html
20081203162015	http://forum.azzurra.org/archive/index.php/t-8686.html	t-8686.html
20081203195250	http://forum.azzurra.org/archive/index.php/t-8688.html	t-8688.html
20050519235927	http://forum.azzurra.org:80/archive/index.php/t-869.html	t-869.html
20090108194630	http://forum.azzurra.org/archive/index.php/t-8691.html	t-8691.html
20081203174342	http://forum.azzurra.org/archive/index.php/t-8696.html	t-8696.html
20090108195737	http://forum.azzurra.org/archive/index.php/t-8697.html	t-8697.html
20090108200115	http://forum.azzurra.org/archive/index.php/t-8698.html	t-8698.html
20081203165234	http://forum.azzurra.org/archive/index.php/t-87.html	t-87.html
20080624151312	http://forum.azzurra.org:80/archive/index.php/t-870.html	t-870.html
20060528093930	http://forum.azzurra.org:80/archive/index.php/t-8701.html	t-8701.html
20061028170906	http://forum.azzurra.org:80/archive/index.php/t-8702.html	t-8702.html
20081203171836	http://forum.azzurra.org/archive/index.php/t-8706.html	t-8706.html
20090108215323	http://forum.azzurra.org/archive/index.php/t-8707.html	t-8707.html
20090108214601	http://forum.azzurra.org/archive/index.php/t-8708.html	t-8708.html
20081203183000	http://forum.azzurra.org/archive/index.php/t-8716.html	t-8716.html
20080915045220	http://forum.azzurra.org:80/archive/index.php/t-8720.html	t-8720.html
20090108211326	http://forum.azzurra.org/archive/index.php/t-8721.html	t-8721.html
20060721081330	http://forum.azzurra.org:80/archive/index.php/t-8722.html	t-8722.html
20060507090725	http://forum.azzurra.org:80/archive/index.php/t-8729.html	t-8729.html
20060831120311	http://forum.azzurra.org:80/archive/index.php/t-8734.html	t-8734.html
20070901013358	http://forum.azzurra.org:80/archive/index.php/t-8735.html	t-8735.html
20090108213955	http://forum.azzurra.org/archive/index.php/t-8739.html	t-8739.html
20081203191133	http://forum.azzurra.org/archive/index.php/t-874.html	t-874.html
20090108213110	http://forum.azzurra.org/archive/index.php/t-8740.html	t-8740.html
20070902000623	http://forum.azzurra.org:80/archive/index.php/t-8743.html	t-8743.html
20081203134325	http://forum.azzurra.org/archive/index.php/t-875.html	t-875.html
20090801131648	http://forum.azzurra.org:80/archive/index.php/t-8750.html	t-8750.html
20090108214100	http://forum.azzurra.org/archive/index.php/t-8752.html	t-8752.html
20090108203531	http://forum.azzurra.org/archive/index.php/t-8755.html	t-8755.html
20081203135701	http://forum.azzurra.org/archive/index.php/t-876.html	t-876.html
20081203145353	http://forum.azzurra.org/archive/index.php/t-8761.html	t-8761.html
20090108213614	http://forum.azzurra.org/archive/index.php/t-8766.html	t-8766.html
20080624151317	http://forum.azzurra.org:80/archive/index.php/t-877.html	t-877.html
20061211062755	http://forum.azzurra.org:80/archive/index.php/t-8772.html	t-8772.html
20090108213001	http://forum.azzurra.org/archive/index.php/t-8774.html	t-8774.html
20090108200238	http://forum.azzurra.org/archive/index.php/t-8775.html	t-8775.html
20090108195248	http://forum.azzurra.org/archive/index.php/t-8779.html	t-8779.html
20081203183852	http://forum.azzurra.org/archive/index.php/t-878.html	t-878.html
20090108205536	http://forum.azzurra.org/archive/index.php/t-8780.html	t-8780.html
20090108220004	http://forum.azzurra.org/archive/index.php/t-8781.html	t-8781.html
20090108205153	http://forum.azzurra.org/archive/index.php/t-8785.html	t-8785.html
20081120084311	http://forum.azzurra.org/archive/index.php/t-879.html	t-879.html
20090108211614	http://forum.azzurra.org/archive/index.php/t-8793.html	t-8793.html
20090108210944	http://forum.azzurra.org/archive/index.php/t-8796.html	t-8796.html
20060113060743	http://forum.azzurra.org:80/archive/index.php/t-8799.html	t-8799.html
20081203154550	http://forum.azzurra.org/archive/index.php/t-88.html	t-88.html
20070718160202	http://forum.azzurra.org:80/archive/index.php/t-8800.html	t-8800.html
20090108194956	http://forum.azzurra.org/archive/index.php/t-8803.html	t-8803.html
20090108210503	http://forum.azzurra.org/archive/index.php/t-8804.html	t-8804.html
20090108201021	http://forum.azzurra.org/archive/index.php/t-8809.html	t-8809.html
20050519235930	http://forum.azzurra.org:80/archive/index.php/t-881.html	t-881.html
20070901014405	http://forum.azzurra.org:80/archive/index.php/t-8811.html	t-8811.html
20081203210737	http://forum.azzurra.org/archive/index.php/t-882.html	t-882.html
20070901013319	http://forum.azzurra.org:80/archive/index.php/t-8829.html	t-8829.html
20070211152031	http://forum.azzurra.org:80/archive/index.php/t-883.html	t-883.html
20090108210620	http://forum.azzurra.org/archive/index.php/t-8830.html	t-8830.html
20090108210831	http://forum.azzurra.org/archive/index.php/t-8833.html	t-8833.html
20050519235934	http://forum.azzurra.org:80/archive/index.php/t-884.html	t-884.html
20081203170530	http://forum.azzurra.org/archive/index.php/t-885.html	t-885.html
20060507090825	http://forum.azzurra.org:80/archive/index.php/t-8852.html	t-8852.html
20081203125523	http://forum.azzurra.org/archive/index.php/t-8855.html	t-8855.html
20081203172101	http://forum.azzurra.org/archive/index.php/t-886.html	t-886.html
20090108200705	http://forum.azzurra.org/archive/index.php/t-8862.html	t-8862.html
20081203204331	http://forum.azzurra.org/archive/index.php/t-887.html	t-887.html
20090108213645	http://forum.azzurra.org/archive/index.php/t-8872.html	t-8872.html
20070902000613	http://forum.azzurra.org:80/archive/index.php/t-8875.html	t-8875.html
20090108214705	http://forum.azzurra.org/archive/index.php/t-8877.html	t-8877.html
20090108215149	http://forum.azzurra.org/archive/index.php/t-8878.html	t-8878.html
20050512090307	http://forum.azzurra.org:80/archive/index.php/t-888.html	t-888.html
20090108210908	http://forum.azzurra.org/archive/index.php/t-8882.html	t-8882.html
20060524000119	http://forum.azzurra.org:80/archive/index.php/t-8886.html	t-8886.html
20080624231036	http://forum.azzurra.org:80/archive/index.php/t-889.html	t-889.html
20060524000504	http://forum.azzurra.org:80/archive/index.php/t-8891.html	t-8891.html
20090108205459	http://forum.azzurra.org/archive/index.php/t-8894.html	t-8894.html
20090108215014	http://forum.azzurra.org/archive/index.php/t-8896.html	t-8896.html
20090108210311	http://forum.azzurra.org/archive/index.php/t-8897.html	t-8897.html
20050801073512	http://forum.azzurra.org:80/archive/index.php/t-890.html	t-890.html
20080919235336	http://forum.azzurra.org:80/archive/index.php/t-8902.html	t-8902.html
20060113065804	http://forum.azzurra.org:80/archive/index.php/t-891.html	t-891.html
20061026124655	http://forum.azzurra.org:80/archive/index.php/t-8914.html	t-8914.html
20060716133310	http://forum.azzurra.org:80/archive/index.php/t-8916.html	t-8916.html
20060721202151	http://forum.azzurra.org:80/archive/index.php/t-8917.html	t-8917.html
20081202011414	http://forum.azzurra.org/archive/index.php/t-892.html	t-892.html
20070310041644	http://forum.azzurra.org:80/archive/index.php/t-8920.html	t-8920.html
20090423061315	http://forum.azzurra.org:80/archive/index.php/t-8922.html	t-8922.html
20090108205728	http://forum.azzurra.org/archive/index.php/t-8925-p-2.html	t-8925-p-2.html
20081203171529	http://forum.azzurra.org/archive/index.php/t-8925.html	t-8925.html
20101224101125	http://forum.azzurra.org:80/archive/index.php/t-8935.html	t-8935.html
20060417080745	http://forum.azzurra.org:80/archive/index.php/t-8939.html	t-8939.html
20070211152107	http://forum.azzurra.org:80/archive/index.php/t-894.html	t-894.html
20060716094628	http://forum.azzurra.org:80/archive/index.php/t-8944.html	t-8944.html
20081203181914	http://forum.azzurra.org/archive/index.php/t-895.html	t-895.html
20060127012638	http://forum.azzurra.org:80/archive/index.php/t-8951.html	t-8951.html
20060720153615	http://forum.azzurra.org:80/archive/index.php/t-8953.html	t-8953.html
20060720153449	http://forum.azzurra.org:80/archive/index.php/t-8955.html	t-8955.html
20060720153940	http://forum.azzurra.org:80/archive/index.php/t-8956.html	t-8956.html
20060721081417	http://forum.azzurra.org:80/archive/index.php/t-8958.html	t-8958.html
20081203183303	http://forum.azzurra.org/archive/index.php/t-896.html	t-896.html
20081120084529	http://forum.azzurra.org/archive/index.php/t-897.html	t-897.html
20080624151321	http://forum.azzurra.org:80/archive/index.php/t-899.html	t-899.html
20070310061126	http://forum.azzurra.org:80/archive/index.php/t-8991.html	t-8991.html
20060721202204	http://forum.azzurra.org:80/archive/index.php/t-8993.html	t-8993.html
20081203205156	http://forum.azzurra.org/archive/index.php/t-8996.html	t-8996.html
20081203125436	http://forum.azzurra.org/archive/index.php/t-9.html	t-9.html
20081120090119	http://forum.azzurra.org/archive/index.php/t-90.html	t-90.html
20050519235938	http://forum.azzurra.org:80/archive/index.php/t-900.html	t-900.html
20070223210311	http://forum.azzurra.org:80/archive/index.php/t-9002.html	t-9002.html
20090108211359	http://forum.azzurra.org/archive/index.php/t-9007.html	t-9007.html
20060113073327	http://forum.azzurra.org:80/archive/index.php/t-901.html	t-901.html
20090108214132	http://forum.azzurra.org/archive/index.php/t-9019.html	t-9019.html
20050519235942	http://forum.azzurra.org:80/archive/index.php/t-902.html	t-902.html
20081203174109	http://forum.azzurra.org/archive/index.php/t-9020.html	t-9020.html
20070314091656	http://forum.azzurra.org:80/archive/index.php/t-9027.html	t-9027.html
20081203165901	http://forum.azzurra.org/archive/index.php/t-903.html	t-903.html
20081203210114	http://forum.azzurra.org/archive/index.php/t-904.html	t-904.html
20070329011510	http://forum.azzurra.org:80/archive/index.php/t-9040.html	t-9040.html
20081203151919	http://forum.azzurra.org/archive/index.php/t-9041.html	t-9041.html
20080430020625	http://forum.azzurra.org:80/archive/index.php/t-9046.html	t-9046.html
20050519235946	http://forum.azzurra.org:80/archive/index.php/t-905.html	t-905.html
20070323064359	http://forum.azzurra.org:80/archive/index.php/t-9055.html	t-9055.html
20070718123716	http://forum.azzurra.org:80/archive/index.php/t-9056.html	t-9056.html
20081203162401	http://forum.azzurra.org/archive/index.php/t-906.html	t-906.html
20070430063014	http://forum.azzurra.org:80/archive/index.php/t-9068-p-2.html	t-9068-p-2.html
20070502215906	http://forum.azzurra.org:80/archive/index.php/t-9068.html	t-9068.html
20070603095737	http://forum.azzurra.org:80/archive/index.php/t-907.html	t-907.html
20060623234157	http://forum.azzurra.org:80/archive/index.php/t-9070.html	t-9070.html
20070310005140	http://forum.azzurra.org:80/archive/index.php/t-9077.html	t-9077.html
20081203195757	http://forum.azzurra.org/archive/index.php/t-908.html	t-908.html
20081203175548	http://forum.azzurra.org/archive/index.php/t-9087.html	t-9087.html
20070714221416	http://forum.azzurra.org:80/archive/index.php/t-909.html	t-909.html
20090108204947	http://forum.azzurra.org/archive/index.php/t-9097.html	t-9097.html
20081203181650	http://forum.azzurra.org/archive/index.php/t-91.html	t-91.html
20081203182749	http://forum.azzurra.org/archive/index.php/t-910.html	t-910.html
20090108210542	http://forum.azzurra.org/archive/index.php/t-9101.html	t-9101.html
20070510025143	http://forum.azzurra.org:80/archive/index.php/t-9104.html	t-9104.html
20081120085403	http://forum.azzurra.org/archive/index.php/t-911.html	t-911.html
20070322193135	http://forum.azzurra.org:80/archive/index.php/t-9110.html	t-9110.html
20090108204716	http://forum.azzurra.org/archive/index.php/t-9111.html	t-9111.html
20090108205307	http://forum.azzurra.org/archive/index.php/t-9112.html	t-9112.html
20160324114330	http://forum.azzurra.org:80/archive/index.php/t-9118.html	t-9118.html
20050519235950	http://forum.azzurra.org:80/archive/index.php/t-912.html	t-912.html
20060719063711	http://forum.azzurra.org:80/archive/index.php/t-9120.html	t-9120.html
20060716133034	http://forum.azzurra.org:80/archive/index.php/t-9128.html	t-9128.html
20081203181406	http://forum.azzurra.org/archive/index.php/t-913.html	t-913.html
20090108195449	http://forum.azzurra.org/archive/index.php/t-9134.html	t-9134.html
20080624151327	http://forum.azzurra.org:80/archive/index.php/t-9135.html	t-9135.html
20060113052652	http://forum.azzurra.org:80/archive/index.php/t-9136.html	t-9136.html
20050728133048	http://forum.azzurra.org:80/archive/index.php/t-9137.html	t-9137.html
20081120092108	http://forum.azzurra.org/archive/index.php/t-914.html	t-914.html
20060721081429	http://forum.azzurra.org:80/archive/index.php/t-9142.html	t-9142.html
20060113071538	http://forum.azzurra.org:80/archive/index.php/t-9143.html	t-9143.html
20081203202940	http://forum.azzurra.org/archive/index.php/t-9146.html	t-9146.html
20070310005150	http://forum.azzurra.org:80/archive/index.php/t-9148.html	t-9148.html
20090210124519	http://forum.azzurra.org:80/archive/index.php/t-9154.html	t-9154.html
20060716094640	http://forum.azzurra.org:80/archive/index.php/t-9164.html	t-9164.html
20070310061136	http://forum.azzurra.org:80/archive/index.php/t-9176.html	t-9176.html
20080624231255	http://forum.azzurra.org:80/archive/index.php/t-9177.html	t-9177.html
20060629224134	http://forum.azzurra.org:80/archive/index.php/t-918.html	t-918.html
20090108211433	http://forum.azzurra.org/archive/index.php/t-9181.html	t-9181.html
20081203193159	http://forum.azzurra.org/archive/index.php/t-919.html	t-919.html
20060721081441	http://forum.azzurra.org:80/archive/index.php/t-9192.html	t-9192.html
20050519235835	http://forum.azzurra.org:80/archive/index.php/t-92.html	t-92.html
20081202011554	http://forum.azzurra.org/archive/index.php/t-920.html	t-920.html
20090108195614	http://forum.azzurra.org/archive/index.php/t-9206.html	t-9206.html
20081203180048	http://forum.azzurra.org/archive/index.php/t-921.html	t-921.html
20060719063725	http://forum.azzurra.org:80/archive/index.php/t-9210.html	t-9210.html
20060719063743	http://forum.azzurra.org:80/archive/index.php/t-9211.html	t-9211.html
20090108204355	http://forum.azzurra.org/archive/index.php/t-9218.html	t-9218.html
20081203175215	http://forum.azzurra.org/archive/index.php/t-922.html	t-922.html
20081203144305	http://forum.azzurra.org/archive/index.php/t-9229.html	t-9229.html
20081202011924	http://forum.azzurra.org/archive/index.php/t-923.html	t-923.html
20081203184214	http://forum.azzurra.org/archive/index.php/t-924.html	t-924.html
20070314060318	http://forum.azzurra.org:80/archive/index.php/t-9240.html	t-9240.html
20081203202257	http://forum.azzurra.org/archive/index.php/t-9243.html	t-9243.html
20061031075823	http://forum.azzurra.org:80/archive/index.php/t-925.html	t-925.html
20060524000516	http://forum.azzurra.org:80/archive/index.php/t-9257.html	t-9257.html
20081120091102	http://forum.azzurra.org/archive/index.php/t-926.html	t-926.html
20090108200156	http://forum.azzurra.org/archive/index.php/t-9262.html	t-9262.html
20070211152109	http://forum.azzurra.org:80/archive/index.php/t-927.html	t-927.html
20050519235954	http://forum.azzurra.org:80/archive/index.php/t-928.html	t-928.html
20070211153946	http://forum.azzurra.org:80/archive/index.php/t-9285.html	t-9285.html
20130630112605	http://forum.azzurra.org:80/archive/index.php/t-9289.html	t-9289.html
20081203134843	http://forum.azzurra.org/archive/index.php/t-929.html	t-929.html
20081120084843	http://forum.azzurra.org/archive/index.php/t-93.html	t-93.html
20070211151828	http://forum.azzurra.org:80/archive/index.php/t-930.html	t-930.html
20081120091343	http://forum.azzurra.org/archive/index.php/t-9300.html	t-9300.html
20060218100339	http://forum.azzurra.org:80/archive/index.php/t-9303.html	t-9303.html
20060524000527	http://forum.azzurra.org:80/archive/index.php/t-9315.html	t-9315.html
20050728134332	http://forum.azzurra.org:80/archive/index.php/t-9318.html	t-9318.html
20061031032346	http://forum.azzurra.org:80/archive/index.php/t-932.html	t-932.html
20080915165036	http://forum.azzurra.org:80/archive/index.php/t-9329.html	t-9329.html
20081203212813	http://forum.azzurra.org/archive/index.php/t-933.html	t-933.html
20050814084244	http://forum.azzurra.org:80/archive/index.php/t-9337.html	t-9337.html
20060518170504	http://forum.azzurra.org:80/archive/index.php/t-9338.html	t-9338.html
20080624151331	http://forum.azzurra.org:80/archive/index.php/t-934.html	t-934.html
20060813151745	http://forum.azzurra.org:80/archive/index.php/t-9343.html	t-9343.html
20160811200918	http://forum.azzurra.org:80/archive/index.php/t-9345.html	t-9345.html
20090108204242	http://forum.azzurra.org/archive/index.php/t-9347.html	t-9347.html
20080624151336	http://forum.azzurra.org:80/archive/index.php/t-935.html	t-935.html
20060113065100	http://forum.azzurra.org:80/archive/index.php/t-9350.html	t-9350.html
20080606065544	http://forum.azzurra.org:80/archive/index.php/t-9353.html	t-9353.html
20081203205629	http://forum.azzurra.org/archive/index.php/t-936.html	t-936.html
20160817230549	http://forum.azzurra.org/archive/index.php/t-9360.html	t-9360.html
20090108212028	http://forum.azzurra.org/archive/index.php/t-9366.html	t-9366.html
20081203165522	http://forum.azzurra.org/archive/index.php/t-937.html	t-937.html
20081203173017	http://forum.azzurra.org/archive/index.php/t-9379.html	t-9379.html
20080624151341	http://forum.azzurra.org:80/archive/index.php/t-938.html	t-938.html
20070310005206	http://forum.azzurra.org:80/archive/index.php/t-9383.html	t-9383.html
20050801075423	http://forum.azzurra.org:80/archive/index.php/t-939.html	t-939.html
20081203172653	http://forum.azzurra.org/archive/index.php/t-9397.html	t-9397.html
20081203190526	http://forum.azzurra.org/archive/index.php/t-940.html	t-940.html
20060629224146	http://forum.azzurra.org:80/archive/index.php/t-941.html	t-941.html
20060113072843	http://forum.azzurra.org:80/archive/index.php/t-9415.html	t-9415.html
20070310005221	http://forum.azzurra.org:80/archive/index.php/t-9419.html	t-9419.html
20081203133821	http://forum.azzurra.org/archive/index.php/t-942.html	t-942.html
20081203153728	http://forum.azzurra.org/archive/index.php/t-9420.html	t-9420.html
20060519173711	http://forum.azzurra.org:80/archive/index.php/t-9421.html	t-9421.html
20090108215737	http://forum.azzurra.org/archive/index.php/t-9428.html	t-9428.html
20060113055555	http://forum.azzurra.org:80/archive/index.php/t-943.html	t-943.html
20090108201815	http://forum.azzurra.org/archive/index.php/t-9437.html	t-9437.html
20060716094335	http://forum.azzurra.org:80/archive/index.php/t-9442.html	t-9442.html
20090406035013	http://forum.azzurra.org:80/archive/index.php/t-9447.html	t-9447.html
20081203192335	http://forum.azzurra.org/archive/index.php/t-945.html	t-945.html
20070314124253	http://forum.azzurra.org:80/archive/index.php/t-9458.html	t-9458.html
20060603234301	http://forum.azzurra.org:80/archive/index.php/t-9459.html	t-9459.html
20081203193720	http://forum.azzurra.org/archive/index.php/t-946.html	t-946.html
20070128015408	http://forum.azzurra.org:80/archive/index.php/t-9462.html	t-9462.html
20090108210425	http://forum.azzurra.org/archive/index.php/t-9463.html	t-9463.html
20070303215110	http://forum.azzurra.org:80/archive/index.php/t-947.html	t-947.html
20060716094653	http://forum.azzurra.org:80/archive/index.php/t-9477.html	t-9477.html
20050519235959	http://forum.azzurra.org:80/archive/index.php/t-948.html	t-948.html
20070310005233	http://forum.azzurra.org:80/archive/index.php/t-9486.html	t-9486.html
20070314091706	http://forum.azzurra.org:80/archive/index.php/t-9487.html	t-9487.html
20081203175725	http://forum.azzurra.org/archive/index.php/t-949.html	t-949.html
20060524000542	http://forum.azzurra.org:80/archive/index.php/t-9491.html	t-9491.html
20070902001304	http://forum.azzurra.org:80/archive/index.php/t-9492.html	t-9492.html
20081203124954	http://forum.azzurra.org/archive/index.php/t-95.html	t-95.html
20050520000003	http://forum.azzurra.org:80/archive/index.php/t-950.html	t-950.html
20060113064245	http://forum.azzurra.org:80/archive/index.php/t-9502.html	t-9502.html
20081203194434	http://forum.azzurra.org/archive/index.php/t-9504.html	t-9504.html
20080614152318	http://forum.azzurra.org:80/archive/index.php/t-9513-p-2.html	t-9513-p-2.html
20070225105013	http://forum.azzurra.org:80/archive/index.php/t-9513.html	t-9513.html
20081203161258	http://forum.azzurra.org/archive/index.php/t-9514.html	t-9514.html
20081018182328	http://forum.azzurra.org:80/archive/index.php/t-9515.html	t-9515.html
20081203200250	http://forum.azzurra.org/archive/index.php/t-9516.html	t-9516.html
20081203155016	http://forum.azzurra.org/archive/index.php/t-9523.html	t-9523.html
20081203201625	http://forum.azzurra.org/archive/index.php/t-9524.html	t-9524.html
20060721202238	http://forum.azzurra.org:80/archive/index.php/t-9528.html	t-9528.html
20081203144625	http://forum.azzurra.org/archive/index.php/t-953.html	t-953.html
20070324170132	http://forum.azzurra.org:80/archive/index.php/t-9531.html	t-9531.html
20090108201500	http://forum.azzurra.org/archive/index.php/t-9534.html	t-9534.html
20090108212435	http://forum.azzurra.org/archive/index.php/t-9535.html	t-9535.html
20090108211844	http://forum.azzurra.org/archive/index.php/t-9536.html	t-9536.html
20090108194712	http://forum.azzurra.org/archive/index.php/t-9538.html	t-9538.html
20070228201516	http://forum.azzurra.org:80/archive/index.php/t-9539.html	t-9539.html
20060328111630	http://forum.azzurra.org:80/archive/index.php/t-954.html	t-954.html
20050228231244	http://forum.azzurra.org:80/archive/index.php/t-955.html	t-955.html
20070314124304	http://forum.azzurra.org:80/archive/index.php/t-9550.html	t-9550.html
20081203125319	http://forum.azzurra.org/archive/index.php/t-9555.html	t-9555.html
20090108211057	http://forum.azzurra.org/archive/index.php/t-9557.html	t-9557.html
20070718123733	http://forum.azzurra.org:80/archive/index.php/t-9559.html	t-9559.html
20081203160545	http://forum.azzurra.org/archive/index.php/t-956.html	t-956.html
20070103090516	http://forum.azzurra.org:80/archive/index.php/t-9560-p-2.html	t-9560-p-2.html
20070102073903	http://forum.azzurra.org:80/archive/index.php/t-9560.html	t-9560.html
20060528093724	http://forum.azzurra.org:80/archive/index.php/t-9561.html	t-9561.html
20050807082051	http://forum.azzurra.org:80/archive/index.php/t-9562.html	t-9562.html
20090108215046	http://forum.azzurra.org/archive/index.php/t-9577.html	t-9577.html
20061031214036	http://forum.azzurra.org:80/archive/index.php/t-9579.html	t-9579.html
20081203211854	http://forum.azzurra.org/archive/index.php/t-958.html	t-958.html
20081203130951	http://forum.azzurra.org/archive/index.php/t-9580.html	t-9580.html
20081203193421	http://forum.azzurra.org/archive/index.php/t-9581.html	t-9581.html
20061031162509	http://forum.azzurra.org:80/archive/index.php/t-959.html	t-959.html
20081120091900	http://forum.azzurra.org/archive/index.php/t-96.html	t-96.html
20081203195937	http://forum.azzurra.org/archive/index.php/t-960.html	t-960.html
20060113061041	http://forum.azzurra.org:80/archive/index.php/t-9604.html	t-9604.html
20070114063323	http://forum.azzurra.org:80/archive/index.php/t-9609.html	t-9609.html
20080624231300	http://forum.azzurra.org:80/archive/index.php/t-961.html	t-961.html
20081203154119	http://forum.azzurra.org/archive/index.php/t-9625.html	t-9625.html
20060113070026	http://forum.azzurra.org:80/archive/index.php/t-9628.html	t-9628.html
20081203195456	http://forum.azzurra.org/archive/index.php/t-963.html	t-963.html
20081203133041	http://forum.azzurra.org/archive/index.php/t-9634.html	t-9634.html
20070310041654	http://forum.azzurra.org:80/archive/index.php/t-9642.html	t-9642.html
20060115075836	http://forum.azzurra.org:80/archive/index.php/t-9646.html	t-9646.html
20070115154248	http://forum.azzurra.org:80/archive/index.php/t-966.html	t-966.html
20070310005249	http://forum.azzurra.org:80/archive/index.php/t-9664.html	t-9664.html
20081201150642	http://forum.azzurra.org/archive/index.php/t-967.html	t-967.html
20081201153604	http://forum.azzurra.org/archive/index.php/t-9672.html	t-9672.html
20060716133011	http://forum.azzurra.org:80/archive/index.php/t-9674.html	t-9674.html
20061031075927	http://forum.azzurra.org:80/archive/index.php/t-968.html	t-968.html
20060721202304	http://forum.azzurra.org:80/archive/index.php/t-9684.html	t-9684.html
20061115213120	http://forum.azzurra.org:80/archive/index.php/t-9688.html	t-9688.html
20070323141529	http://forum.azzurra.org:80/archive/index.php/t-9689-p-2.html	t-9689-p-2.html
20070316042859	http://forum.azzurra.org:80/archive/index.php/t-9689-p-3.html	t-9689-p-3.html
20070323141227	http://forum.azzurra.org:80/archive/index.php/t-9689-p-4.html	t-9689-p-4.html
20070323141538	http://forum.azzurra.org:80/archive/index.php/t-9689-p-5.html	t-9689-p-5.html
20070323141458	http://forum.azzurra.org:80/archive/index.php/t-9689.html	t-9689.html
20081201153643	http://forum.azzurra.org/archive/index.php/t-969.html	t-969.html
20060822114739	http://forum.azzurra.org:80/archive/index.php/t-9691.html	t-9691.html
20081201153323	http://forum.azzurra.org/archive/index.php/t-9693.html	t-9693.html
20081201150855	http://forum.azzurra.org/archive/index.php/t-9694.html	t-9694.html
20140131080431	http://forum.azzurra.org:80/archive/index.php/t-9696.html	t-9696.html
20060721202320	http://forum.azzurra.org:80/archive/index.php/t-9697.html	t-9697.html
20090108220325	http://forum.azzurra.org/archive/index.php/t-9699.html	t-9699.html
20081201152036	http://forum.azzurra.org/archive/index.php/t-97.html	t-97.html
20050728135546	http://forum.azzurra.org:80/archive/index.php/t-970.html	t-970.html
20090108195950	http://forum.azzurra.org/archive/index.php/t-9700.html	t-9700.html
20060721202333	http://forum.azzurra.org:80/archive/index.php/t-9702.html	t-9702.html
20060721202352	http://forum.azzurra.org:80/archive/index.php/t-9704.html	t-9704.html
20080415002417	http://forum.azzurra.org:80/archive/index.php/t-9707.html	t-9707.html
20050520000006	http://forum.azzurra.org:80/archive/index.php/t-971.html	t-971.html
20060721202407	http://forum.azzurra.org:80/archive/index.php/t-9711.html	t-9711.html
20090108213923	http://forum.azzurra.org/archive/index.php/t-9713.html	t-9713.html
20080624151346	http://forum.azzurra.org:80/archive/index.php/t-972.html	t-972.html
20070310061146	http://forum.azzurra.org:80/archive/index.php/t-9721.html	t-9721.html
20060113062222	http://forum.azzurra.org:80/archive/index.php/t-9724.html	t-9724.html
20081201145622	http://forum.azzurra.org/archive/index.php/t-973.html	t-973.html
20060716094348	http://forum.azzurra.org:80/archive/index.php/t-9732.html	t-9732.html
20070310041705	http://forum.azzurra.org:80/archive/index.php/t-9733.html	t-9733.html
20080430020132	http://forum.azzurra.org:80/archive/index.php/t-9735.html	t-9735.html
20060721202420	http://forum.azzurra.org:80/archive/index.php/t-9739.html	t-9739.html
20050520111954	http://forum.azzurra.org:80/archive/index.php/t-974.html	t-974.html
20081201154032	http://forum.azzurra.org/archive/index.php/t-9740.html	t-9740.html
20070115154241	http://forum.azzurra.org:80/archive/index.php/t-9743.html	t-9743.html
20060721202437	http://forum.azzurra.org:80/archive/index.php/t-9744.html	t-9744.html
20050515035347	http://forum.azzurra.org:80/archive/index.php/t-975.html	t-975.html
20081201151912	http://forum.azzurra.org/archive/index.php/t-9752.html	t-9752.html
20090108195206	http://forum.azzurra.org/archive/index.php/t-9755.html	t-9755.html
20081201150010	http://forum.azzurra.org/archive/index.php/t-976.html	t-976.html
20060721202455	http://forum.azzurra.org:80/archive/index.php/t-9760.html	t-9760.html
20081201151748	http://forum.azzurra.org/archive/index.php/t-9765.html	t-9765.html
20060113070105	http://forum.azzurra.org:80/archive/index.php/t-9767.html	t-9767.html
20070211152120	http://forum.azzurra.org:80/archive/index.php/t-977.html	t-977.html
20070310005259	http://forum.azzurra.org:80/archive/index.php/t-9770.html	t-9770.html
20070901013158	http://forum.azzurra.org:80/archive/index.php/t-978.html	t-978.html
20090108212855	http://forum.azzurra.org/archive/index.php/t-9784.html	t-9784.html
20081201145755	http://forum.azzurra.org/archive/index.php/t-9786.html	t-9786.html
20060113074011	http://forum.azzurra.org:80/archive/index.php/t-979.html	t-979.html
20070318064206	http://forum.azzurra.org:80/archive/index.php/t-9794.html	t-9794.html
20090108213748	http://forum.azzurra.org/archive/index.php/t-9796.html	t-9796.html
20060117053458	http://forum.azzurra.org:80/archive/index.php/t-9797.html	t-9797.html
20081201152655	http://forum.azzurra.org/archive/index.php/t-98.html	t-98.html
20080624231041	http://forum.azzurra.org:80/archive/index.php/t-980.html	t-980.html
20090108204046	http://forum.azzurra.org/archive/index.php/t-9806.html	t-9806.html
20081201153837	http://forum.azzurra.org/archive/index.php/t-981.html	t-981.html
20090108213216	http://forum.azzurra.org/archive/index.php/t-9815.html	t-9815.html
20060524000553	http://forum.azzurra.org:80/archive/index.php/t-9816.html	t-9816.html
20070310041715	http://forum.azzurra.org:80/archive/index.php/t-9819.html	t-9819.html
20081201153954	http://forum.azzurra.org/archive/index.php/t-982.html	t-982.html
20081201151012	http://forum.azzurra.org/archive/index.php/t-983.html	t-983.html
20081201153123	http://forum.azzurra.org/archive/index.php/t-9833.html	t-9833.html
20081201150727	http://forum.azzurra.org/archive/index.php/t-9834.html	t-9834.html
20081201153440	http://forum.azzurra.org/archive/index.php/t-984.html	t-984.html
20050520111959	http://forum.azzurra.org:80/archive/index.php/t-985.html	t-985.html
20090108205955	http://forum.azzurra.org/archive/index.php/t-9850.html	t-9850.html
20090108215531	http://forum.azzurra.org/archive/index.php/t-9851.html	t-9851.html
20070128014813	http://forum.azzurra.org:80/archive/index.php/t-9852.html	t-9852.html
20090108205420	http://forum.azzurra.org/archive/index.php/t-9856.html	t-9856.html
20081201151345	http://forum.azzurra.org/archive/index.php/t-986.html	t-986.html
20141002030646	http://forum.azzurra.org:80/archive/index.php/t-9863.html	t-9863.html
20080628181511	http://forum.azzurra.org:80/archive/index.php/t-9865.html	t-9865.html
20070211152130	http://forum.azzurra.org:80/archive/index.php/t-987.html	t-987.html
20081120152307	http://forum.azzurra.org/archive/index.php/t-9875.html	t-9875.html
20081201153401	http://forum.azzurra.org/archive/index.php/t-988.html	t-988.html
20060220094339	http://forum.azzurra.org:80/archive/index.php/t-9885.html	t-9885.html
20070830023054	http://forum.azzurra.org:80/archive/index.php/t-9890.html	t-9890.html
20090108201539	http://forum.azzurra.org/archive/index.php/t-9894.html	t-9894.html
20060113055747	http://forum.azzurra.org:80/archive/index.php/t-9897.html	t-9897.html
20081201145924	http://forum.azzurra.org/archive/index.php/t-99.html	t-99.html
20060518170120	http://forum.azzurra.org:80/archive/index.php/t-9902.html	t-9902.html
20060518170513	http://forum.azzurra.org:80/archive/index.php/t-9903.html	t-9903.html
20061016001236	http://forum.azzurra.org:80/archive/index.php/t-9906.html	t-9906.html
20090108213541	http://forum.azzurra.org/archive/index.php/t-9907.html	t-9907.html
20090108204640	http://forum.azzurra.org/archive/index.php/t-9909.html	t-9909.html
20050426080146	http://forum.azzurra.org:80/archive/index.php/t-991.html	t-991.html
20060831120322	http://forum.azzurra.org:80/archive/index.php/t-9912.html	t-9912.html
20060113072248	http://forum.azzurra.org:80/archive/index.php/t-9915.html	t-9915.html
20060113054719	http://forum.azzurra.org:80/archive/index.php/t-9916.html	t-9916.html
20081201145407	http://forum.azzurra.org/archive/index.php/t-992.html	t-992.html
20090108212541	http://forum.azzurra.org/archive/index.php/t-9921.html	t-9921.html
20081201145536	http://forum.azzurra.org/archive/index.php/t-9923.html	t-9923.html
20061031214047	http://forum.azzurra.org:80/archive/index.php/t-9925.html	t-9925.html
20060901073115	http://forum.azzurra.org:80/archive/index.php/t-9928.html	t-9928.html
20081201151829	http://forum.azzurra.org/archive/index.php/t-993.html	t-993.html
20081201152934	http://forum.azzurra.org/archive/index.php/t-9933.html	t-9933.html
20060721202531	http://forum.azzurra.org:80/archive/index.php/t-9934.html	t-9934.html
20090108214455	http://forum.azzurra.org/archive/index.php/t-9935.html	t-9935.html
20060113073622	http://forum.azzurra.org:80/archive/index.php/t-9937.html	t-9937.html
20090204145153	http://forum.azzurra.org:80/archive/index.php/t-9939.html	t-9939.html
20050520112003	http://forum.azzurra.org:80/archive/index.php/t-994.html	t-994.html
20081201152324	http://forum.azzurra.org/archive/index.php/t-995.html	t-995.html
20090108220114	http://forum.azzurra.org/archive/index.php/t-9952.html	t-9952.html
20061031163021	http://forum.azzurra.org:80/archive/index.php/t-9953.html	t-9953.html
20070223210321	http://forum.azzurra.org:80/archive/index.php/t-9956.html	t-9956.html
20081201153917	http://forum.azzurra.org/archive/index.php/t-9957.html	t-9957.html
20080624151351	http://forum.azzurra.org:80/archive/index.php/t-996.html	t-996.html
20090108220534	http://forum.azzurra.org/archive/index.php/t-9963.html	t-9963.html
20060721202547	http://forum.azzurra.org:80/archive/index.php/t-9965.html	t-9965.html
20060113060007	http://forum.azzurra.org:80/archive/index.php/t-9966.html	t-9966.html
20081201151625	http://forum.azzurra.org/archive/index.php/t-9967.html	t-9967.html
20081201150555	http://forum.azzurra.org/archive/index.php/t-9968.html	t-9968.html
20081201145112	http://forum.azzurra.org/archive/index.php/t-997.html	t-997.html
20061031080105	http://forum.azzurra.org:80/archive/index.php/t-9976.html	t-9976.html
20050514195006	http://forum.azzurra.org:80/archive/index.php/t-998.html	t-998.html
20061031032946	http://forum.azzurra.org:80/archive/index.php/t-9983.html	t-9983.html
20070129090656	http://forum.azzurra.org:80/archive/index.php/t-9987.html	t-9987.html
20081201152403	http://forum.azzurra.org/archive/index.php/t-999.html	t-999.html
20060716132958	http://forum.azzurra.org:80/archive/index.php/t-9994.html	t-9994.html
