20070326063111	http://forum.azzurra.org:80/showthread.php?t=19	st-19-p-1.html
20070312185917	http://forum.azzurra.org:80/showthread.php?s=12977308032ff9f5f59295718967aaa3&t=19	st-19-p-1.html
20070322071908	http://forum.azzurra.org:80/showthread.php?s=9b988f08c4f043686a958ffea4e08970&t=19&page=2	st-19-p-2.html
20060515173504	http://forum.azzurra.org/showthread.php?t=1037	st-1037-p-1.html
20060515173108	http://forum.azzurra.org/showthread.php?t=1037&page=2	st-1037-p-2.html
20070314092108	http://forum.azzurra.org:80/showthread.php?s=12977308032ff9f5f59295718967aaa3&t=1105	st-1105-p-1.html
20070314124948	http://forum.azzurra.org:80/showthread.php?s=12977308032ff9f5f59295718967aaa3&t=1105&page=2	st-1105-p-2.html
20070314060951	http://forum.azzurra.org:80/showthread.php?s=12977308032ff9f5f59295718967aaa3&t=1105&page=3	st-1105-p-3.html
20070314092453	http://forum.azzurra.org:80/showthread.php?s=12977308032ff9f5f59295718967aaa3&t=1105&page=7	st-1105-p-7.html
20060515172005	http://forum.azzurra.org/showthread.php?t=1429	st-1429-p-1.html
20060515173426	http://forum.azzurra.org/showthread.php?t=1429&page=2	st-1429-p-2.html
20060515172107	http://forum.azzurra.org/showthread.php?t=1429&page=3	st-1429-p-3.html
20060515174319	http://forum.azzurra.org/showthread.php?t=1544	st-1544-p-1.html
20060515173935	http://forum.azzurra.org/showthread.php?t=1544&page=2	st-1544-p-2.html
20070315043033	http://forum.azzurra.org:80/showthread.php?s=b5c7edb0b46b5d0b84a4a9b1f598721a&t=1580	st-1580-p-1.html
20070304071354	http://forum.azzurra.org:80/showthread.php?s=f95ecff6eccf2b2bf3e4cdfd2a817a78&t=1580&page=2	st-1580-p-2.html
20060515172733	http://forum.azzurra.org/showthread.php?t=1614	st-1614-p-1.html
20060515172613	http://forum.azzurra.org/showthread.php?t=1614&page=2	st-1614-p-2.html
20070327222228	http://forum.azzurra.org:80/showthread.php?t=1634	st-1634-p-1.html
20070326121349	http://forum.azzurra.org:80/showthread.php?t=1634	st-1634-p-1.html
20070322122403	http://forum.azzurra.org:80/showthread.php?s=9b988f08c4f043686a958ffea4e08970&mode=hybrid&t=1634	st-1634-p-1.html
20070312191245	http://forum.azzurra.org:80/showthread.php?s=4df9ff0ef87f55284faee03b2bde9a3d&t=1634&page=2	st-1634-p-2.html
20070312191253	http://forum.azzurra.org:80/showthread.php?s=4df9ff0ef87f55284faee03b2bde9a3d&t=1634&page=3	st-1634-p-3.html
20120723000818	http://forum.azzurra.org/showthread.php?t=1726	st-1726-p-1.html
20160817205537	http://forum.azzurra.org/showthread.php?s=cb7b140df17435b1094cfa816e75d327&t=1726	st-1726-p-1.html
20160817220742	http://forum.azzurra.org/showthread.php?s=cb7b140df17435b1094cfa816e75d327&t=1726&page=2	st-1726-p-2.html
20160817230716	http://forum.azzurra.org/showthread.php?s=cb7b140df17435b1094cfa816e75d327&t=1726&page=3	st-1726-p-3.html
20160817203641	http://forum.azzurra.org/showthread.php?s=cb7b140df17435b1094cfa816e75d327&t=1726&page=14	st-1726-p-14.html
20070911032727	http://forum.azzurra.org:80/showthread.php?s=eee37a900a77995355b38b46b227da72&mode=hybrid&t=1778	st-1778-p-1.html
20070911032637	http://forum.azzurra.org:80/showthread.php?s=eee37a900a77995355b38b46b227da72&t=1778&page=2	st-1778-p-2.html
20070306195044	http://forum.azzurra.org:80/showthread.php?s=efd400b3927c68158ee3382a57a126e4&t=1882	st-1882-p-1.html
20070307031150	http://forum.azzurra.org:80/showthread.php?s=efd400b3927c68158ee3382a57a126e4&t=1882&page=2	st-1882-p-2.html
20070306054624	http://forum.azzurra.org:80/showthread.php?s=efd400b3927c68158ee3382a57a126e4&t=1882&page=3	st-1882-p-3.html
20070307031643	http://forum.azzurra.org:80/showthread.php?s=efd400b3927c68158ee3382a57a126e4&t=1882&page=6	st-1882-p-6.html
20070321063853	http://forum.azzurra.org:80/showthread.php?s=1e4a43fa181fc4cdf7626ba07b3520a9&t=1998	st-1998-p-1.html
20070320223152	http://forum.azzurra.org:80/showthread.php?s=1e4a43fa181fc4cdf7626ba07b3520a9&t=1998&page=2	st-1998-p-2.html
20070326063141	http://forum.azzurra.org:80/showthread.php?t=2120	st-2120-p-1.html
20070322075416	http://forum.azzurra.org:80/showthread.php?s=9b988f08c4f043686a958ffea4e08970&mode=hybrid&t=2120	st-2120-p-1.html
20070312190306	http://forum.azzurra.org:80/showthread.php?s=12977308032ff9f5f59295718967aaa3&t=2120	st-2120-p-1.html
20070322160004	http://forum.azzurra.org:80/showthread.php?s=9b988f08c4f043686a958ffea4e08970&t=2120&page=2	st-2120-p-2.html
20070322072029	http://forum.azzurra.org:80/showthread.php?s=9b988f08c4f043686a958ffea4e08970&t=2120&page=3	st-2120-p-3.html
20070322072039	http://forum.azzurra.org:80/showthread.php?s=9b988f08c4f043686a958ffea4e08970&t=2120&page=4	st-2120-p-4.html
20070316044907	http://forum.azzurra.org:80/showthread.php?s=b386d24dfe7e52fa928c31031336e090&t=2143	st-2143-p-1.html
20070316051636	http://forum.azzurra.org:80/showthread.php?s=1e4a43fa181fc4cdf7626ba07b3520a9&t=2143&page=2	st-2143-p-2.html
20120731155502	http://forum.azzurra.org/showthread.php?t=2439	st-2439-p-1.html
20160818083402	http://forum.azzurra.org/showthread.php?s=95fc12a21ff9bb8aec95d945a762cfca&t=2439	st-2439-p-1.html
20160818093444	http://forum.azzurra.org/showthread.php?s=95fc12a21ff9bb8aec95d945a762cfca&t=2439&page=2	st-2439-p-2.html
20070315133642	http://forum.azzurra.org:80/showthread.php?t=2453	st-2453-p-1.html
20070312211544	http://forum.azzurra.org:80/showthread.php?s=4df9ff0ef87f55284faee03b2bde9a3d&mode=hybrid&t=2453	st-2453-p-1.html
20070303201223	http://forum.azzurra.org:80/showthread.php?s=ec9c872bbd81e5113dcc2748ca167e01&t=2453	st-2453-p-1.html
20070314162713	http://forum.azzurra.org:80/showthread.php?s=b386d24dfe7e52fa928c31031336e090&t=2453&page=11	st-2453-p-11.html
20070314162724	http://forum.azzurra.org:80/showthread.php?s=b386d24dfe7e52fa928c31031336e090&t=2453&page=17	st-2453-p-17.html
20070314162733	http://forum.azzurra.org:80/showthread.php?s=b386d24dfe7e52fa928c31031336e090&t=2453&page=18	st-2453-p-18.html
20070314162744	http://forum.azzurra.org:80/showthread.php?s=b386d24dfe7e52fa928c31031336e090&t=2453&page=19	st-2453-p-19.html
20070314162754	http://forum.azzurra.org:80/showthread.php?s=b386d24dfe7e52fa928c31031336e090&t=2453&page=20	st-2453-p-20.html
20070314162804	http://forum.azzurra.org:80/showthread.php?s=b386d24dfe7e52fa928c31031336e090&t=2453&page=22	st-2453-p-22.html
20070314162814	http://forum.azzurra.org:80/showthread.php?s=b386d24dfe7e52fa928c31031336e090&t=2453&page=23	st-2453-p-23.html
20070303231944	http://forum.azzurra.org:80/showthread.php?s=943d35a0becef6ee9e5fcc98f9c42a0a&mode=hybrid&t=2481	st-2481-p-1.html
20070228202319	http://forum.azzurra.org:80/showthread.php?s=2d8479e3eb0a9797f4572e8c7d6d3e51&t=2481	st-2481-p-1.html
20070312191130	http://forum.azzurra.org:80/showthread.php?s=12977308032ff9f5f59295718967aaa3&t=2481&page=2	st-2481-p-2.html
20070303222124	http://forum.azzurra.org:80/showthread.php?s=943d35a0becef6ee9e5fcc98f9c42a0a&t=2481&page=3	st-2481-p-3.html
20070309025252	http://forum.azzurra.org:80/showthread.php?t=2829	st-2829-p-1.html
20070309051107	http://forum.azzurra.org:80/showthread.php?s=00f608608331541a22414b4586d7fdcc&mode=hybrid&t=2829	st-2829-p-1.html
20070303043310	http://forum.azzurra.org:80/showthread.php?s=ec9c872bbd81e5113dcc2748ca167e01&t=2829	st-2829-p-1.html
20070314091413	http://forum.azzurra.org:80/showthread.php?t=2829&page=2	st-2829-p-2.html
20070309011658	http://forum.azzurra.org:80/showthread.php?s=00f608608331541a22414b4586d7fdcc&t=2829&page=2	st-2829-p-2.html
20070301033803	http://forum.azzurra.org:80/showthread.php?t=2843	st-2843-p-1.html
20070228030210	http://forum.azzurra.org:80/showthread.php?s=5223010a763a81bf6d9f1a1c87a0c864&mode=hybrid&t=2843	st-2843-p-1.html
20070224082315	http://forum.azzurra.org:80/showthread.php?s=f31549aa49846a60e054e20cb590eec2&t=2843	st-2843-p-1.html
20070301035751	http://forum.azzurra.org:80/showthread.php?s=5223010a763a81bf6d9f1a1c87a0c864&t=2843&page=2	st-2843-p-2.html
20070228022016	http://forum.azzurra.org:80/showthread.php?s=5223010a763a81bf6d9f1a1c87a0c864&t=2843&page=3	st-2843-p-3.html
20070509022503	http://forum.azzurra.org:80/showthread.php?s=20f8aeebe3826248a19c4f6362c826e4&t=3437	st-3437-p-1.html
20070509000525	http://forum.azzurra.org:80/showthread.php?s=20f8aeebe3826248a19c4f6362c826e4&t=3437&page=2	st-3437-p-2.html
20070509132542	http://forum.azzurra.org:80/showthread.php?s=20f8aeebe3826248a19c4f6362c826e4&t=3437&page=3	st-3437-p-3.html
20070509000132	http://forum.azzurra.org:80/showthread.php?s=20f8aeebe3826248a19c4f6362c826e4&t=3437&page=11	st-3437-p-11.html
20070325061245	http://forum.azzurra.org:80/showthread.php?t=3601	st-3601-p-1.html
20070321070404	http://forum.azzurra.org:80/showthread.php?s=b386d24dfe7e52fa928c31031336e090&mode=hybrid&t=3601	st-3601-p-1.html
20070321121822	http://forum.azzurra.org:80/showthread.php?s=b386d24dfe7e52fa928c31031336e090&t=3601&page=2	st-3601-p-2.html
20070321064638	http://forum.azzurra.org:80/showthread.php?s=b386d24dfe7e52fa928c31031336e090&t=3601&page=3	st-3601-p-3.html
20070228000718	http://forum.azzurra.org:80/showthread.php?s=5223010a763a81bf6d9f1a1c87a0c864&mode=hybrid&t=3786	st-3786-p-1.html
20070224082335	http://forum.azzurra.org:80/showthread.php?s=f31549aa49846a60e054e20cb590eec2&t=3786	st-3786-p-1.html
20070228022036	http://forum.azzurra.org:80/showthread.php?s=5223010a763a81bf6d9f1a1c87a0c864&t=3786&page=2	st-3786-p-2.html
20070228022047	http://forum.azzurra.org:80/showthread.php?s=5223010a763a81bf6d9f1a1c87a0c864&t=3786&page=3	st-3786-p-3.html
20070228022057	http://forum.azzurra.org:80/showthread.php?s=5223010a763a81bf6d9f1a1c87a0c864&t=3786&page=4	st-3786-p-4.html
20070303230342	http://forum.azzurra.org:80/showthread.php?t=4069	st-4069-p-1.html
20070302033541	http://forum.azzurra.org:80/showthread.php?s=5223010a763a81bf6d9f1a1c87a0c864&mode=hybrid&t=4069	st-4069-p-1.html
20070223210917	http://forum.azzurra.org:80/showthread.php?s=f31549aa49846a60e054e20cb590eec2&t=4069	st-4069-p-1.html
20070310060402	http://forum.azzurra.org:80/showthread.php?t=4069&page=2	st-4069-p-2.html
20070301035801	http://forum.azzurra.org:80/showthread.php?s=5223010a763a81bf6d9f1a1c87a0c864&t=4069&page=2	st-4069-p-2.html
20070301135453	http://forum.azzurra.org:80/showthread.php?t=4073	st-4073-p-1.html
20070228000728	http://forum.azzurra.org:80/showthread.php?s=5223010a763a81bf6d9f1a1c87a0c864&mode=hybrid&t=4073	st-4073-p-1.html
20070224082356	http://forum.azzurra.org:80/showthread.php?s=f31549aa49846a60e054e20cb590eec2&t=4073	st-4073-p-1.html
20070301140010	http://forum.azzurra.org:80/showthread.php?s=5223010a763a81bf6d9f1a1c87a0c864&t=4073&page=2	st-4073-p-2.html
20070228064455	http://forum.azzurra.org:80/showthread.php?s=5223010a763a81bf6d9f1a1c87a0c864&t=4073&page=3	st-4073-p-3.html
20070227232547	http://forum.azzurra.org:80/showthread.php?s=5223010a763a81bf6d9f1a1c87a0c864&t=4073&page=4	st-4073-p-4.html
20120725083857	http://forum.azzurra.org/showthread.php?t=4202	st-4202-p-1.html
20120724212630	http://forum.azzurra.org/showthread.php?t=4202	st-4202-p-1.html
20160818090925	http://forum.azzurra.org/showthread.php?s=cb7b140df17435b1094cfa816e75d327&t=4202	st-4202-p-1.html
20160818084955	http://forum.azzurra.org/showthread.php?s=cb7b140df17435b1094cfa816e75d327&t=4202&page=2	st-4202-p-2.html
20070309112753	http://forum.azzurra.org:80/showthread.php?s=efd400b3927c68158ee3382a57a126e4&t=4202&page=2	st-4202-p-2.html
20160818000140	http://forum.azzurra.org/showthread.php?s=cb7b140df17435b1094cfa816e75d327&t=4202&page=3	st-4202-p-3.html
20070321093757	http://forum.azzurra.org:80/showthread.php?s=b5c7edb0b46b5d0b84a4a9b1f598721a&t=4202&page=4	st-4202-p-4.html
20070309112804	http://forum.azzurra.org:80/showthread.php?s=efd400b3927c68158ee3382a57a126e4&t=4202&page=8	st-4202-p-8.html
20070309210602	http://forum.azzurra.org:80/showthread.php?s=efd400b3927c68158ee3382a57a126e4&t=4202&page=9	st-4202-p-9.html
20070309184834	http://forum.azzurra.org:80/showthread.php?s=efd400b3927c68158ee3382a57a126e4&t=4202&page=11	st-4202-p-11.html
20070309210645	http://forum.azzurra.org:80/showthread.php?s=efd400b3927c68158ee3382a57a126e4&t=4202&page=13	st-4202-p-13.html
20070321115939	http://forum.azzurra.org:80/showthread.php?t=4202&page=14	st-4202-p-14.html
20070310220843	http://forum.azzurra.org:80/showthread.php?s=efd400b3927c68158ee3382a57a126e4&t=4202&page=14	st-4202-p-14.html
20070309210655	http://forum.azzurra.org:80/showthread.php?s=efd400b3927c68158ee3382a57a126e4&t=4202&page=14	st-4202-p-14.html
20070309184845	http://forum.azzurra.org:80/showthread.php?s=efd400b3927c68158ee3382a57a126e4&t=4202&page=15	st-4202-p-15.html
20070519211723	http://forum.azzurra.org:80/showthread.php?s=f4ffe6c54ee581e54a986a26fb3b6e88&t=4202&page=16	st-4202-p-16.html
20070321064732	http://forum.azzurra.org:80/showthread.php?s=b5c7edb0b46b5d0b84a4a9b1f598721a&t=4202&page=17	st-4202-p-17.html
20070321121912	http://forum.azzurra.org:80/showthread.php?s=b5c7edb0b46b5d0b84a4a9b1f598721a&t=4202&page=18	st-4202-p-18.html
20070519214237	http://forum.azzurra.org:80/showthread.php?s=f4ffe6c54ee581e54a986a26fb3b6e88&t=4202&page=22	st-4202-p-22.html
20070519212347	http://forum.azzurra.org:80/showthread.php?s=f4ffe6c54ee581e54a986a26fb3b6e88&t=4202&page=23	st-4202-p-23.html
20070519211637	http://forum.azzurra.org:80/showthread.php?s=f4ffe6c54ee581e54a986a26fb3b6e88&t=4202&page=24	st-4202-p-24.html
20070321093952	http://forum.azzurra.org:80/showthread.php?s=b5c7edb0b46b5d0b84a4a9b1f598721a&t=4202&page=24	st-4202-p-24.html
20070520000922	http://forum.azzurra.org:80/showthread.php?s=f4ffe6c54ee581e54a986a26fb3b6e88&t=4202&page=25	st-4202-p-25.html
20070519212431	http://forum.azzurra.org:80/showthread.php?s=f4ffe6c54ee581e54a986a26fb3b6e88&t=4202&page=27	st-4202-p-27.html
20070520000738	http://forum.azzurra.org:80/showthread.php?s=f4ffe6c54ee581e54a986a26fb3b6e88&t=4202&page=28	st-4202-p-28.html
20160817235413	http://forum.azzurra.org/showthread.php?s=cb7b140df17435b1094cfa816e75d327&t=4202&page=34	st-4202-p-34.html
20070311022149	http://forum.azzurra.org:80/showthread.php?t=4223	st-4223-p-1.html
20070309045925	http://forum.azzurra.org:80/showthread.php?s=efd400b3927c68158ee3382a57a126e4&t=4223	st-4223-p-1.html
20070309050120	http://forum.azzurra.org:80/showthread.php?s=efd400b3927c68158ee3382a57a126e4&t=4223&page=2	st-4223-p-2.html
20070309050131	http://forum.azzurra.org:80/showthread.php?s=efd400b3927c68158ee3382a57a126e4&t=4223&page=4	st-4223-p-4.html
20070517210336	http://forum.azzurra.org:80/showthread.php?mode=hybrid&t=4265	st-4265-p-1.html
20070513211843	http://forum.azzurra.org:80/showthread.php?s=39fc481871472361ab58de3c8f6914fc&mode=hybrid&t=4265	st-4265-p-1.html
20070316044639	http://forum.azzurra.org:80/showthread.php?s=1e4a43fa181fc4cdf7626ba07b3520a9&t=4265	st-4265-p-1.html
20070513164648	http://forum.azzurra.org:80/showthread.php?s=39fc481871472361ab58de3c8f6914fc&t=4265&page=2	st-4265-p-2.html
20070513164013	http://forum.azzurra.org:80/showthread.php?s=39fc481871472361ab58de3c8f6914fc&t=4265&page=3	st-4265-p-3.html
20070513164712	http://forum.azzurra.org:80/showthread.php?s=39fc481871472361ab58de3c8f6914fc&t=4265&page=4	st-4265-p-4.html
20070513164139	http://forum.azzurra.org:80/showthread.php?s=39fc481871472361ab58de3c8f6914fc&t=4265&page=5	st-4265-p-5.html
20070513113409	http://forum.azzurra.org:80/showthread.php?s=39fc481871472361ab58de3c8f6914fc&t=4265&page=6	st-4265-p-6.html
20070301213643	http://forum.azzurra.org:80/showthread.php?t=4657	st-4657-p-1.html
20070228030301	http://forum.azzurra.org:80/showthread.php?s=b6f283006f76983cf1134719530e3dcd&mode=hybrid&t=4657	st-4657-p-1.html
20070225013334	http://forum.azzurra.org:80/showthread.php?s=f31549aa49846a60e054e20cb590eec2&t=4657	st-4657-p-1.html
20070228022147	http://forum.azzurra.org:80/showthread.php?s=b6f283006f76983cf1134719530e3dcd&t=4657&page=2	st-4657-p-2.html
20070321022554	http://forum.azzurra.org:80/showthread.php?s=1e4a43fa181fc4cdf7626ba07b3520a9&t=4671	st-4671-p-1.html
20070320223202	http://forum.azzurra.org:80/showthread.php?s=1e4a43fa181fc4cdf7626ba07b3520a9&t=4671&page=2	st-4671-p-2.html
20070223205901	http://forum.azzurra.org:80/showthread.php?t=4818	st-4818-p-1.html
20070911084623	http://forum.azzurra.org:80/showthread.php?s=015a00347483222c3a6f799eda5970eb&mode=hybrid&t=4818	st-4818-p-1.html
20070223185033	http://forum.azzurra.org:80/showthread.php?s=7672c6ae46c9a6cbde839c6cdd90e59a&mode=hybrid&t=4818	st-4818-p-1.html
20070910203343	http://forum.azzurra.org:80/showthread.php?s=015a00347483222c3a6f799eda5970eb&t=4818&page=2	st-4818-p-2.html
20070223155244	http://forum.azzurra.org:80/showthread.php?s=7672c6ae46c9a6cbde839c6cdd90e59a&t=4818&page=2	st-4818-p-2.html
20070911033403	http://forum.azzurra.org:80/showthread.php?s=015a00347483222c3a6f799eda5970eb&t=4818&page=3	st-4818-p-3.html
20070223155255	http://forum.azzurra.org:80/showthread.php?s=7672c6ae46c9a6cbde839c6cdd90e59a&t=4818&page=3	st-4818-p-3.html
20070911112429	http://forum.azzurra.org:80/showthread.php?s=015a00347483222c3a6f799eda5970eb&t=4818&page=4	st-4818-p-4.html
20070910135013	http://forum.azzurra.org:80/showthread.php?s=015a00347483222c3a6f799eda5970eb&t=4818&page=5	st-4818-p-5.html
20070223155304	http://forum.azzurra.org:80/showthread.php?s=7672c6ae46c9a6cbde839c6cdd90e59a&t=4818&page=5	st-4818-p-5.html
20070302175912	http://forum.azzurra.org:80/showthread.php?t=4818&page=6	st-4818-p-6.html
20070224083228	http://forum.azzurra.org:80/showthread.php?s=7672c6ae46c9a6cbde839c6cdd90e59a&t=4818&page=6	st-4818-p-6.html
20070302050934	http://forum.azzurra.org:80/showthread.php?t=4818&page=7	st-4818-p-7.html
20070224083239	http://forum.azzurra.org:80/showthread.php?s=7672c6ae46c9a6cbde839c6cdd90e59a&t=4818&page=7	st-4818-p-7.html
20070910133015	http://forum.azzurra.org:80/showthread.php?s=015a00347483222c3a6f799eda5970eb&t=4818&page=8	st-4818-p-8.html
20070223184901	http://forum.azzurra.org:80/showthread.php?s=7672c6ae46c9a6cbde839c6cdd90e59a&t=4818&page=8	st-4818-p-8.html
20120802214111	http://forum.azzurra.org/showthread.php?t=4820	st-4820-p-1.html
20120729224827	http://forum.azzurra.org/showthread.php?t=4820	st-4820-p-1.html
20160818110919	http://forum.azzurra.org/showthread.php?s=2b0905366121cb3328715eef38f909fb&mode=hybrid&t=4820	st-4820-p-1.html
20160817222153	http://forum.azzurra.org/showthread.php?s=b8a861723702b5dae0773e204892fb83&t=4820&page=2	st-4820-p-2.html
20160818085733	http://forum.azzurra.org/showthread.php?s=b8a861723702b5dae0773e204892fb83&t=4820&page=3	st-4820-p-3.html
20160817231343	http://forum.azzurra.org/showthread.php?s=2b0905366121cb3328715eef38f909fb&t=4820&page=6	st-4820-p-6.html
20160817211055	http://forum.azzurra.org/showthread.php?s=2b0905366121cb3328715eef38f909fb&t=4820&page=7	st-4820-p-7.html
20160817210642	http://forum.azzurra.org/showthread.php?s=2b0905366121cb3328715eef38f909fb&t=4820&page=8	st-4820-p-8.html
20160817231638	http://forum.azzurra.org/showthread.php?s=2b0905366121cb3328715eef38f909fb&t=4820&page=9	st-4820-p-9.html
20160817220000	http://forum.azzurra.org/showthread.php?s=b8a861723702b5dae0773e204892fb83&t=4820&page=10	st-4820-p-10.html
20070322113507	http://forum.azzurra.org:80/showthread.php?t=4845&page=4	st-4845-p-4.html
20070830022516	http://forum.azzurra.org:80/showthread.php?s=f8fd7cd9388d9cc0d8bdb56a3cd7faac&mode=hybrid&t=4854	st-4854-p-1.html
20070830023336	http://forum.azzurra.org:80/showthread.php?s=f8fd7cd9388d9cc0d8bdb56a3cd7faac&t=4854&page=2	st-4854-p-2.html
20070226193221	http://forum.azzurra.org:80/showthread.php?t=4939	st-4939-p-1.html
20070225040013	http://forum.azzurra.org:80/showthread.php?s=7672c6ae46c9a6cbde839c6cdd90e59a&mode=hybrid&t=4939	st-4939-p-1.html
20070221221239	http://forum.azzurra.org:80/showthread.php?s=97fab5b91c1ed0910a2c21c3c608b657&t=4939	st-4939-p-1.html
20070302050943	http://forum.azzurra.org:80/showthread.php?t=4939&page=2	st-4939-p-2.html
20070225013803	http://forum.azzurra.org:80/showthread.php?s=7672c6ae46c9a6cbde839c6cdd90e59a&t=4939&page=2	st-4939-p-2.html
20070302051517	http://forum.azzurra.org:80/showthread.php?s=b6f283006f76983cf1134719530e3dcd&t=4939&page=3	st-4939-p-3.html
20120725082923	http://forum.azzurra.org/showthread.php?t=4958	st-4958-p-1.html
20120724211323	http://forum.azzurra.org/showthread.php?t=4958	st-4958-p-1.html
20050403151745	http://forum.azzurra.org:80/showthread.php?t=4958&amp	st-4958-p-1.html
20160818123252	http://forum.azzurra.org/showthread.php?s=cb7b140df17435b1094cfa816e75d327&t=4958&page=2	st-4958-p-2.html
20160818000223	http://forum.azzurra.org/showthread.php?s=cb7b140df17435b1094cfa816e75d327&t=4958&page=3	st-4958-p-3.html
20160818001345	http://forum.azzurra.org/showthread.php?s=cb7b140df17435b1094cfa816e75d327&t=4958&page=51	st-4958-p-51.html
20070307225817	http://forum.azzurra.org:80/showthread.php?s=efd400b3927c68158ee3382a57a126e4&t=4971	st-4971-p-1.html
20070321023153	http://forum.azzurra.org:80/showthread.php?s=1e4a43fa181fc4cdf7626ba07b3520a9&t=4971&page=2	st-4971-p-2.html
20070301051333	http://forum.azzurra.org:80/showthread.php?s=5223010a763a81bf6d9f1a1c87a0c864&mode=hybrid&t=4978	st-4978-p-1.html
20070223210954	http://forum.azzurra.org:80/showthread.php?s=f31549aa49846a60e054e20cb590eec2&t=4978	st-4978-p-1.html
20070310014203	http://forum.azzurra.org:80/showthread.php?s=efd400b3927c68158ee3382a57a126e4&t=4978&page=3	st-4978-p-3.html
20070310051020	http://forum.azzurra.org:80/showthread.php?s=efd400b3927c68158ee3382a57a126e4&t=4978&page=4	st-4978-p-4.html
20070310014213	http://forum.azzurra.org:80/showthread.php?s=efd400b3927c68158ee3382a57a126e4&t=4978&page=5	st-4978-p-5.html
20070310051030	http://forum.azzurra.org:80/showthread.php?s=efd400b3927c68158ee3382a57a126e4&t=4978&page=6	st-4978-p-6.html
20070310051040	http://forum.azzurra.org:80/showthread.php?s=efd400b3927c68158ee3382a57a126e4&t=4978&page=7	st-4978-p-7.html
20070321022614	http://forum.azzurra.org:80/showthread.php?s=1e4a43fa181fc4cdf7626ba07b3520a9&t=4983	st-4983-p-1.html
20070321121759	http://forum.azzurra.org:80/showthread.php?s=1e4a43fa181fc4cdf7626ba07b3520a9&t=4983&page=2	st-4983-p-2.html
20070321121811	http://forum.azzurra.org:80/showthread.php?s=1e4a43fa181fc4cdf7626ba07b3520a9&t=4983&page=3	st-4983-p-3.html
20070310043220	http://forum.azzurra.org:80/showthread.php?mode=hybrid&t=4991	st-4991-p-1.html
20070302211035	http://forum.azzurra.org:80/showthread.php?t=4991	st-4991-p-1.html
20070301051343	http://forum.azzurra.org:80/showthread.php?s=b6f283006f76983cf1134719530e3dcd&mode=hybrid&t=4991	st-4991-p-1.html
20070306201541	http://forum.azzurra.org:80/showthread.php?s=efd400b3927c68158ee3382a57a126e4&t=4991&page=2	st-4991-p-2.html
20070310040858	http://forum.azzurra.org:80/showthread.php?t=4991&page=4	st-4991-p-4.html
20070301035842	http://forum.azzurra.org:80/showthread.php?s=b6f283006f76983cf1134719530e3dcd&t=4991&page=4	st-4991-p-4.html
20070312191313	http://forum.azzurra.org:80/showthread.php?s=4df9ff0ef87f55284faee03b2bde9a3d&t=4996&page=2	st-4996-p-2.html
20160430044339	http://forum.azzurra.org/showthread.php?t=5133	st-5133-p-1.html
20120730161742	http://forum.azzurra.org/showthread.php?t=5133	st-5133-p-1.html
20050212092358	http://forum.azzurra.org:80/showthread.php?t=5133	st-5133-p-1.html
20160818111511	http://forum.azzurra.org/showthread.php?s=cb7b140df17435b1094cfa816e75d327&t=5133&page=2	st-5133-p-2.html
20160621052939	http://forum.azzurra.org/showthread.php?s=474de10a8f2261eac244df1516e5d9ee&t=5133&page=2	st-5133-p-2.html
20160502174547	http://forum.azzurra.org/showthread.php?s=cf3046c014f9b76064c4b6c01288b36a&t=5133&page=2	st-5133-p-2.html
20160817205325	http://forum.azzurra.org/showthread.php?s=cb7b140df17435b1094cfa816e75d327&t=5133&page=3	st-5133-p-3.html
20160621055941	http://forum.azzurra.org/showthread.php?s=474de10a8f2261eac244df1516e5d9ee&t=5133&page=3	st-5133-p-3.html
20160506054621	http://forum.azzurra.org/showthread.php?s=cf3046c014f9b76064c4b6c01288b36a&t=5133&page=3	st-5133-p-3.html
20160621162417	http://forum.azzurra.org/showthread.php?s=4354a140eac254405efbcb5beb0379e2&t=5133&page=4	st-5133-p-4.html
20160621161510	http://forum.azzurra.org/showthread.php?s=474de10a8f2261eac244df1516e5d9ee&t=5133&page=4	st-5133-p-4.html
20160503060623	http://forum.azzurra.org/showthread.php?s=cf3046c014f9b76064c4b6c01288b36a&t=5133&page=4	st-5133-p-4.html
20160621101255	http://forum.azzurra.org/showthread.php?s=4354a140eac254405efbcb5beb0379e2&t=5133&page=5	st-5133-p-5.html
20160621050940	http://forum.azzurra.org/showthread.php?s=aa500dafa8868cb878221c863d971617&t=5133&page=5	st-5133-p-5.html
20160621042226	http://forum.azzurra.org/showthread.php?s=474de10a8f2261eac244df1516e5d9ee&t=5133&page=5	st-5133-p-5.html
20160621162516	http://forum.azzurra.org/showthread.php?s=4354a140eac254405efbcb5beb0379e2&t=5133&page=6	st-5133-p-6.html
20160621060307	http://forum.azzurra.org/showthread.php?s=474de10a8f2261eac244df1516e5d9ee&t=5133&page=6	st-5133-p-6.html
20160503175347	http://forum.azzurra.org/showthread.php?s=9eaf4532fd04215a84a53f96f1233d0d&t=5133&page=6	st-5133-p-6.html
20160621054058	http://forum.azzurra.org/showthread.php?s=71ba16011d5acc42505694c9fadced4d&t=5133&page=7	st-5133-p-7.html
20160621043329	http://forum.azzurra.org/showthread.php?s=4354a140eac254405efbcb5beb0379e2&t=5133&page=7	st-5133-p-7.html
20160316080635	http://forum.azzurra.org/showthread.php?s=3b9ce92a1e4560057ca24d69009bfa95&t=5133&page=7	st-5133-p-7.html
20160430093724	http://forum.azzurra.org/showthread.php?s=bb525ad9d95d309847c32f473754076e&t=5133&page=8	st-5133-p-8.html
20160429212320	http://forum.azzurra.org/showthread.php?s=d22a49a48f4d0d44342252392441713c&t=5133&page=8	st-5133-p-8.html
20160318142318	http://forum.azzurra.org/showthread.php?s=bf64c168698757930d4bcf663db3714c&t=5133&page=8	st-5133-p-8.html
20160621065309	http://forum.azzurra.org/showthread.php?s=4354a140eac254405efbcb5beb0379e2&t=5133&page=9	st-5133-p-9.html
20160621055233	http://forum.azzurra.org/showthread.php?s=474de10a8f2261eac244df1516e5d9ee&t=5133&page=9	st-5133-p-9.html
20160503060457	http://forum.azzurra.org/showthread.php?s=9eaf4532fd04215a84a53f96f1233d0d&t=5133&page=9	st-5133-p-9.html
20160621082548	http://forum.azzurra.org/showthread.php?s=d415f3025746880f86a6b4073373f92d&t=5133&page=10	st-5133-p-10.html
20160621062521	http://forum.azzurra.org/showthread.php?s=474de10a8f2261eac244df1516e5d9ee&t=5133&page=10	st-5133-p-10.html
20160621042352	http://forum.azzurra.org/showthread.php?s=4354a140eac254405efbcb5beb0379e2&t=5133&page=10	st-5133-p-10.html
20160621160752	http://forum.azzurra.org/showthread.php?s=4354a140eac254405efbcb5beb0379e2&t=5133&page=11	st-5133-p-11.html
20160621050539	http://forum.azzurra.org/showthread.php?s=474de10a8f2261eac244df1516e5d9ee&t=5133&page=11	st-5133-p-11.html
20160621044557	http://forum.azzurra.org/showthread.php?s=aa500dafa8868cb878221c863d971617&t=5133&page=11	st-5133-p-11.html
20160621162555	http://forum.azzurra.org/showthread.php?s=474de10a8f2261eac244df1516e5d9ee&t=5133&page=12	st-5133-p-12.html
20160621162044	http://forum.azzurra.org/showthread.php?s=71ba16011d5acc42505694c9fadced4d&t=5133&page=12	st-5133-p-12.html
20160621161723	http://forum.azzurra.org/showthread.php?s=aa500dafa8868cb878221c863d971617&t=5133&page=12	st-5133-p-12.html
20160621050130	http://forum.azzurra.org/showthread.php?s=aa500dafa8868cb878221c863d971617&t=5133&page=13	st-5133-p-13.html
20160621045608	http://forum.azzurra.org/showthread.php?s=474de10a8f2261eac244df1516e5d9ee&t=5133&page=13	st-5133-p-13.html
20160621041957	http://forum.azzurra.org/showthread.php?s=71ba16011d5acc42505694c9fadced4d&t=5133&page=13	st-5133-p-13.html
20160621161442	http://forum.azzurra.org/showthread.php?s=71ba16011d5acc42505694c9fadced4d&t=5133&page=14	st-5133-p-14.html
20160621161100	http://forum.azzurra.org/showthread.php?s=aa500dafa8868cb878221c863d971617&t=5133&page=14	st-5133-p-14.html
20160621050911	http://forum.azzurra.org/showthread.php?s=474de10a8f2261eac244df1516e5d9ee&t=5133&page=14	st-5133-p-14.html
20160621161632	http://forum.azzurra.org/showthread.php?s=474de10a8f2261eac244df1516e5d9ee&t=5133&page=15	st-5133-p-15.html
20160621160552	http://forum.azzurra.org/showthread.php?s=71ba16011d5acc42505694c9fadced4d&t=5133&page=15	st-5133-p-15.html
20160506052848	http://forum.azzurra.org/showthread.php?s=9eaf4532fd04215a84a53f96f1233d0d&t=5133&page=15	st-5133-p-15.html
20160621101200	http://forum.azzurra.org/showthread.php?s=aa500dafa8868cb878221c863d971617&t=5133&page=16	st-5133-p-16.html
20160621045241	http://forum.azzurra.org/showthread.php?s=474de10a8f2261eac244df1516e5d9ee&t=5133&page=16	st-5133-p-16.html
20160621042101	http://forum.azzurra.org/showthread.php?s=d415f3025746880f86a6b4073373f92d&t=5133&page=16	st-5133-p-16.html
20160305011347	http://forum.azzurra.org/showthread.php?page=17&t=5133	st-5133-p-17.html
20160621160650	http://forum.azzurra.org/showthread.php?s=474de10a8f2261eac244df1516e5d9ee&t=5133&page=17	st-5133-p-17.html
20160621074432	http://forum.azzurra.org/showthread.php?s=d415f3025746880f86a6b4073373f92d&t=5133&page=17	st-5133-p-17.html
20160305070135	http://forum.azzurra.org/showthread.php?page=18&t=5133	st-5133-p-18.html
20160621162915	http://forum.azzurra.org/showthread.php?s=71ba16011d5acc42505694c9fadced4d&t=5133&page=18	st-5133-p-18.html
20160621101529	http://forum.azzurra.org/showthread.php?s=aa500dafa8868cb878221c863d971617&t=5133&page=18	st-5133-p-18.html
20160621160354	http://forum.azzurra.org/showthread.php?s=71ba16011d5acc42505694c9fadced4d&t=5133&page=19	st-5133-p-19.html
20160621050850	http://forum.azzurra.org/showthread.php?s=aa500dafa8868cb878221c863d971617&t=5133&page=19	st-5133-p-19.html
20160621044915	http://forum.azzurra.org/showthread.php?s=474de10a8f2261eac244df1516e5d9ee&t=5133&page=19	st-5133-p-19.html
20160621053311	http://forum.azzurra.org/showthread.php?s=71ba16011d5acc42505694c9fadced4d&t=5133&page=20	st-5133-p-20.html
20160621045639	http://forum.azzurra.org/showthread.php?s=474de10a8f2261eac244df1516e5d9ee&t=5133&page=20	st-5133-p-20.html
20160506050228	http://forum.azzurra.org/showthread.php?s=9eaf4532fd04215a84a53f96f1233d0d&t=5133&page=20	st-5133-p-20.html
20160621162327	http://forum.azzurra.org/showthread.php?s=474de10a8f2261eac244df1516e5d9ee&t=5133&page=21	st-5133-p-21.html
20160621055617	http://forum.azzurra.org/showthread.php?s=71ba16011d5acc42505694c9fadced4d&t=5133&page=21	st-5133-p-21.html
20160621055111	http://forum.azzurra.org/showthread.php?s=d415f3025746880f86a6b4073373f92d&t=5133&page=21	st-5133-p-21.html
20160817220738	http://forum.azzurra.org/showthread.php?s=cb7b140df17435b1094cfa816e75d327&t=5133&page=22	st-5133-p-22.html
20160621160956	http://forum.azzurra.org/showthread.php?s=474de10a8f2261eac244df1516e5d9ee&t=5133&page=22	st-5133-p-22.html
20160621060103	http://forum.azzurra.org/showthread.php?s=4354a140eac254405efbcb5beb0379e2&t=5133&page=22	st-5133-p-22.html
20070301213735	http://forum.azzurra.org:80/showthread.php?t=5267	st-5267-p-1.html
20070227193202	http://forum.azzurra.org:80/showthread.php?s=b6f283006f76983cf1134719530e3dcd&mode=hybrid&t=5267	st-5267-p-1.html
20070225013348	http://forum.azzurra.org:80/showthread.php?s=f31549aa49846a60e054e20cb590eec2&t=5267	st-5267-p-1.html
20070227192449	http://forum.azzurra.org:80/showthread.php?s=b6f283006f76983cf1134719530e3dcd&t=5267&page=2	st-5267-p-2.html
20070305094850	http://forum.azzurra.org:80/showthread.php?s=efd400b3927c68158ee3382a57a126e4&t=5267&page=3	st-5267-p-3.html
20070226195947	http://forum.azzurra.org:80/showthread.php?s=88f1c0b5ca7f3b0c060e4e1b941c677a&mode=hybrid&t=5280	st-5280-p-1.html
20070224164828	http://forum.azzurra.org:80/showthread.php?s=f31549aa49846a60e054e20cb590eec2&t=5280	st-5280-p-1.html
20070226225048	http://forum.azzurra.org:80/showthread.php?s=88f1c0b5ca7f3b0c060e4e1b941c677a&t=5280&page=2	st-5280-p-2.html
20070226225057	http://forum.azzurra.org:80/showthread.php?s=88f1c0b5ca7f3b0c060e4e1b941c677a&t=5280&page=3	st-5280-p-3.html
20070904031931	http://forum.azzurra.org:80/showthread.php?t=5375	st-5375-p-1.html
20070911084836	http://forum.azzurra.org:80/showthread.php?s=5987e71ee064b0637ae7b6ab66cb61f5&t=5375	st-5375-p-1.html
20070910132340	http://forum.azzurra.org:80/showthread.php?s=5987e71ee064b0637ae7b6ab66cb61f5&mode=hybrid&t=5375	st-5375-p-1.html
20070906032533	http://forum.azzurra.org:80/showthread.php?s=29d7733f8254a1f841f24b4a41554553&t=5375&page=2	st-5375-p-2.html
20070906032657	http://forum.azzurra.org:80/showthread.php?s=29d7733f8254a1f841f24b4a41554553&t=5375&page=5	st-5375-p-5.html
20070910203412	http://forum.azzurra.org:80/showthread.php?s=eee37a900a77995355b38b46b227da72&t=5375&page=9	st-5375-p-9.html
20070910134242	http://forum.azzurra.org:80/showthread.php?s=eee37a900a77995355b38b46b227da72&t=5375&page=9	st-5375-p-9.html
20070910133919	http://forum.azzurra.org:80/showthread.php?s=eee37a900a77995355b38b46b227da72&t=5375&page=10	st-5375-p-10.html
20070909001643	http://forum.azzurra.org:80/showthread.php?s=29d7733f8254a1f841f24b4a41554553&t=5375&page=11	st-5375-p-11.html
20070910133100	http://forum.azzurra.org:80/showthread.php?s=eee37a900a77995355b38b46b227da72&t=5375&page=14	st-5375-p-14.html
20070910202234	http://forum.azzurra.org:80/showthread.php?s=5987e71ee064b0637ae7b6ab66cb61f5&t=5375&page=47	st-5375-p-47.html
20070910203408	http://forum.azzurra.org:80/showthread.php?s=5987e71ee064b0637ae7b6ab66cb61f5&t=5375&page=48	st-5375-p-48.html
20070910132549	http://forum.azzurra.org:80/showthread.php?s=5987e71ee064b0637ae7b6ab66cb61f5&t=5375&page=48	st-5375-p-48.html
20070908194247	http://forum.azzurra.org:80/showthread.php?s=29d7733f8254a1f841f24b4a41554553&t=5375&page=51	st-5375-p-51.html
20070910202845	http://forum.azzurra.org:80/showthread.php?s=5987e71ee064b0637ae7b6ab66cb61f5&t=5375&page=56	st-5375-p-56.html
20070304063020	http://forum.azzurra.org:80/showthread.php?mode=hybrid&t=5427	st-5427-p-1.html
20070228201313	http://forum.azzurra.org:80/showthread.php?t=5427	st-5427-p-1.html
20070228210618	http://forum.azzurra.org:80/showthread.php?s=5223010a763a81bf6d9f1a1c87a0c864&mode=hybrid&t=5427	st-5427-p-1.html
20070301004435	http://forum.azzurra.org:80/showthread.php?s=5223010a763a81bf6d9f1a1c87a0c864&t=5427&page=2	st-5427-p-2.html
20070911033739	http://forum.azzurra.org:80/showthread.php?s=5987e71ee064b0637ae7b6ab66cb61f5&t=5653	st-5653-p-1.html
20070911033636	http://forum.azzurra.org:80/showthread.php?s=c381e48782d725ef568d9b82733ab3a6&t=5653&page=1	st-5653-p-1.html
20070907115253	http://forum.azzurra.org:80/showthread.php?s=dc9341e40b0c4c00a8d75c43bc6483b7&mode=hybrid&t=5653	st-5653-p-1.html
20070904193021	http://forum.azzurra.org:80/showthread.php?s=4ea06aacebbf5f7e781d713e34a6a1c6&t=5653&page=2	st-5653-p-2.html
20070906032900	http://forum.azzurra.org:80/showthread.php?s=4ea06aacebbf5f7e781d713e34a6a1c6&t=5653&page=3	st-5653-p-3.html
20070905062908	http://forum.azzurra.org:80/showthread.php?s=4ea06aacebbf5f7e781d713e34a6a1c6&t=5653&page=4	st-5653-p-4.html
20070906031607	http://forum.azzurra.org:80/showthread.php?s=4ea06aacebbf5f7e781d713e34a6a1c6&t=5653&page=5	st-5653-p-5.html
20070908193114	http://forum.azzurra.org:80/showthread.php?s=dc9341e40b0c4c00a8d75c43bc6483b7&t=5653&page=6	st-5653-p-6.html
20120722235525	http://forum.azzurra.org/showthread.php?t=5661	st-5661-p-1.html
20160817203133	http://forum.azzurra.org/showthread.php?s=cb7b140df17435b1094cfa816e75d327&t=5661&page=2	st-5661-p-2.html
20070305202346	http://forum.azzurra.org:80/showthread.php?t=5674	st-5674-p-1.html
20070303232005	http://forum.azzurra.org:80/showthread.php?s=943d35a0becef6ee9e5fcc98f9c42a0a&mode=hybrid&t=5674	st-5674-p-1.html
20070301003457	http://forum.azzurra.org:80/showthread.php?s=b6f283006f76983cf1134719530e3dcd&t=5674	st-5674-p-1.html
20070303222127	http://forum.azzurra.org:80/showthread.php?s=943d35a0becef6ee9e5fcc98f9c42a0a&t=5674&page=2	st-5674-p-2.html
20050403154542	http://forum.azzurra.org:80/showthread.php?t=5749&amp	st-5749-p-1.html
20070520212449	http://forum.azzurra.org:80/showthread.php?s=1c671239710595e2a71cdea4782548ab&mode=hybrid&t=5749	st-5749-p-1.html
20070515013718	http://forum.azzurra.org:80/showthread.php?s=39fc481871472361ab58de3c8f6914fc&t=5749	st-5749-p-1.html
20070518153211	http://forum.azzurra.org:80/showthread.php?s=ff786f52a9a92869d4fabe1c02ff2fda&t=5749&page=2	st-5749-p-2.html
20070518172615	http://forum.azzurra.org:80/showthread.php?s=ff786f52a9a92869d4fabe1c02ff2fda&t=5749&page=3	st-5749-p-3.html
20070518172600	http://forum.azzurra.org:80/showthread.php?s=ff786f52a9a92869d4fabe1c02ff2fda&t=5749&page=4	st-5749-p-4.html
20070518075516	http://forum.azzurra.org:80/showthread.php?s=ff786f52a9a92869d4fabe1c02ff2fda&t=5749&page=5	st-5749-p-5.html
20070518082206	http://forum.azzurra.org:80/showthread.php?s=ff786f52a9a92869d4fabe1c02ff2fda&t=5749&page=11	st-5749-p-11.html
20070518080306	http://forum.azzurra.org:80/showthread.php?s=ff786f52a9a92869d4fabe1c02ff2fda&t=5749&page=51	st-5749-p-51.html
20070518173430	http://forum.azzurra.org:80/showthread.php?s=ff786f52a9a92869d4fabe1c02ff2fda&t=5749&page=101	st-5749-p-101.html
20070520212522	http://forum.azzurra.org:80/showthread.php?s=1c671239710595e2a71cdea4782548ab&t=5749&page=229	st-5749-p-229.html
20070524215541	http://forum.azzurra.org:80/showthread.php?s=680c1ae9d0fda1dec9dc1179952e1fe4&t=5749&page=234	st-5749-p-234.html
20070524072124	http://forum.azzurra.org:80/showthread.php?s=680c1ae9d0fda1dec9dc1179952e1fe4&t=5749&page=234	st-5749-p-234.html
20070520212031	http://forum.azzurra.org:80/showthread.php?s=1c671239710595e2a71cdea4782548ab&t=5749&page=238	st-5749-p-238.html
20070520210748	http://forum.azzurra.org:80/showthread.php?s=1c671239710595e2a71cdea4782548ab&t=5749&page=241	st-5749-p-241.html
20070524191718	http://forum.azzurra.org:80/showthread.php?s=c8dc702c2170183ec80c84f5d364582b&t=5749&page=246	st-5749-p-246.html
20070524035429	http://forum.azzurra.org:80/showthread.php?s=c8dc702c2170183ec80c84f5d364582b&t=5749&page=246	st-5749-p-246.html
20070520210405	http://forum.azzurra.org:80/showthread.php?s=1c671239710595e2a71cdea4782548ab&t=5749&page=263	st-5749-p-263.html
20070321062856	http://forum.azzurra.org:80/showthread.php?mode=hybrid&t=5759	st-5759-p-1.html
20070310020357	http://forum.azzurra.org:80/showthread.php?s=f95ecff6eccf2b2bf3e4cdfd2a817a78&mode=hybrid&t=5759	st-5759-p-1.html
20070309112859	http://forum.azzurra.org:80/showthread.php?s=f95ecff6eccf2b2bf3e4cdfd2a817a78&t=5759&page=3	st-5759-p-3.html
20070315162025	http://forum.azzurra.org:80/showthread.php?t=5877	st-5877-p-1.html
20051101093534	http://forum.azzurra.org:80/showthread.php?t=5877&amp;amp	st-5877-p-1.html
20050829072201	http://forum.azzurra.org:80/showthread.php?t=5877&amp	st-5877-p-1.html
20070312203004	http://forum.azzurra.org:80/showthread.php?s=4df9ff0ef87f55284faee03b2bde9a3d&t=5877&page=145	st-5877-p-145.html
20120509231308	http://forum.azzurra.org/showthread.php?t=5887	st-5887-p-1.html
20120509231250	http://forum.azzurra.org/showthread.php?mode=hybrid&t=5887	st-5887-p-1.html
20120507203705	http://forum.azzurra.org/showthread.php?t=5887	st-5887-p-1.html
20160818095551	http://forum.azzurra.org/showthread.php?s=cb7b140df17435b1094cfa816e75d327&t=5887&page=2	st-5887-p-2.html
20160818000115	http://forum.azzurra.org/showthread.php?s=cb7b140df17435b1094cfa816e75d327&t=5887&page=3	st-5887-p-3.html
20120722142943	http://forum.azzurra.org/showthread.php?t=5887&page=29	st-5887-p-29.html
20070707043057	http://forum.azzurra.org:80/showthread.php?s=d6d00ebef48cff968e48e88fe26cb440&t=5887&page=29	st-5887-p-29.html
20120722143116	http://forum.azzurra.org/showthread.php?t=5887&page=35	st-5887-p-35.html
20070705221922	http://forum.azzurra.org:80/showthread.php?s=d6d00ebef48cff968e48e88fe26cb440&t=5887&page=35	st-5887-p-35.html
20120722142704	http://forum.azzurra.org/showthread.php?t=5887&page=36	st-5887-p-36.html
20070706102506	http://forum.azzurra.org:80/showthread.php?s=d6d00ebef48cff968e48e88fe26cb440&t=5887&page=36	st-5887-p-36.html
20120722150403	http://forum.azzurra.org/showthread.php?t=5887&page=37	st-5887-p-37.html
20070705221855	http://forum.azzurra.org:80/showthread.php?s=d6d00ebef48cff968e48e88fe26cb440&t=5887&page=37	st-5887-p-37.html
20120722150437	http://forum.azzurra.org/showthread.php?t=5887&page=38	st-5887-p-38.html
20070707043346	http://forum.azzurra.org:80/showthread.php?s=d6d00ebef48cff968e48e88fe26cb440&t=5887&page=38	st-5887-p-38.html
20120509231043	http://forum.azzurra.org/showthread.php?t=5887&page=39	st-5887-p-39.html
20120507203445	http://forum.azzurra.org/showthread.php?t=5887&page=39	st-5887-p-39.html
20120722150207	http://forum.azzurra.org/showthread.php?t=5887&page=40	st-5887-p-40.html
20070705222335	http://forum.azzurra.org:80/showthread.php?s=d6d00ebef48cff968e48e88fe26cb440&t=5887&page=40	st-5887-p-40.html
20120722142904	http://forum.azzurra.org/showthread.php?t=5887&page=41	st-5887-p-41.html
20070706102619	http://forum.azzurra.org:80/showthread.php?s=d6d00ebef48cff968e48e88fe26cb440&t=5887&page=41	st-5887-p-41.html
20120722150342	http://forum.azzurra.org/showthread.php?t=5887&page=42	st-5887-p-42.html
20070706102647	http://forum.azzurra.org:80/showthread.php?s=d6d00ebef48cff968e48e88fe26cb440&t=5887&page=42	st-5887-p-42.html
20120722142750	http://forum.azzurra.org/showthread.php?t=5887&page=43	st-5887-p-43.html
20070705222021	http://forum.azzurra.org:80/showthread.php?s=d6d00ebef48cff968e48e88fe26cb440&t=5887&page=43	st-5887-p-43.html
20120509231743	http://forum.azzurra.org/showthread.php?t=5887&page=45	st-5887-p-45.html
20120507204150	http://forum.azzurra.org/showthread.php?t=5887&page=45	st-5887-p-45.html
20120505184225	http://forum.azzurra.org/showthread.php?t=5887&page=45	st-5887-p-45.html
20120509231328	http://forum.azzurra.org/showthread.php?t=5887&page=46	st-5887-p-46.html
20120507203724	http://forum.azzurra.org/showthread.php?t=5887&page=46	st-5887-p-46.html
20120505183744	http://forum.azzurra.org/showthread.php?t=5887&page=46	st-5887-p-46.html
20120509231924	http://forum.azzurra.org/showthread.php?t=5887&page=47	st-5887-p-47.html
20120507204331	http://forum.azzurra.org/showthread.php?t=5887&page=47	st-5887-p-47.html
20120505184407	http://forum.azzurra.org/showthread.php?t=5887&page=47	st-5887-p-47.html
20120509231852	http://forum.azzurra.org/showthread.php?t=5887&page=48	st-5887-p-48.html
20120507204259	http://forum.azzurra.org/showthread.php?t=5887&page=48	st-5887-p-48.html
20120505184335	http://forum.azzurra.org/showthread.php?t=5887&page=48	st-5887-p-48.html
20120722142810	http://forum.azzurra.org/showthread.php?t=5887&page=49	st-5887-p-49.html
20160818094956	http://forum.azzurra.org/showthread.php?s=cb7b140df17435b1094cfa816e75d327&t=5887&page=49	st-5887-p-49.html
20120802204324	http://forum.azzurra.org/showthread.php?t=5993	st-5993-p-1.html
20120729220829	http://forum.azzurra.org/showthread.php?t=5993	st-5993-p-1.html
20070830142039	http://forum.azzurra.org:80/showthread.php?t=5993	st-5993-p-1.html
20070625123759	http://forum.azzurra.org/showthread.php?t=5993&page=2	st-5993-p-2.html
20160817231351	http://forum.azzurra.org/showthread.php?s=b8a861723702b5dae0773e204892fb83&t=5993&page=2	st-5993-p-2.html
20160818083245	http://forum.azzurra.org/showthread.php?s=b8a861723702b5dae0773e204892fb83&t=5993&page=3	st-5993-p-3.html
20160817214548	http://forum.azzurra.org/showthread.php?s=b8a861723702b5dae0773e204892fb83&t=5993&page=4	st-5993-p-4.html
20070306000159	http://forum.azzurra.org:80/showthread.php?t=6010	st-6010-p-1.html
20070303212821	http://forum.azzurra.org:80/showthread.php?s=f95ecff6eccf2b2bf3e4cdfd2a817a78&mode=hybrid&t=6010	st-6010-p-1.html
20070228093955	http://forum.azzurra.org:80/showthread.php?s=b6f283006f76983cf1134719530e3dcd&t=6010	st-6010-p-1.html
20070303222218	http://forum.azzurra.org:80/showthread.php?s=f95ecff6eccf2b2bf3e4cdfd2a817a78&t=6010&page=2	st-6010-p-2.html
20070517202541	http://forum.azzurra.org:80/showthread.php?mode=hybrid&t=6049	st-6049-p-1.html
20070513114705	http://forum.azzurra.org:80/showthread.php?s=39fc481871472361ab58de3c8f6914fc&t=6049&page=3	st-6049-p-3.html
20070513164454	http://forum.azzurra.org:80/showthread.php?s=39fc481871472361ab58de3c8f6914fc&t=6049&page=4	st-6049-p-4.html
20050219100530	http://forum.azzurra.org:80/showthread.php?t=6052&page=3	st-6052-p-3.html
20120509231341	http://forum.azzurra.org/showthread.php?t=6067	st-6067-p-1.html
20120509231225	http://forum.azzurra.org/showthread.php?mode=hybrid&t=6067	st-6067-p-1.html
20120507203738	http://forum.azzurra.org/showthread.php?t=6067	st-6067-p-1.html
20160817205409	http://forum.azzurra.org/showthread.php?s=cb7b140df17435b1094cfa816e75d327&t=6067&page=2	st-6067-p-2.html
20160818094414	http://forum.azzurra.org/showthread.php?s=cb7b140df17435b1094cfa816e75d327&t=6067&page=3	st-6067-p-3.html
20120509232010	http://forum.azzurra.org/showthread.php?t=6067&page=13	st-6067-p-13.html
20120507204411	http://forum.azzurra.org/showthread.php?t=6067&page=13	st-6067-p-13.html
20120505184447	http://forum.azzurra.org/showthread.php?t=6067&page=13	st-6067-p-13.html
20160818020136	http://forum.azzurra.org/showthread.php?s=31ebd4ca207917b256151794a58f4278&t=6067&page=15	st-6067-p-15.html
20120509232053	http://forum.azzurra.org/showthread.php?t=6067&page=19	st-6067-p-19.html
20120507204452	http://forum.azzurra.org/showthread.php?t=6067&page=19	st-6067-p-19.html
20120505184532	http://forum.azzurra.org/showthread.php?t=6067&page=19	st-6067-p-19.html
20120509231708	http://forum.azzurra.org/showthread.php?t=6067&page=20	st-6067-p-20.html
20120507204114	http://forum.azzurra.org/showthread.php?t=6067&page=20	st-6067-p-20.html
20120505184150	http://forum.azzurra.org/showthread.php?t=6067&page=20	st-6067-p-20.html
20120509231534	http://forum.azzurra.org/showthread.php?t=6067&page=21	st-6067-p-21.html
20120507203940	http://forum.azzurra.org/showthread.php?t=6067&page=21	st-6067-p-21.html
20120505184021	http://forum.azzurra.org/showthread.php?t=6067&page=21	st-6067-p-21.html
20120509232118	http://forum.azzurra.org/showthread.php?t=6067&page=22	st-6067-p-22.html
20120507204511	http://forum.azzurra.org/showthread.php?t=6067&page=22	st-6067-p-22.html
20120505184550	http://forum.azzurra.org/showthread.php?t=6067&page=22	st-6067-p-22.html
20160818210048	http://forum.azzurra.org/showthread.php?s=31ebd4ca207917b256151794a58f4278&t=6067&page=23	st-6067-p-23.html
20160818014903	http://forum.azzurra.org/showthread.php?s=31ebd4ca207917b256151794a58f4278&t=6067&page=24	st-6067-p-24.html
20160817225407	http://forum.azzurra.org/showthread.php?s=cb7b140df17435b1094cfa816e75d327&t=6067&page=25	st-6067-p-25.html
20060515172902	http://forum.azzurra.org/showthread.php?t=6079	st-6079-p-1.html
20060515172402	http://forum.azzurra.org/showthread.php?t=6079&page=2	st-6079-p-2.html
20060515173726	http://forum.azzurra.org/showthread.php?t=6079&page=3	st-6079-p-3.html
20060515174657	http://forum.azzurra.org/showthread.php?t=6079&page=4	st-6079-p-4.html
20070326063221	http://forum.azzurra.org:80/showthread.php?t=6096	st-6096-p-1.html
20070322162315	http://forum.azzurra.org:80/showthread.php?s=9b988f08c4f043686a958ffea4e08970&mode=hybrid&t=6096	st-6096-p-1.html
20070312201235	http://forum.azzurra.org:80/showthread.php?s=4df9ff0ef87f55284faee03b2bde9a3d&t=6096	st-6096-p-1.html
20070311102130	http://forum.azzurra.org:80/showthread.php?s=4df9ff0ef87f55284faee03b2bde9a3d&t=6096&page=2	st-6096-p-2.html
20070311140031	http://forum.azzurra.org:80/showthread.php?s=4df9ff0ef87f55284faee03b2bde9a3d&t=6096&page=3	st-6096-p-3.html
20070322160015	http://forum.azzurra.org:80/showthread.php?s=9b988f08c4f043686a958ffea4e08970&t=6096&page=4	st-6096-p-4.html
20070311102834	http://forum.azzurra.org:80/showthread.php?s=4df9ff0ef87f55284faee03b2bde9a3d&t=6096&page=5	st-6096-p-5.html
20120725084052	http://forum.azzurra.org/showthread.php?t=6099	st-6099-p-1.html
20160818114243	http://forum.azzurra.org/showthread.php?s=cb7b140df17435b1094cfa816e75d327&t=6099	st-6099-p-1.html
20070910202024	http://forum.azzurra.org:80/showthread.php?s=eee37a900a77995355b38b46b227da72&mode=hybrid&t=6099	st-6099-p-1.html
20160818090914	http://forum.azzurra.org/showthread.php?s=cb7b140df17435b1094cfa816e75d327&t=6099&page=2	st-6099-p-2.html
20070509132409	http://forum.azzurra.org:80/showthread.php?s=20f8aeebe3826248a19c4f6362c826e4&t=6099&page=2	st-6099-p-2.html
20160818000653	http://forum.azzurra.org/showthread.php?s=cb7b140df17435b1094cfa816e75d327&t=6099&page=3	st-6099-p-3.html
20070509000121	http://forum.azzurra.org:80/showthread.php?s=20f8aeebe3826248a19c4f6362c826e4&t=6099&page=3	st-6099-p-3.html
20070303215144	http://forum.azzurra.org:80/showthread.php?t=6099&page=9	st-6099-p-9.html
20060831120336	http://forum.azzurra.org:80/showthread.php?t=6099&page=14	st-6099-p-14.html
20070323173051	http://forum.azzurra.org:80/showthread.php?t=6099&page=16	st-6099-p-16.html
20070908193150	http://forum.azzurra.org:80/showthread.php?t=6099&page=81	st-6099-p-81.html
20070717001656	http://forum.azzurra.org:80/showthread.php?t=6099&page=102	st-6099-p-102.html
20070520080726	http://forum.azzurra.org:80/showthread.php?s=6cf8b8d2ee7bba83438b40d39ca7cd33&t=6099&page=105	st-6099-p-105.html
20070526143942	http://forum.azzurra.org:80/showthread.php?s=c8dc702c2170183ec80c84f5d364582b&t=6099&page=114	st-6099-p-114.html
20070525092316	http://forum.azzurra.org:80/showthread.php?s=c8dc702c2170183ec80c84f5d364582b&t=6099&page=114	st-6099-p-114.html
20070518045201	http://forum.azzurra.org:80/showthread.php?s=1c671239710595e2a71cdea4782548ab&t=6099&page=117	st-6099-p-117.html
20070526115333	http://forum.azzurra.org:80/showthread.php?s=c8dc702c2170183ec80c84f5d364582b&t=6099&page=119	st-6099-p-119.html
20070525092324	http://forum.azzurra.org:80/showthread.php?s=c8dc702c2170183ec80c84f5d364582b&t=6099&page=119	st-6099-p-119.html
20070524215355	http://forum.azzurra.org:80/showthread.php?s=c8dc702c2170183ec80c84f5d364582b&t=6099&page=120	st-6099-p-120.html
20070524072101	http://forum.azzurra.org:80/showthread.php?s=c8dc702c2170183ec80c84f5d364582b&t=6099&page=120	st-6099-p-120.html
20070520080856	http://forum.azzurra.org:80/showthread.php?s=6cf8b8d2ee7bba83438b40d39ca7cd33&t=6099&page=155	st-6099-p-155.html
20070524112933	http://forum.azzurra.org:80/showthread.php?s=c8dc702c2170183ec80c84f5d364582b&t=6099&page=164	st-6099-p-164.html
20070524220100	http://forum.azzurra.org:80/showthread.php?s=c8dc702c2170183ec80c84f5d364582b&t=6099&page=169	st-6099-p-169.html
20070524072032	http://forum.azzurra.org:80/showthread.php?s=c8dc702c2170183ec80c84f5d364582b&t=6099&page=169	st-6099-p-169.html
20070524191631	http://forum.azzurra.org:80/showthread.php?s=c8dc702c2170183ec80c84f5d364582b&t=6099&page=170	st-6099-p-170.html
20070524035321	http://forum.azzurra.org:80/showthread.php?s=c8dc702c2170183ec80c84f5d364582b&t=6099&page=170	st-6099-p-170.html
20070520080625	http://forum.azzurra.org:80/showthread.php?s=6cf8b8d2ee7bba83438b40d39ca7cd33&t=6099&page=195	st-6099-p-195.html
20070520075505	http://forum.azzurra.org:80/showthread.php?s=6cf8b8d2ee7bba83438b40d39ca7cd33&t=6099&page=201	st-6099-p-201.html
20070910202512	http://forum.azzurra.org:80/showthread.php?s=eee37a900a77995355b38b46b227da72&t=6099&page=202	st-6099-p-202.html
20070910134334	http://forum.azzurra.org:80/showthread.php?s=eee37a900a77995355b38b46b227da72&t=6099&page=202	st-6099-p-202.html
20070520080547	http://forum.azzurra.org:80/showthread.php?s=6cf8b8d2ee7bba83438b40d39ca7cd33&t=6099&page=202	st-6099-p-202.html
20070524215826	http://forum.azzurra.org:80/showthread.php?s=6cf8b8d2ee7bba83438b40d39ca7cd33&t=6099&page=203	st-6099-p-203.html
20070524072312	http://forum.azzurra.org:80/showthread.php?s=6cf8b8d2ee7bba83438b40d39ca7cd33&t=6099&page=203	st-6099-p-203.html
20070520075413	http://forum.azzurra.org:80/showthread.php?s=6cf8b8d2ee7bba83438b40d39ca7cd33&t=6099&page=203	st-6099-p-203.html
20070524215936	http://forum.azzurra.org:80/showthread.php?s=c94a33ac240b8afb1f9ec182ff3e7423&t=6099&page=204	st-6099-p-204.html
20070524072329	http://forum.azzurra.org:80/showthread.php?s=c94a33ac240b8afb1f9ec182ff3e7423&t=6099&page=204	st-6099-p-204.html
20070520080013	http://forum.azzurra.org:80/showthread.php?s=6cf8b8d2ee7bba83438b40d39ca7cd33&t=6099&page=204	st-6099-p-204.html
20070524220218	http://forum.azzurra.org:80/showthread.php?s=c94a33ac240b8afb1f9ec182ff3e7423&t=6099&page=205	st-6099-p-205.html
20070524072015	http://forum.azzurra.org:80/showthread.php?s=c94a33ac240b8afb1f9ec182ff3e7423&t=6099&page=205	st-6099-p-205.html
20070524112437	http://forum.azzurra.org:80/showthread.php?s=c94a33ac240b8afb1f9ec182ff3e7423&t=6099&page=206	st-6099-p-206.html
20070520080642	http://forum.azzurra.org:80/showthread.php?s=6cf8b8d2ee7bba83438b40d39ca7cd33&t=6099&page=206	st-6099-p-206.html
20070518043419	http://forum.azzurra.org:80/showthread.php?s=1c671239710595e2a71cdea4782548ab&t=6099&page=207	st-6099-p-207.html
20070520080700	http://forum.azzurra.org:80/showthread.php?s=6cf8b8d2ee7bba83438b40d39ca7cd33&t=6099&page=208	st-6099-p-208.html
20070520080245	http://forum.azzurra.org:80/showthread.php?s=6cf8b8d2ee7bba83438b40d39ca7cd33&t=6099&page=209	st-6099-p-209.html
20070520211227	http://forum.azzurra.org:80/showthread.php?s=f4ffe6c54ee581e54a986a26fb3b6e88&t=6099&page=211	st-6099-p-211.html
20070525005657	http://forum.azzurra.org:80/showthread.php?s=c94a33ac240b8afb1f9ec182ff3e7423&t=6099&page=212	st-6099-p-212.html
20070509155600	http://forum.azzurra.org:80/showthread.php?s=20f8aeebe3826248a19c4f6362c826e4&t=6099&page=213	st-6099-p-213.html
20070518050347	http://forum.azzurra.org:80/showthread.php?s=1c671239710595e2a71cdea4782548ab&t=6099&page=214	st-6099-p-214.html
20070518045244	http://forum.azzurra.org:80/showthread.php?s=1c671239710595e2a71cdea4782548ab&t=6099&page=215	st-6099-p-215.html
20070519045655	http://forum.azzurra.org:80/showthread.php?s=1c671239710595e2a71cdea4782548ab&t=6099&page=216	st-6099-p-216.html
20070517084547	http://forum.azzurra.org:80/showthread.php?s=e183a62aff7a93cd86be8b5f9295cba2&t=6099&page=217	st-6099-p-217.html
20070517004327	http://forum.azzurra.org:80/showthread.php?s=e183a62aff7a93cd86be8b5f9295cba2&t=6099&page=217	st-6099-p-217.html
20070518045254	http://forum.azzurra.org:80/showthread.php?s=1c671239710595e2a71cdea4782548ab&t=6099&page=218	st-6099-p-218.html
20070518043430	http://forum.azzurra.org:80/showthread.php?s=1c671239710595e2a71cdea4782548ab&t=6099&page=220	st-6099-p-220.html
20070518050311	http://forum.azzurra.org:80/showthread.php?s=1c671239710595e2a71cdea4782548ab&t=6099&page=221	st-6099-p-221.html
20070517092225	http://forum.azzurra.org:80/showthread.php?s=e183a62aff7a93cd86be8b5f9295cba2&t=6099&page=222	st-6099-p-222.html
20070517004124	http://forum.azzurra.org:80/showthread.php?s=e183a62aff7a93cd86be8b5f9295cba2&t=6099&page=222	st-6099-p-222.html
20070518045746	http://forum.azzurra.org:80/showthread.php?s=1c671239710595e2a71cdea4782548ab&t=6099&page=224	st-6099-p-224.html
20070521031513	http://forum.azzurra.org:80/showthread.php?s=dc77ddb184aa10623e19c42c1c85610b&t=6099&page=225	st-6099-p-225.html
20070910203939	http://forum.azzurra.org:80/showthread.php?s=eee37a900a77995355b38b46b227da72&t=6099&page=242	st-6099-p-242.html
20070910132917	http://forum.azzurra.org:80/showthread.php?s=eee37a900a77995355b38b46b227da72&t=6099&page=248	st-6099-p-248.html
20070910133751	http://forum.azzurra.org:80/showthread.php?s=eee37a900a77995355b38b46b227da72&t=6099&page=251	st-6099-p-251.html
20070910132758	http://forum.azzurra.org:80/showthread.php?s=eee37a900a77995355b38b46b227da72&t=6099&page=253	st-6099-p-253.html
20160818000718	http://forum.azzurra.org/showthread.php?s=cb7b140df17435b1094cfa816e75d327&t=6099&page=302	st-6099-p-302.html
20070311022301	http://forum.azzurra.org:80/showthread.php?t=6208	st-6208-p-1.html
20070314033653	http://forum.azzurra.org:80/showthread.php?s=4df9ff0ef87f55284faee03b2bde9a3d&t=6208	st-6208-p-1.html
20070312213943	http://forum.azzurra.org:80/showthread.php?s=4df9ff0ef87f55284faee03b2bde9a3d&t=6208	st-6208-p-1.html
20070313150155	http://forum.azzurra.org:80/showthread.php?t=6208&page=2	st-6208-p-2.html
20070308154843	http://forum.azzurra.org:80/showthread.php?s=00f608608331541a22414b4586d7fdcc&t=6208&page=2	st-6208-p-2.html
20070315183738	http://forum.azzurra.org:80/showthread.php?s=9b988f08c4f043686a958ffea4e08970&mode=hybrid&t=6304	st-6304-p-1.html
20070312201333	http://forum.azzurra.org:80/showthread.php?s=4df9ff0ef87f55284faee03b2bde9a3d&t=6304	st-6304-p-1.html
20070312202441	http://forum.azzurra.org:80/showthread.php?s=4df9ff0ef87f55284faee03b2bde9a3d&t=6304&page=2	st-6304-p-2.html
20070314092523	http://forum.azzurra.org:80/showthread.php?s=4df9ff0ef87f55284faee03b2bde9a3d&t=6304&page=3	st-6304-p-3.html
20070312214746	http://forum.azzurra.org:80/showthread.php?s=4df9ff0ef87f55284faee03b2bde9a3d&t=6304&page=3	st-6304-p-3.html
20070311022312	http://forum.azzurra.org:80/showthread.php?t=6332	st-6332-p-1.html
20050403161649	http://forum.azzurra.org:80/showthread.php?t=6332&amp	st-6332-p-1.html
20130821054036	http://forum.azzurra.org:80/showthread.php?s=e86c291545b4d2cb70ec658efafc6273&t=6332	st-6332-p-1.html
20070322072049	http://forum.azzurra.org:80/showthread.php?s=9b988f08c4f043686a958ffea4e08970&t=6332&page=3	st-6332-p-3.html
20070322114633	http://forum.azzurra.org:80/showthread.php?s=9b988f08c4f043686a958ffea4e08970&t=6332&page=5	st-6332-p-5.html
20070312191325	http://forum.azzurra.org:80/showthread.php?s=4df9ff0ef87f55284faee03b2bde9a3d&t=6332&page=6	st-6332-p-6.html
20070316220435	http://forum.azzurra.org:80/showthread.php?s=b386d24dfe7e52fa928c31031336e090&t=6332&page=11	st-6332-p-11.html
20070315183242	http://forum.azzurra.org:80/showthread.php?s=b386d24dfe7e52fa928c31031336e090&t=6332&page=11	st-6332-p-11.html
20070315183251	http://forum.azzurra.org:80/showthread.php?s=b386d24dfe7e52fa928c31031336e090&t=6332&page=51	st-6332-p-51.html
20070316220458	http://forum.azzurra.org:80/showthread.php?s=b386d24dfe7e52fa928c31031336e090&t=6332&page=101	st-6332-p-101.html
20070315183404	http://forum.azzurra.org:80/showthread.php?s=b386d24dfe7e52fa928c31031336e090&t=6332&page=101	st-6332-p-101.html
20070322115042	http://forum.azzurra.org:80/showthread.php?s=9b988f08c4f043686a958ffea4e08970&t=6332&page=207	st-6332-p-207.html
20070322115052	http://forum.azzurra.org:80/showthread.php?s=9b988f08c4f043686a958ffea4e08970&t=6332&page=247	st-6332-p-247.html
20070322072433	http://forum.azzurra.org:80/showthread.php?s=9b988f08c4f043686a958ffea4e08970&t=6332&page=256	st-6332-p-256.html
20070312191838	http://forum.azzurra.org:80/showthread.php?s=4df9ff0ef87f55284faee03b2bde9a3d&t=6332&page=257	st-6332-p-257.html
20070322072443	http://forum.azzurra.org:80/showthread.php?s=9b988f08c4f043686a958ffea4e08970&t=6332&page=258	st-6332-p-258.html
20070322115111	http://forum.azzurra.org:80/showthread.php?s=9b988f08c4f043686a958ffea4e08970&t=6332&page=259	st-6332-p-259.html
20070322072453	http://forum.azzurra.org:80/showthread.php?s=9b988f08c4f043686a958ffea4e08970&t=6332&page=260	st-6332-p-260.html
20070322072503	http://forum.azzurra.org:80/showthread.php?s=9b988f08c4f043686a958ffea4e08970&t=6332&page=261	st-6332-p-261.html
20070322115121	http://forum.azzurra.org:80/showthread.php?s=9b988f08c4f043686a958ffea4e08970&t=6332&page=303	st-6332-p-303.html
20070322115132	http://forum.azzurra.org:80/showthread.php?s=9b988f08c4f043686a958ffea4e08970&t=6332&page=306	st-6332-p-306.html
20070312191703	http://forum.azzurra.org:80/showthread.php?s=12977308032ff9f5f59295718967aaa3&t=6332&page=307	st-6332-p-307.html
20070322115141	http://forum.azzurra.org:80/showthread.php?s=9b988f08c4f043686a958ffea4e08970&t=6332&page=308	st-6332-p-308.html
20070329013049	http://forum.azzurra.org:80/showthread.php?s=78bb79df7e096d54c3202dfeb540857d&t=6332&page=309	st-6332-p-309.html
20070322115152	http://forum.azzurra.org:80/showthread.php?s=9b988f08c4f043686a958ffea4e08970&t=6332&page=310	st-6332-p-310.html
20070322072514	http://forum.azzurra.org:80/showthread.php?s=9b988f08c4f043686a958ffea4e08970&t=6332&page=311	st-6332-p-311.html
20070322115201	http://forum.azzurra.org:80/showthread.php?s=9b988f08c4f043686a958ffea4e08970&t=6332&page=346	st-6332-p-346.html
20070312203012	http://forum.azzurra.org:80/showthread.php?s=4df9ff0ef87f55284faee03b2bde9a3d&t=6332&page=347	st-6332-p-347.html
20070315183325	http://forum.azzurra.org:80/showthread.php?s=9b988f08c4f043686a958ffea4e08970&t=6332&page=351	st-6332-p-351.html
20070312191850	http://forum.azzurra.org:80/showthread.php?s=4df9ff0ef87f55284faee03b2bde9a3d&t=6332&page=353	st-6332-p-353.html
20070314033922	http://forum.azzurra.org:80/showthread.php?s=4df9ff0ef87f55284faee03b2bde9a3d&t=6332&page=354	st-6332-p-354.html
20070312215332	http://forum.azzurra.org:80/showthread.php?s=4df9ff0ef87f55284faee03b2bde9a3d&t=6332&page=354	st-6332-p-354.html
20070314033931	http://forum.azzurra.org:80/showthread.php?s=4df9ff0ef87f55284faee03b2bde9a3d&t=6332&page=355	st-6332-p-355.html
20070312215342	http://forum.azzurra.org:80/showthread.php?s=4df9ff0ef87f55284faee03b2bde9a3d&t=6332&page=355	st-6332-p-355.html
20070312191900	http://forum.azzurra.org:80/showthread.php?s=4df9ff0ef87f55284faee03b2bde9a3d&t=6332&page=356	st-6332-p-356.html
20070308171202	http://forum.azzurra.org:80/showthread.php?s=efd400b3927c68158ee3382a57a126e4&t=6332&page=357	st-6332-p-357.html
20070312203022	http://forum.azzurra.org:80/showthread.php?s=4df9ff0ef87f55284faee03b2bde9a3d&t=6332&page=358	st-6332-p-358.html
20070312191909	http://forum.azzurra.org:80/showthread.php?s=4df9ff0ef87f55284faee03b2bde9a3d&t=6332&page=359	st-6332-p-359.html
20070312191920	http://forum.azzurra.org:80/showthread.php?s=4df9ff0ef87f55284faee03b2bde9a3d&t=6332&page=360	st-6332-p-360.html
20070312191934	http://forum.azzurra.org:80/showthread.php?s=4df9ff0ef87f55284faee03b2bde9a3d&t=6332&page=361	st-6332-p-361.html
20070316052323	http://forum.azzurra.org:80/showthread.php?s=9b988f08c4f043686a958ffea4e08970&t=6332&page=362	st-6332-p-362.html
20070315183334	http://forum.azzurra.org:80/showthread.php?s=9b988f08c4f043686a958ffea4e08970&t=6332&page=363	st-6332-p-363.html
20070330214442	http://forum.azzurra.org:80/showthread.php?s=8468a6f7f53a8c470c569edd03aa5d59&t=6332&page=364	st-6332-p-364.html
20070329085942	http://forum.azzurra.org:80/showthread.php?s=8468a6f7f53a8c470c569edd03aa5d59&t=6332&page=364	st-6332-p-364.html
20070314125151	http://forum.azzurra.org:80/showthread.php?s=4df9ff0ef87f55284faee03b2bde9a3d&t=6332&page=367	st-6332-p-367.html
20070312215352	http://forum.azzurra.org:80/showthread.php?s=4df9ff0ef87f55284faee03b2bde9a3d&t=6332&page=367	st-6332-p-367.html
20070322072525	http://forum.azzurra.org:80/showthread.php?s=9b988f08c4f043686a958ffea4e08970&t=6332&page=403	st-6332-p-403.html
20070322072535	http://forum.azzurra.org:80/showthread.php?s=9b988f08c4f043686a958ffea4e08970&t=6332&page=406	st-6332-p-406.html
20070312203032	http://forum.azzurra.org:80/showthread.php?s=4df9ff0ef87f55284faee03b2bde9a3d&t=6332&page=407	st-6332-p-407.html
20070322072545	http://forum.azzurra.org:80/showthread.php?s=9b988f08c4f043686a958ffea4e08970&t=6332&page=408	st-6332-p-408.html
20070322072602	http://forum.azzurra.org:80/showthread.php?s=9b988f08c4f043686a958ffea4e08970&t=6332&page=409	st-6332-p-409.html
20070322115211	http://forum.azzurra.org:80/showthread.php?s=9b988f08c4f043686a958ffea4e08970&t=6332&page=410	st-6332-p-410.html
20070322115221	http://forum.azzurra.org:80/showthread.php?s=9b988f08c4f043686a958ffea4e08970&t=6332&page=411	st-6332-p-411.html
20070322115231	http://forum.azzurra.org:80/showthread.php?s=9b988f08c4f043686a958ffea4e08970&t=6332&page=453	st-6332-p-453.html
20070322072611	http://forum.azzurra.org:80/showthread.php?s=9b988f08c4f043686a958ffea4e08970&t=6332&page=456	st-6332-p-456.html
20070312203103	http://forum.azzurra.org:80/showthread.php?s=4df9ff0ef87f55284faee03b2bde9a3d&t=6332&page=457	st-6332-p-457.html
20070322160406	http://forum.azzurra.org:80/showthread.php?s=9b988f08c4f043686a958ffea4e08970&t=6332&page=458	st-6332-p-458.html
20070322072622	http://forum.azzurra.org:80/showthread.php?s=9b988f08c4f043686a958ffea4e08970&t=6332&page=459	st-6332-p-459.html
20070322115241	http://forum.azzurra.org:80/showthread.php?s=9b988f08c4f043686a958ffea4e08970&t=6332&page=460	st-6332-p-460.html
20070315231547	http://forum.azzurra.org:80/showthread.php?s=b386d24dfe7e52fa928c31031336e090&t=6332&page=501	st-6332-p-501.html
20070312191946	http://forum.azzurra.org:80/showthread.php?s=4df9ff0ef87f55284faee03b2bde9a3d&t=6332&page=506	st-6332-p-506.html
20070322072649	http://forum.azzurra.org:80/showthread.php?s=9b988f08c4f043686a958ffea4e08970&t=6332&page=507	st-6332-p-507.html
20070910132929	http://forum.azzurra.org:80/showthread.php?s=5987e71ee064b0637ae7b6ab66cb61f5&t=6332&page=693	st-6332-p-693.html
20070322160416	http://forum.azzurra.org:80/showthread.php?s=9b988f08c4f043686a958ffea4e08970&t=6332&page=704	st-6332-p-704.html
20070322115252	http://forum.azzurra.org:80/showthread.php?s=9b988f08c4f043686a958ffea4e08970&t=6332&page=705	st-6332-p-705.html
20070322115302	http://forum.azzurra.org:80/showthread.php?s=9b988f08c4f043686a958ffea4e08970&t=6332&page=706	st-6332-p-706.html
20070312192008	http://forum.azzurra.org:80/showthread.php?s=4df9ff0ef87f55284faee03b2bde9a3d&t=6332&page=707	st-6332-p-707.html
20070322115313	http://forum.azzurra.org:80/showthread.php?s=9b988f08c4f043686a958ffea4e08970&t=6332&page=708	st-6332-p-708.html
20070322115323	http://forum.azzurra.org:80/showthread.php?s=9b988f08c4f043686a958ffea4e08970&t=6332&page=710	st-6332-p-710.html
20070322072700	http://forum.azzurra.org:80/showthread.php?s=9b988f08c4f043686a958ffea4e08970&t=6332&page=711	st-6332-p-711.html
20070322115332	http://forum.azzurra.org:80/showthread.php?s=9b988f08c4f043686a958ffea4e08970&t=6332&page=717	st-6332-p-717.html
20070910204035	http://forum.azzurra.org:80/showthread.php?s=5987e71ee064b0637ae7b6ab66cb61f5&t=6332&page=733	st-6332-p-733.html
20070910133038	http://forum.azzurra.org:80/showthread.php?s=5987e71ee064b0637ae7b6ab66cb61f5&t=6332&page=739	st-6332-p-739.html
20070910202817	http://forum.azzurra.org:80/showthread.php?s=5987e71ee064b0637ae7b6ab66cb61f5&t=6332&page=742	st-6332-p-742.html
20070910132850	http://forum.azzurra.org:80/showthread.php?s=5987e71ee064b0637ae7b6ab66cb61f5&t=6332&page=744	st-6332-p-744.html
20070312203111	http://forum.azzurra.org:80/showthread.php?s=4df9ff0ef87f55284faee03b2bde9a3d&t=6332&page=747	st-6332-p-747.html
20070316052334	http://forum.azzurra.org:80/showthread.php?s=9b988f08c4f043686a958ffea4e08970&t=6332&page=751	st-6332-p-751.html
20070314092615	http://forum.azzurra.org:80/showthread.php?s=4df9ff0ef87f55284faee03b2bde9a3d&t=6332&page=753	st-6332-p-753.html
20070312215403	http://forum.azzurra.org:80/showthread.php?s=4df9ff0ef87f55284faee03b2bde9a3d&t=6332&page=753	st-6332-p-753.html
20070314092624	http://forum.azzurra.org:80/showthread.php?s=4df9ff0ef87f55284faee03b2bde9a3d&t=6332&page=754	st-6332-p-754.html
20070312215412	http://forum.azzurra.org:80/showthread.php?s=4df9ff0ef87f55284faee03b2bde9a3d&t=6332&page=754	st-6332-p-754.html
20070312195717	http://forum.azzurra.org:80/showthread.php?s=4df9ff0ef87f55284faee03b2bde9a3d&t=6332&page=755	st-6332-p-755.html
20070312203122	http://forum.azzurra.org:80/showthread.php?s=4df9ff0ef87f55284faee03b2bde9a3d&t=6332&page=756	st-6332-p-756.html
20070308155315	http://forum.azzurra.org:80/showthread.php?s=efd400b3927c68158ee3382a57a126e4&t=6332&page=757	st-6332-p-757.html
20070314092634	http://forum.azzurra.org:80/showthread.php?s=4df9ff0ef87f55284faee03b2bde9a3d&t=6332&page=758	st-6332-p-758.html
20070312215427	http://forum.azzurra.org:80/showthread.php?s=4df9ff0ef87f55284faee03b2bde9a3d&t=6332&page=758	st-6332-p-758.html
20070312192057	http://forum.azzurra.org:80/showthread.php?s=4df9ff0ef87f55284faee03b2bde9a3d&t=6332&page=759	st-6332-p-759.html
20070312192108	http://forum.azzurra.org:80/showthread.php?s=4df9ff0ef87f55284faee03b2bde9a3d&t=6332&page=760	st-6332-p-760.html
20070312192128	http://forum.azzurra.org:80/showthread.php?s=4df9ff0ef87f55284faee03b2bde9a3d&t=6332&page=761	st-6332-p-761.html
20070316014754	http://forum.azzurra.org:80/showthread.php?s=9b988f08c4f043686a958ffea4e08970&t=6332&page=763	st-6332-p-763.html
20070330214137	http://forum.azzurra.org:80/showthread.php?s=8468a6f7f53a8c470c569edd03aa5d59&t=6332&page=764	st-6332-p-764.html
20070329013059	http://forum.azzurra.org:80/showthread.php?s=8468a6f7f53a8c470c569edd03aa5d59&t=6332&page=764	st-6332-p-764.html
20070312192138	http://forum.azzurra.org:80/showthread.php?s=4df9ff0ef87f55284faee03b2bde9a3d&t=6332&page=767	st-6332-p-767.html
20070322160426	http://forum.azzurra.org:80/showthread.php?s=9b988f08c4f043686a958ffea4e08970&t=6332&page=768	st-6332-p-768.html
20070322160436	http://forum.azzurra.org:80/showthread.php?s=9b988f08c4f043686a958ffea4e08970&t=6332&page=769	st-6332-p-769.html
20070322115343	http://forum.azzurra.org:80/showthread.php?s=9b988f08c4f043686a958ffea4e08970&t=6332&page=770	st-6332-p-770.html
20070314061157	http://forum.azzurra.org:80/showthread.php?s=12977308032ff9f5f59295718967aaa3&t=6332&page=797	st-6332-p-797.html
20070312215110	http://forum.azzurra.org:80/showthread.php?s=12977308032ff9f5f59295718967aaa3&t=6332&page=797	st-6332-p-797.html
20070316052346	http://forum.azzurra.org:80/showthread.php?s=9b988f08c4f043686a958ffea4e08970&t=6332&page=800	st-6332-p-800.html
20070315183345	http://forum.azzurra.org:80/showthread.php?s=9b988f08c4f043686a958ffea4e08970&t=6332&page=801	st-6332-p-801.html
20070317022456	http://forum.azzurra.org:80/showthread.php?s=9b988f08c4f043686a958ffea4e08970&t=6332&page=802	st-6332-p-802.html
20070312191713	http://forum.azzurra.org:80/showthread.php?s=12977308032ff9f5f59295718967aaa3&t=6332&page=803	st-6332-p-803.html
20070312191724	http://forum.azzurra.org:80/showthread.php?s=12977308032ff9f5f59295718967aaa3&t=6332&page=804	st-6332-p-804.html
20070312192148	http://forum.azzurra.org:80/showthread.php?s=4df9ff0ef87f55284faee03b2bde9a3d&t=6332&page=805	st-6332-p-805.html
20070312203133	http://forum.azzurra.org:80/showthread.php?s=4df9ff0ef87f55284faee03b2bde9a3d&t=6332&page=806	st-6332-p-806.html
20070308092049	http://forum.azzurra.org:80/showthread.php?s=efd400b3927c68158ee3382a57a126e4&t=6332&page=807	st-6332-p-807.html
20070312203143	http://forum.azzurra.org:80/showthread.php?s=4df9ff0ef87f55284faee03b2bde9a3d&t=6332&page=808	st-6332-p-808.html
20070314033942	http://forum.azzurra.org:80/showthread.php?s=4df9ff0ef87f55284faee03b2bde9a3d&t=6332&page=809	st-6332-p-809.html
20070312215457	http://forum.azzurra.org:80/showthread.php?s=4df9ff0ef87f55284faee03b2bde9a3d&t=6332&page=809	st-6332-p-809.html
20070312202803	http://forum.azzurra.org:80/showthread.php?s=12977308032ff9f5f59295718967aaa3&t=6332&page=810	st-6332-p-810.html
20070314092644	http://forum.azzurra.org:80/showthread.php?s=4df9ff0ef87f55284faee03b2bde9a3d&t=6332&page=811	st-6332-p-811.html
20070312215508	http://forum.azzurra.org:80/showthread.php?s=4df9ff0ef87f55284faee03b2bde9a3d&t=6332&page=811	st-6332-p-811.html
20070316014804	http://forum.azzurra.org:80/showthread.php?s=9b988f08c4f043686a958ffea4e08970&t=6332&page=813	st-6332-p-813.html
20070320223449	http://forum.azzurra.org:80/showthread.php?s=9b988f08c4f043686a958ffea4e08970&t=6332&page=814	st-6332-p-814.html
20070322160446	http://forum.azzurra.org:80/showthread.php?s=9b988f08c4f043686a958ffea4e08970&t=6332&page=815	st-6332-p-815.html
20070322115353	http://forum.azzurra.org:80/showthread.php?s=9b988f08c4f043686a958ffea4e08970&t=6332&page=816	st-6332-p-816.html
20070312191738	http://forum.azzurra.org:80/showthread.php?s=12977308032ff9f5f59295718967aaa3&t=6332&page=817	st-6332-p-817.html
20070322072710	http://forum.azzurra.org:80/showthread.php?s=9b988f08c4f043686a958ffea4e08970&t=6332&page=818	st-6332-p-818.html
20070322160456	http://forum.azzurra.org:80/showthread.php?s=9b988f08c4f043686a958ffea4e08970&t=6332&page=820	st-6332-p-820.html
20070314125133	http://forum.azzurra.org:80/showthread.php?s=12977308032ff9f5f59295718967aaa3&t=6332&page=843	st-6332-p-843.html
20070312215136	http://forum.azzurra.org:80/showthread.php?s=12977308032ff9f5f59295718967aaa3&t=6332&page=843	st-6332-p-843.html
20070314061207	http://forum.azzurra.org:80/showthread.php?s=12977308032ff9f5f59295718967aaa3&t=6332&page=844	st-6332-p-844.html
20070312215145	http://forum.azzurra.org:80/showthread.php?s=12977308032ff9f5f59295718967aaa3&t=6332&page=844	st-6332-p-844.html
20070312192158	http://forum.azzurra.org:80/showthread.php?s=4df9ff0ef87f55284faee03b2bde9a3d&t=6332&page=845	st-6332-p-845.html
20070312192210	http://forum.azzurra.org:80/showthread.php?s=4df9ff0ef87f55284faee03b2bde9a3d&t=6332&page=846	st-6332-p-846.html
20070308092106	http://forum.azzurra.org:80/showthread.php?s=efd400b3927c68158ee3382a57a126e4&t=6332&page=847	st-6332-p-847.html
20070312203153	http://forum.azzurra.org:80/showthread.php?s=4df9ff0ef87f55284faee03b2bde9a3d&t=6332&page=848	st-6332-p-848.html
20070311101820	http://forum.azzurra.org:80/showthread.php?s=4df9ff0ef87f55284faee03b2bde9a3d&t=6332&page=849	st-6332-p-849.html
20070321165112	http://forum.azzurra.org:80/showthread.php?t=6332&page=850	st-6332-p-850.html
20070316042829	http://forum.azzurra.org:80/showthread.php?t=6332&page=851	st-6332-p-851.html
20070311072309	http://forum.azzurra.org:80/showthread.php?s=4df9ff0ef87f55284faee03b2bde9a3d&t=6332&page=851	st-6332-p-851.html
20070321120053	http://forum.azzurra.org:80/showthread.php?t=6332&page=852	st-6332-p-852.html
20070308092114	http://forum.azzurra.org:80/showthread.php?s=efd400b3927c68158ee3382a57a126e4&t=6332&page=853	st-6332-p-853.html
20070308155326	http://forum.azzurra.org:80/showthread.php?s=efd400b3927c68158ee3382a57a126e4&t=6332&page=855	st-6332-p-855.html
20070308155335	http://forum.azzurra.org:80/showthread.php?s=efd400b3927c68158ee3382a57a126e4&t=6332&page=856	st-6332-p-856.html
20070321092129	http://forum.azzurra.org:80/showthread.php?t=6332&page=857	st-6332-p-857.html
20070311031247	http://forum.azzurra.org:80/showthread.php?s=4df9ff0ef87f55284faee03b2bde9a3d&t=6332&page=857	st-6332-p-857.html
20070308155346	http://forum.azzurra.org:80/showthread.php?s=efd400b3927c68158ee3382a57a126e4&t=6332&page=858	st-6332-p-858.html
20070308155358	http://forum.azzurra.org:80/showthread.php?s=efd400b3927c68158ee3382a57a126e4&t=6332&page=859	st-6332-p-859.html
20070308155408	http://forum.azzurra.org:80/showthread.php?s=efd400b3927c68158ee3382a57a126e4&t=6332&page=861	st-6332-p-861.html
20070316005122	http://forum.azzurra.org:80/showthread.php?t=6332&page=862	st-6332-p-862.html
20070321120102	http://forum.azzurra.org:80/showthread.php?t=6332&page=863	st-6332-p-863.html
20070311072319	http://forum.azzurra.org:80/showthread.php?s=4df9ff0ef87f55284faee03b2bde9a3d&t=6332&page=863	st-6332-p-863.html
20070321120112	http://forum.azzurra.org:80/showthread.php?t=6332&page=864	st-6332-p-864.html
20070311104013	http://forum.azzurra.org:80/showthread.php?s=4df9ff0ef87f55284faee03b2bde9a3d&t=6332&page=865	st-6332-p-865.html
20070312203203	http://forum.azzurra.org:80/showthread.php?s=4df9ff0ef87f55284faee03b2bde9a3d&t=6332&page=866	st-6332-p-866.html
20070312203232	http://forum.azzurra.org:80/showthread.php?s=4df9ff0ef87f55284faee03b2bde9a3d&t=6332&page=868	st-6332-p-868.html
20070312192220	http://forum.azzurra.org:80/showthread.php?s=4df9ff0ef87f55284faee03b2bde9a3d&t=6332&page=869	st-6332-p-869.html
20070312192230	http://forum.azzurra.org:80/showthread.php?s=4df9ff0ef87f55284faee03b2bde9a3d&t=6332&page=870	st-6332-p-870.html
20070314061257	http://forum.azzurra.org:80/showthread.php?s=4df9ff0ef87f55284faee03b2bde9a3d&t=6332&page=871	st-6332-p-871.html
20070312215518	http://forum.azzurra.org:80/showthread.php?s=4df9ff0ef87f55284faee03b2bde9a3d&t=6332&page=871	st-6332-p-871.html
20070330214352	http://forum.azzurra.org:80/showthread.php?s=8468a6f7f53a8c470c569edd03aa5d59&t=6332&page=873	st-6332-p-873.html
20070330222841	http://forum.azzurra.org:80/showthread.php?s=8468a6f7f53a8c470c569edd03aa5d59&t=6332&page=874	st-6332-p-874.html
20070328195955	http://forum.azzurra.org:80/showthread.php?s=8468a6f7f53a8c470c569edd03aa5d59&t=6332&page=874	st-6332-p-874.html
20070322115454	http://forum.azzurra.org:80/showthread.php?s=b6707cf90e36922bbf7b51c570ef2a52&t=6332&page=894	st-6332-p-894.html
20070314061307	http://forum.azzurra.org:80/showthread.php?s=4df9ff0ef87f55284faee03b2bde9a3d&t=6332&page=897	st-6332-p-897.html
20070312215528	http://forum.azzurra.org:80/showthread.php?s=4df9ff0ef87f55284faee03b2bde9a3d&t=6332&page=897	st-6332-p-897.html
20070316052356	http://forum.azzurra.org:80/showthread.php?s=9b988f08c4f043686a958ffea4e08970&t=6332&page=900	st-6332-p-900.html
20070315231526	http://forum.azzurra.org:80/showthread.php?s=9b988f08c4f043686a958ffea4e08970&t=6332&page=901	st-6332-p-901.html
20070327222650	http://forum.azzurra.org:80/showthread.php?s=8468a6f7f53a8c470c569edd03aa5d59&t=6332&page=902	st-6332-p-902.html
20070312192239	http://forum.azzurra.org:80/showthread.php?s=4df9ff0ef87f55284faee03b2bde9a3d&t=6332&page=903	st-6332-p-903.html
20070314033952	http://forum.azzurra.org:80/showthread.php?s=4df9ff0ef87f55284faee03b2bde9a3d&t=6332&page=904	st-6332-p-904.html
20070312215538	http://forum.azzurra.org:80/showthread.php?s=4df9ff0ef87f55284faee03b2bde9a3d&t=6332&page=904	st-6332-p-904.html
20070312192253	http://forum.azzurra.org:80/showthread.php?s=4df9ff0ef87f55284faee03b2bde9a3d&t=6332&page=905	st-6332-p-905.html
20070308155424	http://forum.azzurra.org:80/showthread.php?s=efd400b3927c68158ee3382a57a126e4&t=6332&page=907	st-6332-p-907.html
20070312203243	http://forum.azzurra.org:80/showthread.php?s=4df9ff0ef87f55284faee03b2bde9a3d&t=6332&page=908	st-6332-p-908.html
20070312192320	http://forum.azzurra.org:80/showthread.php?s=4df9ff0ef87f55284faee03b2bde9a3d&t=6332&page=909	st-6332-p-909.html
20070312192332	http://forum.azzurra.org:80/showthread.php?s=4df9ff0ef87f55284faee03b2bde9a3d&t=6332&page=910	st-6332-p-910.html
20070312192342	http://forum.azzurra.org:80/showthread.php?s=4df9ff0ef87f55284faee03b2bde9a3d&t=6332&page=911	st-6332-p-911.html
20070316052406	http://forum.azzurra.org:80/showthread.php?s=9b988f08c4f043686a958ffea4e08970&t=6332&page=912	st-6332-p-912.html
20070315231537	http://forum.azzurra.org:80/showthread.php?s=9b988f08c4f043686a958ffea4e08970&t=6332&page=913	st-6332-p-913.html
20070316014814	http://forum.azzurra.org:80/showthread.php?s=9b988f08c4f043686a958ffea4e08970&t=6332&page=914	st-6332-p-914.html
20070330211934	http://forum.azzurra.org:80/showthread.php?s=8468a6f7f53a8c470c569edd03aa5d59&t=6332&page=916	st-6332-p-916.html
20070312203255	http://forum.azzurra.org:80/showthread.php?s=4df9ff0ef87f55284faee03b2bde9a3d&t=6332&page=917	st-6332-p-917.html
20070322115404	http://forum.azzurra.org:80/showthread.php?s=9b988f08c4f043686a958ffea4e08970&t=6332&page=918	st-6332-p-918.html
20070322072721	http://forum.azzurra.org:80/showthread.php?s=9b988f08c4f043686a958ffea4e08970&t=6332&page=919	st-6332-p-919.html
20070322115414	http://forum.azzurra.org:80/showthread.php?s=9b988f08c4f043686a958ffea4e08970&t=6332&page=920	st-6332-p-920.html
20070314125142	http://forum.azzurra.org:80/showthread.php?s=12977308032ff9f5f59295718967aaa3&t=6332&page=947	st-6332-p-947.html
20070312215156	http://forum.azzurra.org:80/showthread.php?s=12977308032ff9f5f59295718967aaa3&t=6332&page=947	st-6332-p-947.html
20070315183356	http://forum.azzurra.org:80/showthread.php?s=9b988f08c4f043686a958ffea4e08970&t=6332&page=951	st-6332-p-951.html
20070312202821	http://forum.azzurra.org:80/showthread.php?s=12977308032ff9f5f59295718967aaa3&t=6332&page=953	st-6332-p-953.html
20070314125202	http://forum.azzurra.org:80/showthread.php?s=4df9ff0ef87f55284faee03b2bde9a3d&t=6332&page=954	st-6332-p-954.html
20070312215551	http://forum.azzurra.org:80/showthread.php?s=4df9ff0ef87f55284faee03b2bde9a3d&t=6332&page=954	st-6332-p-954.html
20070312203304	http://forum.azzurra.org:80/showthread.php?s=4df9ff0ef87f55284faee03b2bde9a3d&t=6332&page=955	st-6332-p-955.html
20070321120125	http://forum.azzurra.org:80/showthread.php?t=6332&page=956	st-6332-p-956.html
20070312203315	http://forum.azzurra.org:80/showthread.php?s=4df9ff0ef87f55284faee03b2bde9a3d&t=6332&page=958	st-6332-p-958.html
20070312192352	http://forum.azzurra.org:80/showthread.php?s=4df9ff0ef87f55284faee03b2bde9a3d&t=6332&page=959	st-6332-p-959.html
20070312192403	http://forum.azzurra.org:80/showthread.php?s=4df9ff0ef87f55284faee03b2bde9a3d&t=6332&page=960	st-6332-p-960.html
20070314061317	http://forum.azzurra.org:80/showthread.php?s=4df9ff0ef87f55284faee03b2bde9a3d&t=6332&page=961	st-6332-p-961.html
20070312215601	http://forum.azzurra.org:80/showthread.php?s=4df9ff0ef87f55284faee03b2bde9a3d&t=6332&page=961	st-6332-p-961.html
20070316014824	http://forum.azzurra.org:80/showthread.php?s=9b988f08c4f043686a958ffea4e08970&t=6332&page=963	st-6332-p-963.html
20070316052417	http://forum.azzurra.org:80/showthread.php?s=9b988f08c4f043686a958ffea4e08970&t=6332&page=964	st-6332-p-964.html
20070312192413	http://forum.azzurra.org:80/showthread.php?s=4df9ff0ef87f55284faee03b2bde9a3d&t=6332&page=967	st-6332-p-967.html
20070322072732	http://forum.azzurra.org:80/showthread.php?s=9b988f08c4f043686a958ffea4e08970&t=6332&page=969	st-6332-p-969.html
20070322115425	http://forum.azzurra.org:80/showthread.php?s=9b988f08c4f043686a958ffea4e08970&t=6332&page=970	st-6332-p-970.html
20070322160526	http://forum.azzurra.org:80/showthread.php?s=b6707cf90e36922bbf7b51c570ef2a52&t=6332&page=971	st-6332-p-971.html
20070314092655	http://forum.azzurra.org:80/showthread.php?s=4df9ff0ef87f55284faee03b2bde9a3d&t=6332&page=996	st-6332-p-996.html
20070312215610	http://forum.azzurra.org:80/showthread.php?s=4df9ff0ef87f55284faee03b2bde9a3d&t=6332&page=996	st-6332-p-996.html
20070312203439	http://forum.azzurra.org:80/showthread.php?s=4df9ff0ef87f55284faee03b2bde9a3d&t=6332&page=1002	st-6332-p-1002.html
20070312192705	http://forum.azzurra.org:80/showthread.php?s=4df9ff0ef87f55284faee03b2bde9a3d&t=6332&page=1003	st-6332-p-1003.html
20070314125315	http://forum.azzurra.org:80/showthread.php?s=4df9ff0ef87f55284faee03b2bde9a3d&t=6332&page=1004	st-6332-p-1004.html
20070312215954	http://forum.azzurra.org:80/showthread.php?s=4df9ff0ef87f55284faee03b2bde9a3d&t=6332&page=1004	st-6332-p-1004.html
20070312192718	http://forum.azzurra.org:80/showthread.php?s=4df9ff0ef87f55284faee03b2bde9a3d&t=6332&page=1005	st-6332-p-1005.html
20070314091737	http://forum.azzurra.org:80/showthread.php?t=6332&page=1006	st-6332-p-1006.html
20070312213202	http://forum.azzurra.org:80/showthread.php?t=6332&page=1006	st-6332-p-1006.html
20070308155928	http://forum.azzurra.org:80/showthread.php?s=efd400b3927c68158ee3382a57a126e4&t=6332&page=1006	st-6332-p-1006.html
20070910203331	http://forum.azzurra.org:80/showthread.php?s=5987e71ee064b0637ae7b6ab66cb61f5&mode=hybrid&t=6383	st-6383-p-1.html
20070910134204	http://forum.azzurra.org:80/showthread.php?s=5987e71ee064b0637ae7b6ab66cb61f5&t=6383	st-6383-p-1.html
20070910202056	http://forum.azzurra.org:80/showthread.php?s=5987e71ee064b0637ae7b6ab66cb61f5&t=6383&page=2	st-6383-p-2.html
20120802213023	http://forum.azzurra.org/showthread.php?t=6759	st-6759-p-1.html
20120729223748	http://forum.azzurra.org/showthread.php?t=6759	st-6759-p-1.html
20070518172455	http://forum.azzurra.org:80/showthread.php?t=6759	st-6759-p-1.html
20160817225145	http://forum.azzurra.org/showthread.php?s=b8a861723702b5dae0773e204892fb83&t=6759&page=2	st-6759-p-2.html
20070518073938	http://forum.azzurra.org:80/showthread.php?s=614574af3c3c3b2a9786a2aed9da01d7&t=6759&page=2	st-6759-p-2.html
20160818084451	http://forum.azzurra.org/showthread.php?s=b8a861723702b5dae0773e204892fb83&t=6759&page=3	st-6759-p-3.html
20070518084637	http://forum.azzurra.org:80/showthread.php?s=614574af3c3c3b2a9786a2aed9da01d7&t=6759&page=3	st-6759-p-3.html
20070901013217	http://forum.azzurra.org:80/showthread.php?s=d468d78d755ddf3da28b6ce000234c1b&t=6759&page=4	st-6759-p-4.html
20070518084647	http://forum.azzurra.org:80/showthread.php?s=614574af3c3c3b2a9786a2aed9da01d7&t=6759&page=4	st-6759-p-4.html
20070824101337	http://forum.azzurra.org:80/showthread.php?t=6759&page=5	st-6759-p-5.html
20070518173045	http://forum.azzurra.org:80/showthread.php?s=614574af3c3c3b2a9786a2aed9da01d7&t=6759&page=5	st-6759-p-5.html
20070518075405	http://forum.azzurra.org:80/showthread.php?s=614574af3c3c3b2a9786a2aed9da01d7&t=6759&page=11	st-6759-p-11.html
20070901014401	http://forum.azzurra.org:80/showthread.php?s=d468d78d755ddf3da28b6ce000234c1b&t=6759&page=15	st-6759-p-15.html
20070518085136	http://forum.azzurra.org:80/showthread.php?s=614574af3c3c3b2a9786a2aed9da01d7&t=6759&page=51	st-6759-p-51.html
20070221220802	http://forum.azzurra.org:80/showthread.php?t=6759&page=78	st-6759-p-78.html
20070518173620	http://forum.azzurra.org:80/showthread.php?s=614574af3c3c3b2a9786a2aed9da01d7&t=6759&page=101	st-6759-p-101.html
20070901013836	http://forum.azzurra.org:80/showthread.php?s=d468d78d755ddf3da28b6ce000234c1b&t=6759&page=105	st-6759-p-105.html
20070520211235	http://forum.azzurra.org:80/showthread.php?s=1c671239710595e2a71cdea4782548ab&t=6759&page=198	st-6759-p-198.html
20070518044107	http://forum.azzurra.org:80/showthread.php?s=6d8ebefbc5d5cda87e0c34e2b3479ebe&t=6759&page=224	st-6759-p-224.html
20070520210924	http://forum.azzurra.org:80/showthread.php?s=1c671239710595e2a71cdea4782548ab&t=6759&page=225	st-6759-p-225.html
20070222070928	http://forum.azzurra.org:80/showthread.php?t=6759&page=259	st-6759-p-259.html
20070116220150	http://forum.azzurra.org:80/showthread.php?t=6759&page=259	st-6759-p-259.html
20070518043644	http://forum.azzurra.org:80/showthread.php?s=6d8ebefbc5d5cda87e0c34e2b3479ebe&t=6759&page=624	st-6759-p-624.html
20070520210906	http://forum.azzurra.org:80/showthread.php?s=1c671239710595e2a71cdea4782548ab&t=6759&page=626	st-6759-p-626.html
20070520211810	http://forum.azzurra.org:80/showthread.php?s=1c671239710595e2a71cdea4782548ab&t=6759&page=648	st-6759-p-648.html
20070518050506	http://forum.azzurra.org:80/showthread.php?s=6d8ebefbc5d5cda87e0c34e2b3479ebe&t=6759&page=674	st-6759-p-674.html
20070520205551	http://forum.azzurra.org:80/showthread.php?s=1c671239710595e2a71cdea4782548ab&t=6759&page=676	st-6759-p-676.html
20070524112754	http://forum.azzurra.org:80/showthread.php?s=680c1ae9d0fda1dec9dc1179952e1fe4&t=6759&page=685	st-6759-p-685.html
20070520205951	http://forum.azzurra.org:80/showthread.php?s=1c671239710595e2a71cdea4782548ab&t=6759&page=688	st-6759-p-688.html
20070524191836	http://forum.azzurra.org:80/showthread.php?s=c8dc702c2170183ec80c84f5d364582b&t=6759&page=691	st-6759-p-691.html
20070524072047	http://forum.azzurra.org:80/showthread.php?s=c8dc702c2170183ec80c84f5d364582b&t=6759&page=691	st-6759-p-691.html
20070524191942	http://forum.azzurra.org:80/showthread.php?s=680c1ae9d0fda1dec9dc1179952e1fe4&t=6759&page=692	st-6759-p-692.html
20070524035442	http://forum.azzurra.org:80/showthread.php?s=680c1ae9d0fda1dec9dc1179952e1fe4&t=6759&page=692	st-6759-p-692.html
20070520212327	http://forum.azzurra.org:80/showthread.php?s=1c671239710595e2a71cdea4782548ab&t=6759&page=697	st-6759-p-697.html
20070524163630	http://forum.azzurra.org:80/showthread.php?s=c8dc702c2170183ec80c84f5d364582b&t=6759&page=698	st-6759-p-698.html
20070524220133	http://forum.azzurra.org:80/showthread.php?s=c8dc702c2170183ec80c84f5d364582b&t=6759&page=703	st-6759-p-703.html
20070524072251	http://forum.azzurra.org:80/showthread.php?s=c8dc702c2170183ec80c84f5d364582b&t=6759&page=703	st-6759-p-703.html
20070524191745	http://forum.azzurra.org:80/showthread.php?s=c8dc702c2170183ec80c84f5d364582b&t=6759&page=704	st-6759-p-704.html
20070524035043	http://forum.azzurra.org:80/showthread.php?s=c8dc702c2170183ec80c84f5d364582b&t=6759&page=704	st-6759-p-704.html
20070524191703	http://forum.azzurra.org:80/showthread.php?s=c8dc702c2170183ec80c84f5d364582b&t=6759&page=705	st-6759-p-705.html
20070518045404	http://forum.azzurra.org:80/showthread.php?s=6d8ebefbc5d5cda87e0c34e2b3479ebe&t=6759&page=714	st-6759-p-714.html
20070520211146	http://forum.azzurra.org:80/showthread.php?s=1c671239710595e2a71cdea4782548ab&t=6759&page=715	st-6759-p-715.html
20070518044713	http://forum.azzurra.org:80/showthread.php?s=6d8ebefbc5d5cda87e0c34e2b3479ebe&t=6759&page=720	st-6759-p-720.html
20070517092146	http://forum.azzurra.org:80/showthread.php?s=e183a62aff7a93cd86be8b5f9295cba2&t=6759&page=722	st-6759-p-722.html
20070517004435	http://forum.azzurra.org:80/showthread.php?s=e183a62aff7a93cd86be8b5f9295cba2&t=6759&page=722	st-6759-p-722.html
20070517092113	http://forum.azzurra.org:80/showthread.php?s=e183a62aff7a93cd86be8b5f9295cba2&t=6759&page=723	st-6759-p-723.html
20070517003945	http://forum.azzurra.org:80/showthread.php?s=e183a62aff7a93cd86be8b5f9295cba2&t=6759&page=723	st-6759-p-723.html
20070517085542	http://forum.azzurra.org:80/showthread.php?s=e183a62aff7a93cd86be8b5f9295cba2&t=6759&page=724	st-6759-p-724.html
20070517003737	http://forum.azzurra.org:80/showthread.php?s=e183a62aff7a93cd86be8b5f9295cba2&t=6759&page=724	st-6759-p-724.html
20070517092028	http://forum.azzurra.org:80/showthread.php?s=e183a62aff7a93cd86be8b5f9295cba2&t=6759&page=727	st-6759-p-727.html
20070517002608	http://forum.azzurra.org:80/showthread.php?s=e183a62aff7a93cd86be8b5f9295cba2&t=6759&page=727	st-6759-p-727.html
20070517092301	http://forum.azzurra.org:80/showthread.php?s=e183a62aff7a93cd86be8b5f9295cba2&t=6759&page=728	st-6759-p-728.html
20070517004401	http://forum.azzurra.org:80/showthread.php?s=e183a62aff7a93cd86be8b5f9295cba2&t=6759&page=728	st-6759-p-728.html
20070517085705	http://forum.azzurra.org:80/showthread.php?s=e183a62aff7a93cd86be8b5f9295cba2&t=6759&page=729	st-6759-p-729.html
20070517004258	http://forum.azzurra.org:80/showthread.php?s=e183a62aff7a93cd86be8b5f9295cba2&t=6759&page=729	st-6759-p-729.html
20160817205803	http://forum.azzurra.org/showthread.php?s=b8a861723702b5dae0773e204892fb83&t=6759&page=748	st-6759-p-748.html
20070330212827	http://forum.azzurra.org:80/showthread.php?t=6810	st-6810-p-1.html
20070321095353	http://forum.azzurra.org:80/showthread.php?s=31ff945ebc6f077ab257af4fe159ea36&mode=hybrid&t=6810	st-6810-p-1.html
20070320223213	http://forum.azzurra.org:80/showthread.php?s=31ff945ebc6f077ab257af4fe159ea36&t=6810&page=3	st-6810-p-3.html
20070321023203	http://forum.azzurra.org:80/showthread.php?s=31ff945ebc6f077ab257af4fe159ea36&t=6810&page=4	st-6810-p-4.html
20070320223224	http://forum.azzurra.org:80/showthread.php?s=31ff945ebc6f077ab257af4fe159ea36&t=6810&page=5	st-6810-p-5.html
20070321023214	http://forum.azzurra.org:80/showthread.php?s=31ff945ebc6f077ab257af4fe159ea36&t=6810&page=6	st-6810-p-6.html
20070323144342	http://forum.azzurra.org:80/showthread.php?s=22cc44772d8318fccdd230471663b1cb&t=6810&page=7	st-6810-p-7.html
20070321023223	http://forum.azzurra.org:80/showthread.php?s=31ff945ebc6f077ab257af4fe159ea36&t=6810&page=8	st-6810-p-8.html
20070320223238	http://forum.azzurra.org:80/showthread.php?s=31ff945ebc6f077ab257af4fe159ea36&t=6810&page=9	st-6810-p-9.html
20070321093911	http://forum.azzurra.org:80/showthread.php?s=31ff945ebc6f077ab257af4fe159ea36&t=6810&page=10	st-6810-p-10.html
20070321023233	http://forum.azzurra.org:80/showthread.php?s=31ff945ebc6f077ab257af4fe159ea36&t=6810&page=11	st-6810-p-11.html
20070321093920	http://forum.azzurra.org:80/showthread.php?s=31ff945ebc6f077ab257af4fe159ea36&t=6810&page=12	st-6810-p-12.html
20070222011556	http://forum.azzurra.org:80/showthread.php?t=6901&page=6&pp=10	st-6901-p-6.html
20070317090324	http://forum.azzurra.org:80/showthread.php?t=7848	st-7848-p-1.html
20070305122518	http://forum.azzurra.org:80/showthread.php?s=efd400b3927c68158ee3382a57a126e4&t=7848	st-7848-p-1.html
20070306201604	http://forum.azzurra.org:80/showthread.php?s=efd400b3927c68158ee3382a57a126e4&t=7848&page=2	st-7848-p-2.html
20120803132046	http://forum.azzurra.org/showthread.php?t=7854	st-7854-p-1.html
20120730142508	http://forum.azzurra.org/showthread.php?t=7854	st-7854-p-1.html
20160818100100	http://forum.azzurra.org/showthread.php?s=31ebd4ca207917b256151794a58f4278&t=7854	st-7854-p-1.html
20160818085745	http://forum.azzurra.org/showthread.php?s=31ebd4ca207917b256151794a58f4278&t=7854&page=2	st-7854-p-2.html
20160818212007	http://forum.azzurra.org/showthread.php?s=31ebd4ca207917b256151794a58f4278&t=7854&page=3	st-7854-p-3.html
20070304071345	http://forum.azzurra.org:80/showthread.php?s=ec9c872bbd81e5113dcc2748ca167e01&t=7854&page=3	st-7854-p-3.html
20070910133000	http://forum.azzurra.org:80/showthread.php?s=015a00347483222c3a6f799eda5970eb&t=7854&page=13	st-7854-p-13.html
20070518172252	http://forum.azzurra.org:80/showthread.php?s=614574af3c3c3b2a9786a2aed9da01d7&t=7854&page=136	st-7854-p-136.html
20070910204417	http://forum.azzurra.org:80/showthread.php?s=015a00347483222c3a6f799eda5970eb&t=7854&page=413	st-7854-p-413.html
20070910134955	http://forum.azzurra.org:80/showthread.php?s=015a00347483222c3a6f799eda5970eb&t=7854&page=413	st-7854-p-413.html
20070910135030	http://forum.azzurra.org:80/showthread.php?s=015a00347483222c3a6f799eda5970eb&t=7854&page=463	st-7854-p-463.html
20070304071516	http://forum.azzurra.org:80/showthread.php?s=ec9c872bbd81e5113dcc2748ca167e01&t=7854&page=501	st-7854-p-501.html
20070910202451	http://forum.azzurra.org:80/showthread.php?s=015a00347483222c3a6f799eda5970eb&t=7854&page=509	st-7854-p-509.html
20070910133730	http://forum.azzurra.org:80/showthread.php?s=015a00347483222c3a6f799eda5970eb&t=7854&page=511	st-7854-p-511.html
20070910204211	http://forum.azzurra.org:80/showthread.php?s=015a00347483222c3a6f799eda5970eb&t=7854&page=512	st-7854-p-512.html
20070910204126	http://forum.azzurra.org:80/showthread.php?s=015a00347483222c3a6f799eda5970eb&t=7854&page=515	st-7854-p-515.html
20070910134932	http://forum.azzurra.org:80/showthread.php?s=015a00347483222c3a6f799eda5970eb&t=7854&page=516	st-7854-p-516.html
20070910202603	http://forum.azzurra.org:80/showthread.php?s=015a00347483222c3a6f799eda5970eb&t=7854&page=563	st-7854-p-563.html
20070518154220	http://forum.azzurra.org:80/showthread.php?s=614574af3c3c3b2a9786a2aed9da01d7&t=7854&page=636	st-7854-p-636.html
20070910202747	http://forum.azzurra.org:80/showthread.php?s=015a00347483222c3a6f799eda5970eb&t=7854&page=1013	st-7854-p-1013.html
20070518082201	http://forum.azzurra.org:80/showthread.php?s=614574af3c3c3b2a9786a2aed9da01d7&t=7854&page=1036	st-7854-p-1036.html
20070518081954	http://forum.azzurra.org:80/showthread.php?s=614574af3c3c3b2a9786a2aed9da01d7&t=7854&page=1086	st-7854-p-1086.html
20070518080821	http://forum.azzurra.org:80/showthread.php?s=614574af3c3c3b2a9786a2aed9da01d7&t=7854&page=1126	st-7854-p-1126.html
20070518172512	http://forum.azzurra.org:80/showthread.php?s=614574af3c3c3b2a9786a2aed9da01d7&t=7854&page=1132	st-7854-p-1132.html
20070518085118	http://forum.azzurra.org:80/showthread.php?s=614574af3c3c3b2a9786a2aed9da01d7&t=7854&page=1133	st-7854-p-1133.html
20070518080955	http://forum.azzurra.org:80/showthread.php?s=614574af3c3c3b2a9786a2aed9da01d7&t=7854&page=1134	st-7854-p-1134.html
20070518073512	http://forum.azzurra.org:80/showthread.php?s=614574af3c3c3b2a9786a2aed9da01d7&t=7854&page=1137	st-7854-p-1137.html
20160819031526	http://forum.azzurra.org/showthread.php?s=31ebd4ca207917b256151794a58f4278&t=7854&page=1158	st-7854-p-1158.html
20120725082635	http://forum.azzurra.org/showthread.php?t=7869	st-7869-p-1.html
20120724211025	http://forum.azzurra.org/showthread.php?t=7869	st-7869-p-1.html
20160818094536	http://forum.azzurra.org/showthread.php?s=cb7b140df17435b1094cfa816e75d327&t=7869	st-7869-p-1.html
20160818212105	http://forum.azzurra.org/showthread.php?s=cb7b140df17435b1094cfa816e75d327&t=7869&page=2	st-7869-p-2.html
20070509155645	http://forum.azzurra.org:80/showthread.php?s=20f8aeebe3826248a19c4f6362c826e4&t=7869&page=2	st-7869-p-2.html
20160819211505	http://forum.azzurra.org/showthread.php?s=cb7b140df17435b1094cfa816e75d327&t=7869&page=3	st-7869-p-3.html
20070509080835	http://forum.azzurra.org:80/showthread.php?s=20f8aeebe3826248a19c4f6362c826e4&t=7869&page=3	st-7869-p-3.html
20070518080931	http://forum.azzurra.org:80/showthread.php?s=614574af3c3c3b2a9786a2aed9da01d7&t=7869&page=19	st-7869-p-19.html
20070519212050	http://forum.azzurra.org:80/showthread.php?s=f4ffe6c54ee581e54a986a26fb3b6e88&t=7869&page=21	st-7869-p-21.html
20070518081053	http://forum.azzurra.org:80/showthread.php?s=614574af3c3c3b2a9786a2aed9da01d7&t=7869&page=25	st-7869-p-25.html
20070518172641	http://forum.azzurra.org:80/showthread.php?s=614574af3c3c3b2a9786a2aed9da01d7&t=7869&page=27	st-7869-p-27.html
20070518075012	http://forum.azzurra.org:80/showthread.php?s=614574af3c3c3b2a9786a2aed9da01d7&t=7869&page=28	st-7869-p-28.html
20070519214222	http://forum.azzurra.org:80/showthread.php?s=f4ffe6c54ee581e54a986a26fb3b6e88&t=7869&page=29	st-7869-p-29.html
20070518080551	http://forum.azzurra.org:80/showthread.php?s=614574af3c3c3b2a9786a2aed9da01d7&t=7869&page=30	st-7869-p-30.html
20070518081938	http://forum.azzurra.org:80/showthread.php?s=614574af3c3c3b2a9786a2aed9da01d7&t=7869&page=31	st-7869-p-31.html
20070508235844	http://forum.azzurra.org:80/showthread.php?s=20f8aeebe3826248a19c4f6362c826e4&t=7869&page=32	st-7869-p-32.html
20160818020302	http://forum.azzurra.org/showthread.php?s=cb7b140df17435b1094cfa816e75d327&t=7869&page=52	st-7869-p-52.html
20070301102102	http://forum.azzurra.org:80/showthread.php?mode=hybrid&t=7952	st-7952-p-1.html
20070226193247	http://forum.azzurra.org:80/showthread.php?t=7952	st-7952-p-1.html
20070225015956	http://forum.azzurra.org:80/showthread.php?s=f31549aa49846a60e054e20cb590eec2&mode=hybrid&t=7952	st-7952-p-1.html
20070301034153	http://forum.azzurra.org:80/showthread.php?t=7952&page=2	st-7952-p-2.html
20070225013852	http://forum.azzurra.org:80/showthread.php?s=f31549aa49846a60e054e20cb590eec2&t=7952&page=2	st-7952-p-2.html
20070301235507	http://forum.azzurra.org:80/showthread.php?t=7952&page=3	st-7952-p-3.html
20070225034915	http://forum.azzurra.org:80/showthread.php?s=f31549aa49846a60e054e20cb590eec2&t=7952&page=3	st-7952-p-3.html
20070227103807	http://forum.azzurra.org:80/showthread.php?s=ea85c6905f05bcefc72ecf2b874816da&t=7952&page=4	st-7952-p-4.html
20070301002846	http://forum.azzurra.org:80/showthread.php?t=7952&page=5	st-7952-p-5.html
20070225013902	http://forum.azzurra.org:80/showthread.php?s=f31549aa49846a60e054e20cb590eec2&t=7952&page=5	st-7952-p-5.html
20070830022939	http://forum.azzurra.org:80/showthread.php?s=d468d78d755ddf3da28b6ce000234c1b&mode=hybrid&t=8210	st-8210-p-1.html
20070307051436	http://forum.azzurra.org:80/showthread.php?s=efd400b3927c68158ee3382a57a126e4&t=8210	st-8210-p-1.html
20070824101317	http://forum.azzurra.org:80/showthread.php?t=8210&page=17	st-8210-p-17.html
20070901013403	http://forum.azzurra.org:80/showthread.php?s=d468d78d755ddf3da28b6ce000234c1b&t=8210&page=67	st-8210-p-67.html
20070303212801	http://forum.azzurra.org:80/showthread.php?s=ec9c872bbd81e5113dcc2748ca167e01&mode=hybrid&t=8277	st-8277-p-1.html
20070303222159	http://forum.azzurra.org:80/showthread.php?s=ec9c872bbd81e5113dcc2748ca167e01&t=8277&page=2	st-8277-p-2.html
20070303203433	http://forum.azzurra.org:80/showthread.php?s=ec9c872bbd81e5113dcc2748ca167e01&t=8277&page=4	st-8277-p-4.html
20070303222209	http://forum.azzurra.org:80/showthread.php?s=ec9c872bbd81e5113dcc2748ca167e01&t=8277&page=5	st-8277-p-5.html
20070303222449	http://forum.azzurra.org:80/showthread.php?s=ec9c872bbd81e5113dcc2748ca167e01&t=8277&page=11	st-8277-p-11.html
20070307031518	http://forum.azzurra.org:80/showthread.php?s=efd400b3927c68158ee3382a57a126e4&t=8545	st-8545-p-1.html
20070307032022	http://forum.azzurra.org:80/showthread.php?s=efd400b3927c68158ee3382a57a126e4&t=8545&page=2	st-8545-p-2.html
20120802201313	http://forum.azzurra.org/showthread.php?t=8808	st-8808-p-1.html
20120729213809	http://forum.azzurra.org/showthread.php?t=8808	st-8808-p-1.html
20160817222001	http://forum.azzurra.org/showthread.php?s=2b0905366121cb3328715eef38f909fb&t=8808&page=2	st-8808-p-2.html
20160817220015	http://forum.azzurra.org/showthread.php?s=2b0905366121cb3328715eef38f909fb&t=8808&page=3	st-8808-p-3.html
20160817205810	http://forum.azzurra.org/showthread.php?s=2b0905366121cb3328715eef38f909fb&t=8808&page=4	st-8808-p-4.html
20051016192130	http://forum.azzurra.org:80/showthread.php?t=8840&amp;page=3	st-8840-p-1.html
20050901154421	http://forum.azzurra.org:80/showthread.php?t=8840&page=3	st-8840-p-3.html
20050625085007	http://forum.azzurra.org:80/showthread.php?t=8840&page=3	st-8840-p-3.html
20120801220254	http://forum.azzurra.org/showthread.php?t=8861	st-8861-p-1.html
20160818094511	http://forum.azzurra.org/showthread.php?s=95fc12a21ff9bb8aec95d945a762cfca&t=8861	st-8861-p-1.html
20160818000132	http://forum.azzurra.org/showthread.php?s=95fc12a21ff9bb8aec95d945a762cfca&t=8861&page=2	st-8861-p-2.html
20160818085840	http://forum.azzurra.org/showthread.php?s=95fc12a21ff9bb8aec95d945a762cfca&t=8861&page=3	st-8861-p-3.html
20160818004851	http://forum.azzurra.org/showthread.php?s=cb7b140df17435b1094cfa816e75d327&t=8895	st-8895-p-1.html
20160818110949	http://forum.azzurra.org/showthread.php?s=cb7b140df17435b1094cfa816e75d327&t=8895&page=2	st-8895-p-2.html
20160818094703	http://forum.azzurra.org/showthread.php?s=cb7b140df17435b1094cfa816e75d327&t=8895&page=3	st-8895-p-3.html
20120803052022	http://forum.azzurra.org/showthread.php?t=9024	st-9024-p-1.html
20120730062634	http://forum.azzurra.org/showthread.php?t=9024	st-9024-p-1.html
20160818003551	http://forum.azzurra.org/showthread.php?s=31ebd4ca207917b256151794a58f4278&t=9024	st-9024-p-1.html
20160818095517	http://forum.azzurra.org/showthread.php?s=31ebd4ca207917b256151794a58f4278&t=9024&page=2	st-9024-p-2.html
20160818000018	http://forum.azzurra.org/showthread.php?s=31ebd4ca207917b256151794a58f4278&t=9024&page=3	st-9024-p-3.html
20070303230454	http://forum.azzurra.org:80/showthread.php?t=9030	st-9030-p-1.html
20070301104410	http://forum.azzurra.org:80/showthread.php?s=b6f283006f76983cf1134719530e3dcd&mode=hybrid&t=9030	st-9030-p-1.html
20070301102634	http://forum.azzurra.org:80/showthread.php?s=b6f283006f76983cf1134719530e3dcd&t=9030&page=2	st-9030-p-2.html
20120802204106	http://forum.azzurra.org/showthread.php?t=9049	st-9049-p-1.html
20120729220609	http://forum.azzurra.org/showthread.php?t=9049	st-9049-p-1.html
20070518154038	http://forum.azzurra.org:80/showthread.php?t=9049	st-9049-p-1.html
20160817233933	http://forum.azzurra.org/showthread.php?s=b8a861723702b5dae0773e204892fb83&t=9049&page=2	st-9049-p-2.html
20070518080541	http://forum.azzurra.org:80/showthread.php?s=614574af3c3c3b2a9786a2aed9da01d7&t=9049&page=2	st-9049-p-2.html
20160817202617	http://forum.azzurra.org/showthread.php?s=b8a861723702b5dae0773e204892fb83&t=9049&page=3	st-9049-p-3.html
20070518174210	http://forum.azzurra.org:80/showthread.php?s=614574af3c3c3b2a9786a2aed9da01d7&t=9049&page=3	st-9049-p-3.html
20070518173318	http://forum.azzurra.org:80/showthread.php?s=614574af3c3c3b2a9786a2aed9da01d7&t=9049&page=4	st-9049-p-4.html
20070518082223	http://forum.azzurra.org:80/showthread.php?s=614574af3c3c3b2a9786a2aed9da01d7&t=9049&page=5	st-9049-p-5.html
20070518080708	http://forum.azzurra.org:80/showthread.php?s=614574af3c3c3b2a9786a2aed9da01d7&t=9049&page=11	st-9049-p-11.html
20070520211617	http://forum.azzurra.org:80/showthread.php?s=614574af3c3c3b2a9786a2aed9da01d7&t=9049&page=15	st-9049-p-15.html
20070518173235	http://forum.azzurra.org:80/showthread.php?s=614574af3c3c3b2a9786a2aed9da01d7&t=9049&page=51	st-9049-p-51.html
20070518085102	http://forum.azzurra.org:80/showthread.php?s=614574af3c3c3b2a9786a2aed9da01d7&t=9049&page=101	st-9049-p-101.html
20070520210518	http://forum.azzurra.org:80/showthread.php?s=614574af3c3c3b2a9786a2aed9da01d7&t=9049&page=112	st-9049-p-112.html
20070330223740	http://forum.azzurra.org:80/showthread.php?s=22cc44772d8318fccdd230471663b1cb&t=9049&page=113	st-9049-p-113.html
20070520210948	http://forum.azzurra.org:80/showthread.php?s=614574af3c3c3b2a9786a2aed9da01d7&t=9049&page=114	st-9049-p-114.html
20070518173310	http://forum.azzurra.org:80/showthread.php?s=614574af3c3c3b2a9786a2aed9da01d7&t=9049&page=116	st-9049-p-116.html
20160817203823	http://forum.azzurra.org/showthread.php?s=b8a861723702b5dae0773e204892fb83&t=9049&page=122	st-9049-p-122.html
20070311022403	http://forum.azzurra.org:80/showthread.php?t=9089	st-9089-p-1.html
20070911084747	http://forum.azzurra.org:80/showthread.php?s=4e7caa4c7d415475e528a11d533f0870&mode=hybrid&t=9089	st-9089-p-1.html
20070911033944	http://forum.azzurra.org:80/showthread.php?s=4e7caa4c7d415475e528a11d533f0870&t=9089	st-9089-p-1.html
20070911113407	http://forum.azzurra.org:80/showthread.php?s=4e7caa4c7d415475e528a11d533f0870&t=9089&page=2	st-9089-p-2.html
20070308154944	http://forum.azzurra.org:80/showthread.php?s=efd400b3927c68158ee3382a57a126e4&t=9089&page=2	st-9089-p-2.html
20070314055936	http://forum.azzurra.org:80/showthread.php?t=9089&page=3	st-9089-p-3.html
20070308173053	http://forum.azzurra.org:80/showthread.php?s=efd400b3927c68158ee3382a57a126e4&t=9089&page=3	st-9089-p-3.html
20060515220455	http://forum.azzurra.org/showthread.php?t=9119	st-9119-p-1.html
20060515220648	http://forum.azzurra.org/showthread.php?t=9119&page=2	st-9119-p-2.html
20060515182034	http://forum.azzurra.org/showthread.php?t=9119&page=3	st-9119-p-3.html
20060515181607	http://forum.azzurra.org/showthread.php?t=9119&page=8	st-9119-p-8.html
20070513212250	http://forum.azzurra.org:80/showthread.php?s=b2d2e6b9c3222ce1a5e9ee61df2646ff&mode=hybrid&t=9185	st-9185-p-1.html
20070509022358	http://forum.azzurra.org:80/showthread.php?s=20f8aeebe3826248a19c4f6362c826e4&t=9185	st-9185-p-1.html
20070509000104	http://forum.azzurra.org:80/showthread.php?s=20f8aeebe3826248a19c4f6362c826e4&t=9185&page=2	st-9185-p-2.html
20070509132421	http://forum.azzurra.org:80/showthread.php?s=20f8aeebe3826248a19c4f6362c826e4&t=9185&page=3	st-9185-p-3.html
20070513162941	http://forum.azzurra.org:80/showthread.php?s=b2d2e6b9c3222ce1a5e9ee61df2646ff&t=9185&page=5	st-9185-p-5.html
20070513212017	http://forum.azzurra.org:80/showthread.php?s=b2d2e6b9c3222ce1a5e9ee61df2646ff&t=9185&page=7	st-9185-p-7.html
20070513113459	http://forum.azzurra.org:80/showthread.php?s=b2d2e6b9c3222ce1a5e9ee61df2646ff&t=9185&page=8	st-9185-p-8.html
20070509155449	http://forum.azzurra.org:80/showthread.php?s=20f8aeebe3826248a19c4f6362c826e4&t=9185&page=9	st-9185-p-9.html
20070910134050	http://forum.azzurra.org:80/showthread.php?t=9189&page=2	st-9189-p-2.html
20070705222403	http://forum.azzurra.org:80/showthread.php?t=9189&page=2	st-9189-p-2.html
20070517202840	http://forum.azzurra.org:80/showthread.php?t=9189&page=2	st-9189-p-2.html
20120803124857	http://forum.azzurra.org/showthread.php?t=9234	st-9234-p-1.html
20120730135518	http://forum.azzurra.org/showthread.php?t=9234	st-9234-p-1.html
20160818110206	http://forum.azzurra.org/showthread.php?s=2b0905366121cb3328715eef38f909fb&t=9234	st-9234-p-1.html
20160818111259	http://forum.azzurra.org/showthread.php?s=2b0905366121cb3328715eef38f909fb&t=9234&page=2	st-9234-p-2.html
20070904192708	http://forum.azzurra.org:80/showthread.php?t=9324&page=3	st-9324-p-3.html
20070317190415	http://forum.azzurra.org:80/showthread.php?s=b386d24dfe7e52fa928c31031336e090&mode=hybrid&t=9358	st-9358-p-1.html
20070317021006	http://forum.azzurra.org:80/showthread.php?s=b386d24dfe7e52fa928c31031336e090&t=9358	st-9358-p-1.html
20070316054403	http://forum.azzurra.org:80/showthread.php?s=b386d24dfe7e52fa928c31031336e090&mode=hybrid&t=9358	st-9358-p-1.html
20070317022342	http://forum.azzurra.org:80/showthread.php?s=b386d24dfe7e52fa928c31031336e090&t=9358&page=2	st-9358-p-2.html
20120725082849	http://forum.azzurra.org/showthread.php?t=9480	st-9480-p-1.html
20120724211246	http://forum.azzurra.org/showthread.php?t=9480	st-9480-p-1.html
20070305030407	http://forum.azzurra.org:80/showthread.php?t=9480	st-9480-p-1.html
20160818095632	http://forum.azzurra.org/showthread.php?s=cb7b140df17435b1094cfa816e75d327&t=9480&page=2	st-9480-p-2.html
20070509080531	http://forum.azzurra.org:80/showthread.php?s=20f8aeebe3826248a19c4f6362c826e4&t=9480&page=2	st-9480-p-2.html
20070513113232	http://forum.azzurra.org:80/showthread.php?t=9480&page=3	st-9480-p-3.html
20160818090034	http://forum.azzurra.org/showthread.php?s=cb7b140df17435b1094cfa816e75d327&t=9480&page=3	st-9480-p-3.html
20070510012832	http://forum.azzurra.org:80/showthread.php?s=20f8aeebe3826248a19c4f6362c826e4&t=9480&page=3	st-9480-p-3.html
20070514210213	http://forum.azzurra.org:80/showthread.php?s=b2d2e6b9c3222ce1a5e9ee61df2646ff&t=9480&page=4	st-9480-p-4.html
20070513114632	http://forum.azzurra.org:80/showthread.php?s=b2d2e6b9c3222ce1a5e9ee61df2646ff&t=9480&page=5	st-9480-p-5.html
20060616132802	http://forum.azzurra.org:80/showthread.php?t=9480&page=7	st-9480-p-7.html
20070513114626	http://forum.azzurra.org:80/showthread.php?s=b2d2e6b9c3222ce1a5e9ee61df2646ff&t=9480&page=7	st-9480-p-7.html
20070513212337	http://forum.azzurra.org:80/showthread.php?s=b2d2e6b9c3222ce1a5e9ee61df2646ff&t=9480&page=103	st-9480-p-103.html
20070221220832	http://forum.azzurra.org:80/showthread.php?t=9480&page=105	st-9480-p-105.html
20060822045617	http://forum.azzurra.org:80/showthread.php?t=9480&page=105	st-9480-p-105.html
20070314162824	http://forum.azzurra.org:80/showthread.php?s=1e4a43fa181fc4cdf7626ba07b3520a9&t=9480&page=207	st-9480-p-207.html
20070321064938	http://forum.azzurra.org:80/showthread.php?s=b5c7edb0b46b5d0b84a4a9b1f598721a&t=9480&page=213	st-9480-p-213.html
20070320223429	http://forum.azzurra.org:80/showthread.php?s=7703f98c079b0af9fb1070af90f1bb69&t=9480&page=250	st-9480-p-250.html
20070306054743	http://forum.azzurra.org:80/showthread.php?s=631dd44fc86e3c7e58a863b7758e6cda&t=9480&page=257	st-9480-p-257.html
20070321122026	http://forum.azzurra.org:80/showthread.php?s=b5c7edb0b46b5d0b84a4a9b1f598721a&t=9480&page=263	st-9480-p-263.html
20070317022527	http://forum.azzurra.org:80/showthread.php?s=b5c7edb0b46b5d0b84a4a9b1f598721a&t=9480&page=263	st-9480-p-263.html
20070322072323	http://forum.azzurra.org:80/showthread.php?s=7703f98c079b0af9fb1070af90f1bb69&t=9480&page=267	st-9480-p-267.html
20070309011926	http://forum.azzurra.org:80/showthread.php?s=631dd44fc86e3c7e58a863b7758e6cda&t=9480&page=297	st-9480-p-297.html
20070314162835	http://forum.azzurra.org:80/showthread.php?s=1e4a43fa181fc4cdf7626ba07b3520a9&t=9480&page=303	st-9480-p-303.html
20070306054824	http://forum.azzurra.org:80/showthread.php?s=94c7cb760b8046fc477212b81c6cd9dd&t=9480&page=304	st-9480-p-304.html
20070306054752	http://forum.azzurra.org:80/showthread.php?s=631dd44fc86e3c7e58a863b7758e6cda&t=9480&page=305	st-9480-p-305.html
20070306054835	http://forum.azzurra.org:80/showthread.php?s=94c7cb760b8046fc477212b81c6cd9dd&t=9480&page=306	st-9480-p-306.html
20070309011346	http://forum.azzurra.org:80/showthread.php?t=9480&page=307	st-9480-p-307.html
20070302180130	http://forum.azzurra.org:80/showthread.php?s=b6f283006f76983cf1134719530e3dcd&t=9480&page=307	st-9480-p-307.html
20070306054803	http://forum.azzurra.org:80/showthread.php?s=631dd44fc86e3c7e58a863b7758e6cda&t=9480&page=308	st-9480-p-308.html
20070314162844	http://forum.azzurra.org:80/showthread.php?s=1e4a43fa181fc4cdf7626ba07b3520a9&t=9480&page=309	st-9480-p-309.html
20070314162855	http://forum.azzurra.org:80/showthread.php?s=1e4a43fa181fc4cdf7626ba07b3520a9&t=9480&page=310	st-9480-p-310.html
20070314162905	http://forum.azzurra.org:80/showthread.php?s=1e4a43fa181fc4cdf7626ba07b3520a9&t=9480&page=311	st-9480-p-311.html
20070321120135	http://forum.azzurra.org:80/showthread.php?t=9480&page=313	st-9480-p-313.html
20070310220855	http://forum.azzurra.org:80/showthread.php?s=00f608608331541a22414b4586d7fdcc&t=9480&page=313	st-9480-p-313.html
20070309184856	http://forum.azzurra.org:80/showthread.php?s=00f608608331541a22414b4586d7fdcc&t=9480&page=313	st-9480-p-313.html
20070317022537	http://forum.azzurra.org:80/showthread.php?s=b5c7edb0b46b5d0b84a4a9b1f598721a&t=9480&page=314	st-9480-p-314.html
20070315183414	http://forum.azzurra.org:80/showthread.php?s=b5c7edb0b46b5d0b84a4a9b1f598721a&t=9480&page=315	st-9480-p-315.html
20070309011936	http://forum.azzurra.org:80/showthread.php?s=631dd44fc86e3c7e58a863b7758e6cda&t=9480&page=317	st-9480-p-317.html
20070316052252	http://forum.azzurra.org:80/showthread.php?s=1e4a43fa181fc4cdf7626ba07b3520a9&t=9480&page=318	st-9480-p-318.html
20070321064858	http://forum.azzurra.org:80/showthread.php?s=7703f98c079b0af9fb1070af90f1bb69&t=9480&page=340	st-9480-p-340.html
20070320223440	http://forum.azzurra.org:80/showthread.php?s=7703f98c079b0af9fb1070af90f1bb69&t=9480&page=346	st-9480-p-346.html
20070309184906	http://forum.azzurra.org:80/showthread.php?s=631dd44fc86e3c7e58a863b7758e6cda&t=9480&page=347	st-9480-p-347.html
20070321170113	http://forum.azzurra.org:80/showthread.php?s=7703f98c079b0af9fb1070af90f1bb69&t=9480&page=349	st-9480-p-349.html
20070321021604	http://forum.azzurra.org:80/showthread.php?t=9480&page=350	st-9480-p-350.html
20070527170454	http://forum.azzurra.org:80/showthread.php?s=78845873b39a4529dee2389ed5dc2f6e&t=9480&page=350	st-9480-p-350.html
20070526144013	http://forum.azzurra.org:80/showthread.php?s=78845873b39a4529dee2389ed5dc2f6e&t=9480&page=350	st-9480-p-350.html
20070309113121	http://forum.azzurra.org:80/showthread.php?s=00f608608331541a22414b4586d7fdcc&t=9480&page=351	st-9480-p-351.html
20070309184917	http://forum.azzurra.org:80/showthread.php?s=631dd44fc86e3c7e58a863b7758e6cda&t=9480&page=353	st-9480-p-353.html
20070307054317	http://forum.azzurra.org:80/showthread.php?s=94c7cb760b8046fc477212b81c6cd9dd&t=9480&page=354	st-9480-p-354.html
20070314163048	http://forum.azzurra.org:80/showthread.php?s=b5c7edb0b46b5d0b84a4a9b1f598721a&t=9480&page=355	st-9480-p-355.html
20070310220703	http://forum.azzurra.org:80/showthread.php?t=9480&page=357	st-9480-p-357.html
20070302180142	http://forum.azzurra.org:80/showthread.php?s=b6f283006f76983cf1134719530e3dcd&t=9480&page=357	st-9480-p-357.html
20070306054813	http://forum.azzurra.org:80/showthread.php?s=631dd44fc86e3c7e58a863b7758e6cda&t=9480&page=358	st-9480-p-358.html
20070316014854	http://forum.azzurra.org:80/showthread.php?s=b5c7edb0b46b5d0b84a4a9b1f598721a&t=9480&page=359	st-9480-p-359.html
20070315043725	http://forum.azzurra.org:80/showthread.php?s=b5c7edb0b46b5d0b84a4a9b1f598721a&t=9480&page=360	st-9480-p-360.html
20070315183424	http://forum.azzurra.org:80/showthread.php?s=b5c7edb0b46b5d0b84a4a9b1f598721a&t=9480&page=361	st-9480-p-361.html
20070910202003	http://forum.azzurra.org:80/showthread.php?s=5987e71ee064b0637ae7b6ab66cb61f5&t=9480&page=362	st-9480-p-362.html
20070321062635	http://forum.azzurra.org:80/showthread.php?t=9480&page=363	st-9480-p-363.html
20070317180724	http://forum.azzurra.org:80/showthread.php?t=9480&page=363	st-9480-p-363.html
20070310141252	http://forum.azzurra.org:80/showthread.php?s=00f608608331541a22414b4586d7fdcc&t=9480&page=363	st-9480-p-363.html
20070316181704	http://forum.azzurra.org:80/showthread.php?s=b5c7edb0b46b5d0b84a4a9b1f598721a&t=9480&page=364	st-9480-p-364.html
20070315084324	http://forum.azzurra.org:80/showthread.php?s=b5c7edb0b46b5d0b84a4a9b1f598721a&t=9480&page=364	st-9480-p-364.html
20070321092139	http://forum.azzurra.org:80/showthread.php?t=9480&page=365	st-9480-p-365.html
20070310141303	http://forum.azzurra.org:80/showthread.php?s=00f608608331541a22414b4586d7fdcc&t=9480&page=365	st-9480-p-365.html
20070309113141	http://forum.azzurra.org:80/showthread.php?s=00f608608331541a22414b4586d7fdcc&t=9480&page=365	st-9480-p-365.html
20070316220448	http://forum.azzurra.org:80/showthread.php?s=7703f98c079b0af9fb1070af90f1bb69&t=9480&page=366	st-9480-p-366.html
20070315183304	http://forum.azzurra.org:80/showthread.php?s=7703f98c079b0af9fb1070af90f1bb69&t=9480&page=366	st-9480-p-366.html
20070322113617	http://forum.azzurra.org:80/showthread.php?t=9480&page=367	st-9480-p-367.html
20070310141313	http://forum.azzurra.org:80/showthread.php?s=631dd44fc86e3c7e58a863b7758e6cda&t=9480&page=367	st-9480-p-367.html
20070309113201	http://forum.azzurra.org:80/showthread.php?s=631dd44fc86e3c7e58a863b7758e6cda&t=9480&page=367	st-9480-p-367.html
20070315183314	http://forum.azzurra.org:80/showthread.php?s=7703f98c079b0af9fb1070af90f1bb69&t=9480&page=368	st-9480-p-368.html
20070316052314	http://forum.azzurra.org:80/showthread.php?s=7703f98c079b0af9fb1070af90f1bb69&t=9480&page=369	st-9480-p-369.html
20070321023303	http://forum.azzurra.org:80/showthread.php?s=7703f98c079b0af9fb1070af90f1bb69&t=9480&page=375	st-9480-p-375.html
20070322072333	http://forum.azzurra.org:80/showthread.php?s=7703f98c079b0af9fb1070af90f1bb69&t=9480&page=377	st-9480-p-377.html
20070303222728	http://forum.azzurra.org:80/showthread.php?s=ec9c872bbd81e5113dcc2748ca167e01&t=9480&page=393	st-9480-p-393.html
20070314162915	http://forum.azzurra.org:80/showthread.php?s=1e4a43fa181fc4cdf7626ba07b3520a9&t=9480&page=394	st-9480-p-394.html
20070314162945	http://forum.azzurra.org:80/showthread.php?s=31ff945ebc6f077ab257af4fe159ea36&t=9480&page=395	st-9480-p-395.html
20070322072742	http://forum.azzurra.org:80/showthread.php?s=d95f84c81e244d8fac505bf1b27902ef&t=9480&page=396	st-9480-p-396.html
20070301040850	http://forum.azzurra.org:80/showthread.php?s=b6f283006f76983cf1134719530e3dcd&t=9480&page=397	st-9480-p-397.html
20070314162925	http://forum.azzurra.org:80/showthread.php?s=1e4a43fa181fc4cdf7626ba07b3520a9&t=9480&page=398	st-9480-p-398.html
20070303222738	http://forum.azzurra.org:80/showthread.php?s=ec9c872bbd81e5113dcc2748ca167e01&t=9480&page=399	st-9480-p-399.html
20070310005430	http://forum.azzurra.org:80/showthread.php?t=9480&page=400	st-9480-p-400.html
20070520205619	http://forum.azzurra.org:80/showthread.php?s=614574af3c3c3b2a9786a2aed9da01d7&t=9480&page=400	st-9480-p-400.html
20070303044517	http://forum.azzurra.org:80/showthread.php?s=ec9c872bbd81e5113dcc2748ca167e01&t=9480&page=400	st-9480-p-400.html
20070303044527	http://forum.azzurra.org:80/showthread.php?s=ec9c872bbd81e5113dcc2748ca167e01&t=9480&page=401	st-9480-p-401.html
20070305084546	http://forum.azzurra.org:80/showthread.php?s=00f608608331541a22414b4586d7fdcc&t=9480&page=402	st-9480-p-402.html
20070301040900	http://forum.azzurra.org:80/showthread.php?s=b6f283006f76983cf1134719530e3dcd&t=9480&page=403	st-9480-p-403.html
20070309030157	http://forum.azzurra.org:80/showthread.php?t=9480&page=404	st-9480-p-404.html
20070302150047	http://forum.azzurra.org:80/showthread.php?s=b6f283006f76983cf1134719530e3dcd&t=9480&page=404	st-9480-p-404.html
20070302180152	http://forum.azzurra.org:80/showthread.php?s=b6f283006f76983cf1134719530e3dcd&t=9480&page=405	st-9480-p-405.html
20070310041906	http://forum.azzurra.org:80/showthread.php?t=9480&page=406	st-9480-p-406.html
20070302150057	http://forum.azzurra.org:80/showthread.php?s=b6f283006f76983cf1134719530e3dcd&t=9480&page=406	st-9480-p-406.html
20070520211306	http://forum.azzurra.org:80/showthread.php?s=614574af3c3c3b2a9786a2aed9da01d7&t=9480&page=407	st-9480-p-407.html
20070303044538	http://forum.azzurra.org:80/showthread.php?s=ec9c872bbd81e5113dcc2748ca167e01&t=9480&page=407	st-9480-p-407.html
20070309011356	http://forum.azzurra.org:80/showthread.php?t=9480&page=408	st-9480-p-408.html
20070520211502	http://forum.azzurra.org:80/showthread.php?s=614574af3c3c3b2a9786a2aed9da01d7&t=9480&page=408	st-9480-p-408.html
20070302180203	http://forum.azzurra.org:80/showthread.php?s=b6f283006f76983cf1134719530e3dcd&t=9480&page=408	st-9480-p-408.html
20070520212747	http://forum.azzurra.org:80/showthread.php?s=614574af3c3c3b2a9786a2aed9da01d7&t=9480&page=409	st-9480-p-409.html
20070303204026	http://forum.azzurra.org:80/showthread.php?s=ec9c872bbd81e5113dcc2748ca167e01&t=9480&page=409	st-9480-p-409.html
20070524112609	http://forum.azzurra.org:80/showthread.php?s=680c1ae9d0fda1dec9dc1179952e1fe4&t=9480&page=410	st-9480-p-410.html
20070301040911	http://forum.azzurra.org:80/showthread.php?s=b6f283006f76983cf1134719530e3dcd&t=9480&page=410	st-9480-p-410.html
20070520210915	http://forum.azzurra.org:80/showthread.php?s=614574af3c3c3b2a9786a2aed9da01d7&t=9480&page=411	st-9480-p-411.html
20070301040922	http://forum.azzurra.org:80/showthread.php?s=b6f283006f76983cf1134719530e3dcd&t=9480&page=411	st-9480-p-411.html
20070314162936	http://forum.azzurra.org:80/showthread.php?s=1e4a43fa181fc4cdf7626ba07b3520a9&t=9480&page=412	st-9480-p-412.html
20070520210040	http://forum.azzurra.org:80/showthread.php?s=614574af3c3c3b2a9786a2aed9da01d7&t=9480&page=413	st-9480-p-413.html
20070303044549	http://forum.azzurra.org:80/showthread.php?s=ec9c872bbd81e5113dcc2748ca167e01&t=9480&page=413	st-9480-p-413.html
20070306022720	http://forum.azzurra.org:80/showthread.php?s=00f608608331541a22414b4586d7fdcc&t=9480&page=414	st-9480-p-414.html
20070310005441	http://forum.azzurra.org:80/showthread.php?t=9480&page=415	st-9480-p-415.html
20070524220148	http://forum.azzurra.org:80/showthread.php?s=680c1ae9d0fda1dec9dc1179952e1fe4&t=9480&page=415	st-9480-p-415.html
20070524071749	http://forum.azzurra.org:80/showthread.php?s=680c1ae9d0fda1dec9dc1179952e1fe4&t=9480&page=415	st-9480-p-415.html
20070315231602	http://forum.azzurra.org:80/showthread.php?s=b5c7edb0b46b5d0b84a4a9b1f598721a&t=9480&page=416	st-9480-p-416.html
20070316144424	http://forum.azzurra.org:80/showthread.php?s=b5c7edb0b46b5d0b84a4a9b1f598721a&t=9480&page=417	st-9480-p-417.html
20070315084337	http://forum.azzurra.org:80/showthread.php?s=b5c7edb0b46b5d0b84a4a9b1f598721a&t=9480&page=417	st-9480-p-417.html
20070317180735	http://forum.azzurra.org:80/showthread.php?t=9480&page=418	st-9480-p-418.html
20070316042839	http://forum.azzurra.org:80/showthread.php?t=9480&page=418	st-9480-p-418.html
20070311072329	http://forum.azzurra.org:80/showthread.php?s=4fe86ab0b723042d4a89947370ae72c6&t=9480&page=418	st-9480-p-418.html
20070520212805	http://forum.azzurra.org:80/showthread.php?s=614574af3c3c3b2a9786a2aed9da01d7&t=9480&page=420	st-9480-p-420.html
20070317063125	http://forum.azzurra.org:80/showthread.php?s=1682e520121d669c464560293490199c&t=9480&page=421	st-9480-p-421.html
20070323065541	http://forum.azzurra.org:80/showthread.php?s=22cc44772d8318fccdd230471663b1cb&t=9480&page=422	st-9480-p-422.html
20070518084049	http://forum.azzurra.org:80/showthread.php?s=ff786f52a9a92869d4fabe1c02ff2fda&t=9480&page=430	st-9480-p-430.html
20070509022131	http://forum.azzurra.org:80/showthread.php?s=20f8aeebe3826248a19c4f6362c826e4&t=9480&page=436	st-9480-p-436.html
20070518082137	http://forum.azzurra.org:80/showthread.php?s=ff786f52a9a92869d4fabe1c02ff2fda&t=9480&page=437	st-9480-p-437.html
20070518080651	http://forum.azzurra.org:80/showthread.php?s=ff786f52a9a92869d4fabe1c02ff2fda&t=9480&page=438	st-9480-p-438.html
20070513163741	http://forum.azzurra.org:80/showthread.php?s=b2d2e6b9c3222ce1a5e9ee61df2646ff&t=9480&page=442	st-9480-p-442.html
20070524220245	http://forum.azzurra.org:80/showthread.php?s=78845873b39a4529dee2389ed5dc2f6e&t=9480&page=443	st-9480-p-443.html
20070524072320	http://forum.azzurra.org:80/showthread.php?s=78845873b39a4529dee2389ed5dc2f6e&t=9480&page=443	st-9480-p-443.html
20070524191910	http://forum.azzurra.org:80/showthread.php?s=78845873b39a4529dee2389ed5dc2f6e&t=9480&page=444	st-9480-p-444.html
20070524035250	http://forum.azzurra.org:80/showthread.php?s=78845873b39a4529dee2389ed5dc2f6e&t=9480&page=444	st-9480-p-444.html
20070910202506	http://forum.azzurra.org:80/showthread.php?s=5987e71ee064b0637ae7b6ab66cb61f5&t=9480&page=452	st-9480-p-452.html
20070910203113	http://forum.azzurra.org:80/showthread.php?s=5987e71ee064b0637ae7b6ab66cb61f5&t=9480&page=463	st-9480-p-463.html
20160818002814	http://forum.azzurra.org/showthread.php?s=cb7b140df17435b1094cfa816e75d327&t=9480&page=511	st-9480-p-511.html
20120725083719	http://forum.azzurra.org/showthread.php?t=9544	st-9544-p-1.html
20120724212446	http://forum.azzurra.org/showthread.php?t=9544	st-9544-p-1.html
20070310053835	http://forum.azzurra.org:80/showthread.php?s=00f608608331541a22414b4586d7fdcc&mode=hybrid&t=9544	st-9544-p-1.html
20070310070715	http://forum.azzurra.org:80/showthread.php?s=00f608608331541a22414b4586d7fdcc&t=9544&page=2	st-9544-p-2.html
20070309112716	http://forum.azzurra.org:80/showthread.php?s=00f608608331541a22414b4586d7fdcc&t=9544&page=3	st-9544-p-3.html
20070309112728	http://forum.azzurra.org:80/showthread.php?s=00f608608331541a22414b4586d7fdcc&t=9544&page=4	st-9544-p-4.html
20070310014150	http://forum.azzurra.org:80/showthread.php?s=00f608608331541a22414b4586d7fdcc&t=9544&page=5	st-9544-p-5.html
20070314061120	http://forum.azzurra.org:80/showthread.php?s=00f608608331541a22414b4586d7fdcc&t=9544&page=11	st-9544-p-11.html
20070312214932	http://forum.azzurra.org:80/showthread.php?s=00f608608331541a22414b4586d7fdcc&t=9544&page=11	st-9544-p-11.html
20070309113028	http://forum.azzurra.org:80/showthread.php?s=00f608608331541a22414b4586d7fdcc&t=9544&page=41	st-9544-p-41.html
20120802195630	http://forum.azzurra.org/showthread.php?t=9611	st-9611-p-1.html
20120729212108	http://forum.azzurra.org/showthread.php?t=9611	st-9611-p-1.html
20160817205957	http://forum.azzurra.org/showthread.php?s=2b0905366121cb3328715eef38f909fb&t=9611	st-9611-p-1.html
20160817225619	http://forum.azzurra.org/showthread.php?s=2b0905366121cb3328715eef38f909fb&t=9611&page=2	st-9611-p-2.html
20070904031937	http://forum.azzurra.org:80/showthread.php?s=ae5bb4b842babdcc4c74ee8b2a253934&t=9848	st-9848-p-1.html
20070904031557	http://forum.azzurra.org:80/showthread.php?s=ae5bb4b842babdcc4c74ee8b2a253934&mode=hybrid&t=9848	st-9848-p-1.html
20070315230414	http://forum.azzurra.org:80/showthread.php?s=1e4a43fa181fc4cdf7626ba07b3520a9&t=9848	st-9848-p-1.html
20070907013941	http://forum.azzurra.org:80/showthread.php?s=29d7733f8254a1f841f24b4a41554553&t=9848&page=10	st-9848-p-10.html
20070906032207	http://forum.azzurra.org:80/showthread.php?s=29d7733f8254a1f841f24b4a41554553&t=9848&page=16	st-9848-p-16.html
20070907115325	http://forum.azzurra.org:80/showthread.php?s=89200ca25e2e06eed52153bcd9df0e3c&t=9848&page=18	st-9848-p-18.html
20070906033658	http://forum.azzurra.org:80/showthread.php?s=29d7733f8254a1f841f24b4a41554553&t=9848&page=19	st-9848-p-19.html
20070904031142	http://forum.azzurra.org:80/showthread.php?s=ae5bb4b842babdcc4c74ee8b2a253934&t=9848&page=20	st-9848-p-20.html
20070910132618	http://forum.azzurra.org:80/showthread.php?s=5987e71ee064b0637ae7b6ab66cb61f5&t=9848&page=21	st-9848-p-21.html
20070906031826	http://forum.azzurra.org:80/showthread.php?s=29d7733f8254a1f841f24b4a41554553&t=9848&page=22	st-9848-p-22.html
20070906033718	http://forum.azzurra.org:80/showthread.php?s=29d7733f8254a1f841f24b4a41554553&t=9848&page=24	st-9848-p-24.html
20070906032552	http://forum.azzurra.org:80/showthread.php?s=29d7733f8254a1f841f24b4a41554553&t=9848&page=30	st-9848-p-30.html
20070910201840	http://forum.azzurra.org:80/showthread.php?s=5987e71ee064b0637ae7b6ab66cb61f5&t=9848&page=61	st-9848-p-61.html
20070910132510	http://forum.azzurra.org:80/showthread.php?s=5987e71ee064b0637ae7b6ab66cb61f5&t=9848&page=61	st-9848-p-61.html
20070907013935	http://forum.azzurra.org:80/showthread.php?s=5b13b3849cfec66a8a60504074615df0&t=9848&page=66	st-9848-p-66.html
20070910202137	http://forum.azzurra.org:80/showthread.php?s=5987e71ee064b0637ae7b6ab66cb61f5&t=9848&page=68	st-9848-p-68.html
20070910134009	http://forum.azzurra.org:80/showthread.php?s=5987e71ee064b0637ae7b6ab66cb61f5&t=9848&page=68	st-9848-p-68.html
20070903182817	http://forum.azzurra.org:80/showthread.php?s=ae5bb4b842babdcc4c74ee8b2a253934&t=9848&page=70	st-9848-p-70.html
20070910204209	http://forum.azzurra.org:80/showthread.php?t=9848&page=71	st-9848-p-71.html
20070908194716	http://forum.azzurra.org:80/showthread.php?s=29d7733f8254a1f841f24b4a41554553&t=9848&page=71	st-9848-p-71.html
20070910201955	http://forum.azzurra.org:80/showthread.php?s=5987e71ee064b0637ae7b6ab66cb61f5&t=9848&page=72	st-9848-p-72.html
20070907115432	http://forum.azzurra.org:80/showthread.php?s=b254ae92ebb923044c6ef0947c316e22&t=9848&page=104	st-9848-p-104.html
20070906033132	http://forum.azzurra.org:80/showthread.php?s=32be4e4e9c5e40947c272304b83c4cab&t=9848&page=106	st-9848-p-106.html
20070906031841	http://forum.azzurra.org:80/showthread.php?s=29d7733f8254a1f841f24b4a41554553&t=9848&page=108	st-9848-p-108.html
20070903085441	http://forum.azzurra.org:80/showthread.php?s=ae5bb4b842babdcc4c74ee8b2a253934&t=9848&page=110	st-9848-p-110.html
20070907014150	http://forum.azzurra.org:80/showthread.php?s=5b13b3849cfec66a8a60504074615df0&t=9848&page=112	st-9848-p-112.html
20070906032916	http://forum.azzurra.org:80/showthread.php?s=29d7733f8254a1f841f24b4a41554553&t=9848&page=113	st-9848-p-113.html
20070905160531	http://forum.azzurra.org:80/showthread.php?s=29d7733f8254a1f841f24b4a41554553&t=9848&page=114	st-9848-p-114.html
20070904031510	http://forum.azzurra.org:80/showthread.php?s=ae5bb4b842babdcc4c74ee8b2a253934&t=9848&page=116	st-9848-p-116.html
20070903085651	http://forum.azzurra.org:80/showthread.php?s=ae5bb4b842babdcc4c74ee8b2a253934&t=9848&page=117	st-9848-p-117.html
20070904031010	http://forum.azzurra.org:80/showthread.php?s=ae5bb4b842babdcc4c74ee8b2a253934&t=9848&page=118	st-9848-p-118.html
20070903085341	http://forum.azzurra.org:80/showthread.php?s=ae5bb4b842babdcc4c74ee8b2a253934&t=9848&page=119	st-9848-p-119.html
20070904031953	http://forum.azzurra.org:80/showthread.php?t=9848&page=120	st-9848-p-120.html
20070902001432	http://forum.azzurra.org:80/showthread.php?s=f8fd7cd9388d9cc0d8bdb56a3cd7faac&t=9848&page=120	st-9848-p-120.html
20070904031157	http://forum.azzurra.org:80/showthread.php?s=ae5bb4b842babdcc4c74ee8b2a253934&t=9848&page=121	st-9848-p-121.html
20070903182808	http://forum.azzurra.org:80/showthread.php?s=ae5bb4b842babdcc4c74ee8b2a253934&t=9848&page=122	st-9848-p-122.html
20070904031130	http://forum.azzurra.org:80/showthread.php?s=ae5bb4b842babdcc4c74ee8b2a253934&t=9848&page=123	st-9848-p-123.html
20070903085119	http://forum.azzurra.org:80/showthread.php?s=ae5bb4b842babdcc4c74ee8b2a253934&t=9848&page=124	st-9848-p-124.html
20070906032035	http://forum.azzurra.org:80/showthread.php?s=29d7733f8254a1f841f24b4a41554553&t=9848&page=125	st-9848-p-125.html
20070904031247	http://forum.azzurra.org:80/showthread.php?s=ae5bb4b842babdcc4c74ee8b2a253934&t=9848&page=130	st-9848-p-130.html
20070910202622	http://forum.azzurra.org:80/showthread.php?s=015a00347483222c3a6f799eda5970eb&t=9848&page=131	st-9848-p-131.html
20070908074601	http://forum.azzurra.org:80/showthread.php?s=29d7733f8254a1f841f24b4a41554553&t=9848&page=132	st-9848-p-132.html
20070908193025	http://forum.azzurra.org:80/showthread.php?s=29d7733f8254a1f841f24b4a41554553&t=9848&page=133	st-9848-p-133.html
20070830022808	http://forum.azzurra.org:80/showthread.php?s=f8fd7cd9388d9cc0d8bdb56a3cd7faac&t=9848&page=134	st-9848-p-134.html
20070910204238	http://forum.azzurra.org:80/showthread.php?s=5987e71ee064b0637ae7b6ab66cb61f5&t=9848&page=156	st-9848-p-156.html
20070712171734	http://forum.azzurra.org:80/showthread.php?s=d6d00ebef48cff968e48e88fe26cb440&t=9848&page=156	st-9848-p-156.html
20070906032228	http://forum.azzurra.org:80/showthread.php?s=29d7733f8254a1f841f24b4a41554553&t=9848&page=162	st-9848-p-162.html
20070910132933	http://forum.azzurra.org:80/showthread.php?s=5987e71ee064b0637ae7b6ab66cb61f5&t=9848&page=163	st-9848-p-163.html
20070908193709	http://forum.azzurra.org:80/showthread.php?t=9848&page=166	st-9848-p-166.html
20070904031015	http://forum.azzurra.org:80/showthread.php?s=ae5bb4b842babdcc4c74ee8b2a253934&t=9848&page=166	st-9848-p-166.html
20120801141138	http://forum.azzurra.org/showthread.php?t=10029	st-10029-p-1.html
20160818204256	http://forum.azzurra.org/showthread.php?s=cb7b140df17435b1094cfa816e75d327&t=10029	st-10029-p-1.html
20160818093818	http://forum.azzurra.org/showthread.php?s=cb7b140df17435b1094cfa816e75d327&t=10029&page=2	st-10029-p-2.html
20160818101059	http://forum.azzurra.org/showthread.php?s=cb7b140df17435b1094cfa816e75d327&t=10029&page=3	st-10029-p-3.html
20160818094646	http://forum.azzurra.org/showthread.php?s=cb7b140df17435b1094cfa816e75d327&t=10029&page=4	st-10029-p-4.html
20120803130557	http://forum.azzurra.org/showthread.php?t=10415	st-10415-p-1.html
20120730141210	http://forum.azzurra.org/showthread.php?t=10415	st-10415-p-1.html
20060630165514	http://forum.azzurra.org:80/showthread.php?t=10415	st-10415-p-1.html
20160817210034	http://forum.azzurra.org/showthread.php?s=31ebd4ca207917b256151794a58f4278&t=10415&page=2	st-10415-p-2.html
20160818111049	http://forum.azzurra.org/showthread.php?s=31ebd4ca207917b256151794a58f4278&t=10415&page=3	st-10415-p-3.html
20160817211047	http://forum.azzurra.org/showthread.php?s=31ebd4ca207917b256151794a58f4278&t=10415&page=19	st-10415-p-19.html
20070224081359	http://forum.azzurra.org:80/showthread.php?t=10420	st-10420-p-1.html
20070303202316	http://forum.azzurra.org:80/showthread.php?s=ec9c872bbd81e5113dcc2748ca167e01&t=10420	st-10420-p-1.html
20070302005619	http://forum.azzurra.org:80/showthread.php?s=5223010a763a81bf6d9f1a1c87a0c864&mode=hybrid&t=10420	st-10420-p-1.html
20070301040055	http://forum.azzurra.org:80/showthread.php?s=5223010a763a81bf6d9f1a1c87a0c864&t=10420&page=2	st-10420-p-2.html
20070302000846	http://forum.azzurra.org:80/showthread.php?s=5223010a763a81bf6d9f1a1c87a0c864&t=10420&page=4	st-10420-p-4.html
20070310041738	http://forum.azzurra.org:80/showthread.php?t=10420&page=5	st-10420-p-5.html
20070301040105	http://forum.azzurra.org:80/showthread.php?s=5223010a763a81bf6d9f1a1c87a0c864&t=10420&page=5	st-10420-p-5.html
20070303230516	http://forum.azzurra.org:80/showthread.php?t=10437	st-10437-p-1.html
20070301104721	http://forum.azzurra.org:80/showthread.php?s=b6f283006f76983cf1134719530e3dcd&mode=hybrid&t=10437	st-10437-p-1.html
20070222013208	http://forum.azzurra.org:80/showthread.php?s=ec99156c0c66edd1701b5db659d8bd84&t=10437	st-10437-p-1.html
20070301140141	http://forum.azzurra.org:80/showthread.php?s=b6f283006f76983cf1134719530e3dcd&t=10437&page=2	st-10437-p-2.html
20070518075539	http://forum.azzurra.org:80/showthread.php?t=10487	st-10487-p-1.html
20070517210617	http://forum.azzurra.org:80/showthread.php?s=1c671239710595e2a71cdea4782548ab&mode=hybrid&t=10487	st-10487-p-1.html
20070514233957	http://forum.azzurra.org:80/showthread.php?s=af0c48e66119455a7f37eed72deba7e9&t=10487	st-10487-p-1.html
20070518080716	http://forum.azzurra.org:80/showthread.php?s=1c671239710595e2a71cdea4782548ab&t=10487&page=2	st-10487-p-2.html
20070518173410	http://forum.azzurra.org:80/showthread.php?s=1c671239710595e2a71cdea4782548ab&t=10487&page=5	st-10487-p-5.html
20070518173632	http://forum.azzurra.org:80/showthread.php?s=1c671239710595e2a71cdea4782548ab&t=10487&page=11	st-10487-p-11.html
20070517205153	http://forum.azzurra.org:80/showthread.php?s=1c671239710595e2a71cdea4782548ab&t=10487&page=13	st-10487-p-13.html
20070520080606	http://forum.azzurra.org:80/showthread.php?s=f392f3cffa50455a496e8e89e8d59626&t=10487&page=15	st-10487-p-15.html
20070517231349	http://forum.azzurra.org:80/showthread.php?s=1c671239710595e2a71cdea4782548ab&t=10487&page=19	st-10487-p-19.html
20070517204435	http://forum.azzurra.org:80/showthread.php?s=1c671239710595e2a71cdea4782548ab&t=10487&page=20	st-10487-p-20.html
20070517210831	http://forum.azzurra.org:80/showthread.php?s=1c671239710595e2a71cdea4782548ab&t=10487&page=21	st-10487-p-21.html
20070517205526	http://forum.azzurra.org:80/showthread.php?s=1c671239710595e2a71cdea4782548ab&t=10487&page=22	st-10487-p-22.html
20070519193010	http://forum.azzurra.org:80/showthread.php?s=f392f3cffa50455a496e8e89e8d59626&t=10487&page=23	st-10487-p-23.html
20070517210313	http://forum.azzurra.org:80/showthread.php?s=1c671239710595e2a71cdea4782548ab&t=10487&page=24	st-10487-p-24.html
20070517210818	http://forum.azzurra.org:80/showthread.php?s=1c671239710595e2a71cdea4782548ab&t=10487&page=25	st-10487-p-25.html
20120803123728	http://forum.azzurra.org/showthread.php?t=10510	st-10510-p-1.html
20120730134347	http://forum.azzurra.org/showthread.php?t=10510	st-10510-p-1.html
20160817225548	http://forum.azzurra.org/showthread.php?s=31ebd4ca207917b256151794a58f4278&t=10510	st-10510-p-1.html
20160817221604	http://forum.azzurra.org/showthread.php?s=31ebd4ca207917b256151794a58f4278&t=10510&page=3	st-10510-p-3.html
20120803133044	http://forum.azzurra.org/showthread.php?t=10511	st-10511-p-1.html
20120730145036	http://forum.azzurra.org/showthread.php?t=10511	st-10511-p-1.html
20160817213408	http://forum.azzurra.org/showthread.php?s=31ebd4ca207917b256151794a58f4278&t=10511	st-10511-p-1.html
20160818085825	http://forum.azzurra.org/showthread.php?s=31ebd4ca207917b256151794a58f4278&t=10511&page=2	st-10511-p-2.html
20160817222407	http://forum.azzurra.org/showthread.php?s=31ebd4ca207917b256151794a58f4278&t=10511&page=3	st-10511-p-3.html
20160817225349	http://forum.azzurra.org/showthread.php?s=31ebd4ca207917b256151794a58f4278&t=10511&page=16	st-10511-p-16.html
20070518153334	http://forum.azzurra.org:80/showthread.php?t=10691	st-10691-p-1.html
20070518074306	http://forum.azzurra.org:80/showthread.php?s=614574af3c3c3b2a9786a2aed9da01d7&mode=hybrid&t=10691	st-10691-p-1.html
20070516161811	http://forum.azzurra.org:80/showthread.php?s=19051de7746a5dad7df1e5c2a787a843&t=10691	st-10691-p-1.html
20070519013633	http://forum.azzurra.org:80/showthread.php?s=6cf8b8d2ee7bba83438b40d39ca7cd33&t=10691&page=2	st-10691-p-2.html
20070518074736	http://forum.azzurra.org:80/showthread.php?s=614574af3c3c3b2a9786a2aed9da01d7&t=10691&page=2	st-10691-p-2.html
20070519013128	http://forum.azzurra.org:80/showthread.php?s=6cf8b8d2ee7bba83438b40d39ca7cd33&t=10691&page=3	st-10691-p-3.html
20070518085055	http://forum.azzurra.org:80/showthread.php?s=614574af3c3c3b2a9786a2aed9da01d7&t=10691&page=3	st-10691-p-3.html
20070519045708	http://forum.azzurra.org:80/showthread.php?s=6cf8b8d2ee7bba83438b40d39ca7cd33&t=10691&page=4	st-10691-p-4.html
20070518083747	http://forum.azzurra.org:80/showthread.php?s=614574af3c3c3b2a9786a2aed9da01d7&t=10691&page=4	st-10691-p-4.html
20070518174130	http://forum.azzurra.org:80/showthread.php?s=614574af3c3c3b2a9786a2aed9da01d7&t=10691&page=5	st-10691-p-5.html
20070519012706	http://forum.azzurra.org:80/showthread.php?s=6cf8b8d2ee7bba83438b40d39ca7cd33&t=10691&page=11	st-10691-p-11.html
20070518172814	http://forum.azzurra.org:80/showthread.php?s=614574af3c3c3b2a9786a2aed9da01d7&t=10691&page=11	st-10691-p-11.html
20070519212020	http://forum.azzurra.org:80/showthread.php?s=f4ffe6c54ee581e54a986a26fb3b6e88&t=10691&page=48	st-10691-p-48.html
20070519050045	http://forum.azzurra.org:80/showthread.php?s=6cf8b8d2ee7bba83438b40d39ca7cd33&t=10691&page=51	st-10691-p-51.html
20070518080322	http://forum.azzurra.org:80/showthread.php?s=614574af3c3c3b2a9786a2aed9da01d7&t=10691&page=51	st-10691-p-51.html
20070519212008	http://forum.azzurra.org:80/showthread.php?s=f4ffe6c54ee581e54a986a26fb3b6e88&t=10691&page=98	st-10691-p-98.html
20070519013356	http://forum.azzurra.org:80/showthread.php?s=6cf8b8d2ee7bba83438b40d39ca7cd33&t=10691&page=101	st-10691-p-101.html
20070519211853	http://forum.azzurra.org:80/showthread.php?s=f4ffe6c54ee581e54a986a26fb3b6e88&t=10691&page=138	st-10691-p-138.html
20070519214334	http://forum.azzurra.org:80/showthread.php?s=f4ffe6c54ee581e54a986a26fb3b6e88&t=10691&page=144	st-10691-p-144.html
20070519211938	http://forum.azzurra.org:80/showthread.php?s=f4ffe6c54ee581e54a986a26fb3b6e88&t=10691&page=145	st-10691-p-145.html
20070519212128	http://forum.azzurra.org:80/showthread.php?s=f4ffe6c54ee581e54a986a26fb3b6e88&t=10691&page=146	st-10691-p-146.html
20070518084144	http://forum.azzurra.org:80/showthread.php?s=614574af3c3c3b2a9786a2aed9da01d7&t=10691&page=147	st-10691-p-147.html
20070521231302	http://forum.azzurra.org:80/showthread.php?s=df0c1e7baae941e0fd3bf520a7add240&t=10691&page=148	st-10691-p-148.html
20070520000935	http://forum.azzurra.org:80/showthread.php?s=f4ffe6c54ee581e54a986a26fb3b6e88&t=10691&page=149	st-10691-p-149.html
20120803141656	http://forum.azzurra.org/showthread.php?t=10805	st-10805-p-1.html
20120730155344	http://forum.azzurra.org/showthread.php?t=10805	st-10805-p-1.html
20160817225107	http://forum.azzurra.org/showthread.php?s=651c2636e9eb8f2c118d862454c6e7c6&t=10805	st-10805-p-1.html
20160817230142	http://forum.azzurra.org/showthread.php?s=651c2636e9eb8f2c118d862454c6e7c6&t=10805&page=2	st-10805-p-2.html
20160817214615	http://forum.azzurra.org/showthread.php?s=651c2636e9eb8f2c118d862454c6e7c6&t=10805&page=3	st-10805-p-3.html
20160817230555	http://forum.azzurra.org/showthread.php?s=651c2636e9eb8f2c118d862454c6e7c6&t=10805&page=8	st-10805-p-8.html
20120803142618	http://forum.azzurra.org/showthread.php?t=10812	st-10812-p-1.html
20120730160311	http://forum.azzurra.org/showthread.php?t=10812	st-10812-p-1.html
20070311022501	http://forum.azzurra.org:80/showthread.php?t=10812	st-10812-p-1.html
20160819031536	http://forum.azzurra.org/showthread.php?s=31ebd4ca207917b256151794a58f4278&t=10812&page=2	st-10812-p-2.html
20070509022406	http://forum.azzurra.org:80/showthread.php?s=20f8aeebe3826248a19c4f6362c826e4&t=10812&page=2	st-10812-p-2.html
20070316051923	http://forum.azzurra.org:80/showthread.php?s=b386d24dfe7e52fa928c31031336e090&t=10812&page=2	st-10812-p-2.html
20160818082843	http://forum.azzurra.org/showthread.php?s=31ebd4ca207917b256151794a58f4278&t=10812&page=3	st-10812-p-3.html
20070509155536	http://forum.azzurra.org:80/showthread.php?s=20f8aeebe3826248a19c4f6362c826e4&t=10812&page=3	st-10812-p-3.html
20070316014448	http://forum.azzurra.org:80/showthread.php?s=b386d24dfe7e52fa928c31031336e090&t=10812&page=4	st-10812-p-4.html
20070316052426	http://forum.azzurra.org:80/showthread.php?s=b386d24dfe7e52fa928c31031336e090&t=10812&page=51	st-10812-p-51.html
20070322115000	http://forum.azzurra.org:80/showthread.php?s=9b988f08c4f043686a958ffea4e08970&t=10812&page=62	st-10812-p-62.html
20070312202734	http://forum.azzurra.org:80/showthread.php?s=12977308032ff9f5f59295718967aaa3&t=10812&page=63	st-10812-p-63.html
20070312203357	http://forum.azzurra.org:80/showthread.php?s=12977308032ff9f5f59295718967aaa3&t=10812&page=103	st-10812-p-103.html
20070314061542	http://forum.azzurra.org:80/showthread.php?s=12977308032ff9f5f59295718967aaa3&t=10812&page=109	st-10812-p-109.html
20070312215832	http://forum.azzurra.org:80/showthread.php?s=12977308032ff9f5f59295718967aaa3&t=10812&page=109	st-10812-p-109.html
20070314061552	http://forum.azzurra.org:80/showthread.php?s=12977308032ff9f5f59295718967aaa3&t=10812&page=110	st-10812-p-110.html
20070312215842	http://forum.azzurra.org:80/showthread.php?s=12977308032ff9f5f59295718967aaa3&t=10812&page=110	st-10812-p-110.html
20070312192545	http://forum.azzurra.org:80/showthread.php?s=12977308032ff9f5f59295718967aaa3&t=10812&page=111	st-10812-p-111.html
20070312203411	http://forum.azzurra.org:80/showthread.php?s=12977308032ff9f5f59295718967aaa3&t=10812&page=112	st-10812-p-112.html
20070910202426	http://forum.azzurra.org:80/showthread.php?s=5987e71ee064b0637ae7b6ab66cb61f5&t=10812&page=130	st-10812-p-130.html
20070513232108	http://forum.azzurra.org:80/showthread.php?s=b2d2e6b9c3222ce1a5e9ee61df2646ff&t=10812&page=134	st-10812-p-134.html
20070910202043	http://forum.azzurra.org:80/showthread.php?s=5987e71ee064b0637ae7b6ab66cb61f5&t=10812&page=136	st-10812-p-136.html
20070910202122	http://forum.azzurra.org:80/showthread.php?s=5987e71ee064b0637ae7b6ab66cb61f5&t=10812&page=137	st-10812-p-137.html
20070910201928	http://forum.azzurra.org:80/showthread.php?s=5987e71ee064b0637ae7b6ab66cb61f5&t=10812&page=138	st-10812-p-138.html
20070910133826	http://forum.azzurra.org:80/showthread.php?s=5987e71ee064b0637ae7b6ab66cb61f5&t=10812&page=138	st-10812-p-138.html
20070910133429	http://forum.azzurra.org:80/showthread.php?s=5987e71ee064b0637ae7b6ab66cb61f5&t=10812&page=139	st-10812-p-139.html
20070908193053	http://forum.azzurra.org:80/showthread.php?s=29d7733f8254a1f841f24b4a41554553&t=10812&page=140	st-10812-p-140.html
20070910202618	http://forum.azzurra.org:80/showthread.php?s=5987e71ee064b0637ae7b6ab66cb61f5&t=10812&page=141	st-10812-p-141.html
20070906032147	http://forum.azzurra.org:80/showthread.php?s=29d7733f8254a1f841f24b4a41554553&t=10812&page=147	st-10812-p-147.html
20070907014247	http://forum.azzurra.org:80/showthread.php?s=29d7733f8254a1f841f24b4a41554553&t=10812&page=148	st-10812-p-148.html
20070906032905	http://forum.azzurra.org:80/showthread.php?s=29d7733f8254a1f841f24b4a41554553&t=10812&page=149	st-10812-p-149.html
20070322161001	http://forum.azzurra.org:80/showthread.php?s=9b988f08c4f043686a958ffea4e08970&t=10812&page=149	st-10812-p-149.html
20070904031709	http://forum.azzurra.org:80/showthread.php?s=ae5bb4b842babdcc4c74ee8b2a253934&t=10812&page=150	st-10812-p-150.html
20070906031928	http://forum.azzurra.org:80/showthread.php?s=29d7733f8254a1f841f24b4a41554553&t=10812&page=151	st-10812-p-151.html
20070312192555	http://forum.azzurra.org:80/showthread.php?s=12977308032ff9f5f59295718967aaa3&t=10812&page=153	st-10812-p-153.html
20070322073322	http://forum.azzurra.org:80/showthread.php?s=9b988f08c4f043686a958ffea4e08970&t=10812&page=155	st-10812-p-155.html
20070322120107	http://forum.azzurra.org:80/showthread.php?s=9b988f08c4f043686a958ffea4e08970&t=10812&page=156	st-10812-p-156.html
20070322120117	http://forum.azzurra.org:80/showthread.php?s=9b988f08c4f043686a958ffea4e08970&t=10812&page=157	st-10812-p-157.html
20070322120126	http://forum.azzurra.org:80/showthread.php?s=9b988f08c4f043686a958ffea4e08970&t=10812&page=158	st-10812-p-158.html
20070312192606	http://forum.azzurra.org:80/showthread.php?s=12977308032ff9f5f59295718967aaa3&t=10812&page=159	st-10812-p-159.html
20070312192615	http://forum.azzurra.org:80/showthread.php?s=12977308032ff9f5f59295718967aaa3&t=10812&page=160	st-10812-p-160.html
20070312192625	http://forum.azzurra.org:80/showthread.php?s=12977308032ff9f5f59295718967aaa3&t=10812&page=161	st-10812-p-161.html
20070314092846	http://forum.azzurra.org:80/showthread.php?s=12977308032ff9f5f59295718967aaa3&t=10812&page=162	st-10812-p-162.html
20070312215853	http://forum.azzurra.org:80/showthread.php?s=12977308032ff9f5f59295718967aaa3&t=10812&page=162	st-10812-p-162.html
20070513162920	http://forum.azzurra.org:80/showthread.php?s=b2d2e6b9c3222ce1a5e9ee61df2646ff&t=10812&page=184	st-10812-p-184.html
20070910134919	http://forum.azzurra.org:80/showthread.php?s=eee37a900a77995355b38b46b227da72&t=10812&page=186	st-10812-p-186.html
20070910133321	http://forum.azzurra.org:80/showthread.php?s=eee37a900a77995355b38b46b227da72&t=10812&page=187	st-10812-p-187.html
20070910134028	http://forum.azzurra.org:80/showthread.php?s=eee37a900a77995355b38b46b227da72&t=10812&page=189	st-10812-p-189.html
20070909001744	http://forum.azzurra.org:80/showthread.php?s=29d7733f8254a1f841f24b4a41554553&t=10812&page=190	st-10812-p-190.html
20070910134838	http://forum.azzurra.org:80/showthread.php?s=eee37a900a77995355b38b46b227da72&t=10812&page=193	st-10812-p-193.html
20070910204249	http://forum.azzurra.org:80/showthread.php?s=eee37a900a77995355b38b46b227da72&t=10812&page=194	st-10812-p-194.html
20070906033638	http://forum.azzurra.org:80/showthread.php?s=29d7733f8254a1f841f24b4a41554553&t=10812&page=199	st-10812-p-199.html
20070312203419	http://forum.azzurra.org:80/showthread.php?s=12977308032ff9f5f59295718967aaa3&t=10812&page=199	st-10812-p-199.html
20070904031418	http://forum.azzurra.org:80/showthread.php?s=ae5bb4b842babdcc4c74ee8b2a253934&t=10812&page=200	st-10812-p-200.html
20070314061606	http://forum.azzurra.org:80/showthread.php?s=12977308032ff9f5f59295718967aaa3&t=10812&page=200	st-10812-p-200.html
20070312215905	http://forum.azzurra.org:80/showthread.php?s=12977308032ff9f5f59295718967aaa3&t=10812&page=200	st-10812-p-200.html
20070312203429	http://forum.azzurra.org:80/showthread.php?s=12977308032ff9f5f59295718967aaa3&t=10812&page=201	st-10812-p-201.html
20070314092855	http://forum.azzurra.org:80/showthread.php?s=12977308032ff9f5f59295718967aaa3&t=10812&page=202	st-10812-p-202.html
20070312215915	http://forum.azzurra.org:80/showthread.php?s=12977308032ff9f5f59295718967aaa3&t=10812&page=202	st-10812-p-202.html
20070312192642	http://forum.azzurra.org:80/showthread.php?s=12977308032ff9f5f59295718967aaa3&t=10812&page=205	st-10812-p-205.html
20070311103508	http://forum.azzurra.org:80/showthread.php?s=12977308032ff9f5f59295718967aaa3&t=10812&page=206	st-10812-p-206.html
20070321062646	http://forum.azzurra.org:80/showthread.php?t=10812&page=207	st-10812-p-207.html
20070308173539	http://forum.azzurra.org:80/showthread.php?s=efd400b3927c68158ee3382a57a126e4&t=10812&page=209	st-10812-p-209.html
20070308155858	http://forum.azzurra.org:80/showthread.php?s=efd400b3927c68158ee3382a57a126e4&t=10812&page=210	st-10812-p-210.html
20070308155923	http://forum.azzurra.org:80/showthread.php?s=efd400b3927c68158ee3382a57a126e4&t=10812&page=211	st-10812-p-211.html
20070321021614	http://forum.azzurra.org:80/showthread.php?t=10812&page=213	st-10812-p-213.html
20070311072339	http://forum.azzurra.org:80/showthread.php?s=12977308032ff9f5f59295718967aaa3&t=10812&page=213	st-10812-p-213.html
20070311140136	http://forum.azzurra.org:80/showthread.php?s=12977308032ff9f5f59295718967aaa3&t=10812&page=214	st-10812-p-214.html
20070321021627	http://forum.azzurra.org:80/showthread.php?t=10812&page=215	st-10812-p-215.html
20070317180750	http://forum.azzurra.org:80/showthread.php?t=10812&page=215	st-10812-p-215.html
20070311072349	http://forum.azzurra.org:80/showthread.php?s=12977308032ff9f5f59295718967aaa3&t=10812&page=215	st-10812-p-215.html
20070314163057	http://forum.azzurra.org:80/showthread.php?s=1e4a43fa181fc4cdf7626ba07b3520a9&t=10812&page=216	st-10812-p-216.html
20070315114156	http://forum.azzurra.org:80/showthread.php?s=9b988f08c4f043686a958ffea4e08970&t=10812&page=217	st-10812-p-217.html
20070314163113	http://forum.azzurra.org:80/showthread.php?s=1e4a43fa181fc4cdf7626ba07b3520a9&t=10812&page=217	st-10812-p-217.html
20070323065642	http://forum.azzurra.org:80/showthread.php?s=b0b2c19b5ab8c2b34711525b5c2b7847&t=10812&page=220	st-10812-p-220.html
20070513164941	http://forum.azzurra.org:80/showthread.php?s=b2d2e6b9c3222ce1a5e9ee61df2646ff&t=10812&page=224	st-10812-p-224.html
20070509201910	http://forum.azzurra.org:80/showthread.php?s=20f8aeebe3826248a19c4f6362c826e4&t=10812&page=230	st-10812-p-230.html
20070513211828	http://forum.azzurra.org:80/showthread.php?s=b2d2e6b9c3222ce1a5e9ee61df2646ff&t=10812&page=231	st-10812-p-231.html
20070513212321	http://forum.azzurra.org:80/showthread.php?s=b2d2e6b9c3222ce1a5e9ee61df2646ff&t=10812&page=232	st-10812-p-232.html
20070513163328	http://forum.azzurra.org:80/showthread.php?s=b2d2e6b9c3222ce1a5e9ee61df2646ff&t=10812&page=233	st-10812-p-233.html
20070517092218	http://forum.azzurra.org:80/showthread.php?s=be0913e31f626eb9ba5f5c4670945f81&t=10812&page=235	st-10812-p-235.html
20070517003410	http://forum.azzurra.org:80/showthread.php?s=be0913e31f626eb9ba5f5c4670945f81&t=10812&page=235	st-10812-p-235.html
20070903224734	http://forum.azzurra.org:80/showthread.php?s=ae5bb4b842babdcc4c74ee8b2a253934&t=10812&page=240	st-10812-p-240.html
20070906033646	http://forum.azzurra.org:80/showthread.php?s=29d7733f8254a1f841f24b4a41554553&t=10812&page=241	st-10812-p-241.html
20070904031814	http://forum.azzurra.org:80/showthread.php?s=ae5bb4b842babdcc4c74ee8b2a253934&t=10812&page=246	st-10812-p-246.html
20070904031507	http://forum.azzurra.org:80/showthread.php?s=ae5bb4b842babdcc4c74ee8b2a253934&t=10812&page=247	st-10812-p-247.html
20070904031735	http://forum.azzurra.org:80/showthread.php?s=ae5bb4b842babdcc4c74ee8b2a253934&t=10812&page=248	st-10812-p-248.html
20070904032026	http://forum.azzurra.org:80/showthread.php?s=ae5bb4b842babdcc4c74ee8b2a253934&t=10812&page=249	st-10812-p-249.html
20070905100627	http://forum.azzurra.org:80/showthread.php?s=29d7733f8254a1f841f24b4a41554553&t=10812&page=250	st-10812-p-250.html
20070904031530	http://forum.azzurra.org:80/showthread.php?s=ae5bb4b842babdcc4c74ee8b2a253934&t=10812&page=251	st-10812-p-251.html
20160818212429	http://forum.azzurra.org/showthread.php?s=31ebd4ca207917b256151794a58f4278&t=10812&page=255	st-10812-p-255.html
20070301033855	http://forum.azzurra.org:80/showthread.php?t=10826	st-10826-p-1.html
20060831120017	http://forum.azzurra.org:80/showthread.php?t=10826	st-10826-p-1.html
20070304074238	http://forum.azzurra.org:80/showthread.php?s=ec9c872bbd81e5113dcc2748ca167e01&mode=hybrid&t=10826	st-10826-p-1.html
20070303203558	http://forum.azzurra.org:80/showthread.php?s=ec9c872bbd81e5113dcc2748ca167e01&t=10826&page=2	st-10826-p-2.html
20070311022513	http://forum.azzurra.org:80/showthread.php?t=10942	st-10942-p-1.html
20070518043540	http://forum.azzurra.org:80/showthread.php?s=1c671239710595e2a71cdea4782548ab&t=10942	st-10942-p-1.html
20070518043515	http://forum.azzurra.org:80/showthread.php?s=1c671239710595e2a71cdea4782548ab&mode=hybrid&t=10942	st-10942-p-1.html
20070308155123	http://forum.azzurra.org:80/showthread.php?s=efd400b3927c68158ee3382a57a126e4&t=10942&page=4	st-10942-p-4.html
20070308091946	http://forum.azzurra.org:80/showthread.php?s=efd400b3927c68158ee3382a57a126e4&t=10942&page=5	st-10942-p-5.html
20070321021415	http://forum.azzurra.org:80/showthread.php?t=10942&page=6	st-10942-p-6.html
20070314033821	http://forum.azzurra.org:80/showthread.php?s=12977308032ff9f5f59295718967aaa3&t=10942&page=9	st-10942-p-9.html
20070312214943	http://forum.azzurra.org:80/showthread.php?s=12977308032ff9f5f59295718967aaa3&t=10942&page=9	st-10942-p-9.html
20070328152508	http://forum.azzurra.org:80/showthread.php?s=17c9adcf2e3049ef9794ba339ba88b5e&t=10942&page=10	st-10942-p-10.html
20070312202952	http://forum.azzurra.org:80/showthread.php?s=4df9ff0ef87f55284faee03b2bde9a3d&t=10942&page=12	st-10942-p-12.html
20070314092554	http://forum.azzurra.org:80/showthread.php?s=4df9ff0ef87f55284faee03b2bde9a3d&t=10942&page=13	st-10942-p-13.html
20070312215300	http://forum.azzurra.org:80/showthread.php?s=4df9ff0ef87f55284faee03b2bde9a3d&t=10942&page=13	st-10942-p-13.html
20070314092605	http://forum.azzurra.org:80/showthread.php?s=4df9ff0ef87f55284faee03b2bde9a3d&t=10942&page=14	st-10942-p-14.html
20070312215313	http://forum.azzurra.org:80/showthread.php?s=4df9ff0ef87f55284faee03b2bde9a3d&t=10942&page=14	st-10942-p-14.html
20070312191632	http://forum.azzurra.org:80/showthread.php?s=12977308032ff9f5f59295718967aaa3&t=10942&page=15	st-10942-p-15.html
20070312191643	http://forum.azzurra.org:80/showthread.php?s=12977308032ff9f5f59295718967aaa3&t=10942&page=32	st-10942-p-32.html
20070520080356	http://forum.azzurra.org:80/showthread.php?s=f4ffe6c54ee581e54a986a26fb3b6e88&t=10942&page=35	st-10942-p-35.html
20070518173417	http://forum.azzurra.org:80/showthread.php?s=1c671239710595e2a71cdea4782548ab&t=10942&page=38	st-10942-p-38.html
20070312202744	http://forum.azzurra.org:80/showthread.php?s=12977308032ff9f5f59295718967aaa3&t=10942&page=38	st-10942-p-38.html
20070518080925	http://forum.azzurra.org:80/showthread.php?s=ff786f52a9a92869d4fabe1c02ff2fda&t=10942&page=39	st-10942-p-39.html
20070314061143	http://forum.azzurra.org:80/showthread.php?s=12977308032ff9f5f59295718967aaa3&t=10942&page=39	st-10942-p-39.html
20070312215054	http://forum.azzurra.org:80/showthread.php?s=12977308032ff9f5f59295718967aaa3&t=10942&page=39	st-10942-p-39.html
20070519213833	http://forum.azzurra.org:80/showthread.php?s=fec5d08e578eb4b1fdc15cbbc69c04f9&t=10942&page=40	st-10942-p-40.html
20070312202753	http://forum.azzurra.org:80/showthread.php?s=12977308032ff9f5f59295718967aaa3&t=10942&page=40	st-10942-p-40.html
20070520080311	http://forum.azzurra.org:80/showthread.php?s=f4ffe6c54ee581e54a986a26fb3b6e88&t=10942&page=41	st-10942-p-41.html
20070312191653	http://forum.azzurra.org:80/showthread.php?s=12977308032ff9f5f59295718967aaa3&t=10942&page=41	st-10942-p-41.html
20070520080429	http://forum.azzurra.org:80/showthread.php?s=f4ffe6c54ee581e54a986a26fb3b6e88&t=10942&page=42	st-10942-p-42.html
20070318064253	http://forum.azzurra.org:80/showthread.php?t=10942&page=43	st-10942-p-43.html
20070317015201	http://forum.azzurra.org:80/showthread.php?t=10942&page=43	st-10942-p-43.html
20070520080446	http://forum.azzurra.org:80/showthread.php?s=f4ffe6c54ee581e54a986a26fb3b6e88&t=10942&page=43	st-10942-p-43.html
20070518081821	http://forum.azzurra.org:80/showthread.php?s=1c671239710595e2a71cdea4782548ab&t=10942&page=44	st-10942-p-44.html
20070323065551	http://forum.azzurra.org:80/showthread.php?s=b0b2c19b5ab8c2b34711525b5c2b7847&t=10942&page=44	st-10942-p-44.html
20070518045805	http://forum.azzurra.org:80/showthread.php?s=1c671239710595e2a71cdea4782548ab&t=10942&page=45	st-10942-p-45.html
20070518045550	http://forum.azzurra.org:80/showthread.php?s=1c671239710595e2a71cdea4782548ab&t=10942&page=46	st-10942-p-46.html
20070518050512	http://forum.azzurra.org:80/showthread.php?s=1c671239710595e2a71cdea4782548ab&t=10942&page=47	st-10942-p-47.html
20070518153614	http://forum.azzurra.org:80/showthread.php?s=ff786f52a9a92869d4fabe1c02ff2fda&t=10942&page=48	st-10942-p-48.html
20070518153007	http://forum.azzurra.org:80/showthread.php?s=1c671239710595e2a71cdea4782548ab&t=10942&page=49	st-10942-p-49.html
20070518050300	http://forum.azzurra.org:80/showthread.php?s=1c671239710595e2a71cdea4782548ab&t=10942&page=50	st-10942-p-50.html
20070518045657	http://forum.azzurra.org:80/showthread.php?s=1c671239710595e2a71cdea4782548ab&t=10942&page=51	st-10942-p-51.html
20070519211625	http://forum.azzurra.org:80/showthread.php?s=fec5d08e578eb4b1fdc15cbbc69c04f9&t=10942&page=52	st-10942-p-52.html
20070712171648	http://forum.azzurra.org:80/showthread.php?s=d6d00ebef48cff968e48e88fe26cb440&t=10942&page=68	st-10942-p-68.html
20120803143914	http://forum.azzurra.org/showthread.php?t=11182	st-11182-p-1.html
20120730161639	http://forum.azzurra.org/showthread.php?t=11182	st-11182-p-1.html
20160819210359	http://forum.azzurra.org/showthread.php?s=a592ea1baeed91912adea4da88d5ea29&mode=hybrid&t=11182	st-11182-p-1.html
20160817235612	http://forum.azzurra.org/showthread.php?s=31ebd4ca207917b256151794a58f4278&t=11182&page=2	st-11182-p-2.html
20160818085045	http://forum.azzurra.org/showthread.php?s=31ebd4ca207917b256151794a58f4278&t=11182&page=3	st-11182-p-3.html
20070519050131	http://forum.azzurra.org:80/showthread.php?s=fec5d08e578eb4b1fdc15cbbc69c04f9&t=11182&page=3	st-11182-p-3.html
20160818084357	http://forum.azzurra.org/showthread.php?s=a592ea1baeed91912adea4da88d5ea29&t=11182&page=16	st-11182-p-16.html
20070310014529	http://forum.azzurra.org:80/showthread.php?s=ec9c872bbd81e5113dcc2748ca167e01&t=11182&page=34	st-11182-p-34.html
20070303222530	http://forum.azzurra.org:80/showthread.php?s=ec9c872bbd81e5113dcc2748ca167e01&t=11182&page=41	st-11182-p-41.html
20070301040728	http://forum.azzurra.org:80/showthread.php?s=88f1c0b5ca7f3b0c060e4e1b941c677a&t=11182&page=42	st-11182-p-42.html
20070310220653	http://forum.azzurra.org:80/showthread.php?t=11182&page=43	st-11182-p-43.html
20070303044345	http://forum.azzurra.org:80/showthread.php?s=ec9c872bbd81e5113dcc2748ca167e01&t=11182&page=43	st-11182-p-43.html
20070301040449	http://forum.azzurra.org:80/showthread.php?s=5223010a763a81bf6d9f1a1c87a0c864&t=11182&page=44	st-11182-p-44.html
20070303222539	http://forum.azzurra.org:80/showthread.php?s=ec9c872bbd81e5113dcc2748ca167e01&t=11182&page=45	st-11182-p-45.html
20070303203806	http://forum.azzurra.org:80/showthread.php?s=ec9c872bbd81e5113dcc2748ca167e01&t=11182&page=46	st-11182-p-46.html
20070310014509	http://forum.azzurra.org:80/showthread.php?s=00f608608331541a22414b4586d7fdcc&t=11182&page=53	st-11182-p-53.html
20160818205803	http://forum.azzurra.org/showthread.php?s=a592ea1baeed91912adea4da88d5ea29&t=11182&page=66	st-11182-p-66.html
20070302001123	http://forum.azzurra.org:80/showthread.php?s=88f1c0b5ca7f3b0c060e4e1b941c677a&t=11182&page=82	st-11182-p-82.html
20070303203816	http://forum.azzurra.org:80/showthread.php?s=ec9c872bbd81e5113dcc2748ca167e01&t=11182&page=83	st-11182-p-83.html
20070301040500	http://forum.azzurra.org:80/showthread.php?s=5223010a763a81bf6d9f1a1c87a0c864&t=11182&page=84	st-11182-p-84.html
20070303222550	http://forum.azzurra.org:80/showthread.php?s=ec9c872bbd81e5113dcc2748ca167e01&t=11182&page=85	st-11182-p-85.html
20070301040730	http://forum.azzurra.org:80/showthread.php?s=88f1c0b5ca7f3b0c060e4e1b941c677a&t=11182&page=88	st-11182-p-88.html
20070310171827	http://forum.azzurra.org:80/showthread.php?t=11182&page=89	st-11182-p-89.html
20070303044355	http://forum.azzurra.org:80/showthread.php?s=ec9c872bbd81e5113dcc2748ca167e01&t=11182&page=89	st-11182-p-89.html
20070228022836	http://forum.azzurra.org:80/showthread.php?s=88f1c0b5ca7f3b0c060e4e1b941c677a&t=11182&page=90	st-11182-p-90.html
20070227233148	http://forum.azzurra.org:80/showthread.php?s=88f1c0b5ca7f3b0c060e4e1b941c677a&t=11182&page=91	st-11182-p-91.html
20070301040510	http://forum.azzurra.org:80/showthread.php?s=5223010a763a81bf6d9f1a1c87a0c864&t=11182&page=92	st-11182-p-92.html
20070519050255	http://forum.azzurra.org:80/showthread.php?s=fec5d08e578eb4b1fdc15cbbc69c04f9&t=11182&page=93	st-11182-p-93.html
20070301004726	http://forum.azzurra.org:80/showthread.php?s=88f1c0b5ca7f3b0c060e4e1b941c677a&t=11182&page=93	st-11182-p-93.html
20070301040740	http://forum.azzurra.org:80/showthread.php?s=88f1c0b5ca7f3b0c060e4e1b941c677a&t=11182&page=94	st-11182-p-94.html
20070308153551	http://forum.azzurra.org:80/showthread.php?t=11182&page=95	st-11182-p-95.html
20070303012507	http://forum.azzurra.org:80/showthread.php?s=ec9c872bbd81e5113dcc2748ca167e01&t=11182&page=95	st-11182-p-95.html
20070314222631	http://forum.azzurra.org:80/showthread.php?s=b5c7edb0b46b5d0b84a4a9b1f598721a&t=11182&page=96	st-11182-p-96.html
20070519051810	http://forum.azzurra.org:80/showthread.php?s=fec5d08e578eb4b1fdc15cbbc69c04f9&t=11182&page=100	st-11182-p-100.html
20070519050745	http://forum.azzurra.org:80/showthread.php?s=fec5d08e578eb4b1fdc15cbbc69c04f9&t=11182&page=101	st-11182-p-101.html
20070519012643	http://forum.azzurra.org:80/showthread.php?s=fec5d08e578eb4b1fdc15cbbc69c04f9&t=11182&page=102	st-11182-p-102.html
20160818001830	http://forum.azzurra.org/showthread.php?s=a592ea1baeed91912adea4da88d5ea29&t=11182&page=106	st-11182-p-106.html
20160818102605	http://forum.azzurra.org/showthread.php?s=a592ea1baeed91912adea4da88d5ea29&t=11182&page=112	st-11182-p-112.html
20160819030435	http://forum.azzurra.org/showthread.php?s=a592ea1baeed91912adea4da88d5ea29&t=11182&page=113	st-11182-p-113.html
20160818111921	http://forum.azzurra.org/showthread.php?s=a592ea1baeed91912adea4da88d5ea29&t=11182&page=114	st-11182-p-114.html
20160818110435	http://forum.azzurra.org/showthread.php?s=a592ea1baeed91912adea4da88d5ea29&t=11182&page=115	st-11182-p-115.html
20160818014631	http://forum.azzurra.org/showthread.php?s=31ebd4ca207917b256151794a58f4278&t=11182&page=116	st-11182-p-116.html
20070830022818	http://forum.azzurra.org:80/showthread.php?s=f8fd7cd9388d9cc0d8bdb56a3cd7faac&t=11250&page=11	st-11250-p-11.html
20070323141249	http://forum.azzurra.org:80/showthread.php?t=11378	st-11378-p-1.html
20070317133819	http://forum.azzurra.org:80/showthread.php?s=9b988f08c4f043686a958ffea4e08970&mode=hybrid&t=11378	st-11378-p-1.html
20070312190603	http://forum.azzurra.org:80/showthread.php?s=12977308032ff9f5f59295718967aaa3&t=11378	st-11378-p-1.html
20070312202553	http://forum.azzurra.org:80/showthread.php?s=12977308032ff9f5f59295718967aaa3&t=11378&page=2	st-11378-p-2.html
20070312202602	http://forum.azzurra.org:80/showthread.php?s=12977308032ff9f5f59295718967aaa3&t=11378&page=3	st-11378-p-3.html
20070317133430	http://forum.azzurra.org:80/showthread.php?s=9b988f08c4f043686a958ffea4e08970&t=11378&page=4	st-11378-p-4.html
20070312202612	http://forum.azzurra.org:80/showthread.php?s=12977308032ff9f5f59295718967aaa3&t=11378&page=5	st-11378-p-5.html
20070314060701	http://forum.azzurra.org:80/showthread.php?s=4df9ff0ef87f55284faee03b2bde9a3d&t=11385	st-11385-p-1.html
20070312214200	http://forum.azzurra.org:80/showthread.php?s=4df9ff0ef87f55284faee03b2bde9a3d&t=11385	st-11385-p-1.html
20070312202632	http://forum.azzurra.org:80/showthread.php?s=4df9ff0ef87f55284faee03b2bde9a3d&t=11385&page=2	st-11385-p-2.html
20070301033744	http://forum.azzurra.org:80/showthread.php?t=11604	st-11604-p-1.html
20070911113026	http://forum.azzurra.org:80/showthread.php?s=eee37a900a77995355b38b46b227da72&t=11604	st-11604-p-1.html
20070911032547	http://forum.azzurra.org:80/showthread.php?s=c381e48782d725ef568d9b82733ab3a6&t=11604&page=1	st-11604-p-1.html
20070302150007	http://forum.azzurra.org:80/showthread.php?s=b6f283006f76983cf1134719530e3dcd&t=11604&page=2	st-11604-p-2.html
20070910132316	http://forum.azzurra.org:80/showthread.php?s=eee37a900a77995355b38b46b227da72&t=11604&page=3	st-11604-p-3.html
20070302150017	http://forum.azzurra.org:80/showthread.php?s=b6f283006f76983cf1134719530e3dcd&t=11604&page=3	st-11604-p-3.html
20070301040309	http://forum.azzurra.org:80/showthread.php?s=b6f283006f76983cf1134719530e3dcd&t=11604&page=4	st-11604-p-4.html
20070308153520	http://forum.azzurra.org:80/showthread.php?t=11604&page=5	st-11604-p-5.html
20070910202313	http://forum.azzurra.org:80/showthread.php?s=eee37a900a77995355b38b46b227da72&t=11604&page=5	st-11604-p-5.html
20070302150027	http://forum.azzurra.org:80/showthread.php?s=b6f283006f76983cf1134719530e3dcd&t=11604&page=5	st-11604-p-5.html
20070910203934	http://forum.azzurra.org:80/showthread.php?s=eee37a900a77995355b38b46b227da72&t=11604&page=6	st-11604-p-6.html
20070910133127	http://forum.azzurra.org:80/showthread.php?s=eee37a900a77995355b38b46b227da72&t=11604&page=6	st-11604-p-6.html
20070305084439	http://forum.azzurra.org:80/showthread.php?s=efd400b3927c68158ee3382a57a126e4&t=11604&page=6	st-11604-p-6.html
20070314161339	http://forum.azzurra.org:80/showthread.php?t=11760	st-11760-p-1.html
20070313133206	http://forum.azzurra.org:80/showthread.php?t=11760&page=2	st-11760-p-2.html
20070308155132	http://forum.azzurra.org:80/showthread.php?s=efd400b3927c68158ee3382a57a126e4&t=11760&page=2	st-11760-p-2.html
20120803125002	http://forum.azzurra.org/showthread.php?t=11792	st-11792-p-1.html
20120730135628	http://forum.azzurra.org/showthread.php?t=11792	st-11792-p-1.html
20070321092246	http://forum.azzurra.org:80/showthread.php?mode=hybrid&t=11792	st-11792-p-1.html
20160818105603	http://forum.azzurra.org/showthread.php?s=cb7b140df17435b1094cfa816e75d327&t=11792&page=2	st-11792-p-2.html
20070308091956	http://forum.azzurra.org:80/showthread.php?s=efd400b3927c68158ee3382a57a126e4&t=11792&page=2	st-11792-p-2.html
20160818003157	http://forum.azzurra.org/showthread.php?s=cb7b140df17435b1094cfa816e75d327&t=11792&page=3	st-11792-p-3.html
20070308092007	http://forum.azzurra.org:80/showthread.php?s=efd400b3927c68158ee3382a57a126e4&t=11792&page=3	st-11792-p-3.html
20070311072147	http://forum.azzurra.org:80/showthread.php?s=4df9ff0ef87f55284faee03b2bde9a3d&t=11792&page=4	st-11792-p-4.html
20070321021426	http://forum.azzurra.org:80/showthread.php?t=11792&page=5	st-11792-p-5.html
20070311072157	http://forum.azzurra.org:80/showthread.php?s=4df9ff0ef87f55284faee03b2bde9a3d&t=11792&page=5	st-11792-p-5.html
20070321021436	http://forum.azzurra.org:80/showthread.php?t=11792&page=6	st-11792-p-6.html
20070311135247	http://forum.azzurra.org:80/showthread.php?s=4df9ff0ef87f55284faee03b2bde9a3d&t=11792&page=7	st-11792-p-7.html
20070308155153	http://forum.azzurra.org:80/showthread.php?s=efd400b3927c68158ee3382a57a126e4&t=11792&page=8	st-11792-p-8.html
20160818112412	http://forum.azzurra.org/showthread.php?s=cb7b140df17435b1094cfa816e75d327&t=11792&page=9	st-11792-p-9.html
20120803052950	http://forum.azzurra.org/showthread.php?t=11808	st-11808-p-1.html
20120730063613	http://forum.azzurra.org/showthread.php?t=11808	st-11808-p-1.html
20160817232749	http://forum.azzurra.org/showthread.php?s=31ebd4ca207917b256151794a58f4278&t=11808	st-11808-p-1.html
20160817230121	http://forum.azzurra.org/showthread.php?s=31ebd4ca207917b256151794a58f4278&t=11808&page=2	st-11808-p-2.html
20160818085434	http://forum.azzurra.org/showthread.php?s=31ebd4ca207917b256151794a58f4278&t=11808&page=3	st-11808-p-3.html
20160817211059	http://forum.azzurra.org/showthread.php?s=31ebd4ca207917b256151794a58f4278&t=11808&page=4	st-11808-p-4.html
20051213084936	http://forum.azzurra.org:80/showthread.php?t=11823	st-11823-p-1.html
20051213085233	http://forum.azzurra.org:80/showthread.php?t=11823&page=2	st-11823-p-2.html
20070310043320	http://forum.azzurra.org:80/showthread.php?mode=hybrid&t=11850	st-11850-p-1.html
20070302150832	http://forum.azzurra.org:80/showthread.php?s=88f1c0b5ca7f3b0c060e4e1b941c677a&mode=hybrid&t=11850	st-11850-p-1.html
20070223211542	http://forum.azzurra.org:80/showthread.php?s=f31549aa49846a60e054e20cb590eec2&t=11850	st-11850-p-1.html
20070310140901	http://forum.azzurra.org:80/showthread.php?t=11850&page=2	st-11850-p-2.html
20070302180102	http://forum.azzurra.org:80/showthread.php?s=88f1c0b5ca7f3b0c060e4e1b941c677a&t=11850&page=2	st-11850-p-2.html
20070301040148	http://forum.azzurra.org:80/showthread.php?s=88f1c0b5ca7f3b0c060e4e1b941c677a&t=11850&page=3	st-11850-p-3.html
20070309011316	http://forum.azzurra.org:80/showthread.php?t=11850&page=4	st-11850-p-4.html
20070302145956	http://forum.azzurra.org:80/showthread.php?s=88f1c0b5ca7f3b0c060e4e1b941c677a&t=11850&page=4	st-11850-p-4.html
20070302180125	http://forum.azzurra.org:80/showthread.php?s=88f1c0b5ca7f3b0c060e4e1b941c677a&t=11850&page=5	st-11850-p-5.html
20070322123635	http://forum.azzurra.org:80/showthread.php?s=9b988f08c4f043686a958ffea4e08970&mode=hybrid&t=11995	st-11995-p-1.html
20070312201747	http://forum.azzurra.org:80/showthread.php?s=4df9ff0ef87f55284faee03b2bde9a3d&t=11995	st-11995-p-1.html
20070312191458	http://forum.azzurra.org:80/showthread.php?s=4df9ff0ef87f55284faee03b2bde9a3d&t=11995&page=2	st-11995-p-2.html
20070315133734	http://forum.azzurra.org:80/showthread.php?t=12033	st-12033-p-1.html
20070312212515	http://forum.azzurra.org:80/showthread.php?s=12977308032ff9f5f59295718967aaa3&mode=hybrid&t=12033	st-12033-p-1.html
20070306022412	http://forum.azzurra.org:80/showthread.php?s=efd400b3927c68158ee3382a57a126e4&t=12033	st-12033-p-1.html
20070314162655	http://forum.azzurra.org:80/showthread.php?s=b386d24dfe7e52fa928c31031336e090&t=12033&page=2	st-12033-p-2.html
20070314161208	http://forum.azzurra.org:80/showthread.php?s=b386d24dfe7e52fa928c31031336e090&t=12033&page=3	st-12033-p-3.html
20070314162703	http://forum.azzurra.org:80/showthread.php?s=b386d24dfe7e52fa928c31031336e090&t=12033&page=5	st-12033-p-5.html
20070228030712	http://forum.azzurra.org:80/showthread.php?s=88f1c0b5ca7f3b0c060e4e1b941c677a&mode=hybrid&t=12087	st-12087-p-1.html
20070224082658	http://forum.azzurra.org:80/showthread.php?s=f31549aa49846a60e054e20cb590eec2&t=12087	st-12087-p-1.html
20070302000906	http://forum.azzurra.org:80/showthread.php?s=5223010a763a81bf6d9f1a1c87a0c864&t=12087&page=4	st-12087-p-4.html
20070228175225	http://forum.azzurra.org:80/showthread.php?s=88f1c0b5ca7f3b0c060e4e1b941c677a&t=12087&page=5	st-12087-p-5.html
20070303203608	http://forum.azzurra.org:80/showthread.php?s=ec9c872bbd81e5113dcc2748ca167e01&t=12087&page=6	st-12087-p-6.html
20070322160221	http://forum.azzurra.org:80/showthread.php?s=9b988f08c4f043686a958ffea4e08970&t=12087&page=7	st-12087-p-7.html
20070301040208	http://forum.azzurra.org:80/showthread.php?s=88f1c0b5ca7f3b0c060e4e1b941c677a&t=12087&page=8	st-12087-p-8.html
20070227233251	http://forum.azzurra.org:80/showthread.php?s=88f1c0b5ca7f3b0c060e4e1b941c677a&t=12087&page=10	st-12087-p-10.html
20070314092704	http://forum.azzurra.org:80/showthread.php?s=4fe86ab0b723042d4a89947370ae72c6&t=12087&page=11	st-12087-p-11.html
20070312215621	http://forum.azzurra.org:80/showthread.php?s=4fe86ab0b723042d4a89947370ae72c6&t=12087&page=11	st-12087-p-11.html
20070513164342	http://forum.azzurra.org:80/showthread.php?s=b2d2e6b9c3222ce1a5e9ee61df2646ff&mode=hybrid&t=12106	st-12106-p-1.html
20070513112953	http://forum.azzurra.org:80/showthread.php?s=b2d2e6b9c3222ce1a5e9ee61df2646ff&t=12106	st-12106-p-1.html
20070509022227	http://forum.azzurra.org:80/showthread.php?s=20f8aeebe3826248a19c4f6362c826e4&t=12106&page=2	st-12106-p-2.html
20070508235807	http://forum.azzurra.org:80/showthread.php?s=20f8aeebe3826248a19c4f6362c826e4&t=12106&page=3	st-12106-p-3.html
20070520212413	http://forum.azzurra.org:80/showthread.php?s=ff786f52a9a92869d4fabe1c02ff2fda&t=12106&page=62	st-12106-p-62.html
20070518173340	http://forum.azzurra.org:80/showthread.php?s=1c671239710595e2a71cdea4782548ab&t=12106&page=63	st-12106-p-63.html
20070513112850	http://forum.azzurra.org:80/showthread.php?s=b2d2e6b9c3222ce1a5e9ee61df2646ff&t=12106&page=64	st-12106-p-64.html
20070518154011	http://forum.azzurra.org:80/showthread.php?s=1c671239710595e2a71cdea4782548ab&t=12106&page=113	st-12106-p-113.html
20070518172719	http://forum.azzurra.org:80/showthread.php?s=1c671239710595e2a71cdea4782548ab&t=12106&page=153	st-12106-p-153.html
20070513212112	http://forum.azzurra.org:80/showthread.php?s=b2d2e6b9c3222ce1a5e9ee61df2646ff&t=12106&page=154	st-12106-p-154.html
20070518084435	http://forum.azzurra.org:80/showthread.php?s=1c671239710595e2a71cdea4782548ab&t=12106&page=159	st-12106-p-159.html
20070513211938	http://forum.azzurra.org:80/showthread.php?s=b2d2e6b9c3222ce1a5e9ee61df2646ff&t=12106&page=160	st-12106-p-160.html
20070514210009	http://forum.azzurra.org:80/showthread.php?s=b2d2e6b9c3222ce1a5e9ee61df2646ff&t=12106&page=161	st-12106-p-161.html
20070513234052	http://forum.azzurra.org:80/showthread.php?s=b2d2e6b9c3222ce1a5e9ee61df2646ff&t=12106&page=161	st-12106-p-161.html
20070513113026	http://forum.azzurra.org:80/showthread.php?s=b2d2e6b9c3222ce1a5e9ee61df2646ff&t=12106&page=162	st-12106-p-162.html
20070513113833	http://forum.azzurra.org:80/showthread.php?s=b2d2e6b9c3222ce1a5e9ee61df2646ff&t=12106&page=163	st-12106-p-163.html
20070510012804	http://forum.azzurra.org:80/showthread.php?s=20f8aeebe3826248a19c4f6362c826e4&t=12106&page=164	st-12106-p-164.html
20120725082645	http://forum.azzurra.org/showthread.php?t=12169	st-12169-p-1.html
20120724211035	http://forum.azzurra.org/showthread.php?t=12169	st-12169-p-1.html
20160818000025	http://forum.azzurra.org/showthread.php?s=cb7b140df17435b1094cfa816e75d327&t=12169	st-12169-p-1.html
20160818002833	http://forum.azzurra.org/showthread.php?s=cb7b140df17435b1094cfa816e75d327&t=12169&page=2	st-12169-p-2.html
20160819210553	http://forum.azzurra.org/showthread.php?s=cb7b140df17435b1094cfa816e75d327&t=12169&page=3	st-12169-p-3.html
20160818003347	http://forum.azzurra.org/showthread.php?s=cb7b140df17435b1094cfa816e75d327&t=12169&page=26	st-12169-p-26.html
20120803052621	http://forum.azzurra.org/showthread.php?t=12193	st-12193-p-1.html
20120730063238	http://forum.azzurra.org/showthread.php?t=12193	st-12193-p-1.html
20160817231323	http://forum.azzurra.org/showthread.php?s=31ebd4ca207917b256151794a58f4278&t=12193	st-12193-p-1.html
20160817211924	http://forum.azzurra.org/showthread.php?s=31ebd4ca207917b256151794a58f4278&t=12193&page=2	st-12193-p-2.html
20120802195908	http://forum.azzurra.org/showthread.php?t=12220	st-12220-p-1.html
20120729212418	http://forum.azzurra.org/showthread.php?t=12220	st-12220-p-1.html
20160817204727	http://forum.azzurra.org/showthread.php?s=2b0905366121cb3328715eef38f909fb&t=12220	st-12220-p-1.html
20160817230439	http://forum.azzurra.org/showthread.php?s=2b0905366121cb3328715eef38f909fb&t=12220&page=2	st-12220-p-2.html
20160817222706	http://forum.azzurra.org/showthread.php?s=2b0905366121cb3328715eef38f909fb&t=12220&page=10	st-12220-p-10.html
20070714071914	http://forum.azzurra.org:80/showthread.php?t=12244&page=3	st-12244-p-3.html
20070911112909	http://forum.azzurra.org:80/showthread.php?s=eee37a900a77995355b38b46b227da72&t=12315	st-12315-p-1.html
20070911112630	http://forum.azzurra.org:80/showthread.php?s=8931fae3389feea547df4776b47945f5&t=12315&page=1	st-12315-p-1.html
20070910204243	http://forum.azzurra.org:80/showthread.php?s=eee37a900a77995355b38b46b227da72&mode=hybrid&t=12315	st-12315-p-1.html
20070910134818	http://forum.azzurra.org:80/showthread.php?s=eee37a900a77995355b38b46b227da72&t=12315&page=4	st-12315-p-4.html
20070910133906	http://forum.azzurra.org:80/showthread.php?s=eee37a900a77995355b38b46b227da72&t=12315&page=5	st-12315-p-5.html
20070910132416	http://forum.azzurra.org:80/showthread.php?s=eee37a900a77995355b38b46b227da72&t=12315&page=6	st-12315-p-6.html
20120801220716	http://forum.azzurra.org/showthread.php?t=12324	st-12324-p-1.html
20160818103428	http://forum.azzurra.org/showthread.php?s=95fc12a21ff9bb8aec95d945a762cfca&t=12324	st-12324-p-1.html
20160818025101	http://forum.azzurra.org/showthread.php?s=95fc12a21ff9bb8aec95d945a762cfca&t=12324&page=2	st-12324-p-2.html
20120801220845	http://forum.azzurra.org/showthread.php?t=12339	st-12339-p-1.html
20160818025350	http://forum.azzurra.org/showthread.php?s=95fc12a21ff9bb8aec95d945a762cfca&t=12339	st-12339-p-1.html
20160818020126	http://forum.azzurra.org/showthread.php?s=95fc12a21ff9bb8aec95d945a762cfca&t=12339&page=2	st-12339-p-2.html
20070513112813	http://forum.azzurra.org:80/showthread.php?t=12355	st-12355-p-1.html
20070513112256	http://forum.azzurra.org:80/showthread.php?s=b2d2e6b9c3222ce1a5e9ee61df2646ff&mode=hybrid&t=12355	st-12355-p-1.html
20070510012837	http://forum.azzurra.org:80/showthread.php?s=20f8aeebe3826248a19c4f6362c826e4&t=12355	st-12355-p-1.html
20070509000156	http://forum.azzurra.org:80/showthread.php?s=20f8aeebe3826248a19c4f6362c826e4&t=12355&page=2	st-12355-p-2.html
20070509000052	http://forum.azzurra.org:80/showthread.php?s=20f8aeebe3826248a19c4f6362c826e4&t=12355&page=3	st-12355-p-3.html
20070302050832	http://forum.azzurra.org:80/showthread.php?t=12372	st-12372-p-1.html
20070301053119	http://forum.azzurra.org:80/showthread.php?s=88f1c0b5ca7f3b0c060e4e1b941c677a&mode=hybrid&t=12372	st-12372-p-1.html
20070224165123	http://forum.azzurra.org:80/showthread.php?s=f31549aa49846a60e054e20cb590eec2&t=12372	st-12372-p-1.html
20070302000916	http://forum.azzurra.org:80/showthread.php?s=88f1c0b5ca7f3b0c060e4e1b941c677a&t=12372&page=2	st-12372-p-2.html
20070301040219	http://forum.azzurra.org:80/showthread.php?s=88f1c0b5ca7f3b0c060e4e1b941c677a&t=12372&page=3	st-12372-p-3.html
20070302000926	http://forum.azzurra.org:80/showthread.php?s=88f1c0b5ca7f3b0c060e4e1b941c677a&t=12372&page=4	st-12372-p-4.html
20070311022523	http://forum.azzurra.org:80/showthread.php?t=12432	st-12432-p-1.html
20070309013541	http://forum.azzurra.org:80/showthread.php?s=efd400b3927c68158ee3382a57a126e4&mode=hybrid&t=12432	st-12432-p-1.html
20070223184951	http://forum.azzurra.org:80/showthread.php?s=fc9f736b7bb48a05edc2b556264887f6&t=12432	st-12432-p-1.html
20070317184137	http://forum.azzurra.org:80/showthread.php?s=b386d24dfe7e52fa928c31031336e090&t=12432&page=2	st-12432-p-2.html
20070316014458	http://forum.azzurra.org:80/showthread.php?s=b386d24dfe7e52fa928c31031336e090&t=12432&page=2	st-12432-p-2.html
20120803130541	http://forum.azzurra.org/showthread.php?t=12452	st-12452-p-1.html
20120730141153	http://forum.azzurra.org/showthread.php?t=12452	st-12452-p-1.html
20160817212247	http://forum.azzurra.org/showthread.php?s=2b0905366121cb3328715eef38f909fb&t=12452	st-12452-p-1.html
20160817230507	http://forum.azzurra.org/showthread.php?s=2b0905366121cb3328715eef38f909fb&t=12452&page=2	st-12452-p-2.html
20120730163058	http://forum.azzurra.org/showthread.php?t=12463	st-12463-p-1.html
20160818090855	http://forum.azzurra.org/showthread.php?s=cb7b140df17435b1094cfa816e75d327&t=12463	st-12463-p-1.html
20070228102232	http://forum.azzurra.org:80/showthread.php?s=88f1c0b5ca7f3b0c060e4e1b941c677a&mode=hybrid&t=12463	st-12463-p-1.html
20160817232538	http://forum.azzurra.org/showthread.php?s=cb7b140df17435b1094cfa816e75d327&t=12463&page=2	st-12463-p-2.html
20120803130734	http://forum.azzurra.org/showthread.php?t=12484	st-12484-p-1.html
20120730141351	http://forum.azzurra.org/showthread.php?t=12484	st-12484-p-1.html
20160817220055	http://forum.azzurra.org/showthread.php?s=31ebd4ca207917b256151794a58f4278&t=12484	st-12484-p-1.html
20160817233135	http://forum.azzurra.org/showthread.php?s=31ebd4ca207917b256151794a58f4278&t=12484&page=2	st-12484-p-2.html
20120802124817	http://forum.azzurra.org/showthread.php?t=12535	st-12535-p-1.html
20120729134123	http://forum.azzurra.org/showthread.php?t=12535	st-12535-p-1.html
20160817233728	http://forum.azzurra.org/showthread.php?s=2b0905366121cb3328715eef38f909fb&t=12535	st-12535-p-1.html
20160818094404	http://forum.azzurra.org/showthread.php?s=2b0905366121cb3328715eef38f909fb&t=12535&page=2	st-12535-p-2.html
20160817205344	http://forum.azzurra.org/showthread.php?s=2b0905366121cb3328715eef38f909fb&t=12535&page=3	st-12535-p-3.html
20160818085843	http://forum.azzurra.org/showthread.php?s=2b0905366121cb3328715eef38f909fb&t=12535&page=4	st-12535-p-4.html
20120801221128	http://forum.azzurra.org/showthread.php?t=12536	st-12536-p-1.html
20160819210101	http://forum.azzurra.org/showthread.php?s=95fc12a21ff9bb8aec95d945a762cfca&t=12536	st-12536-p-1.html
20160818204334	http://forum.azzurra.org/showthread.php?s=95fc12a21ff9bb8aec95d945a762cfca&t=12536&page=2	st-12536-p-2.html
20070902001142	http://forum.azzurra.org:80/showthread.php?t=12593	st-12593-p-1.html
20070906032837	http://forum.azzurra.org:80/showthread.php?s=5b13b3849cfec66a8a60504074615df0&t=12593	st-12593-p-1.html
20070904031403	http://forum.azzurra.org:80/showthread.php?s=ae5bb4b842babdcc4c74ee8b2a253934&mode=hybrid&t=12593	st-12593-p-1.html
20070903182802	http://forum.azzurra.org:80/showthread.php?s=ae5bb4b842babdcc4c74ee8b2a253934&t=12593&page=2	st-12593-p-2.html
20070903085537	http://forum.azzurra.org:80/showthread.php?s=ae5bb4b842babdcc4c74ee8b2a253934&t=12593&page=3	st-12593-p-3.html
20070830023607	http://forum.azzurra.org:80/showthread.php?s=f8fd7cd9388d9cc0d8bdb56a3cd7faac&t=12622&page=4	st-12622-p-4.html
20070830022914	http://forum.azzurra.org:80/showthread.php?s=f8fd7cd9388d9cc0d8bdb56a3cd7faac&t=12622&page=5	st-12622-p-5.html
20070716141535	http://forum.azzurra.org:80/showthread.php?t=12672	st-12672-p-1.html
20070306193907	http://forum.azzurra.org:80/showthread.php?t=12672	st-12672-p-1.html
20070305095159	http://forum.azzurra.org:80/showthread.php?s=efd400b3927c68158ee3382a57a126e4&mode=hybrid&t=12672	st-12672-p-1.html
20070305084449	http://forum.azzurra.org:80/showthread.php?s=efd400b3927c68158ee3382a57a126e4&t=12672&page=2	st-12672-p-2.html
20070312185309	http://forum.azzurra.org:80/showthread.php?t=12716&page=2	st-12716-p-2.html
20070303200143	http://forum.azzurra.org:80/showthread.php?t=12716&page=3	st-12716-p-3.html
20060814031736	http://forum.azzurra.org:80/showthread.php?t=12716&page=3	st-12716-p-3.html
20120801220415	http://forum.azzurra.org/showthread.php?t=12742	st-12742-p-1.html
20160818001843	http://forum.azzurra.org/showthread.php?s=95fc12a21ff9bb8aec95d945a762cfca&t=12742	st-12742-p-1.html
20160818020514	http://forum.azzurra.org/showthread.php?s=95fc12a21ff9bb8aec95d945a762cfca&t=12742&page=2	st-12742-p-2.html
20070307080024	http://forum.azzurra.org:80/showthread.php?s=efd400b3927c68158ee3382a57a126e4&t=12778	st-12778-p-1.html
20070312202643	http://forum.azzurra.org:80/showthread.php?s=4df9ff0ef87f55284faee03b2bde9a3d&t=12778&page=2	st-12778-p-2.html
20070312202655	http://forum.azzurra.org:80/showthread.php?s=4df9ff0ef87f55284faee03b2bde9a3d&t=12778&page=3	st-12778-p-3.html
20070312191508	http://forum.azzurra.org:80/showthread.php?s=4df9ff0ef87f55284faee03b2bde9a3d&t=12778&page=6	st-12778-p-6.html
20120803132526	http://forum.azzurra.org/showthread.php?t=12792	st-12792-p-1.html
20120730144506	http://forum.azzurra.org/showthread.php?t=12792	st-12792-p-1.html
20160817215159	http://forum.azzurra.org/showthread.php?s=31ebd4ca207917b256151794a58f4278&t=12792&page=2	st-12792-p-2.html
20160818205220	http://forum.azzurra.org/showthread.php?s=31ebd4ca207917b256151794a58f4278&t=12792&page=3	st-12792-p-3.html
20160818094433	http://forum.azzurra.org/showthread.php?s=31ebd4ca207917b256151794a58f4278&t=12792&page=4	st-12792-p-4.html
20120803155038	http://forum.azzurra.org/showthread.php?t=12795	st-12795-p-1.html
20120730171006	http://forum.azzurra.org/showthread.php?t=12795	st-12795-p-1.html
20160817202735	http://forum.azzurra.org/showthread.php?s=651c2636e9eb8f2c118d862454c6e7c6&t=12795&page=2	st-12795-p-2.html
20160817233837	http://forum.azzurra.org/showthread.php?s=651c2636e9eb8f2c118d862454c6e7c6&t=12795&page=3	st-12795-p-3.html
20160817220514	http://forum.azzurra.org/showthread.php?s=651c2636e9eb8f2c118d862454c6e7c6&t=12795&page=5	st-12795-p-5.html
20070518153550	http://forum.azzurra.org:80/showthread.php?t=12875	st-12875-p-1.html
20070518154056	http://forum.azzurra.org:80/showthread.php?s=ff786f52a9a92869d4fabe1c02ff2fda&mode=hybrid&t=12875	st-12875-p-1.html
20070515014523	http://forum.azzurra.org:80/showthread.php?s=af0c48e66119455a7f37eed72deba7e9&t=12875	st-12875-p-1.html
20070518075721	http://forum.azzurra.org:80/showthread.php?s=ff786f52a9a92869d4fabe1c02ff2fda&t=12875&page=2	st-12875-p-2.html
20070518153525	http://forum.azzurra.org:80/showthread.php?s=ff786f52a9a92869d4fabe1c02ff2fda&t=12875&page=3	st-12875-p-3.html
20120803141419	http://forum.azzurra.org/showthread.php?t=12908	st-12908-p-1.html
20120730155057	http://forum.azzurra.org/showthread.php?t=12908	st-12908-p-1.html
20160818210043	http://forum.azzurra.org/showthread.php?s=651c2636e9eb8f2c118d862454c6e7c6&t=12908	st-12908-p-1.html
20160818004630	http://forum.azzurra.org/showthread.php?s=cb7b140df17435b1094cfa816e75d327&t=12908&page=2	st-12908-p-2.html
20160817231356	http://forum.azzurra.org/showthread.php?s=651c2636e9eb8f2c118d862454c6e7c6&t=12908&page=2	st-12908-p-2.html
20070228022715	http://forum.azzurra.org:80/showthread.php?s=88f1c0b5ca7f3b0c060e4e1b941c677a&t=12908&page=2	st-12908-p-2.html
20160818094501	http://forum.azzurra.org/showthread.php?s=cb7b140df17435b1094cfa816e75d327&t=12908&page=3	st-12908-p-3.html
20160818083453	http://forum.azzurra.org/showthread.php?s=651c2636e9eb8f2c118d862454c6e7c6&t=12908&page=3	st-12908-p-3.html
20070228022724	http://forum.azzurra.org:80/showthread.php?s=88f1c0b5ca7f3b0c060e4e1b941c677a&t=12908&page=3	st-12908-p-3.html
20160818094945	http://forum.azzurra.org/showthread.php?s=cb7b140df17435b1094cfa816e75d327&t=12908&page=4	st-12908-p-4.html
20070227232912	http://forum.azzurra.org:80/showthread.php?s=88f1c0b5ca7f3b0c060e4e1b941c677a&t=12908&page=4	st-12908-p-4.html
20160818001901	http://forum.azzurra.org/showthread.php?s=cb7b140df17435b1094cfa816e75d327&t=12908&page=5	st-12908-p-5.html
20070228022735	http://forum.azzurra.org:80/showthread.php?s=88f1c0b5ca7f3b0c060e4e1b941c677a&t=12908&page=5	st-12908-p-5.html
20160817211432	http://forum.azzurra.org/showthread.php?s=651c2636e9eb8f2c118d862454c6e7c6&t=12908&page=6	st-12908-p-6.html
20070227232923	http://forum.azzurra.org:80/showthread.php?s=88f1c0b5ca7f3b0c060e4e1b941c677a&t=12908&page=6	st-12908-p-6.html
20120725083632	http://forum.azzurra.org/showthread.php?t=12927	st-12927-p-1.html
20120724212359	http://forum.azzurra.org/showthread.php?t=12927	st-12927-p-1.html
20160818104603	http://forum.azzurra.org/showthread.php?s=cb7b140df17435b1094cfa816e75d327&t=12927	st-12927-p-1.html
20160818094553	http://forum.azzurra.org/showthread.php?s=cb7b140df17435b1094cfa816e75d327&t=12927&page=2	st-12927-p-2.html
20160818115026	http://forum.azzurra.org/showthread.php?s=cb7b140df17435b1094cfa816e75d327&t=12927&page=3	st-12927-p-3.html
20160819210000	http://forum.azzurra.org/showthread.php?s=cb7b140df17435b1094cfa816e75d327&t=12927&page=26	st-12927-p-26.html
20070304065724	http://forum.azzurra.org:80/showthread.php?s=9e6c5744eefe9238f6006a59f254e07a&t=12942	st-12942-p-1.html
20070311135327	http://forum.azzurra.org:80/showthread.php?s=4df9ff0ef87f55284faee03b2bde9a3d&t=12942&page=3	st-12942-p-3.html
20070311102412	http://forum.azzurra.org:80/showthread.php?s=4df9ff0ef87f55284faee03b2bde9a3d&t=12942&page=7	st-12942-p-7.html
20070517205604	http://forum.azzurra.org:80/showthread.php?t=12952	st-12952-p-1.html
20070518050559	http://forum.azzurra.org:80/showthread.php?s=1c671239710595e2a71cdea4782548ab&mode=hybrid&t=12952	st-12952-p-1.html
20070517205322	http://forum.azzurra.org:80/showthread.php?s=9600b1030ef7c3376bb70576491256d8&mode=hybrid&t=12952	st-12952-p-1.html
20070518045212	http://forum.azzurra.org:80/showthread.php?s=1c671239710595e2a71cdea4782548ab&t=12952&page=2	st-12952-p-2.html
20070517204531	http://forum.azzurra.org:80/showthread.php?s=9600b1030ef7c3376bb70576491256d8&t=12952&page=2	st-12952-p-2.html
20070518045621	http://forum.azzurra.org:80/showthread.php?s=1c671239710595e2a71cdea4782548ab&t=12952&page=3	st-12952-p-3.html
20070517231202	http://forum.azzurra.org:80/showthread.php?s=9600b1030ef7c3376bb70576491256d8&t=12952&page=3	st-12952-p-3.html
20070317190948	http://forum.azzurra.org:80/showthread.php?s=9b988f08c4f043686a958ffea4e08970&mode=hybrid&t=12955	st-12955-p-1.html
20070312201807	http://forum.azzurra.org:80/showthread.php?s=4df9ff0ef87f55284faee03b2bde9a3d&t=12955	st-12955-p-1.html
20070312191520	http://forum.azzurra.org:80/showthread.php?s=4df9ff0ef87f55284faee03b2bde9a3d&t=12955&page=2	st-12955-p-2.html
20070312191531	http://forum.azzurra.org:80/showthread.php?s=4df9ff0ef87f55284faee03b2bde9a3d&t=12955&page=3	st-12955-p-3.html
20070312191601	http://forum.azzurra.org:80/showthread.php?s=4df9ff0ef87f55284faee03b2bde9a3d&t=12955&page=5	st-12955-p-5.html
20120801214456	http://forum.azzurra.org/showthread.php?t=12958	st-12958-p-1.html
20160819025859	http://forum.azzurra.org/showthread.php?s=a592ea1baeed91912adea4da88d5ea29&t=12958	st-12958-p-1.html
20160818091112	http://forum.azzurra.org/showthread.php?s=a592ea1baeed91912adea4da88d5ea29&t=12958&page=2	st-12958-p-2.html
20160819031130	http://forum.azzurra.org/showthread.php?s=a592ea1baeed91912adea4da88d5ea29&t=12958&page=3	st-12958-p-3.html
20160818005910	http://forum.azzurra.org/showthread.php?s=a592ea1baeed91912adea4da88d5ea29&t=12958&page=8	st-12958-p-8.html
20061109181252	http://forum.azzurra.org:80/showthread.php?t=12969&amp;page=2	st-12969-p-1.html
20061028194616	http://forum.azzurra.org:80/showthread.php?t=12969&page=2	st-12969-p-2.html
20070316045437	http://forum.azzurra.org:80/showthread.php?s=1e4a43fa181fc4cdf7626ba07b3520a9&t=13009	st-13009-p-1.html
20060822114948	http://forum.azzurra.org:80/showthread.php?t=13009&page=9	st-13009-p-9.html
20120803124005	http://forum.azzurra.org/showthread.php?t=13017	st-13017-p-1.html
20120730134626	http://forum.azzurra.org/showthread.php?t=13017	st-13017-p-1.html
20090914055611	http://forum.azzurra.org:80/showthread.php?t=13017	st-13017-p-1.html
20160818205732	http://forum.azzurra.org/showthread.php?s=2b0905366121cb3328715eef38f909fb&t=13017&page=2	st-13017-p-2.html
20070903224740	http://forum.azzurra.org:80/showthread.php?s=ae5bb4b842babdcc4c74ee8b2a253934&t=13017&page=2	st-13017-p-2.html
20070317184147	http://forum.azzurra.org:80/showthread.php?s=b386d24dfe7e52fa928c31031336e090&t=13017&page=2	st-13017-p-2.html
20160818095100	http://forum.azzurra.org/showthread.php?s=2b0905366121cb3328715eef38f909fb&t=13017&page=3	st-13017-p-3.html
20070904031450	http://forum.azzurra.org:80/showthread.php?s=ae5bb4b842babdcc4c74ee8b2a253934&t=13017&page=3	st-13017-p-3.html
20070316051955	http://forum.azzurra.org:80/showthread.php?s=b386d24dfe7e52fa928c31031336e090&t=13017&page=3	st-13017-p-3.html
20070903085300	http://forum.azzurra.org:80/showthread.php?s=ae5bb4b842babdcc4c74ee8b2a253934&t=13017&page=4	st-13017-p-4.html
20070903085346	http://forum.azzurra.org:80/showthread.php?s=ae5bb4b842babdcc4c74ee8b2a253934&t=13017&page=5	st-13017-p-5.html
20070517092104	http://forum.azzurra.org:80/showthread.php?s=e183a62aff7a93cd86be8b5f9295cba2&t=13017&page=5	st-13017-p-5.html
20070517003845	http://forum.azzurra.org:80/showthread.php?s=e183a62aff7a93cd86be8b5f9295cba2&t=13017&page=5	st-13017-p-5.html
20160817203940	http://forum.azzurra.org/showthread.php?s=2b0905366121cb3328715eef38f909fb&t=13017&page=6	st-13017-p-6.html
20070906032634	http://forum.azzurra.org:80/showthread.php?s=32be4e4e9c5e40947c272304b83c4cab&t=13017&page=6	st-13017-p-6.html
20070518083710	http://forum.azzurra.org:80/showthread.php?s=ff786f52a9a92869d4fabe1c02ff2fda&t=13017&page=6	st-13017-p-6.html
20160817233355	http://forum.azzurra.org/showthread.php?s=2b0905366121cb3328715eef38f909fb&t=13017&page=7	st-13017-p-7.html
20070518083849	http://forum.azzurra.org:80/showthread.php?s=ff786f52a9a92869d4fabe1c02ff2fda&t=13017&page=7	st-13017-p-7.html
20160817233740	http://forum.azzurra.org/showthread.php?s=2b0905366121cb3328715eef38f909fb&t=13017&page=8	st-13017-p-8.html
20070518152935	http://forum.azzurra.org:80/showthread.php?s=ff786f52a9a92869d4fabe1c02ff2fda&t=13017&page=8	st-13017-p-8.html
20070316052006	http://forum.azzurra.org:80/showthread.php?s=b386d24dfe7e52fa928c31031336e090&t=13017&page=8	st-13017-p-8.html
20160817203418	http://forum.azzurra.org/showthread.php?s=2b0905366121cb3328715eef38f909fb&t=13017&page=9	st-13017-p-9.html
20070903085521	http://forum.azzurra.org:80/showthread.php?s=ae5bb4b842babdcc4c74ee8b2a253934&t=13017&page=9	st-13017-p-9.html
20160818002901	http://forum.azzurra.org/showthread.php?s=2b0905366121cb3328715eef38f909fb&t=13017&page=10	st-13017-p-10.html
20120802205028	http://forum.azzurra.org/showthread.php?t=13029	st-13029-p-1.html
20120729221252	http://forum.azzurra.org/showthread.php?t=13029	st-13029-p-1.html
20070517210807	http://forum.azzurra.org:80/showthread.php?t=13029	st-13029-p-1.html
20061031080232	http://forum.azzurra.org:80/showthread.php?t=13029&page=2	st-13029-p-2.html
20160817215406	http://forum.azzurra.org/showthread.php?s=b8a861723702b5dae0773e204892fb83&t=13029&page=2	st-13029-p-2.html
20070517210158	http://forum.azzurra.org:80/showthread.php?s=e183a62aff7a93cd86be8b5f9295cba2&t=13029&page=2	st-13029-p-2.html
20070904193127	http://forum.azzurra.org:80/showthread.php?t=13029&page=3	st-13029-p-3.html
20160818091121	http://forum.azzurra.org/showthread.php?s=b8a861723702b5dae0773e204892fb83&t=13029&page=3	st-13029-p-3.html
20070518080937	http://forum.azzurra.org:80/showthread.php?s=ff786f52a9a92869d4fabe1c02ff2fda&t=13029&page=3	st-13029-p-3.html
20070518074709	http://forum.azzurra.org:80/showthread.php?s=ff786f52a9a92869d4fabe1c02ff2fda&t=13029&page=4	st-13029-p-4.html
20070517210842	http://forum.azzurra.org:80/showthread.php?s=e183a62aff7a93cd86be8b5f9295cba2&t=13029&page=4	st-13029-p-4.html
20070518153752	http://forum.azzurra.org:80/showthread.php?s=ff786f52a9a92869d4fabe1c02ff2fda&t=13029&page=5	st-13029-p-5.html
20070517210801	http://forum.azzurra.org:80/showthread.php?s=e183a62aff7a93cd86be8b5f9295cba2&t=13029&page=5	st-13029-p-5.html
20070518043703	http://forum.azzurra.org:80/showthread.php?s=ff786f52a9a92869d4fabe1c02ff2fda&t=13029&page=7	st-13029-p-7.html
20070517204707	http://forum.azzurra.org:80/showthread.php?s=e183a62aff7a93cd86be8b5f9295cba2&t=13029&page=7	st-13029-p-7.html
20070518153937	http://forum.azzurra.org:80/showthread.php?s=1c671239710595e2a71cdea4782548ab&t=13029&page=8	st-13029-p-8.html
20070517204701	http://forum.azzurra.org:80/showthread.php?s=e183a62aff7a93cd86be8b5f9295cba2&t=13029&page=8	st-13029-p-8.html
20070518153101	http://forum.azzurra.org:80/showthread.php?s=1c671239710595e2a71cdea4782548ab&t=13029&page=9	st-13029-p-9.html
20070517210638	http://forum.azzurra.org:80/showthread.php?s=e183a62aff7a93cd86be8b5f9295cba2&t=13029&page=9	st-13029-p-9.html
20070518075704	http://forum.azzurra.org:80/showthread.php?s=1c671239710595e2a71cdea4782548ab&t=13029&page=10	st-13029-p-10.html
20070517204349	http://forum.azzurra.org:80/showthread.php?s=e183a62aff7a93cd86be8b5f9295cba2&t=13029&page=10	st-13029-p-10.html
20070518081800	http://forum.azzurra.org:80/showthread.php?s=1c671239710595e2a71cdea4782548ab&t=13029&page=11	st-13029-p-11.html
20070517204839	http://forum.azzurra.org:80/showthread.php?s=e183a62aff7a93cd86be8b5f9295cba2&t=13029&page=11	st-13029-p-11.html
20070519013301	http://forum.azzurra.org:80/showthread.php?t=13029&page=12	st-13029-p-12.html
20070517091904	http://forum.azzurra.org:80/showthread.php?s=e183a62aff7a93cd86be8b5f9295cba2&t=13029&page=12	st-13029-p-12.html
20070517004007	http://forum.azzurra.org:80/showthread.php?s=e183a62aff7a93cd86be8b5f9295cba2&t=13029&page=12	st-13029-p-12.html
20160817211138	http://forum.azzurra.org/showthread.php?s=b8a861723702b5dae0773e204892fb83&t=13029&page=14	st-13029-p-14.html
20070512013633	http://forum.azzurra.org:80/showthread.php?t=13045	st-13045-p-1.html
20070206162755	http://forum.azzurra.org:80/showthread.php?t=13045	st-13045-p-1.html
20061016001225	http://forum.azzurra.org:80/showthread.php?t=13045	st-13045-p-1.html
20070518174035	http://forum.azzurra.org:80/showthread.php?s=1c671239710595e2a71cdea4782548ab&t=13045&page=5	st-13045-p-5.html
20061125021601	http://forum.azzurra.org:80/showthread.php?t=13045&page=23	st-13045-p-23.html
20070518085343	http://forum.azzurra.org:80/showthread.php?s=1c671239710595e2a71cdea4782548ab&t=13045&page=45	st-13045-p-45.html
20070518173331	http://forum.azzurra.org:80/showthread.php?s=1c671239710595e2a71cdea4782548ab&t=13045&page=51	st-13045-p-51.html
20070518173747	http://forum.azzurra.org:80/showthread.php?s=1c671239710595e2a71cdea4782548ab&t=13045&page=52	st-13045-p-52.html
20070518153905	http://forum.azzurra.org:80/showthread.php?s=1c671239710595e2a71cdea4782548ab&t=13045&page=53	st-13045-p-53.html
20070518074954	http://forum.azzurra.org:80/showthread.php?s=1c671239710595e2a71cdea4782548ab&t=13045&page=54	st-13045-p-54.html
20070522093625	http://forum.azzurra.org:80/showthread.php?s=05679ff945875ac269cc8dd8783dfffa&t=13045&page=55	st-13045-p-55.html
20070518075002	http://forum.azzurra.org:80/showthread.php?s=1c671239710595e2a71cdea4782548ab&t=13045&page=56	st-13045-p-56.html
20060822024939	http://forum.azzurra.org:80/showthread.php?t=13047&page=2	st-13047-p-2.html
20060822003857	http://forum.azzurra.org:80/showthread.php?t=13047&page=2	st-13047-p-2.html
20070312190625	http://forum.azzurra.org:80/showthread.php?s=4df9ff0ef87f55284faee03b2bde9a3d&t=13084	st-13084-p-1.html
20070314033841	http://forum.azzurra.org:80/showthread.php?s=4df9ff0ef87f55284faee03b2bde9a3d&t=13084&page=2	st-13084-p-2.html
20070312215005	http://forum.azzurra.org:80/showthread.php?s=4df9ff0ef87f55284faee03b2bde9a3d&t=13084&page=2	st-13084-p-2.html
20070314033851	http://forum.azzurra.org:80/showthread.php?s=4df9ff0ef87f55284faee03b2bde9a3d&t=13084&page=3	st-13084-p-3.html
20070312215015	http://forum.azzurra.org:80/showthread.php?s=4df9ff0ef87f55284faee03b2bde9a3d&t=13084&page=3	st-13084-p-3.html
20070316014438	http://forum.azzurra.org:80/showthread.php?s=9b988f08c4f043686a958ffea4e08970&t=13084&page=4	st-13084-p-4.html
20070314033901	http://forum.azzurra.org:80/showthread.php?s=4df9ff0ef87f55284faee03b2bde9a3d&t=13084&page=5	st-13084-p-5.html
20070312215024	http://forum.azzurra.org:80/showthread.php?s=4df9ff0ef87f55284faee03b2bde9a3d&t=13084&page=5	st-13084-p-5.html
20070513212238	http://forum.azzurra.org:80/showthread.php?s=b2d2e6b9c3222ce1a5e9ee61df2646ff&mode=hybrid&t=13117	st-13117-p-1.html
20070509080745	http://forum.azzurra.org:80/showthread.php?s=20f8aeebe3826248a19c4f6362c826e4&t=13117	st-13117-p-1.html
20070509080458	http://forum.azzurra.org:80/showthread.php?s=20f8aeebe3826248a19c4f6362c826e4&t=13117&page=2	st-13117-p-2.html
20070513113912	http://forum.azzurra.org:80/showthread.php?t=13117&page=3	st-13117-p-3.html
20070510013306	http://forum.azzurra.org:80/showthread.php?s=20f8aeebe3826248a19c4f6362c826e4&t=13117&page=3	st-13117-p-3.html
20070513163645	http://forum.azzurra.org:80/showthread.php?s=b2d2e6b9c3222ce1a5e9ee61df2646ff&t=13117&page=4	st-13117-p-4.html
20070513164234	http://forum.azzurra.org:80/showthread.php?s=b2d2e6b9c3222ce1a5e9ee61df2646ff&t=13117&page=5	st-13117-p-5.html
20070513212046	http://forum.azzurra.org:80/showthread.php?s=b2d2e6b9c3222ce1a5e9ee61df2646ff&t=13117&page=6	st-13117-p-6.html
20070509000046	http://forum.azzurra.org:80/showthread.php?s=20f8aeebe3826248a19c4f6362c826e4&t=13117&page=7	st-13117-p-7.html
20070228175419	http://forum.azzurra.org:80/showthread.php?s=88f1c0b5ca7f3b0c060e4e1b941c677a&mode=hybrid&t=13173	st-13173-p-1.html
20070223211636	http://forum.azzurra.org:80/showthread.php?s=f31549aa49846a60e054e20cb590eec2&t=13173	st-13173-p-1.html
20070227232947	http://forum.azzurra.org:80/showthread.php?s=88f1c0b5ca7f3b0c060e4e1b941c677a&t=13173&page=2	st-13173-p-2.html
20070227232957	http://forum.azzurra.org:80/showthread.php?s=88f1c0b5ca7f3b0c060e4e1b941c677a&t=13173&page=3	st-13173-p-3.html
20070227233008	http://forum.azzurra.org:80/showthread.php?s=88f1c0b5ca7f3b0c060e4e1b941c677a&t=13173&page=4	st-13173-p-4.html
20070227233018	http://forum.azzurra.org:80/showthread.php?s=88f1c0b5ca7f3b0c060e4e1b941c677a&t=13173&page=6	st-13173-p-6.html
20120725083925	http://forum.azzurra.org/showthread.php?t=13178	st-13178-p-1.html
20120724212702	http://forum.azzurra.org/showthread.php?t=13178	st-13178-p-1.html
20160818032203	http://forum.azzurra.org/showthread.php?s=cb7b140df17435b1094cfa816e75d327&t=13178	st-13178-p-1.html
20160818004718	http://forum.azzurra.org/showthread.php?s=cb7b140df17435b1094cfa816e75d327&t=13178&page=2	st-13178-p-2.html
20160819085632	http://forum.azzurra.org/showthread.php?s=cb7b140df17435b1094cfa816e75d327&t=13178&page=3	st-13178-p-3.html
20070321094023	http://forum.azzurra.org:80/showthread.php?s=31ff945ebc6f077ab257af4fe159ea36&t=13178&page=41	st-13178-p-41.html
20070321023253	http://forum.azzurra.org:80/showthread.php?s=31ff945ebc6f077ab257af4fe159ea36&t=13178&page=91	st-13178-p-91.html
20070320223459	http://forum.azzurra.org:80/showthread.php?s=31ff945ebc6f077ab257af4fe159ea36&t=13178&page=131	st-13178-p-131.html
20070321122036	http://forum.azzurra.org:80/showthread.php?s=31ff945ebc6f077ab257af4fe159ea36&t=13178&page=137	st-13178-p-137.html
20070321023334	http://forum.azzurra.org:80/showthread.php?s=31ff945ebc6f077ab257af4fe159ea36&t=13178&page=138	st-13178-p-138.html
20070321023344	http://forum.azzurra.org:80/showthread.php?s=31ff945ebc6f077ab257af4fe159ea36&t=13178&page=139	st-13178-p-139.html
20070321122047	http://forum.azzurra.org:80/showthread.php?s=31ff945ebc6f077ab257af4fe159ea36&t=13178&page=140	st-13178-p-140.html
20070323144411	http://forum.azzurra.org:80/showthread.php?s=b0b2c19b5ab8c2b34711525b5c2b7847&t=13178&page=141	st-13178-p-141.html
20070321122057	http://forum.azzurra.org:80/showthread.php?s=31ff945ebc6f077ab257af4fe159ea36&t=13178&page=142	st-13178-p-142.html
20070321023356	http://forum.azzurra.org:80/showthread.php?s=31ff945ebc6f077ab257af4fe159ea36&t=13178&page=143	st-13178-p-143.html
20070321023406	http://forum.azzurra.org:80/showthread.php?s=31ff945ebc6f077ab257af4fe159ea36&t=13178&page=144	st-13178-p-144.html
20070321023416	http://forum.azzurra.org:80/showthread.php?s=31ff945ebc6f077ab257af4fe159ea36&t=13178&page=145	st-13178-p-145.html
20070329013112	http://forum.azzurra.org:80/showthread.php?s=b0b2c19b5ab8c2b34711525b5c2b7847&t=13178&page=148	st-13178-p-148.html
20070330210802	http://forum.azzurra.org:80/showthread.php?s=b0b2c19b5ab8c2b34711525b5c2b7847&t=13178&page=149	st-13178-p-149.html
20070320223516	http://forum.azzurra.org:80/showthread.php?s=31ff945ebc6f077ab257af4fe159ea36&t=13178&page=151	st-13178-p-151.html
20070524215957	http://forum.azzurra.org:80/showthread.php?s=680c1ae9d0fda1dec9dc1179952e1fe4&t=13178&page=179	st-13178-p-179.html
20070524071929	http://forum.azzurra.org:80/showthread.php?s=680c1ae9d0fda1dec9dc1179952e1fe4&t=13178&page=179	st-13178-p-179.html
20070520210053	http://forum.azzurra.org:80/showthread.php?s=1c671239710595e2a71cdea4782548ab&t=13178&page=180	st-13178-p-180.html
20070520211031	http://forum.azzurra.org:80/showthread.php?s=ff786f52a9a92869d4fabe1c02ff2fda&t=13178&page=182	st-13178-p-182.html
20070321094046	http://forum.azzurra.org:80/showthread.php?s=31ff945ebc6f077ab257af4fe159ea36&t=13178&page=191	st-13178-p-191.html
20070910132333	http://forum.azzurra.org:80/showthread.php?s=5987e71ee064b0637ae7b6ab66cb61f5&t=13178&page=199	st-13178-p-199.html
20070910133958	http://forum.azzurra.org:80/showthread.php?s=5987e71ee064b0637ae7b6ab66cb61f5&t=13178&page=203	st-13178-p-203.html
20070520205603	http://forum.azzurra.org:80/showthread.php?s=1c671239710595e2a71cdea4782548ab&t=13178&page=231	st-13178-p-231.html
20070520211826	http://forum.azzurra.org:80/showthread.php?s=ff786f52a9a92869d4fabe1c02ff2fda&t=13178&page=232	st-13178-p-232.html
20070321122107	http://forum.azzurra.org:80/showthread.php?s=31ff945ebc6f077ab257af4fe159ea36&t=13178&page=241	st-13178-p-241.html
20070911033649	http://forum.azzurra.org:80/showthread.php?s=5987e71ee064b0637ae7b6ab66cb61f5&t=13178&page=249	st-13178-p-249.html
20070911033453	http://forum.azzurra.org:80/showthread.php?s=5987e71ee064b0637ae7b6ab66cb61f5&t=13178&page=253	st-13178-p-253.html
20070520212152	http://forum.azzurra.org:80/showthread.php?s=1c671239710595e2a71cdea4782548ab&t=13178&page=277	st-13178-p-277.html
20070520210557	http://forum.azzurra.org:80/showthread.php?s=1c671239710595e2a71cdea4782548ab&t=13178&page=279	st-13178-p-279.html
20070323065632	http://forum.azzurra.org:80/showthread.php?s=22cc44772d8318fccdd230471663b1cb&t=13178&page=279	st-13178-p-279.html
20070520210941	http://forum.azzurra.org:80/showthread.php?s=ff786f52a9a92869d4fabe1c02ff2fda&t=13178&page=280	st-13178-p-280.html
20070520211532	http://forum.azzurra.org:80/showthread.php?s=1c671239710595e2a71cdea4782548ab&t=13178&page=282	st-13178-p-282.html
20070520211743	http://forum.azzurra.org:80/showthread.php?s=ff786f52a9a92869d4fabe1c02ff2fda&t=13178&page=285	st-13178-p-285.html
20070524220018	http://forum.azzurra.org:80/showthread.php?s=680c1ae9d0fda1dec9dc1179952e1fe4&t=13178&page=287	st-13178-p-287.html
20070524072241	http://forum.azzurra.org:80/showthread.php?s=680c1ae9d0fda1dec9dc1179952e1fe4&t=13178&page=287	st-13178-p-287.html
20070910204344	http://forum.azzurra.org:80/showthread.php?s=5987e71ee064b0637ae7b6ab66cb61f5&t=13178&page=289	st-13178-p-289.html
20070911112728	http://forum.azzurra.org:80/showthread.php?s=5987e71ee064b0637ae7b6ab66cb61f5&t=13178&page=293	st-13178-p-293.html
20070911033836	http://forum.azzurra.org:80/showthread.php?s=5987e71ee064b0637ae7b6ab66cb61f5&t=13178&page=295	st-13178-p-295.html
20070911112518	http://forum.azzurra.org:80/showthread.php?s=5987e71ee064b0637ae7b6ab66cb61f5&t=13178&page=296	st-13178-p-296.html
20070911033903	http://forum.azzurra.org:80/showthread.php?s=5987e71ee064b0637ae7b6ab66cb61f5&t=13178&page=297	st-13178-p-297.html
20070910202647	http://forum.azzurra.org:80/showthread.php?s=5987e71ee064b0637ae7b6ab66cb61f5&t=13178&page=298	st-13178-p-298.html
20070911084510	http://forum.azzurra.org:80/showthread.php?t=13178&page=299	st-13178-p-299.html
20070909002949	http://forum.azzurra.org:80/showthread.php?s=6acc54ca4479370e3b4ddf2669818b32&t=13178&page=299	st-13178-p-299.html
20070904193547	http://forum.azzurra.org:80/showthread.php?s=4ea06aacebbf5f7e781d713e34a6a1c6&t=13178&page=300	st-13178-p-300.html
20070904192133	http://forum.azzurra.org:80/showthread.php?s=4ea06aacebbf5f7e781d713e34a6a1c6&t=13178&page=301	st-13178-p-301.html
20070907115339	http://forum.azzurra.org:80/showthread.php?s=6acc54ca4479370e3b4ddf2669818b32&t=13178&page=302	st-13178-p-302.html
20070911033513	http://forum.azzurra.org:80/showthread.php?t=13178&page=303	st-13178-p-303.html
20070908194314	http://forum.azzurra.org:80/showthread.php?s=6acc54ca4479370e3b4ddf2669818b32&t=13178&page=303	st-13178-p-303.html
20070904194421	http://forum.azzurra.org:80/showthread.php?s=4ea06aacebbf5f7e781d713e34a6a1c6&t=13178&page=304	st-13178-p-304.html
20160818104444	http://forum.azzurra.org/showthread.php?s=cb7b140df17435b1094cfa816e75d327&t=13178&page=342	st-13178-p-342.html
20070301183601	http://forum.azzurra.org:80/showthread.php?t=13191	st-13191-p-1.html
20070228001122	http://forum.azzurra.org:80/showthread.php?s=88f1c0b5ca7f3b0c060e4e1b941c677a&mode=hybrid&t=13191	st-13191-p-1.html
20070224165209	http://forum.azzurra.org:80/showthread.php?s=f31549aa49846a60e054e20cb590eec2&t=13191	st-13191-p-1.html
20070228022744	http://forum.azzurra.org:80/showthread.php?s=88f1c0b5ca7f3b0c060e4e1b941c677a&t=13191&page=2	st-13191-p-2.html
20070301235302	http://forum.azzurra.org:80/showthread.php?t=13205	st-13205-p-1.html
20070308163636	http://forum.azzurra.org:80/showthread.php?s=efd400b3927c68158ee3382a57a126e4&mode=hybrid&t=13205	st-13205-p-1.html
20070224165245	http://forum.azzurra.org:80/showthread.php?s=f31549aa49846a60e054e20cb590eec2&t=13205	st-13205-p-1.html
20070314124317	http://forum.azzurra.org:80/showthread.php?t=13205&page=2	st-13205-p-2.html
20070312213003	http://forum.azzurra.org:80/showthread.php?t=13205&page=2	st-13205-p-2.html
20070308092017	http://forum.azzurra.org:80/showthread.php?s=efd400b3927c68158ee3382a57a126e4&t=13205&page=2	st-13205-p-2.html
20070316052016	http://forum.azzurra.org:80/showthread.php?s=b386d24dfe7e52fa928c31031336e090&t=13255&page=2	st-13255-p-2.html
20070316052026	http://forum.azzurra.org:80/showthread.php?s=b386d24dfe7e52fa928c31031336e090&t=13255&page=3	st-13255-p-3.html
20070321093931	http://forum.azzurra.org:80/showthread.php?s=b386d24dfe7e52fa928c31031336e090&t=13255&page=4	st-13255-p-4.html
20070518080440	http://forum.azzurra.org:80/showthread.php?t=13258	st-13258-p-1.html
20070518081830	http://forum.azzurra.org:80/showthread.php?s=1c671239710595e2a71cdea4782548ab&mode=hybrid&t=13258	st-13258-p-1.html
20070514234319	http://forum.azzurra.org:80/showthread.php?s=19051de7746a5dad7df1e5c2a787a843&t=13258	st-13258-p-1.html
20070518085001	http://forum.azzurra.org:80/showthread.php?s=1c671239710595e2a71cdea4782548ab&t=13258&page=2	st-13258-p-2.html
20070819120034	http://forum.azzurra.org:80/showthread.php?s=a24d23367105c8333d42265a81242979&t=13268	st-13268-p-1.html
20070819115909	http://forum.azzurra.org:80/showthread.php?s=a24d23367105c8333d42265a81242979&mode=hybrid&t=13268	st-13268-p-1.html
20070819115920	http://forum.azzurra.org:80/showthread.php?s=a24d23367105c8333d42265a81242979&t=13268&page=2	st-13268-p-2.html
20070819120304	http://forum.azzurra.org:80/showthread.php?s=a24d23367105c8333d42265a81242979&t=13268&page=3	st-13268-p-3.html
20120802213721	http://forum.azzurra.org/showthread.php?t=13312	st-13312-p-1.html
20120729224440	http://forum.azzurra.org/showthread.php?t=13312	st-13312-p-1.html
20160819210911	http://forum.azzurra.org/showthread.php?s=b8a861723702b5dae0773e204892fb83&t=13312	st-13312-p-1.html
20160818001456	http://forum.azzurra.org/showthread.php?s=b8a861723702b5dae0773e204892fb83&t=13312&page=2	st-13312-p-2.html
20120803123807	http://forum.azzurra.org/showthread.php?t=13313	st-13313-p-1.html
20120730134425	http://forum.azzurra.org/showthread.php?t=13313	st-13313-p-1.html
20160819025721	http://forum.azzurra.org/showthread.php?s=cb7b140df17435b1094cfa816e75d327&t=13313	st-13313-p-1.html
20160818093648	http://forum.azzurra.org/showthread.php?s=cb7b140df17435b1094cfa816e75d327&t=13313&page=2	st-13313-p-2.html
20160818101109	http://forum.azzurra.org/showthread.php?s=cb7b140df17435b1094cfa816e75d327&t=13313&page=3	st-13313-p-3.html
20120803154544	http://forum.azzurra.org/showthread.php?t=13346	st-13346-p-1.html
20120730164956	http://forum.azzurra.org/showthread.php?t=13346	st-13346-p-1.html
20160817221450	http://forum.azzurra.org/showthread.php?s=651c2636e9eb8f2c118d862454c6e7c6&t=13346	st-13346-p-1.html
20160817231907	http://forum.azzurra.org/showthread.php?s=651c2636e9eb8f2c118d862454c6e7c6&t=13346&page=2	st-13346-p-2.html
20120803161647	http://forum.azzurra.org/showthread.php?t=13382	st-13382-p-1.html
20120730172058	http://forum.azzurra.org/showthread.php?t=13382	st-13382-p-1.html
20160817214147	http://forum.azzurra.org/showthread.php?s=651c2636e9eb8f2c118d862454c6e7c6&t=13382	st-13382-p-1.html
20160818092212	http://forum.azzurra.org/showthread.php?s=651c2636e9eb8f2c118d862454c6e7c6&t=13382&page=2	st-13382-p-2.html
20120802202536	http://forum.azzurra.org/showthread.php?t=13389	st-13389-p-1.html
20120729215045	http://forum.azzurra.org/showthread.php?t=13389	st-13389-p-1.html
20160818084328	http://forum.azzurra.org/showthread.php?s=b8a861723702b5dae0773e204892fb83&t=13389	st-13389-p-1.html
20160817234259	http://forum.azzurra.org/showthread.php?s=b8a861723702b5dae0773e204892fb83&t=13389&page=2	st-13389-p-2.html
20160817205558	http://forum.azzurra.org/showthread.php?s=b8a861723702b5dae0773e204892fb83&t=13389&page=3	st-13389-p-3.html
20160817215736	http://forum.azzurra.org/showthread.php?s=b8a861723702b5dae0773e204892fb83&t=13389&page=4	st-13389-p-4.html
20070509080316	http://forum.azzurra.org:80/showthread.php?s=20f8aeebe3826248a19c4f6362c826e4&t=13433	st-13433-p-1.html
20070509132239	http://forum.azzurra.org:80/showthread.php?s=20f8aeebe3826248a19c4f6362c826e4&t=13433&page=2	st-13433-p-2.html
20070509000025	http://forum.azzurra.org:80/showthread.php?s=20f8aeebe3826248a19c4f6362c826e4&t=13433&page=3	st-13433-p-3.html
20070509022313	http://forum.azzurra.org:80/showthread.php?s=20f8aeebe3826248a19c4f6362c826e4&t=13433&page=4	st-13433-p-4.html
20120731161156	http://forum.azzurra.org/showthread.php?t=13470	st-13470-p-1.html
20070503233430	http://forum.azzurra.org:80/showthread.php?t=13470	st-13470-p-1.html
20160818000405	http://forum.azzurra.org/showthread.php?s=cb7b140df17435b1094cfa816e75d327&t=13470	st-13470-p-1.html
20160818082406	http://forum.azzurra.org/showthread.php?s=cb7b140df17435b1094cfa816e75d327&t=13470&page=2	st-13470-p-2.html
20160818003831	http://forum.azzurra.org/showthread.php?s=cb7b140df17435b1094cfa816e75d327&t=13470&page=3	st-13470-p-3.html
20160819210138	http://forum.azzurra.org/showthread.php?s=cb7b140df17435b1094cfa816e75d327&t=13470&page=5	st-13470-p-5.html
20120803131101	http://forum.azzurra.org/showthread.php?t=13491	st-13491-p-1.html
20120730141657	http://forum.azzurra.org/showthread.php?t=13491	st-13491-p-1.html
20160817215209	http://forum.azzurra.org/showthread.php?s=31ebd4ca207917b256151794a58f4278&t=13491	st-13491-p-1.html
20160817231122	http://forum.azzurra.org/showthread.php?s=31ebd4ca207917b256151794a58f4278&t=13491&page=2	st-13491-p-2.html
20070303230641	http://forum.azzurra.org:80/showthread.php?t=13513	st-13513-p-1.html
20070305122832	http://forum.azzurra.org:80/showthread.php?s=efd400b3927c68158ee3382a57a126e4&t=13513	st-13513-p-1.html
20070302054609	http://forum.azzurra.org:80/showthread.php?s=5223010a763a81bf6d9f1a1c87a0c864&mode=hybrid&t=13513	st-13513-p-1.html
20070302051607	http://forum.azzurra.org:80/showthread.php?s=5223010a763a81bf6d9f1a1c87a0c864&t=13513&page=2	st-13513-p-2.html
20120801140259	http://forum.azzurra.org/showthread.php?t=13533	st-13533-p-1.html
20160818020644	http://forum.azzurra.org/showthread.php?s=cb7b140df17435b1094cfa816e75d327&t=13533	st-13533-p-1.html
20160818004949	http://forum.azzurra.org/showthread.php?s=cb7b140df17435b1094cfa816e75d327&t=13533&page=2	st-13533-p-2.html
20070307052739	http://forum.azzurra.org:80/showthread.php?s=efd400b3927c68158ee3382a57a126e4&t=13541	st-13541-p-1.html
20080914174301	http://forum.azzurra.org:80/showthread.php?t=13541&page=2	st-13541-p-2.html
20070518075653	http://forum.azzurra.org:80/showthread.php?t=13593	st-13593-p-1.html
20070519013701	http://forum.azzurra.org:80/showthread.php?s=f4ffe6c54ee581e54a986a26fb3b6e88&mode=hybrid&t=13593	st-13593-p-1.html
20070518153931	http://forum.azzurra.org:80/showthread.php?s=614574af3c3c3b2a9786a2aed9da01d7&mode=hybrid&t=13593	st-13593-p-1.html
20070519013603	http://forum.azzurra.org:80/showthread.php?s=f4ffe6c54ee581e54a986a26fb3b6e88&t=13593&page=2	st-13593-p-2.html
20070518084407	http://forum.azzurra.org:80/showthread.php?s=614574af3c3c3b2a9786a2aed9da01d7&t=13593&page=2	st-13593-p-2.html
20070518074656	http://forum.azzurra.org:80/showthread.php?s=614574af3c3c3b2a9786a2aed9da01d7&t=13593&page=3	st-13593-p-3.html
20070509022217	http://forum.azzurra.org:80/showthread.php?s=20f8aeebe3826248a19c4f6362c826e4&t=13609	st-13609-p-1.html
20070509022321	http://forum.azzurra.org:80/showthread.php?s=20f8aeebe3826248a19c4f6362c826e4&t=13609&page=2	st-13609-p-2.html
20070226225334	http://forum.azzurra.org:80/showthread.php?s=88f1c0b5ca7f3b0c060e4e1b941c677a&mode=hybrid&t=13635	st-13635-p-1.html
20070224165426	http://forum.azzurra.org:80/showthread.php?s=f31549aa49846a60e054e20cb590eec2&t=13635	st-13635-p-1.html
20070227075539	http://forum.azzurra.org:80/showthread.php?s=2d8479e3eb0a9797f4572e8c7d6d3e51&t=13635&page=2	st-13635-p-2.html
20120803052822	http://forum.azzurra.org/showthread.php?t=13641	st-13641-p-1.html
20120730063444	http://forum.azzurra.org/showthread.php?t=13641	st-13641-p-1.html
20160818092720	http://forum.azzurra.org/showthread.php?s=2b0905366121cb3328715eef38f909fb&t=13641	st-13641-p-1.html
20160818090956	http://forum.azzurra.org/showthread.php?s=2b0905366121cb3328715eef38f909fb&t=13641&page=2	st-13641-p-2.html
20070316014510	http://forum.azzurra.org:80/showthread.php?s=b386d24dfe7e52fa928c31031336e090&t=13641&page=2	st-13641-p-2.html
20160818092824	http://forum.azzurra.org/showthread.php?s=2b0905366121cb3328715eef38f909fb&t=13641&page=3	st-13641-p-3.html
20070317022412	http://forum.azzurra.org:80/showthread.php?s=b386d24dfe7e52fa928c31031336e090&t=13641&page=3	st-13641-p-3.html
20160818090440	http://forum.azzurra.org/showthread.php?s=2b0905366121cb3328715eef38f909fb&t=13641&page=4	st-13641-p-4.html
20070317022424	http://forum.azzurra.org:80/showthread.php?s=b386d24dfe7e52fa928c31031336e090&t=13641&page=4	st-13641-p-4.html
20070520080800	http://forum.azzurra.org:80/showthread.php?t=13667	st-13667-p-1.html
20070515013355	http://forum.azzurra.org:80/showthread.php?s=39fc481871472361ab58de3c8f6914fc&t=13667	st-13667-p-1.html
20070520211757	http://forum.azzurra.org:80/showthread.php?s=ff786f52a9a92869d4fabe1c02ff2fda&t=13667&page=5	st-13667-p-5.html
20070520210151	http://forum.azzurra.org:80/showthread.php?s=ff786f52a9a92869d4fabe1c02ff2fda&t=13667&page=7	st-13667-p-7.html
20070520211443	http://forum.azzurra.org:80/showthread.php?s=ff786f52a9a92869d4fabe1c02ff2fda&t=13667&page=8	st-13667-p-8.html
20070517230958	http://forum.azzurra.org:80/showthread.php?t=13676	st-13676-p-1.html
20070518075522	http://forum.azzurra.org:80/showthread.php?s=1c671239710595e2a71cdea4782548ab&mode=hybrid&t=13676	st-13676-p-1.html
20070517210724	http://forum.azzurra.org:80/showthread.php?s=e183a62aff7a93cd86be8b5f9295cba2&mode=hybrid&t=13676	st-13676-p-1.html
20070517203936	http://forum.azzurra.org:80/showthread.php?s=e183a62aff7a93cd86be8b5f9295cba2&t=13676&page=2	st-13676-p-2.html
20070518075352	http://forum.azzurra.org:80/showthread.php?s=1c671239710595e2a71cdea4782548ab&t=13676&page=3	st-13676-p-3.html
20070517204826	http://forum.azzurra.org:80/showthread.php?s=e183a62aff7a93cd86be8b5f9295cba2&t=13676&page=3	st-13676-p-3.html
20070518173212	http://forum.azzurra.org:80/showthread.php?s=1c671239710595e2a71cdea4782548ab&t=13676&page=4	st-13676-p-4.html
20070517205100	http://forum.azzurra.org:80/showthread.php?s=e183a62aff7a93cd86be8b5f9295cba2&t=13676&page=4	st-13676-p-4.html
20070518173358	http://forum.azzurra.org:80/showthread.php?s=1c671239710595e2a71cdea4782548ab&t=13676&page=5	st-13676-p-5.html
20070517204821	http://forum.azzurra.org:80/showthread.php?s=e183a62aff7a93cd86be8b5f9295cba2&t=13676&page=5	st-13676-p-5.html
20070518085250	http://forum.azzurra.org:80/showthread.php?s=1c671239710595e2a71cdea4782548ab&t=13676&page=11	st-13676-p-11.html
20070517210712	http://forum.azzurra.org:80/showthread.php?s=e183a62aff7a93cd86be8b5f9295cba2&t=13676&page=11	st-13676-p-11.html
20070518074800	http://forum.azzurra.org:80/showthread.php?s=1c671239710595e2a71cdea4782548ab&t=13676&page=13	st-13676-p-13.html
20070517202511	http://forum.azzurra.org:80/showthread.php?s=e183a62aff7a93cd86be8b5f9295cba2&t=13676&page=13	st-13676-p-13.html
20070317021420	http://forum.azzurra.org:80/showthread.php?s=b386d24dfe7e52fa928c31031336e090&t=13697	st-13697-p-1.html
20070317184157	http://forum.azzurra.org:80/showthread.php?s=b386d24dfe7e52fa928c31031336e090&t=13697&page=2	st-13697-p-2.html
20070316052109	http://forum.azzurra.org:80/showthread.php?s=b386d24dfe7e52fa928c31031336e090&t=13697&page=2	st-13697-p-2.html
20120509012827	http://forum.azzurra.org/showthread.php?mode=hybrid&t=13701	st-13701-p-1.html
20120509012619	http://forum.azzurra.org/showthread.php?t=13701	st-13701-p-1.html
20120506225731	http://forum.azzurra.org/showthread.php?mode=hybrid&t=13701	st-13701-p-1.html
20160817212521	http://forum.azzurra.org/showthread.php?s=cb7b140df17435b1094cfa816e75d327&t=13701&page=2	st-13701-p-2.html
20160817232224	http://forum.azzurra.org/showthread.php?s=cb7b140df17435b1094cfa816e75d327&t=13701&page=3	st-13701-p-3.html
20120509013035	http://forum.azzurra.org/showthread.php?t=13701&page=6	st-13701-p-6.html
20120509012511	http://forum.azzurra.org/showthread.php?t=13701&page=7	st-13701-p-7.html
20120506225425	http://forum.azzurra.org/showthread.php?t=13701&page=7	st-13701-p-7.html
20120509012455	http://forum.azzurra.org/showthread.php?t=13701&page=8	st-13701-p-8.html
20120506225409	http://forum.azzurra.org/showthread.php?t=13701&page=8	st-13701-p-8.html
20120509013052	http://forum.azzurra.org/showthread.php?t=13701&page=9	st-13701-p-9.html
20120506225949	http://forum.azzurra.org/showthread.php?t=13701&page=9	st-13701-p-9.html
20160817233627	http://forum.azzurra.org/showthread.php?s=cb7b140df17435b1094cfa816e75d327&t=13701&page=13	st-13701-p-13.html
20120802123700	http://forum.azzurra.org/showthread.php?t=13704	st-13704-p-1.html
20120728210222	http://forum.azzurra.org/showthread.php?t=13704	st-13704-p-1.html
20070323101151	http://forum.azzurra.org:80/showthread.php?t=13704	st-13704-p-1.html
20160817230328	http://forum.azzurra.org/showthread.php?s=2b0905366121cb3328715eef38f909fb&t=13704&page=2	st-13704-p-2.html
20070315043644	http://forum.azzurra.org:80/showthread.php?s=31ff945ebc6f077ab257af4fe159ea36&t=13704&page=2	st-13704-p-2.html
20160817214606	http://forum.azzurra.org/showthread.php?s=2b0905366121cb3328715eef38f909fb&t=13704&page=3	st-13704-p-3.html
20070315043656	http://forum.azzurra.org:80/showthread.php?s=31ff945ebc6f077ab257af4fe159ea36&t=13704&page=3	st-13704-p-3.html
20070315043705	http://forum.azzurra.org:80/showthread.php?s=31ff945ebc6f077ab257af4fe159ea36&t=13704&page=4	st-13704-p-4.html
20160817230040	http://forum.azzurra.org/showthread.php?s=2b0905366121cb3328715eef38f909fb&t=13704&page=7	st-13704-p-7.html
20070316012355	http://forum.azzurra.org:80/showthread.php?s=b386d24dfe7e52fa928c31031336e090&t=13727	st-13727-p-1.html
20070316052119	http://forum.azzurra.org:80/showthread.php?s=b386d24dfe7e52fa928c31031336e090&t=13727&page=2	st-13727-p-2.html
20070316014519	http://forum.azzurra.org:80/showthread.php?s=b386d24dfe7e52fa928c31031336e090&t=13727&page=3	st-13727-p-3.html
20070317022434	http://forum.azzurra.org:80/showthread.php?s=b386d24dfe7e52fa928c31031336e090&t=13727&page=6	st-13727-p-6.html
20120731153357	http://forum.azzurra.org/showthread.php?t=13736	st-13736-p-1.html
20070713145805	http://forum.azzurra.org:80/showthread.php?t=13736	st-13736-p-1.html
20160818085043	http://forum.azzurra.org/showthread.php?s=31ebd4ca207917b256151794a58f4278&t=13736	st-13736-p-1.html
20160817203412	http://forum.azzurra.org/showthread.php?s=31ebd4ca207917b256151794a58f4278&t=13736&page=2	st-13736-p-2.html
20160817233324	http://forum.azzurra.org/showthread.php?s=31ebd4ca207917b256151794a58f4278&t=13736&page=3	st-13736-p-3.html
20160817223648	http://forum.azzurra.org/showthread.php?s=31ebd4ca207917b256151794a58f4278&t=13736&page=4	st-13736-p-4.html
20070304003518	http://forum.azzurra.org:80/showthread.php?t=13766	st-13766-p-1.html
20070302005638	http://forum.azzurra.org:80/showthread.php?s=5223010a763a81bf6d9f1a1c87a0c864&mode=hybrid&t=13766	st-13766-p-1.html
20070223211746	http://forum.azzurra.org:80/showthread.php?s=f31549aa49846a60e054e20cb590eec2&t=13766	st-13766-p-1.html
20070830022859	http://forum.azzurra.org:80/showthread.php?t=13766&page=14	st-13766-p-14.html
20070303222610	http://forum.azzurra.org:80/showthread.php?s=ec9c872bbd81e5113dcc2748ca167e01&t=13766&page=20	st-13766-p-20.html
20070303222621	http://forum.azzurra.org:80/showthread.php?s=ec9c872bbd81e5113dcc2748ca167e01&t=13766&page=21	st-13766-p-21.html
20070301040529	http://forum.azzurra.org:80/showthread.php?s=5223010a763a81bf6d9f1a1c87a0c864&t=13766&page=22	st-13766-p-22.html
20070314222622	http://forum.azzurra.org:80/showthread.php?s=b386d24dfe7e52fa928c31031336e090&t=13766&page=24	st-13766-p-24.html
20070303203836	http://forum.azzurra.org:80/showthread.php?s=ec9c872bbd81e5113dcc2748ca167e01&t=13766&page=26	st-13766-p-26.html
20070301040540	http://forum.azzurra.org:80/showthread.php?s=5223010a763a81bf6d9f1a1c87a0c864&t=13766&page=30	st-13766-p-30.html
20070309011326	http://forum.azzurra.org:80/showthread.php?t=13766&page=32	st-13766-p-32.html
20070303021946	http://forum.azzurra.org:80/showthread.php?s=ec9c872bbd81e5113dcc2748ca167e01&t=13766&page=32	st-13766-p-32.html
20070301040550	http://forum.azzurra.org:80/showthread.php?s=5223010a763a81bf6d9f1a1c87a0c864&t=13766&page=33	st-13766-p-33.html
20070303014802	http://forum.azzurra.org:80/showthread.php?s=ec9c872bbd81e5113dcc2748ca167e01&t=13766&page=34	st-13766-p-34.html
20120802213151	http://forum.azzurra.org/showthread.php?t=13808	st-13808-p-1.html
20120729223916	http://forum.azzurra.org/showthread.php?t=13808	st-13808-p-1.html
20160817210615	http://forum.azzurra.org/showthread.php?s=2b0905366121cb3328715eef38f909fb&t=13808	st-13808-p-1.html
20160817221755	http://forum.azzurra.org/showthread.php?s=2b0905366121cb3328715eef38f909fb&t=13808&page=2	st-13808-p-2.html
20160817220236	http://forum.azzurra.org/showthread.php?s=2b0905366121cb3328715eef38f909fb&t=13808&page=3	st-13808-p-3.html
20070503233509	http://forum.azzurra.org:80/showthread.php?t=13828&page=3	st-13828-p-3.html
20120801215327	http://forum.azzurra.org/showthread.php?t=13841	st-13841-p-1.html
20160817235118	http://forum.azzurra.org/showthread.php?s=a592ea1baeed91912adea4da88d5ea29&t=13841	st-13841-p-1.html
20160818094543	http://forum.azzurra.org/showthread.php?s=a592ea1baeed91912adea4da88d5ea29&t=13841&page=2	st-13841-p-2.html
20070316005433	http://forum.azzurra.org:80/showthread.php?mode=hybrid&t=13845	st-13845-p-1.html
20070314161308	http://forum.azzurra.org:80/showthread.php?t=13845	st-13845-p-1.html
20070311072620	http://forum.azzurra.org:80/showthread.php?s=4df9ff0ef87f55284faee03b2bde9a3d&mode=hybrid&t=13845	st-13845-p-1.html
20070308155205	http://forum.azzurra.org:80/showthread.php?s=efd400b3927c68158ee3382a57a126e4&t=13845&page=2	st-13845-p-2.html
20070314091717	http://forum.azzurra.org:80/showthread.php?t=13845&page=4	st-13845-p-4.html
20070312213031	http://forum.azzurra.org:80/showthread.php?t=13845&page=4	st-13845-p-4.html
20070308155216	http://forum.azzurra.org:80/showthread.php?s=efd400b3927c68158ee3382a57a126e4&t=13845&page=4	st-13845-p-4.html
20070911033503	http://forum.azzurra.org:80/showthread.php?s=5987e71ee064b0637ae7b6ab66cb61f5&mode=hybrid&t=13853	st-13853-p-1.html
20070910133033	http://forum.azzurra.org:80/showthread.php?s=5987e71ee064b0637ae7b6ab66cb61f5&t=13853	st-13853-p-1.html
20070911033559	http://forum.azzurra.org:80/showthread.php?s=5987e71ee064b0637ae7b6ab66cb61f5&t=13853&page=15	st-13853-p-15.html
20070911113259	http://forum.azzurra.org:80/showthread.php?s=5987e71ee064b0637ae7b6ab66cb61f5&t=13853&page=21	st-13853-p-21.html
20070911033529	http://forum.azzurra.org:80/showthread.php?s=5987e71ee064b0637ae7b6ab66cb61f5&t=13853&page=22	st-13853-p-22.html
20070911084345	http://forum.azzurra.org:80/showthread.php?s=5987e71ee064b0637ae7b6ab66cb61f5&t=13853&page=23	st-13853-p-23.html
20070910133736	http://forum.azzurra.org:80/showthread.php?s=5987e71ee064b0637ae7b6ab66cb61f5&t=13853&page=24	st-13853-p-24.html
20120803124453	http://forum.azzurra.org/showthread.php?t=13902	st-13902-p-1.html
20120730135109	http://forum.azzurra.org/showthread.php?t=13902	st-13902-p-1.html
20160818085143	http://forum.azzurra.org/showthread.php?s=2b0905366121cb3328715eef38f909fb&t=13902	st-13902-p-1.html
20160818103029	http://forum.azzurra.org/showthread.php?s=2b0905366121cb3328715eef38f909fb&t=13902&page=2	st-13902-p-2.html
20070519013609	http://forum.azzurra.org:80/showthread.php?s=dec60b13d7b7a89d762de1187ac155bc&t=13902&page=2	st-13902-p-2.html
20070316052130	http://forum.azzurra.org:80/showthread.php?s=b386d24dfe7e52fa928c31031336e090&t=13902&page=2	st-13902-p-2.html
20070519013800	http://forum.azzurra.org:80/showthread.php?t=13902&page=3	st-13902-p-3.html
20160818013652	http://forum.azzurra.org/showthread.php?s=2b0905366121cb3328715eef38f909fb&t=13902&page=3	st-13902-p-3.html
20070517085129	http://forum.azzurra.org:80/showthread.php?s=9600b1030ef7c3376bb70576491256d8&t=13902&page=3	st-13902-p-3.html
20070517091524	http://forum.azzurra.org:80/showthread.php?s=9600b1030ef7c3376bb70576491256d8&t=13902&page=4	st-13902-p-4.html
20070517004227	http://forum.azzurra.org:80/showthread.php?s=9600b1030ef7c3376bb70576491256d8&t=13902&page=4	st-13902-p-4.html
20070519013500	http://forum.azzurra.org:80/showthread.php?t=13902&page=5	st-13902-p-5.html
20160818122220	http://forum.azzurra.org/showthread.php?s=2b0905366121cb3328715eef38f909fb&t=13902&page=5	st-13902-p-5.html
20070517085621	http://forum.azzurra.org:80/showthread.php?s=9600b1030ef7c3376bb70576491256d8&t=13902&page=5	st-13902-p-5.html
20120803233421	http://forum.azzurra.org/showthread.php?t=13944	st-13944-p-1.html
20120731003804	http://forum.azzurra.org/showthread.php?t=13944	st-13944-p-1.html
20070713145651	http://forum.azzurra.org:80/showthread.php?t=13944	st-13944-p-1.html
20160817220118	http://forum.azzurra.org/showthread.php?s=31ebd4ca207917b256151794a58f4278&t=13944&page=2	st-13944-p-2.html
20120731155619	http://forum.azzurra.org/showthread.php?t=13974	st-13974-p-1.html
20160819211029	http://forum.azzurra.org/showthread.php?s=95fc12a21ff9bb8aec95d945a762cfca&t=13974	st-13974-p-1.html
20130817070953	http://forum.azzurra.org:80/showthread.php?s=a7853f3583d20f2f40f68702f5c8656c&t=13974	st-13974-p-1.html
20160818102950	http://forum.azzurra.org/showthread.php?s=95fc12a21ff9bb8aec95d945a762cfca&t=13974&page=2	st-13974-p-2.html
20160819030209	http://forum.azzurra.org/showthread.php?s=95fc12a21ff9bb8aec95d945a762cfca&t=13974&page=3	st-13974-p-3.html
20160817235347	http://forum.azzurra.org/showthread.php?s=95fc12a21ff9bb8aec95d945a762cfca&t=13974&page=4	st-13974-p-4.html
20070517203900	http://forum.azzurra.org:80/showthread.php?t=13999	st-13999-p-1.html
20070518154110	http://forum.azzurra.org:80/showthread.php?s=1c671239710595e2a71cdea4782548ab&mode=hybrid&t=13999	st-13999-p-1.html
20070514233024	http://forum.azzurra.org:80/showthread.php?s=39fc481871472361ab58de3c8f6914fc&t=13999	st-13999-p-1.html
20070518153202	http://forum.azzurra.org:80/showthread.php?s=1c671239710595e2a71cdea4782548ab&t=13999&page=2	st-13999-p-2.html
20070518173501	http://forum.azzurra.org:80/showthread.php?s=1c671239710595e2a71cdea4782548ab&t=13999&page=3	st-13999-p-3.html
20070517202417	http://forum.azzurra.org:80/showthread.php?s=e183a62aff7a93cd86be8b5f9295cba2&t=13999&page=3	st-13999-p-3.html
20070518074413	http://forum.azzurra.org:80/showthread.php?s=1c671239710595e2a71cdea4782548ab&t=13999&page=4	st-13999-p-4.html
20070518173229	http://forum.azzurra.org:80/showthread.php?s=1c671239710595e2a71cdea4782548ab&t=13999&page=5	st-13999-p-5.html
20070519051101	http://forum.azzurra.org:80/showthread.php?s=ff786f52a9a92869d4fabe1c02ff2fda&t=13999&page=6	st-13999-p-6.html
20070518043749	http://forum.azzurra.org:80/showthread.php?s=ff786f52a9a92869d4fabe1c02ff2fda&t=13999&page=6	st-13999-p-6.html
20070518081208	http://forum.azzurra.org:80/showthread.php?s=1c671239710595e2a71cdea4782548ab&t=13999&page=8	st-13999-p-8.html
20120803235114	http://forum.azzurra.org/showthread.php?t=14015	st-14015-p-1.html
20120731005617	http://forum.azzurra.org/showthread.php?t=14015	st-14015-p-1.html
20160818002025	http://forum.azzurra.org/showthread.php?s=95fc12a21ff9bb8aec95d945a762cfca&t=14015	st-14015-p-1.html
20160818100903	http://forum.azzurra.org/showthread.php?s=95fc12a21ff9bb8aec95d945a762cfca&t=14015&page=2	st-14015-p-2.html
20160818092307	http://forum.azzurra.org/showthread.php?s=95fc12a21ff9bb8aec95d945a762cfca&t=14015&page=3	st-14015-p-3.html
20160818032901	http://forum.azzurra.org/showthread.php?s=95fc12a21ff9bb8aec95d945a762cfca&t=14015&page=4	st-14015-p-4.html
20120802204915	http://forum.azzurra.org/showthread.php?t=14017	st-14017-p-1.html
20120729221141	http://forum.azzurra.org/showthread.php?t=14017	st-14017-p-1.html
20160817203027	http://forum.azzurra.org/showthread.php?s=b8a861723702b5dae0773e204892fb83&t=14017	st-14017-p-1.html
20160817202658	http://forum.azzurra.org/showthread.php?s=b8a861723702b5dae0773e204892fb83&t=14017&page=2	st-14017-p-2.html
20160818110902	http://forum.azzurra.org/showthread.php?s=b8a861723702b5dae0773e204892fb83&t=14017&page=3	st-14017-p-3.html
20160818210029	http://forum.azzurra.org/showthread.php?s=b8a861723702b5dae0773e204892fb83&t=14017&page=16	st-14017-p-16.html
20120725082729	http://forum.azzurra.org/showthread.php?t=14039	st-14039-p-1.html
20120724211123	http://forum.azzurra.org/showthread.php?t=14039	st-14039-p-1.html
20070517204126	http://forum.azzurra.org:80/showthread.php?t=14039	st-14039-p-1.html
20070518153354	http://forum.azzurra.org:80/showthread.php?s=1c671239710595e2a71cdea4782548ab&t=14039&page=2	st-14039-p-2.html
20070517203523	http://forum.azzurra.org:80/showthread.php?s=e183a62aff7a93cd86be8b5f9295cba2&t=14039&page=2	st-14039-p-2.html
20070518045148	http://forum.azzurra.org:80/showthread.php?s=1c671239710595e2a71cdea4782548ab&t=14039&page=3	st-14039-p-3.html
20070517205133	http://forum.azzurra.org:80/showthread.php?s=e183a62aff7a93cd86be8b5f9295cba2&t=14039&page=3	st-14039-p-3.html
20120731153412	http://forum.azzurra.org/showthread.php?t=14045	st-14045-p-1.html
20070518085402	http://forum.azzurra.org:80/showthread.php?t=14045	st-14045-p-1.html
20160818103615	http://forum.azzurra.org/showthread.php?s=95fc12a21ff9bb8aec95d945a762cfca&t=14045	st-14045-p-1.html
20160818092810	http://forum.azzurra.org/showthread.php?s=95fc12a21ff9bb8aec95d945a762cfca&t=14045&page=2	st-14045-p-2.html
20070518230118	http://forum.azzurra.org:80/showthread.php?s=f4ffe6c54ee581e54a986a26fb3b6e88&t=14045&page=2	st-14045-p-2.html
20070518082055	http://forum.azzurra.org:80/showthread.php?s=6d8ebefbc5d5cda87e0c34e2b3479ebe&t=14045&page=2	st-14045-p-2.html
20160818090948	http://forum.azzurra.org/showthread.php?s=95fc12a21ff9bb8aec95d945a762cfca&t=14045&page=3	st-14045-p-3.html
20070303234309	http://forum.azzurra.org:80/showthread.php?t=14064	st-14064-p-1.html
20070302005648	http://forum.azzurra.org:80/showthread.php?s=5223010a763a81bf6d9f1a1c87a0c864&mode=hybrid&t=14064	st-14064-p-1.html
20070301040135	http://forum.azzurra.org:80/showthread.php?s=5223010a763a81bf6d9f1a1c87a0c864&t=14064&page=2	st-14064-p-2.html
20070302051618	http://forum.azzurra.org:80/showthread.php?s=5223010a763a81bf6d9f1a1c87a0c864&t=14064&page=3	st-14064-p-3.html
20120803132030	http://forum.azzurra.org/showthread.php?t=14066	st-14066-p-1.html
20120730142452	http://forum.azzurra.org/showthread.php?t=14066	st-14066-p-1.html
20070519013755	http://forum.azzurra.org:80/showthread.php?t=14066	st-14066-p-1.html
20160819025614	http://forum.azzurra.org/showthread.php?s=2b0905366121cb3328715eef38f909fb&t=14066&page=2	st-14066-p-2.html
20160818022721	http://forum.azzurra.org/showthread.php?s=2b0905366121cb3328715eef38f909fb&t=14066&page=3	st-14066-p-3.html
20070513212221	http://forum.azzurra.org:80/showthread.php?s=39fc481871472361ab58de3c8f6914fc&t=14066&page=3	st-14066-p-3.html
20070513212055	http://forum.azzurra.org:80/showthread.php?s=39fc481871472361ab58de3c8f6914fc&t=14066&page=4	st-14066-p-4.html
20070513114143	http://forum.azzurra.org:80/showthread.php?s=39fc481871472361ab58de3c8f6914fc&t=14066&page=5	st-14066-p-5.html
20070517091806	http://forum.azzurra.org:80/showthread.php?s=be0913e31f626eb9ba5f5c4670945f81&t=14066&page=6	st-14066-p-6.html
20070517003043	http://forum.azzurra.org:80/showthread.php?s=be0913e31f626eb9ba5f5c4670945f81&t=14066&page=6	st-14066-p-6.html
20070517085141	http://forum.azzurra.org:80/showthread.php?s=be0913e31f626eb9ba5f5c4670945f81&t=14066&page=7	st-14066-p-7.html
20070517003651	http://forum.azzurra.org:80/showthread.php?s=be0913e31f626eb9ba5f5c4670945f81&t=14066&page=7	st-14066-p-7.html
20070517085331	http://forum.azzurra.org:80/showthread.php?s=be0913e31f626eb9ba5f5c4670945f81&t=14066&page=8	st-14066-p-8.html
20070517004350	http://forum.azzurra.org:80/showthread.php?s=be0913e31f626eb9ba5f5c4670945f81&t=14066&page=8	st-14066-p-8.html
20070519045928	http://forum.azzurra.org:80/showthread.php?t=14066&page=9	st-14066-p-9.html
20070516200645	http://forum.azzurra.org:80/showthread.php?s=9600b1030ef7c3376bb70576491256d8&t=14066&page=9	st-14066-p-9.html
20070330211644	http://forum.azzurra.org:80/showthread.php?s=22cc44772d8318fccdd230471663b1cb&t=14066&page=9	st-14066-p-9.html
20070518045356	http://forum.azzurra.org:80/showthread.php?s=ff786f52a9a92869d4fabe1c02ff2fda&t=14066&page=10	st-14066-p-10.html
20070517205627	http://forum.azzurra.org:80/showthread.php?s=9600b1030ef7c3376bb70576491256d8&t=14066&page=10	st-14066-p-10.html
20160818005224	http://forum.azzurra.org/showthread.php?s=2b0905366121cb3328715eef38f909fb&t=14066&page=11	st-14066-p-11.html
20070513114648	http://forum.azzurra.org:80/showthread.php?s=39fc481871472361ab58de3c8f6914fc&t=14066&page=11	st-14066-p-11.html
20070911032822	http://forum.azzurra.org:80/showthread.php?s=5987e71ee064b0637ae7b6ab66cb61f5&t=14101	st-14101-p-1.html
20070911032732	http://forum.azzurra.org:80/showthread.php?s=5987e71ee064b0637ae7b6ab66cb61f5&mode=hybrid&t=14101	st-14101-p-1.html
20070305085137	http://forum.azzurra.org:80/showthread.php?s=efd400b3927c68158ee3382a57a126e4&mode=hybrid&t=14101	st-14101-p-1.html
20070911033644	http://forum.azzurra.org:80/showthread.php?s=5987e71ee064b0637ae7b6ab66cb61f5&t=14101&page=2	st-14101-p-2.html
20070305123353	http://forum.azzurra.org:80/showthread.php?s=efd400b3927c68158ee3382a57a126e4&t=14101&page=2	st-14101-p-2.html
20070305150457	http://forum.azzurra.org:80/showthread.php?s=efd400b3927c68158ee3382a57a126e4&t=14101&page=3	st-14101-p-3.html
20070910203919	http://forum.azzurra.org:80/showthread.php?s=5987e71ee064b0637ae7b6ab66cb61f5&t=14101&page=4	st-14101-p-4.html
20070305084458	http://forum.azzurra.org:80/showthread.php?s=efd400b3927c68158ee3382a57a126e4&t=14101&page=4	st-14101-p-4.html
20070911112709	http://forum.azzurra.org:80/showthread.php?s=5987e71ee064b0637ae7b6ab66cb61f5&t=14101&page=5	st-14101-p-5.html
20070305084510	http://forum.azzurra.org:80/showthread.php?s=efd400b3927c68158ee3382a57a126e4&t=14101&page=5	st-14101-p-5.html
20070314161258	http://forum.azzurra.org:80/showthread.php?t=14104	st-14104-p-1.html
20070308092028	http://forum.azzurra.org:80/showthread.php?s=efd400b3927c68158ee3382a57a126e4&t=14104&page=2	st-14104-p-2.html
20070308155233	http://forum.azzurra.org:80/showthread.php?s=efd400b3927c68158ee3382a57a126e4&t=14104&page=3	st-14104-p-3.html
20070311072207	http://forum.azzurra.org:80/showthread.php?s=4df9ff0ef87f55284faee03b2bde9a3d&t=14104&page=4	st-14104-p-4.html
20070321021447	http://forum.azzurra.org:80/showthread.php?t=14104&page=5	st-14104-p-5.html
20070311072218	http://forum.azzurra.org:80/showthread.php?s=4df9ff0ef87f55284faee03b2bde9a3d&t=14104&page=5	st-14104-p-5.html
20070321021459	http://forum.azzurra.org:80/showthread.php?t=14104&page=6	st-14104-p-6.html
20070311072228	http://forum.azzurra.org:80/showthread.php?s=4df9ff0ef87f55284faee03b2bde9a3d&t=14104&page=6	st-14104-p-6.html
20070314124327	http://forum.azzurra.org:80/showthread.php?t=14104&page=7	st-14104-p-7.html
20070308155239	http://forum.azzurra.org:80/showthread.php?s=efd400b3927c68158ee3382a57a126e4&t=14104&page=7	st-14104-p-7.html
20120802205840	http://forum.azzurra.org/showthread.php?t=14113	st-14113-p-1.html
20120729222120	http://forum.azzurra.org/showthread.php?t=14113	st-14113-p-1.html
20160817232831	http://forum.azzurra.org/showthread.php?s=2b0905366121cb3328715eef38f909fb&t=14113	st-14113-p-1.html
20160817214518	http://forum.azzurra.org/showthread.php?s=2b0905366121cb3328715eef38f909fb&t=14113&page=2	st-14113-p-2.html
20120802215959	http://forum.azzurra.org/showthread.php?t=14121	st-14121-p-1.html
20120729230722	http://forum.azzurra.org/showthread.php?t=14121	st-14121-p-1.html
20160817213937	http://forum.azzurra.org/showthread.php?s=2b0905366121cb3328715eef38f909fb&t=14121	st-14121-p-1.html
20160817222424	http://forum.azzurra.org/showthread.php?s=2b0905366121cb3328715eef38f909fb&t=14121&page=2	st-14121-p-2.html
20160818085834	http://forum.azzurra.org/showthread.php?s=2b0905366121cb3328715eef38f909fb&t=14121&page=3	st-14121-p-3.html
20120802212803	http://forum.azzurra.org/showthread.php?t=14144	st-14144-p-1.html
20120729223529	http://forum.azzurra.org/showthread.php?t=14144	st-14144-p-1.html
20070323064316	http://forum.azzurra.org:80/showthread.php?t=14144	st-14144-p-1.html
20160817233417	http://forum.azzurra.org/showthread.php?s=31ebd4ca207917b256151794a58f4278&t=14144&page=2	st-14144-p-2.html
20070301235313	http://forum.azzurra.org:80/showthread.php?t=14162	st-14162-p-1.html
20070227110100	http://forum.azzurra.org:80/showthread.php?s=88f1c0b5ca7f3b0c060e4e1b941c677a&mode=hybrid&t=14162	st-14162-p-1.html
20070224082751	http://forum.azzurra.org:80/showthread.php?s=f31549aa49846a60e054e20cb590eec2&t=14162	st-14162-p-1.html
20070830023518	http://forum.azzurra.org:80/showthread.php?s=f8fd7cd9388d9cc0d8bdb56a3cd7faac&t=14162&page=2	st-14162-p-2.html
20070228022754	http://forum.azzurra.org:80/showthread.php?s=88f1c0b5ca7f3b0c060e4e1b941c677a&t=14162&page=2	st-14162-p-2.html
20070228022805	http://forum.azzurra.org:80/showthread.php?s=88f1c0b5ca7f3b0c060e4e1b941c677a&t=14162&page=3	st-14162-p-3.html
20070518230737	http://forum.azzurra.org:80/showthread.php?s=6cf8b8d2ee7bba83438b40d39ca7cd33&mode=hybrid&t=14189	st-14189-p-1.html
20070518045053	http://forum.azzurra.org:80/showthread.php?s=6d8ebefbc5d5cda87e0c34e2b3479ebe&mode=hybrid&t=14189	st-14189-p-1.html
20070513113629	http://forum.azzurra.org:80/showthread.php?s=19051de7746a5dad7df1e5c2a787a843&t=14189	st-14189-p-1.html
20070518173513	http://forum.azzurra.org:80/showthread.php?s=614574af3c3c3b2a9786a2aed9da01d7&t=14189&page=2	st-14189-p-2.html
20070518225936	http://forum.azzurra.org:80/showthread.php?s=6cf8b8d2ee7bba83438b40d39ca7cd33&t=14189&page=3	st-14189-p-3.html
20070518045556	http://forum.azzurra.org:80/showthread.php?s=6d8ebefbc5d5cda87e0c34e2b3479ebe&t=14189&page=3	st-14189-p-3.html
20070518225452	http://forum.azzurra.org:80/showthread.php?s=6cf8b8d2ee7bba83438b40d39ca7cd33&t=14189&page=4	st-14189-p-4.html
20070518043631	http://forum.azzurra.org:80/showthread.php?s=6d8ebefbc5d5cda87e0c34e2b3479ebe&t=14189&page=4	st-14189-p-4.html
20070518225922	http://forum.azzurra.org:80/showthread.php?s=6cf8b8d2ee7bba83438b40d39ca7cd33&t=14189&page=5	st-14189-p-5.html
20070518045651	http://forum.azzurra.org:80/showthread.php?s=6d8ebefbc5d5cda87e0c34e2b3479ebe&t=14189&page=5	st-14189-p-5.html
20070518230128	http://forum.azzurra.org:80/showthread.php?s=6cf8b8d2ee7bba83438b40d39ca7cd33&t=14189&page=6	st-14189-p-6.html
20070518080619	http://forum.azzurra.org:80/showthread.php?s=614574af3c3c3b2a9786a2aed9da01d7&t=14189&page=7	st-14189-p-7.html
20070518043759	http://forum.azzurra.org:80/showthread.php?s=6d8ebefbc5d5cda87e0c34e2b3479ebe&t=14189&page=8	st-14189-p-8.html
20070518230043	http://forum.azzurra.org:80/showthread.php?s=6cf8b8d2ee7bba83438b40d39ca7cd33&t=14189&page=9	st-14189-p-9.html
20070518044437	http://forum.azzurra.org:80/showthread.php?s=6d8ebefbc5d5cda87e0c34e2b3479ebe&t=14189&page=9	st-14189-p-9.html
20070518230224	http://forum.azzurra.org:80/showthread.php?s=6cf8b8d2ee7bba83438b40d39ca7cd33&t=14189&page=10	st-14189-p-10.html
20070518045942	http://forum.azzurra.org:80/showthread.php?s=6d8ebefbc5d5cda87e0c34e2b3479ebe&t=14189&page=10	st-14189-p-10.html
20070518045544	http://forum.azzurra.org:80/showthread.php?s=6d8ebefbc5d5cda87e0c34e2b3479ebe&t=14189&page=11	st-14189-p-11.html
20070518230148	http://forum.azzurra.org:80/showthread.php?s=6cf8b8d2ee7bba83438b40d39ca7cd33&t=14189&page=12	st-14189-p-12.html
20070518050553	http://forum.azzurra.org:80/showthread.php?s=6d8ebefbc5d5cda87e0c34e2b3479ebe&t=14189&page=12	st-14189-p-12.html
20070517202437	http://forum.azzurra.org:80/showthread.php?t=14197	st-14197-p-1.html
20070517085405	http://forum.azzurra.org:80/showthread.php?s=9600b1030ef7c3376bb70576491256d8&mode=hybrid&t=14197	st-14197-p-1.html
20070517004412	http://forum.azzurra.org:80/showthread.php?s=9600b1030ef7c3376bb70576491256d8&mode=hybrid&t=14197	st-14197-p-1.html
20070517084419	http://forum.azzurra.org:80/showthread.php?s=9600b1030ef7c3376bb70576491256d8&t=14197&page=2	st-14197-p-2.html
20070517003104	http://forum.azzurra.org:80/showthread.php?s=9600b1030ef7c3376bb70576491256d8&t=14197&page=2	st-14197-p-2.html
20070519050052	http://forum.azzurra.org:80/showthread.php?t=14197&page=3	st-14197-p-3.html
20070517085233	http://forum.azzurra.org:80/showthread.php?s=9600b1030ef7c3376bb70576491256d8&t=14197&page=3	st-14197-p-3.html
20070517004015	http://forum.azzurra.org:80/showthread.php?s=9600b1030ef7c3376bb70576491256d8&t=14197&page=3	st-14197-p-3.html
20070525182210	http://forum.azzurra.org:80/showthread.php?t=14199	st-14199-p-1.html
20070228030702	http://forum.azzurra.org:80/showthread.php?s=5223010a763a81bf6d9f1a1c87a0c864&mode=hybrid&t=14199	st-14199-p-1.html
20070223211843	http://forum.azzurra.org:80/showthread.php?s=f31549aa49846a60e054e20cb590eec2&t=14199	st-14199-p-1.html
20070228022617	http://forum.azzurra.org:80/showthread.php?s=5223010a763a81bf6d9f1a1c87a0c864&t=14199&page=4	st-14199-p-4.html
20070227232823	http://forum.azzurra.org:80/showthread.php?s=5223010a763a81bf6d9f1a1c87a0c864&t=14199&page=5	st-14199-p-5.html
20070227232835	http://forum.azzurra.org:80/showthread.php?s=5223010a763a81bf6d9f1a1c87a0c864&t=14199&page=6	st-14199-p-6.html
20070228095018	http://forum.azzurra.org:80/showthread.php?s=5223010a763a81bf6d9f1a1c87a0c864&t=14199&page=7	st-14199-p-7.html
20070227232843	http://forum.azzurra.org:80/showthread.php?s=5223010a763a81bf6d9f1a1c87a0c864&t=14199&page=9	st-14199-p-9.html
20070519045919	http://forum.azzurra.org:80/showthread.php?mode=hybrid&t=14205	st-14205-p-1.html
20070517205328	http://forum.azzurra.org:80/showthread.php?t=14205	st-14205-p-1.html
20070225035242	http://forum.azzurra.org:80/showthread.php?t=14205	st-14205-p-1.html
20070519013433	http://forum.azzurra.org:80/showthread.php?t=14205&page=2	st-14205-p-2.html
20070301135626	http://forum.azzurra.org:80/showthread.php?t=14205&page=2	st-14205-p-2.html
20070517092307	http://forum.azzurra.org:80/showthread.php?s=9600b1030ef7c3376bb70576491256d8&t=14205&page=2	st-14205-p-2.html
20070519013507	http://forum.azzurra.org:80/showthread.php?t=14205&page=3	st-14205-p-3.html
20070301235537	http://forum.azzurra.org:80/showthread.php?t=14205&page=3	st-14205-p-3.html
20070517092138	http://forum.azzurra.org:80/showthread.php?s=9600b1030ef7c3376bb70576491256d8&t=14205&page=3	st-14205-p-3.html
20070519050327	http://forum.azzurra.org:80/showthread.php?t=14205&page=4	st-14205-p-4.html
20070301235546	http://forum.azzurra.org:80/showthread.php?t=14205&page=4	st-14205-p-4.html
20070517084509	http://forum.azzurra.org:80/showthread.php?s=9600b1030ef7c3376bb70576491256d8&t=14205&page=4	st-14205-p-4.html
20070302051005	http://forum.azzurra.org:80/showthread.php?t=14205&page=5	st-14205-p-5.html
20070517092334	http://forum.azzurra.org:80/showthread.php?s=9600b1030ef7c3376bb70576491256d8&t=14205&page=5	st-14205-p-5.html
20070517003930	http://forum.azzurra.org:80/showthread.php?s=9600b1030ef7c3376bb70576491256d8&t=14205&page=5	st-14205-p-5.html
20070518021531	http://forum.azzurra.org:80/showthread.php?s=1c671239710595e2a71cdea4782548ab&t=14205&page=6	st-14205-p-6.html
20070227021527	http://forum.azzurra.org:80/showthread.php?s=5223010a763a81bf6d9f1a1c87a0c864&t=14205&page=6	st-14205-p-6.html
20070519013309	http://forum.azzurra.org:80/showthread.php?t=14205&page=7	st-14205-p-7.html
20070301235556	http://forum.azzurra.org:80/showthread.php?t=14205&page=7	st-14205-p-7.html
20070517085745	http://forum.azzurra.org:80/showthread.php?s=9600b1030ef7c3376bb70576491256d8&t=14205&page=7	st-14205-p-7.html
20120725083423	http://forum.azzurra.org/showthread.php?t=14222	st-14222-p-1.html
20120724211833	http://forum.azzurra.org/showthread.php?t=14222	st-14222-p-1.html
20070311022533	http://forum.azzurra.org:80/showthread.php?t=14222	st-14222-p-1.html
20160819090114	http://forum.azzurra.org/showthread.php?s=cb7b140df17435b1094cfa816e75d327&t=14222&page=2	st-14222-p-2.html
20070509080431	http://forum.azzurra.org:80/showthread.php?s=20f8aeebe3826248a19c4f6362c826e4&t=14222&page=2	st-14222-p-2.html
20070309011810	http://forum.azzurra.org:80/showthread.php?s=efd400b3927c68158ee3382a57a126e4&t=14222&page=2	st-14222-p-2.html
20160818003513	http://forum.azzurra.org/showthread.php?s=cb7b140df17435b1094cfa816e75d327&t=14222&page=3	st-14222-p-3.html
20070509132610	http://forum.azzurra.org:80/showthread.php?s=20f8aeebe3826248a19c4f6362c826e4&t=14222&page=3	st-14222-p-3.html
20070309030556	http://forum.azzurra.org:80/showthread.php?s=efd400b3927c68158ee3382a57a126e4&t=14222&page=3	st-14222-p-3.html
20070309011823	http://forum.azzurra.org:80/showthread.php?s=efd400b3927c68158ee3382a57a126e4&t=14222&page=4	st-14222-p-4.html
20070309050205	http://forum.azzurra.org:80/showthread.php?s=efd400b3927c68158ee3382a57a126e4&t=14222&page=5	st-14222-p-5.html
20070321092048	http://forum.azzurra.org:80/showthread.php?t=14222&page=6	st-14222-p-6.html
20070910204157	http://forum.azzurra.org:80/showthread.php?s=5987e71ee064b0637ae7b6ab66cb61f5&t=14222&page=6	st-14222-p-6.html
20070311072136	http://forum.azzurra.org:80/showthread.php?s=3ac93d354059b23c9fa5365fca30e7b6&t=14222&page=6	st-14222-p-6.html
20070309030610	http://forum.azzurra.org:80/showthread.php?s=efd400b3927c68158ee3382a57a126e4&t=14222&page=7	st-14222-p-7.html
20070309050215	http://forum.azzurra.org:80/showthread.php?s=efd400b3927c68158ee3382a57a126e4&t=14222&page=8	st-14222-p-8.html
20070321021512	http://forum.azzurra.org:80/showthread.php?t=14222&page=9	st-14222-p-9.html
20070317180654	http://forum.azzurra.org:80/showthread.php?t=14222&page=9	st-14222-p-9.html
20070311072238	http://forum.azzurra.org:80/showthread.php?s=4fe86ab0b723042d4a89947370ae72c6&t=14222&page=9	st-14222-p-9.html
20070314163037	http://forum.azzurra.org:80/showthread.php?s=b386d24dfe7e52fa928c31031336e090&t=14222&page=10	st-14222-p-10.html
20070520205649	http://forum.azzurra.org:80/showthread.php?s=ff786f52a9a92869d4fabe1c02ff2fda&t=14222&page=19	st-14222-p-19.html
20070325002842	http://forum.azzurra.org:80/showthread.php?s=22cc44772d8318fccdd230471663b1cb&t=14222&page=19	st-14222-p-19.html
20070524192003	http://forum.azzurra.org:80/showthread.php?s=680c1ae9d0fda1dec9dc1179952e1fe4&t=14222&page=24	st-14222-p-24.html
20070524034943	http://forum.azzurra.org:80/showthread.php?s=680c1ae9d0fda1dec9dc1179952e1fe4&t=14222&page=24	st-14222-p-24.html
20070520210434	http://forum.azzurra.org:80/showthread.php?s=ff786f52a9a92869d4fabe1c02ff2fda&t=14222&page=25	st-14222-p-25.html
20070520210629	http://forum.azzurra.org:80/showthread.php?s=ff786f52a9a92869d4fabe1c02ff2fda&t=14222&page=27	st-14222-p-27.html
20070520205958	http://forum.azzurra.org:80/showthread.php?s=ff786f52a9a92869d4fabe1c02ff2fda&t=14222&page=30	st-14222-p-30.html
20070520211604	http://forum.azzurra.org:80/showthread.php?s=ff786f52a9a92869d4fabe1c02ff2fda&t=14222&page=31	st-14222-p-31.html
20070520205929	http://forum.azzurra.org:80/showthread.php?s=ff786f52a9a92869d4fabe1c02ff2fda&t=14222&page=33	st-14222-p-33.html
20070520205752	http://forum.azzurra.org:80/showthread.php?s=ff786f52a9a92869d4fabe1c02ff2fda&t=14222&page=35	st-14222-p-35.html
20070509000017	http://forum.azzurra.org:80/showthread.php?s=20f8aeebe3826248a19c4f6362c826e4&t=14222&page=37	st-14222-p-37.html
20070905061015	http://forum.azzurra.org:80/showthread.php?s=4ea06aacebbf5f7e781d713e34a6a1c6&t=14222&page=38	st-14222-p-38.html
20070520211627	http://forum.azzurra.org:80/showthread.php?s=ff786f52a9a92869d4fabe1c02ff2fda&t=14222&page=42	st-14222-p-42.html
20070518082021	http://forum.azzurra.org:80/showthread.php?s=6d8ebefbc5d5cda87e0c34e2b3479ebe&t=14222&page=44	st-14222-p-44.html
20070910203454	http://forum.azzurra.org:80/showthread.php?s=5987e71ee064b0637ae7b6ab66cb61f5&t=14222&page=46	st-14222-p-46.html
20070518080138	http://forum.azzurra.org:80/showthread.php?s=6d8ebefbc5d5cda87e0c34e2b3479ebe&t=14222&page=46	st-14222-p-46.html
20070520211103	http://forum.azzurra.org:80/showthread.php?s=ff786f52a9a92869d4fabe1c02ff2fda&t=14222&page=48	st-14222-p-48.html
20070524220232	http://forum.azzurra.org:80/showthread.php?s=680c1ae9d0fda1dec9dc1179952e1fe4&t=14222&page=51	st-14222-p-51.html
20070524072158	http://forum.azzurra.org:80/showthread.php?s=680c1ae9d0fda1dec9dc1179952e1fe4&t=14222&page=51	st-14222-p-51.html
20070911033111	http://forum.azzurra.org:80/showthread.php?s=5987e71ee064b0637ae7b6ab66cb61f5&t=14222&page=52	st-14222-p-52.html
20070910203042	http://forum.azzurra.org:80/showthread.php?s=5987e71ee064b0637ae7b6ab66cb61f5&t=14222&page=53	st-14222-p-53.html
20070910133408	http://forum.azzurra.org:80/showthread.php?s=5987e71ee064b0637ae7b6ab66cb61f5&t=14222&page=53	st-14222-p-53.html
20070911032937	http://forum.azzurra.org:80/showthread.php?s=5987e71ee064b0637ae7b6ab66cb61f5&t=14222&page=54	st-14222-p-54.html
20070910202334	http://forum.azzurra.org:80/showthread.php?s=5987e71ee064b0637ae7b6ab66cb61f5&t=14222&page=55	st-14222-p-55.html
20070910202526	http://forum.azzurra.org:80/showthread.php?s=5987e71ee064b0637ae7b6ab66cb61f5&t=14222&page=57	st-14222-p-57.html
20070911034158	http://forum.azzurra.org:80/showthread.php?s=5987e71ee064b0637ae7b6ab66cb61f5&t=14222&page=58	st-14222-p-58.html
20070911113055	http://forum.azzurra.org:80/showthread.php?s=5987e71ee064b0637ae7b6ab66cb61f5&t=14222&page=59	st-14222-p-59.html
20070910202502	http://forum.azzurra.org:80/showthread.php?s=5987e71ee064b0637ae7b6ab66cb61f5&t=14222&page=60	st-14222-p-60.html
20070911085102	http://forum.azzurra.org:80/showthread.php?s=5987e71ee064b0637ae7b6ab66cb61f5&t=14222&page=66	st-14222-p-66.html
20070906032831	http://forum.azzurra.org:80/showthread.php?s=4ea06aacebbf5f7e781d713e34a6a1c6&t=14222&page=78	st-14222-p-78.html
20070905060913	http://forum.azzurra.org:80/showthread.php?s=4ea06aacebbf5f7e781d713e34a6a1c6&t=14222&page=86	st-14222-p-86.html
20070904192652	http://forum.azzurra.org:80/showthread.php?s=4ea06aacebbf5f7e781d713e34a6a1c6&t=14222&page=89	st-14222-p-89.html
20160818102206	http://forum.azzurra.org/showthread.php?s=cb7b140df17435b1094cfa816e75d327&t=14222&page=222	st-14222-p-222.html
20070517210109	http://forum.azzurra.org:80/showthread.php?t=14223	st-14223-p-1.html
20070518044909	http://forum.azzurra.org:80/showthread.php?s=1c671239710595e2a71cdea4782548ab&mode=hybrid&t=14223	st-14223-p-1.html
20070517230904	http://forum.azzurra.org:80/showthread.php?s=9600b1030ef7c3376bb70576491256d8&mode=hybrid&t=14223	st-14223-p-1.html
20070518045752	http://forum.azzurra.org:80/showthread.php?s=1c671239710595e2a71cdea4782548ab&t=14223&page=2	st-14223-p-2.html
20070517204010	http://forum.azzurra.org:80/showthread.php?s=9600b1030ef7c3376bb70576491256d8&t=14223&page=2	st-14223-p-2.html
20070517205441	http://forum.azzurra.org:80/showthread.php?s=9600b1030ef7c3376bb70576491256d8&t=14223&page=3	st-14223-p-3.html
20070518045736	http://forum.azzurra.org:80/showthread.php?s=1c671239710595e2a71cdea4782548ab&t=14223&page=4	st-14223-p-4.html
20070517231026	http://forum.azzurra.org:80/showthread.php?s=9600b1030ef7c3376bb70576491256d8&t=14223&page=4	st-14223-p-4.html
20070518044938	http://forum.azzurra.org:80/showthread.php?s=1c671239710595e2a71cdea4782548ab&t=14223&page=5	st-14223-p-5.html
20070517205512	http://forum.azzurra.org:80/showthread.php?s=9600b1030ef7c3376bb70576491256d8&t=14223&page=5	st-14223-p-5.html
20070518080739	http://forum.azzurra.org:80/showthread.php?s=1c671239710595e2a71cdea4782548ab&t=14223&page=6	st-14223-p-6.html
20070517210625	http://forum.azzurra.org:80/showthread.php?s=9600b1030ef7c3376bb70576491256d8&t=14223&page=6	st-14223-p-6.html
20070517205210	http://forum.azzurra.org:80/showthread.php?s=9600b1030ef7c3376bb70576491256d8&t=14223&page=7	st-14223-p-7.html
20120722135436	http://forum.azzurra.org/showthread.php?t=14241	st-14241-p-1.html
20070301183515	http://forum.azzurra.org:80/showthread.php?t=14241	st-14241-p-1.html
20160818113103	http://forum.azzurra.org/showthread.php?s=b8a861723702b5dae0773e204892fb83&t=14241	st-14241-p-1.html
20120722135929	http://forum.azzurra.org/showthread.php?t=14241&page=2	st-14241-p-2.html
20160819030221	http://forum.azzurra.org/showthread.php?s=b8a861723702b5dae0773e204892fb83&t=14241&page=2	st-14241-p-2.html
20070227104134	http://forum.azzurra.org:80/showthread.php?s=b6f283006f76983cf1134719530e3dcd&t=14241&page=2	st-14241-p-2.html
20070303234339	http://forum.azzurra.org:80/showthread.php?t=14244	st-14244-p-1.html
20070301053149	http://forum.azzurra.org:80/showthread.php?s=b6f283006f76983cf1134719530e3dcd&mode=hybrid&t=14244	st-14244-p-1.html
20070302000959	http://forum.azzurra.org:80/showthread.php?s=b6f283006f76983cf1134719530e3dcd&t=14244&page=2	st-14244-p-2.html
20070302051638	http://forum.azzurra.org:80/showthread.php?s=b6f283006f76983cf1134719530e3dcd&t=14244&page=3	st-14244-p-3.html
20070302001010	http://forum.azzurra.org:80/showthread.php?s=b6f283006f76983cf1134719530e3dcd&t=14244&page=5	st-14244-p-5.html
20070316050139	http://forum.azzurra.org:80/showthread.php?s=b386d24dfe7e52fa928c31031336e090&t=14246	st-14246-p-1.html
20070310054453	http://forum.azzurra.org:80/showthread.php?s=00f608608331541a22414b4586d7fdcc&mode=hybrid&t=14246	st-14246-p-1.html
20070310070745	http://forum.azzurra.org:80/showthread.php?s=00f608608331541a22414b4586d7fdcc&t=14246&page=2	st-14246-p-2.html
20070518080747	http://forum.azzurra.org:80/showthread.php?t=14275	st-14275-p-1.html
20070325061050	http://forum.azzurra.org:80/showthread.php?t=14275	st-14275-p-1.html
20070518080808	http://forum.azzurra.org:80/showthread.php?s=1c671239710595e2a71cdea4782548ab&mode=hybrid&t=14275	st-14275-p-1.html
20070518075626	http://forum.azzurra.org:80/showthread.php?s=1c671239710595e2a71cdea4782548ab&t=14275&page=2	st-14275-p-2.html
20070321064722	http://forum.azzurra.org:80/showthread.php?s=b386d24dfe7e52fa928c31031336e090&t=14275&page=2	st-14275-p-2.html
20070518084343	http://forum.azzurra.org:80/showthread.php?t=14306	st-14306-p-1.html
20070519013740	http://forum.azzurra.org:80/showthread.php?s=f4ffe6c54ee581e54a986a26fb3b6e88&mode=hybrid&t=14306	st-14306-p-1.html
20070518045456	http://forum.azzurra.org:80/showthread.php?s=6d8ebefbc5d5cda87e0c34e2b3479ebe&mode=hybrid&t=14306	st-14306-p-1.html
20070519051622	http://forum.azzurra.org:80/showthread.php?s=f4ffe6c54ee581e54a986a26fb3b6e88&t=14306&page=2	st-14306-p-2.html
20070518045449	http://forum.azzurra.org:80/showthread.php?s=6d8ebefbc5d5cda87e0c34e2b3479ebe&t=14306&page=2	st-14306-p-2.html
20070519012828	http://forum.azzurra.org:80/showthread.php?s=f4ffe6c54ee581e54a986a26fb3b6e88&t=14306&page=3	st-14306-p-3.html
20070518043811	http://forum.azzurra.org:80/showthread.php?s=6d8ebefbc5d5cda87e0c34e2b3479ebe&t=14306&page=3	st-14306-p-3.html
20070518154155	http://forum.azzurra.org:80/showthread.php?s=6d8ebefbc5d5cda87e0c34e2b3479ebe&t=14306&page=4	st-14306-p-4.html
20070518173404	http://forum.azzurra.org:80/showthread.php?t=14321	st-14321-p-1.html
20070518225842	http://forum.azzurra.org:80/showthread.php?s=f4ffe6c54ee581e54a986a26fb3b6e88&mode=hybrid&t=14321	st-14321-p-1.html
20070518084315	http://forum.azzurra.org:80/showthread.php?s=614574af3c3c3b2a9786a2aed9da01d7&mode=hybrid&t=14321	st-14321-p-1.html
20070518080732	http://forum.azzurra.org:80/showthread.php?s=614574af3c3c3b2a9786a2aed9da01d7&t=14321&page=2	st-14321-p-2.html
20070518230247	http://forum.azzurra.org:80/showthread.php?s=f4ffe6c54ee581e54a986a26fb3b6e88&t=14321&page=3	st-14321-p-3.html
20070518074143	http://forum.azzurra.org:80/showthread.php?s=1c671239710595e2a71cdea4782548ab&mode=hybrid&t=14332	st-14332-p-1.html
20070515014253	http://forum.azzurra.org:80/showthread.php?s=af0c48e66119455a7f37eed72deba7e9&t=14332	st-14332-p-1.html
20070518080943	http://forum.azzurra.org:80/showthread.php?s=1c671239710595e2a71cdea4782548ab&t=14332&page=3	st-14332-p-3.html
20070518084511	http://forum.azzurra.org:80/showthread.php?s=1c671239710595e2a71cdea4782548ab&t=14332&page=4	st-14332-p-4.html
20070518073745	http://forum.azzurra.org:80/showthread.php?s=ff786f52a9a92869d4fabe1c02ff2fda&t=14332&page=5	st-14332-p-5.html
20070518154119	http://forum.azzurra.org:80/showthread.php?s=1c671239710595e2a71cdea4782548ab&t=14332&page=6	st-14332-p-6.html
20070518153758	http://forum.azzurra.org:80/showthread.php?s=1c671239710595e2a71cdea4782548ab&t=14332&page=7	st-14332-p-7.html
20070518173345	http://forum.azzurra.org:80/showthread.php?t=14342	st-14342-p-1.html
20070519045733	http://forum.azzurra.org:80/showthread.php?s=f4ffe6c54ee581e54a986a26fb3b6e88&mode=hybrid&t=14342	st-14342-p-1.html
20070518153253	http://forum.azzurra.org:80/showthread.php?s=614574af3c3c3b2a9786a2aed9da01d7&mode=hybrid&t=14342	st-14342-p-1.html
20070518173815	http://forum.azzurra.org:80/showthread.php?s=614574af3c3c3b2a9786a2aed9da01d7&t=14342&page=2	st-14342-p-2.html
20070518172707	http://forum.azzurra.org:80/showthread.php?s=614574af3c3c3b2a9786a2aed9da01d7&t=14343	st-14343-p-1.html
20070518082309	http://forum.azzurra.org:80/showthread.php?s=614574af3c3c3b2a9786a2aed9da01d7&mode=hybrid&t=14343	st-14343-p-1.html
20070518085204	http://forum.azzurra.org:80/showthread.php?s=614574af3c3c3b2a9786a2aed9da01d7&t=14343&page=3	st-14343-p-3.html
20070518173650	http://forum.azzurra.org:80/showthread.php?s=614574af3c3c3b2a9786a2aed9da01d7&t=14343&page=5	st-14343-p-5.html
20070910133346	http://forum.azzurra.org:80/showthread.php?s=eee37a900a77995355b38b46b227da72&mode=hybrid&t=14346	st-14346-p-1.html
20070911002945	http://forum.azzurra.org:80/showthread.php?s=eee37a900a77995355b38b46b227da72&t=14346&page=2	st-14346-p-2.html
20070520212349	http://forum.azzurra.org:80/showthread.php?t=14356	st-14356-p-1.html
20070514232903	http://forum.azzurra.org:80/showthread.php?s=af0c48e66119455a7f37eed72deba7e9&t=14356	st-14356-p-1.html
20070514145255	http://forum.azzurra.org:80/showthread.php?s=af0c48e66119455a7f37eed72deba7e9&t=14356	st-14356-p-1.html
20070520210343	http://forum.azzurra.org:80/showthread.php?s=1c671239710595e2a71cdea4782548ab&t=14356&page=2	st-14356-p-2.html
20070520210457	http://forum.azzurra.org:80/showthread.php?s=1c671239710595e2a71cdea4782548ab&t=14356&page=3	st-14356-p-3.html
20120802221026	http://forum.azzurra.org/showthread.php?t=14361	st-14361-p-1.html
20120729231658	http://forum.azzurra.org/showthread.php?t=14361	st-14361-p-1.html
20070518174020	http://forum.azzurra.org:80/showthread.php?t=14361	st-14361-p-1.html
20160819211039	http://forum.azzurra.org/showthread.php?s=31ebd4ca207917b256151794a58f4278&t=14361&page=2	st-14361-p-2.html
20160818211805	http://forum.azzurra.org/showthread.php?s=31ebd4ca207917b256151794a58f4278&t=14361&page=3	st-14361-p-3.html
20070518081724	http://forum.azzurra.org:80/showthread.php?s=1c671239710595e2a71cdea4782548ab&t=14361&page=4	st-14361-p-4.html
20160818102748	http://forum.azzurra.org/showthread.php?s=31ebd4ca207917b256151794a58f4278&t=14361&page=5	st-14361-p-5.html
20120803133758	http://forum.azzurra.org/showthread.php?t=14370	st-14370-p-1.html
20120730145755	http://forum.azzurra.org/showthread.php?t=14370	st-14370-p-1.html
20160817235601	http://forum.azzurra.org/showthread.php?s=2b0905366121cb3328715eef38f909fb&t=14370	st-14370-p-1.html
20160818083804	http://forum.azzurra.org/showthread.php?s=2b0905366121cb3328715eef38f909fb&t=14370&page=2	st-14370-p-2.html
20070518153605	http://forum.azzurra.org:80/showthread.php?s=6d8ebefbc5d5cda87e0c34e2b3479ebe&t=14370&page=2	st-14370-p-2.html
20160818001745	http://forum.azzurra.org/showthread.php?s=2b0905366121cb3328715eef38f909fb&t=14370&page=3	st-14370-p-3.html
20070518084915	http://forum.azzurra.org:80/showthread.php?t=14382	st-14382-p-1.html
20070518045725	http://forum.azzurra.org:80/showthread.php?s=1c671239710595e2a71cdea4782548ab&mode=hybrid&t=14382	st-14382-p-1.html
20070517210526	http://forum.azzurra.org:80/showthread.php?s=e183a62aff7a93cd86be8b5f9295cba2&mode=hybrid&t=14382	st-14382-p-1.html
20070518153051	http://forum.azzurra.org:80/showthread.php?s=ff786f52a9a92869d4fabe1c02ff2fda&t=14382&page=2	st-14382-p-2.html
20070513114545	http://forum.azzurra.org:80/showthread.php?s=088ec3dd2e794519009bfa8796fb4ac3&mode=hybrid&t=14416	st-14416-p-1.html
20070509132339	http://forum.azzurra.org:80/showthread.php?s=20f8aeebe3826248a19c4f6362c826e4&t=14416	st-14416-p-1.html
20070509132441	http://forum.azzurra.org:80/showthread.php?s=20f8aeebe3826248a19c4f6362c826e4&t=14416&page=2	st-14416-p-2.html
20070509000059	http://forum.azzurra.org:80/showthread.php?s=20f8aeebe3826248a19c4f6362c826e4&t=14416&page=3	st-14416-p-3.html
20070513164438	http://forum.azzurra.org:80/showthread.php?s=088ec3dd2e794519009bfa8796fb4ac3&t=14416&page=4	st-14416-p-4.html
20070513114018	http://forum.azzurra.org:80/showthread.php?t=14416&page=5	st-14416-p-5.html
20070510080957	http://forum.azzurra.org:80/showthread.php?s=20f8aeebe3826248a19c4f6362c826e4&t=14416&page=5	st-14416-p-5.html
20070509080711	http://forum.azzurra.org:80/showthread.php?s=20f8aeebe3826248a19c4f6362c826e4&t=14416&page=5	st-14416-p-5.html
20070518075631	http://forum.azzurra.org:80/showthread.php?t=14427	st-14427-p-1.html
20070517090910	http://forum.azzurra.org:80/showthread.php?s=1c671239710595e2a71cdea4782548ab&mode=hybrid&t=14427	st-14427-p-1.html
20070517003539	http://forum.azzurra.org:80/showthread.php?s=1c671239710595e2a71cdea4782548ab&mode=hybrid&t=14427	st-14427-p-1.html
20070519013551	http://forum.azzurra.org:80/showthread.php?t=14427&page=2	st-14427-p-2.html
20070517085151	http://forum.azzurra.org:80/showthread.php?s=1c671239710595e2a71cdea4782548ab&t=14427&page=2	st-14427-p-2.html
20070517004044	http://forum.azzurra.org:80/showthread.php?s=1c671239710595e2a71cdea4782548ab&t=14427&page=2	st-14427-p-2.html
20070517084859	http://forum.azzurra.org:80/showthread.php?s=1c671239710595e2a71cdea4782548ab&t=14427&page=3	st-14427-p-3.html
20070517004239	http://forum.azzurra.org:80/showthread.php?s=1c671239710595e2a71cdea4782548ab&t=14427&page=3	st-14427-p-3.html
20070517085816	http://forum.azzurra.org:80/showthread.php?s=1c671239710595e2a71cdea4782548ab&t=14427&page=4	st-14427-p-4.html
20070517003952	http://forum.azzurra.org:80/showthread.php?s=1c671239710595e2a71cdea4782548ab&t=14427&page=4	st-14427-p-4.html
20070518225605	http://forum.azzurra.org:80/showthread.php?s=dec60b13d7b7a89d762de1187ac155bc&t=14427&page=5	st-14427-p-5.html
20070518153338	http://forum.azzurra.org:80/showthread.php?s=ff786f52a9a92869d4fabe1c02ff2fda&t=14427&page=5	st-14427-p-5.html
20120802123827	http://forum.azzurra.org/showthread.php?t=14431	st-14431-p-1.html
20120728210344	http://forum.azzurra.org/showthread.php?t=14431	st-14431-p-1.html
20160817223712	http://forum.azzurra.org/showthread.php?s=2b0905366121cb3328715eef38f909fb&t=14431	st-14431-p-1.html
20160817220127	http://forum.azzurra.org/showthread.php?s=2b0905366121cb3328715eef38f909fb&t=14431&page=2	st-14431-p-2.html
20070518173436	http://forum.azzurra.org:80/showthread.php?t=14443	st-14443-p-1.html
20070518172904	http://forum.azzurra.org:80/showthread.php?s=614574af3c3c3b2a9786a2aed9da01d7&mode=hybrid&t=14443	st-14443-p-1.html
20070516161858	http://forum.azzurra.org:80/showthread.php?s=39fc481871472361ab58de3c8f6914fc&t=14443	st-14443-p-1.html
20070518225539	http://forum.azzurra.org:80/showthread.php?s=f4ffe6c54ee581e54a986a26fb3b6e88&t=14443&page=2	st-14443-p-2.html
20070518153000	http://forum.azzurra.org:80/showthread.php?s=614574af3c3c3b2a9786a2aed9da01d7&t=14443&page=2	st-14443-p-2.html
20070519044801	http://forum.azzurra.org:80/showthread.php?s=f4ffe6c54ee581e54a986a26fb3b6e88&t=14443&page=3	st-14443-p-3.html
20070518085231	http://forum.azzurra.org:80/showthread.php?s=614574af3c3c3b2a9786a2aed9da01d7&t=14443&page=3	st-14443-p-3.html
20070518230339	http://forum.azzurra.org:80/showthread.php?s=f4ffe6c54ee581e54a986a26fb3b6e88&t=14443&page=4	st-14443-p-4.html
20070518173603	http://forum.azzurra.org:80/showthread.php?s=614574af3c3c3b2a9786a2aed9da01d7&t=14443&page=4	st-14443-p-4.html
20070518230914	http://forum.azzurra.org:80/showthread.php?s=f4ffe6c54ee581e54a986a26fb3b6e88&t=14443&page=5	st-14443-p-5.html
20070509022426	http://forum.azzurra.org:80/showthread.php?s=20f8aeebe3826248a19c4f6362c826e4&t=14454	st-14454-p-1.html
20070509000240	http://forum.azzurra.org:80/showthread.php?s=20f8aeebe3826248a19c4f6362c826e4&t=14454&page=2	st-14454-p-2.html
20070509155512	http://forum.azzurra.org:80/showthread.php?s=20f8aeebe3826248a19c4f6362c826e4&t=14454&page=3	st-14454-p-3.html
20070509202013	http://forum.azzurra.org:80/showthread.php?s=20f8aeebe3826248a19c4f6362c826e4&t=14454&page=5	st-14454-p-5.html
20120802195957	http://forum.azzurra.org/showthread.php?t=14461	st-14461-p-1.html
20120729212505	http://forum.azzurra.org/showthread.php?t=14461	st-14461-p-1.html
20160817205032	http://forum.azzurra.org/showthread.php?s=2b0905366121cb3328715eef38f909fb&t=14461	st-14461-p-1.html
20160817222634	http://forum.azzurra.org/showthread.php?s=2b0905366121cb3328715eef38f909fb&t=14461&page=2	st-14461-p-2.html
20120803053047	http://forum.azzurra.org/showthread.php?t=14467	st-14467-p-1.html
20120730063709	http://forum.azzurra.org/showthread.php?t=14467	st-14467-p-1.html
20160819210536	http://forum.azzurra.org/showthread.php?s=31ebd4ca207917b256151794a58f4278&t=14467	st-14467-p-1.html
20160818084251	http://forum.azzurra.org/showthread.php?s=31ebd4ca207917b256151794a58f4278&t=14467&page=2	st-14467-p-2.html
20070520000929	http://forum.azzurra.org:80/showthread.php?s=f4ffe6c54ee581e54a986a26fb3b6e88&t=14467&page=2	st-14467-p-2.html
20160818002927	http://forum.azzurra.org/showthread.php?s=31ebd4ca207917b256151794a58f4278&t=14467&page=3	st-14467-p-3.html
20160818002659	http://forum.azzurra.org/showthread.php?s=31ebd4ca207917b256151794a58f4278&t=14467&page=6	st-14467-p-6.html
20120802124548	http://forum.azzurra.org/showthread.php?t=14487	st-14487-p-1.html
20120728211048	http://forum.azzurra.org/showthread.php?t=14487	st-14487-p-1.html
20160817233945	http://forum.azzurra.org/showthread.php?s=2b0905366121cb3328715eef38f909fb&t=14487	st-14487-p-1.html
20160817221236	http://forum.azzurra.org/showthread.php?s=2b0905366121cb3328715eef38f909fb&t=14487&page=2	st-14487-p-2.html
20070518154104	http://forum.azzurra.org:80/showthread.php?s=1c671239710595e2a71cdea4782548ab&t=14487&page=2	st-14487-p-2.html
20070517204027	http://forum.azzurra.org:80/showthread.php?s=e183a62aff7a93cd86be8b5f9295cba2&t=14487&page=2	st-14487-p-2.html
20070707075336	http://forum.azzurra.org:80/showthread.php?t=14487&page=3	st-14487-p-3.html
20160817222914	http://forum.azzurra.org/showthread.php?s=2b0905366121cb3328715eef38f909fb&t=14487&page=3	st-14487-p-3.html
20160818093846	http://forum.azzurra.org/showthread.php?s=2b0905366121cb3328715eef38f909fb&t=14487&page=4	st-14487-p-4.html
20120802214517	http://forum.azzurra.org/showthread.php?t=14523	st-14523-p-1.html
20120729225228	http://forum.azzurra.org/showthread.php?t=14523	st-14523-p-1.html
20160817222650	http://forum.azzurra.org/showthread.php?s=b8a861723702b5dae0773e204892fb83&t=14523	st-14523-p-1.html
20160818084902	http://forum.azzurra.org/showthread.php?s=b8a861723702b5dae0773e204892fb83&t=14523&page=2	st-14523-p-2.html
20120730155844	http://forum.azzurra.org/showthread.php?t=14527	st-14527-p-1.html
20160819085904	http://forum.azzurra.org/showthread.php?s=31ebd4ca207917b256151794a58f4278&t=14527	st-14527-p-1.html
20160818003458	http://forum.azzurra.org/showthread.php?s=31ebd4ca207917b256151794a58f4278&t=14527&page=2	st-14527-p-2.html
20160818094830	http://forum.azzurra.org/showthread.php?s=31ebd4ca207917b256151794a58f4278&t=14527&page=3	st-14527-p-3.html
20070910202552	http://forum.azzurra.org:80/showthread.php?s=5987e71ee064b0637ae7b6ab66cb61f5&mode=hybrid&t=14544	st-14544-p-1.html
20070910201822	http://forum.azzurra.org:80/showthread.php?s=5987e71ee064b0637ae7b6ab66cb61f5&t=14544	st-14544-p-1.html
20070911113342	http://forum.azzurra.org:80/showthread.php?s=5987e71ee064b0637ae7b6ab66cb61f5&t=14544&page=3	st-14544-p-3.html
20070911112404	http://forum.azzurra.org:80/showthread.php?s=5987e71ee064b0637ae7b6ab66cb61f5&t=14544&page=4	st-14544-p-4.html
20120802212335	http://forum.azzurra.org/showthread.php?t=14560	st-14560-p-1.html
20120729223106	http://forum.azzurra.org/showthread.php?t=14560	st-14560-p-1.html
20160817215902	http://forum.azzurra.org/showthread.php?s=31ebd4ca207917b256151794a58f4278&t=14560	st-14560-p-1.html
20160817230802	http://forum.azzurra.org/showthread.php?s=31ebd4ca207917b256151794a58f4278&t=14560&page=2	st-14560-p-2.html
20120803153746	http://forum.azzurra.org/showthread.php?t=14577	st-14577-p-1.html
20120730164155	http://forum.azzurra.org/showthread.php?t=14577	st-14577-p-1.html
20160818113651	http://forum.azzurra.org/showthread.php?s=31ebd4ca207917b256151794a58f4278&t=14577	st-14577-p-1.html
20160818083736	http://forum.azzurra.org/showthread.php?s=31ebd4ca207917b256151794a58f4278&t=14577&page=2	st-14577-p-2.html
20160818095720	http://forum.azzurra.org/showthread.php?s=31ebd4ca207917b256151794a58f4278&t=14577&page=3	st-14577-p-3.html
20160818005410	http://forum.azzurra.org/showthread.php?s=31ebd4ca207917b256151794a58f4278&t=14577&page=4	st-14577-p-4.html
20070911112653	http://forum.azzurra.org:80/showthread.php?s=5987e71ee064b0637ae7b6ab66cb61f5&t=14581	st-14581-p-1.html
20070910133801	http://forum.azzurra.org:80/showthread.php?s=5987e71ee064b0637ae7b6ab66cb61f5&mode=hybrid&t=14581	st-14581-p-1.html
20070911084721	http://forum.azzurra.org:80/showthread.php?s=5987e71ee064b0637ae7b6ab66cb61f5&t=14581&page=2	st-14581-p-2.html
20070911033534	http://forum.azzurra.org:80/showthread.php?s=5987e71ee064b0637ae7b6ab66cb61f5&t=14581&page=3	st-14581-p-3.html
20070910132801	http://forum.azzurra.org:80/showthread.php?s=5987e71ee064b0637ae7b6ab66cb61f5&t=14581&page=4	st-14581-p-4.html
20070910203912	http://forum.azzurra.org:80/showthread.php?s=5987e71ee064b0637ae7b6ab66cb61f5&t=14581&page=6	st-14581-p-6.html
20120802220626	http://forum.azzurra.org/showthread.php?t=14600	st-14600-p-1.html
20120729231316	http://forum.azzurra.org/showthread.php?t=14600	st-14600-p-1.html
20160817233817	http://forum.azzurra.org/showthread.php?s=31ebd4ca207917b256151794a58f4278&t=14600	st-14600-p-1.html
20160817215153	http://forum.azzurra.org/showthread.php?s=31ebd4ca207917b256151794a58f4278&t=14600&page=2	st-14600-p-2.html
20120803134357	http://forum.azzurra.org/showthread.php?t=14622	st-14622-p-1.html
20120730150403	http://forum.azzurra.org/showthread.php?t=14622	st-14622-p-1.html
20160819085847	http://forum.azzurra.org/showthread.php?s=cb7b140df17435b1094cfa816e75d327&t=14622	st-14622-p-1.html
20160818012551	http://forum.azzurra.org/showthread.php?s=cb7b140df17435b1094cfa816e75d327&t=14622&page=2	st-14622-p-2.html
20160818205607	http://forum.azzurra.org/showthread.php?s=cb7b140df17435b1094cfa816e75d327&t=14622&page=3	st-14622-p-3.html
20160818091401	http://forum.azzurra.org/showthread.php?s=cb7b140df17435b1094cfa816e75d327&t=14622&page=13	st-14622-p-13.html
20070911112902	http://forum.azzurra.org:80/showthread.php?s=5987e71ee064b0637ae7b6ab66cb61f5&mode=hybrid&t=14670	st-14670-p-1.html
20070910202658	http://forum.azzurra.org:80/showthread.php?s=5987e71ee064b0637ae7b6ab66cb61f5&t=14670&page=2	st-14670-p-2.html
20070911085011	http://forum.azzurra.org:80/showthread.php?s=eee37a900a77995355b38b46b227da72&t=14675	st-14675-p-1.html
20070911033825	http://forum.azzurra.org:80/showthread.php?s=eee37a900a77995355b38b46b227da72&mode=hybrid&t=14675	st-14675-p-1.html
20070911112450	http://forum.azzurra.org:80/showthread.php?s=eee37a900a77995355b38b46b227da72&t=14675&page=2	st-14675-p-2.html
20070911033939	http://forum.azzurra.org:80/showthread.php?s=eee37a900a77995355b38b46b227da72&t=14675&page=3	st-14675-p-3.html
20070910132556	http://forum.azzurra.org:80/showthread.php?s=eee37a900a77995355b38b46b227da72&t=14675&page=4	st-14675-p-4.html
20070911085027	http://forum.azzurra.org:80/showthread.php?s=eee37a900a77995355b38b46b227da72&t=14675&page=5	st-14675-p-5.html
20070910133413	http://forum.azzurra.org:80/showthread.php?s=eee37a900a77995355b38b46b227da72&t=14675&page=7	st-14675-p-7.html
20070910204421	http://forum.azzurra.org:80/showthread.php?s=eee37a900a77995355b38b46b227da72&t=14675&page=8	st-14675-p-8.html
20070910133313	http://forum.azzurra.org:80/showthread.php?s=eee37a900a77995355b38b46b227da72&t=14675&page=8	st-14675-p-8.html
20070911032722	http://forum.azzurra.org:80/showthread.php?s=eee37a900a77995355b38b46b227da72&t=14675&page=9	st-14675-p-9.html
20120802122730	http://forum.azzurra.org/showthread.php?t=14716	st-14716-p-1.html
20120728205333	http://forum.azzurra.org/showthread.php?t=14716	st-14716-p-1.html
20160817230529	http://forum.azzurra.org/showthread.php?s=2b0905366121cb3328715eef38f909fb&t=14716	st-14716-p-1.html
20160817210601	http://forum.azzurra.org/showthread.php?s=2b0905366121cb3328715eef38f909fb&t=14716&page=2	st-14716-p-2.html
20160818093226	http://forum.azzurra.org/showthread.php?s=2b0905366121cb3328715eef38f909fb&t=14716&page=3	st-14716-p-3.html
20160818085142	http://forum.azzurra.org/showthread.php?s=2b0905366121cb3328715eef38f909fb&t=14716&page=5	st-14716-p-5.html
20120725084041	http://forum.azzurra.org/showthread.php?t=14741	st-14741-p-1.html
20160818090545	http://forum.azzurra.org/showthread.php?s=cb7b140df17435b1094cfa816e75d327&t=14741	st-14741-p-1.html
20160818005158	http://forum.azzurra.org/showthread.php?s=cb7b140df17435b1094cfa816e75d327&t=14741&page=2	st-14741-p-2.html
20120803134605	http://forum.azzurra.org/showthread.php?t=14767	st-14767-p-1.html
20120730150612	http://forum.azzurra.org/showthread.php?t=14767	st-14767-p-1.html
20160817212126	http://forum.azzurra.org/showthread.php?s=31ebd4ca207917b256151794a58f4278&t=14767	st-14767-p-1.html
20160817210324	http://forum.azzurra.org/showthread.php?s=31ebd4ca207917b256151794a58f4278&t=14767&page=2	st-14767-p-2.html
20160817231932	http://forum.azzurra.org/showthread.php?s=31ebd4ca207917b256151794a58f4278&t=14767&page=3	st-14767-p-3.html
20160817230637	http://forum.azzurra.org/showthread.php?s=31ebd4ca207917b256151794a58f4278&t=14767&page=4	st-14767-p-4.html
20120803125431	http://forum.azzurra.org/showthread.php?t=14794	st-14794-p-1.html
20120730140036	http://forum.azzurra.org/showthread.php?t=14794	st-14794-p-1.html
20160818115902	http://forum.azzurra.org/showthread.php?s=cb7b140df17435b1094cfa816e75d327&t=14794	st-14794-p-1.html
20160818101141	http://forum.azzurra.org/showthread.php?s=cb7b140df17435b1094cfa816e75d327&t=14794&page=2	st-14794-p-2.html
20120801211742	http://forum.azzurra.org/showthread.php?t=14800	st-14800-p-1.html
20160818110700	http://forum.azzurra.org/showthread.php?s=cb7b140df17435b1094cfa816e75d327&t=14800	st-14800-p-1.html
20160818094402	http://forum.azzurra.org/showthread.php?s=cb7b140df17435b1094cfa816e75d327&t=14800&page=2	st-14800-p-2.html
20160818115519	http://forum.azzurra.org/showthread.php?s=cb7b140df17435b1094cfa816e75d327&t=14800&page=3	st-14800-p-3.html
20160818003434	http://forum.azzurra.org/showthread.php?s=cb7b140df17435b1094cfa816e75d327&t=14800&page=4	st-14800-p-4.html
20120801220010	http://forum.azzurra.org/showthread.php?t=14804	st-14804-p-1.html
20160819211109	http://forum.azzurra.org/showthread.php?s=7604e9c717e4f2324ffebe02572655f5&mode=hybrid&t=14804	st-14804-p-1.html
20160818204821	http://forum.azzurra.org/showthread.php?s=7604e9c717e4f2324ffebe02572655f5&t=14804	st-14804-p-1.html
20160818120453	http://forum.azzurra.org/showthread.php?s=95fc12a21ff9bb8aec95d945a762cfca&t=14804&page=2	st-14804-p-2.html
20160818092602	http://forum.azzurra.org/showthread.php?s=95fc12a21ff9bb8aec95d945a762cfca&t=14804&page=3	st-14804-p-3.html
20160818092446	http://forum.azzurra.org/showthread.php?s=7604e9c717e4f2324ffebe02572655f5&t=14804&page=5	st-14804-p-5.html
20160818001629	http://forum.azzurra.org/showthread.php?s=7604e9c717e4f2324ffebe02572655f5&t=14804&page=6	st-14804-p-6.html
20160818090048	http://forum.azzurra.org/showthread.php?s=7604e9c717e4f2324ffebe02572655f5&t=14804&page=7	st-14804-p-7.html
20160818090855	http://forum.azzurra.org/showthread.php?s=7604e9c717e4f2324ffebe02572655f5&t=14804&page=8	st-14804-p-8.html
20160818102039	http://forum.azzurra.org/showthread.php?s=95fc12a21ff9bb8aec95d945a762cfca&t=14804&page=9	st-14804-p-9.html
20120802194554	http://forum.azzurra.org/showthread.php?t=14806	st-14806-p-1.html
20120729205409	http://forum.azzurra.org/showthread.php?t=14806	st-14806-p-1.html
20160818092919	http://forum.azzurra.org/showthread.php?s=2b0905366121cb3328715eef38f909fb&t=14806	st-14806-p-1.html
20160817210431	http://forum.azzurra.org/showthread.php?s=2b0905366121cb3328715eef38f909fb&t=14806&page=2	st-14806-p-2.html
20160817231919	http://forum.azzurra.org/showthread.php?s=2b0905366121cb3328715eef38f909fb&t=14806&page=3	st-14806-p-3.html
20120803132224	http://forum.azzurra.org/showthread.php?t=14808	st-14808-p-1.html
20120730142649	http://forum.azzurra.org/showthread.php?t=14808	st-14808-p-1.html
20160818020721	http://forum.azzurra.org/showthread.php?s=cb7b140df17435b1094cfa816e75d327&t=14808	st-14808-p-1.html
20160819211122	http://forum.azzurra.org/showthread.php?s=cb7b140df17435b1094cfa816e75d327&t=14808&page=2	st-14808-p-2.html
20120802205249	http://forum.azzurra.org/showthread.php?t=14814	st-14814-p-1.html
20120729221523	http://forum.azzurra.org/showthread.php?t=14814	st-14814-p-1.html
20160817205704	http://forum.azzurra.org/showthread.php?s=b8a861723702b5dae0773e204892fb83&t=14814	st-14814-p-1.html
20160818085243	http://forum.azzurra.org/showthread.php?s=b8a861723702b5dae0773e204892fb83&t=14814&page=2	st-14814-p-2.html
20160817230345	http://forum.azzurra.org/showthread.php?s=b8a861723702b5dae0773e204892fb83&t=14814&page=3	st-14814-p-3.html
20160817231544	http://forum.azzurra.org/showthread.php?s=b8a861723702b5dae0773e204892fb83&t=14814&page=4	st-14814-p-4.html
20120802214226	http://forum.azzurra.org/showthread.php?t=14821	st-14821-p-1.html
20120729224941	http://forum.azzurra.org/showthread.php?t=14821	st-14821-p-1.html
20160817234449	http://forum.azzurra.org/showthread.php?s=b8a861723702b5dae0773e204892fb83&t=14821	st-14821-p-1.html
20160818092533	http://forum.azzurra.org/showthread.php?s=b8a861723702b5dae0773e204892fb83&t=14821&page=2	st-14821-p-2.html
20160817214714	http://forum.azzurra.org/showthread.php?s=b8a861723702b5dae0773e204892fb83&t=14821&page=3	st-14821-p-3.html
20160817211212	http://forum.azzurra.org/showthread.php?s=b8a861723702b5dae0773e204892fb83&t=14821&page=4	st-14821-p-4.html
20150314161921	http://forum.azzurra.org/showthread.php?t=14824	st-14824-p-1.html
20120731153204	http://forum.azzurra.org/showthread.php?t=14824	st-14824-p-1.html
20160818091049	http://forum.azzurra.org/showthread.php?s=a592ea1baeed91912adea4da88d5ea29&t=14824	st-14824-p-1.html
20160818085214	http://forum.azzurra.org/showthread.php?s=a592ea1baeed91912adea4da88d5ea29&t=14824&page=2	st-14824-p-2.html
20120731155318	http://forum.azzurra.org/showthread.php?t=14831	st-14831-p-1.html
20160817202648	http://forum.azzurra.org/showthread.php?s=31ebd4ca207917b256151794a58f4278&t=14831	st-14831-p-1.html
20160817230419	http://forum.azzurra.org/showthread.php?s=31ebd4ca207917b256151794a58f4278&t=14831&page=2	st-14831-p-2.html
20120722235646	http://forum.azzurra.org/showthread.php?t=14847	st-14847-p-1.html
20160817213029	http://forum.azzurra.org/showthread.php?s=cb7b140df17435b1094cfa816e75d327&t=14847	st-14847-p-1.html
20160817210822	http://forum.azzurra.org/showthread.php?s=cb7b140df17435b1094cfa816e75d327&t=14847&page=2	st-14847-p-2.html
20160817232155	http://forum.azzurra.org/showthread.php?s=cb7b140df17435b1094cfa816e75d327&t=14847&page=3	st-14847-p-3.html
20120802221239	http://forum.azzurra.org/showthread.php?t=14857	st-14857-p-1.html
20120729231904	http://forum.azzurra.org/showthread.php?t=14857	st-14857-p-1.html
20160818001618	http://forum.azzurra.org/showthread.php?s=cb7b140df17435b1094cfa816e75d327&t=14857	st-14857-p-1.html
20160818010102	http://forum.azzurra.org/showthread.php?s=cb7b140df17435b1094cfa816e75d327&t=14857&page=2	st-14857-p-2.html
20120802123323	http://forum.azzurra.org/showthread.php?t=14858	st-14858-p-1.html
20120728205857	http://forum.azzurra.org/showthread.php?t=14858	st-14858-p-1.html
20160817224900	http://forum.azzurra.org/showthread.php?s=2b0905366121cb3328715eef38f909fb&t=14858	st-14858-p-1.html
20160817224926	http://forum.azzurra.org/showthread.php?s=2b0905366121cb3328715eef38f909fb&t=14858&page=2	st-14858-p-2.html
20120730162923	http://forum.azzurra.org/showthread.php?t=14865	st-14865-p-1.html
20160621162654	http://forum.azzurra.org/showthread.php?s=474de10a8f2261eac244df1516e5d9ee&t=14865	st-14865-p-1.html
20160430094755	http://forum.azzurra.org/showthread.php?s=bb525ad9d95d309847c32f473754076e&t=14865	st-14865-p-1.html
20160817230312	http://forum.azzurra.org/showthread.php?s=cb7b140df17435b1094cfa816e75d327&t=14865&page=2	st-14865-p-2.html
20160621162933	http://forum.azzurra.org/showthread.php?s=474de10a8f2261eac244df1516e5d9ee&t=14865&page=2	st-14865-p-2.html
20160430100945	http://forum.azzurra.org/showthread.php?s=bb525ad9d95d309847c32f473754076e&t=14865&page=2	st-14865-p-2.html
20160818085510	http://forum.azzurra.org/showthread.php?s=cb7b140df17435b1094cfa816e75d327&t=14865&page=3	st-14865-p-3.html
20160621160751	http://forum.azzurra.org/showthread.php?s=474de10a8f2261eac244df1516e5d9ee&t=14865&page=3	st-14865-p-3.html
20160430101453	http://forum.azzurra.org/showthread.php?s=bb525ad9d95d309847c32f473754076e&t=14865&page=3	st-14865-p-3.html
20160817214256	http://forum.azzurra.org/showthread.php?s=cb7b140df17435b1094cfa816e75d327&t=14865&page=10	st-14865-p-10.html
20160621071714	http://forum.azzurra.org/showthread.php?s=474de10a8f2261eac244df1516e5d9ee&t=14865&page=10	st-14865-p-10.html
20160430094009	http://forum.azzurra.org/showthread.php?s=bb525ad9d95d309847c32f473754076e&t=14865&page=10	st-14865-p-10.html
20120802203133	http://forum.azzurra.org/showthread.php?t=14866	st-14866-p-1.html
20120729215630	http://forum.azzurra.org/showthread.php?t=14866	st-14866-p-1.html
20160817214043	http://forum.azzurra.org/showthread.php?s=b8a861723702b5dae0773e204892fb83&t=14866	st-14866-p-1.html
20160817210925	http://forum.azzurra.org/showthread.php?s=b8a861723702b5dae0773e204892fb83&t=14866&page=2	st-14866-p-2.html
20120803140324	http://forum.azzurra.org/showthread.php?t=14867	st-14867-p-1.html
20120730152411	http://forum.azzurra.org/showthread.php?t=14867	st-14867-p-1.html
20160818210209	http://forum.azzurra.org/showthread.php?s=cb7b140df17435b1094cfa816e75d327&t=14867	st-14867-p-1.html
20160818103527	http://forum.azzurra.org/showthread.php?s=cb7b140df17435b1094cfa816e75d327&t=14867&page=2	st-14867-p-2.html
20120803140939	http://forum.azzurra.org/showthread.php?t=14868	st-14868-p-1.html
20120730154600	http://forum.azzurra.org/showthread.php?t=14868	st-14868-p-1.html
20160819211242	http://forum.azzurra.org/showthread.php?s=cb7b140df17435b1094cfa816e75d327&t=14868	st-14868-p-1.html
20160819090557	http://forum.azzurra.org/showthread.php?s=cb7b140df17435b1094cfa816e75d327&t=14868&page=2	st-14868-p-2.html
20120730155811	http://forum.azzurra.org/showthread.php?t=14900	st-14900-p-1.html
20160817211316	http://forum.azzurra.org/showthread.php?s=cb7b140df17435b1094cfa816e75d327&t=14900	st-14900-p-1.html
20160621161839	http://forum.azzurra.org/showthread.php?s=474de10a8f2261eac244df1516e5d9ee&t=14900	st-14900-p-1.html
20160818210948	http://forum.azzurra.org/showthread.php?s=cb7b140df17435b1094cfa816e75d327&t=14900&page=2	st-14900-p-2.html
20160621160612	http://forum.azzurra.org/showthread.php?s=474de10a8f2261eac244df1516e5d9ee&t=14900&page=2	st-14900-p-2.html
20160430093345	http://forum.azzurra.org/showthread.php?s=bb525ad9d95d309847c32f473754076e&t=14900&page=2	st-14900-p-2.html
20160817204322	http://forum.azzurra.org/showthread.php?s=cb7b140df17435b1094cfa816e75d327&t=14900&page=3	st-14900-p-3.html
20160621050719	http://forum.azzurra.org/showthread.php?s=474de10a8f2261eac244df1516e5d9ee&t=14900&page=3	st-14900-p-3.html
20160430094523	http://forum.azzurra.org/showthread.php?s=bb525ad9d95d309847c32f473754076e&t=14900&page=3	st-14900-p-3.html
20120802204635	http://forum.azzurra.org/showthread.php?t=14960	st-14960-p-1.html
20120729220914	http://forum.azzurra.org/showthread.php?t=14960	st-14960-p-1.html
20160817204008	http://forum.azzurra.org/showthread.php?s=b8a861723702b5dae0773e204892fb83&t=14960	st-14960-p-1.html
20160817213624	http://forum.azzurra.org/showthread.php?s=b8a861723702b5dae0773e204892fb83&t=14960&page=2	st-14960-p-2.html
20160818205741	http://forum.azzurra.org/showthread.php?s=b8a861723702b5dae0773e204892fb83&t=14960&page=3	st-14960-p-3.html
20160817212406	http://forum.azzurra.org/showthread.php?s=b8a861723702b5dae0773e204892fb83&t=14960&page=5	st-14960-p-5.html
20120802213822	http://forum.azzurra.org/showthread.php?t=14961	st-14961-p-1.html
20120729224543	http://forum.azzurra.org/showthread.php?t=14961	st-14961-p-1.html
20160817233451	http://forum.azzurra.org/showthread.php?s=b8a861723702b5dae0773e204892fb83&t=14961	st-14961-p-1.html
20160817212921	http://forum.azzurra.org/showthread.php?s=b8a861723702b5dae0773e204892fb83&t=14961&page=2	st-14961-p-2.html
20160818205814	http://forum.azzurra.org/showthread.php?s=b8a861723702b5dae0773e204892fb83&t=14961&page=3	st-14961-p-3.html
20120801134617	http://forum.azzurra.org/showthread.php?t=14972	st-14972-p-1.html
20160818205323	http://forum.azzurra.org/showthread.php?s=651c2636e9eb8f2c118d862454c6e7c6&t=14972	st-14972-p-1.html
20160818211629	http://forum.azzurra.org/showthread.php?s=651c2636e9eb8f2c118d862454c6e7c6&t=14972&page=2	st-14972-p-2.html
20160818110822	http://forum.azzurra.org/showthread.php?s=651c2636e9eb8f2c118d862454c6e7c6&t=14972&page=3	st-14972-p-3.html
20160818091221	http://forum.azzurra.org/showthread.php?s=651c2636e9eb8f2c118d862454c6e7c6&t=14972&page=5	st-14972-p-5.html
20120726144135	http://forum.azzurra.org/showthread.php?t=14992	st-14992-p-1.html
20160818094213	http://forum.azzurra.org/showthread.php?s=651c2636e9eb8f2c118d862454c6e7c6&t=14992	st-14992-p-1.html
20160818204854	http://forum.azzurra.org/showthread.php?s=651c2636e9eb8f2c118d862454c6e7c6&t=14992&page=2	st-14992-p-2.html
20120803140111	http://forum.azzurra.org/showthread.php?t=15045	st-15045-p-1.html
20120730152151	http://forum.azzurra.org/showthread.php?t=15045	st-15045-p-1.html
20160818095620	http://forum.azzurra.org/showthread.php?s=cb7b140df17435b1094cfa816e75d327&t=15045	st-15045-p-1.html
20160818115109	http://forum.azzurra.org/showthread.php?s=cb7b140df17435b1094cfa816e75d327&t=15045&page=2	st-15045-p-2.html
20120802195320	http://forum.azzurra.org/showthread.php?t=15073	st-15073-p-1.html
20120729210203	http://forum.azzurra.org/showthread.php?t=15073	st-15073-p-1.html
20160817211256	http://forum.azzurra.org/showthread.php?s=2b0905366121cb3328715eef38f909fb&t=15073	st-15073-p-1.html
20160817202814	http://forum.azzurra.org/showthread.php?s=2b0905366121cb3328715eef38f909fb&t=15073&page=2	st-15073-p-2.html
20160818094059	http://forum.azzurra.org/showthread.php?s=2b0905366121cb3328715eef38f909fb&t=15073&page=3	st-15073-p-3.html
20160817224157	http://forum.azzurra.org/showthread.php?s=2b0905366121cb3328715eef38f909fb&t=15073&page=4	st-15073-p-4.html
20160818012829	http://forum.azzurra.org/showthread.php?s=cb7b140df17435b1094cfa816e75d327&t=15125	st-15125-p-1.html
20160818012144	http://forum.azzurra.org/showthread.php?s=cb7b140df17435b1094cfa816e75d327&t=15125&page=2	st-15125-p-2.html
20160819090705	http://forum.azzurra.org/showthread.php?s=cb7b140df17435b1094cfa816e75d327&t=15125&page=3	st-15125-p-3.html
20120511181846	http://forum.azzurra.org/showthread.php?mode=hybrid&t=15140	st-15140-p-1.html
20120511180151	http://forum.azzurra.org/showthread.php?t=15140	st-15140-p-1.html
20120509162306	http://forum.azzurra.org/showthread.php?mode=hybrid&t=15140	st-15140-p-1.html
20160818012101	http://forum.azzurra.org/showthread.php?s=cb7b140df17435b1094cfa816e75d327&t=15140&page=2	st-15140-p-2.html
20160817230136	http://forum.azzurra.org/showthread.php?s=651c2636e9eb8f2c118d862454c6e7c6&t=15140&page=2	st-15140-p-2.html
20160818115117	http://forum.azzurra.org/showthread.php?s=cb7b140df17435b1094cfa816e75d327&t=15140&page=5	st-15140-p-5.html
20120511035334	http://forum.azzurra.org/showthread.php?mode=hybrid&t=15164	st-15164-p-1.html
20120509015500	http://forum.azzurra.org/showthread.php?mode=hybrid&t=15164	st-15164-p-1.html
20120509014435	http://forum.azzurra.org/showthread.php?t=15164	st-15164-p-1.html
20160818005451	http://forum.azzurra.org/showthread.php?s=a592ea1baeed91912adea4da88d5ea29&t=15164&page=2	st-15164-p-2.html
