20081121183723	http://forum.azzurra.org/archive/index.php/t-2.html	t-2.html.20081121183723
20081202073009	http://forum.azzurra.org/archive/index.php/t-5.html	t-5.html.20081202073009
20081202072119	http://forum.azzurra.org/archive/index.php/t-6.html	t-6.html.20081202072119
20081203125436	http://forum.azzurra.org/archive/index.php/t-9.html	t-9.html.20081203125436
20081120190521	http://forum.azzurra.org/archive/index.php/t-10.html	t-10.html.20081120190521
20081120044225	http://forum.azzurra.org/archive/index.php/t-12.html	t-12.html.20081120044225
20081201102251	http://forum.azzurra.org/archive/index.php/t-15.html	t-15.html.20081201102251
20081121180552	http://forum.azzurra.org/archive/index.php/t-21.html	t-21.html.20081121180552
20081121180501	http://forum.azzurra.org/archive/index.php/t-22.html	t-22.html.20081121180501
20081121183808	http://forum.azzurra.org/archive/index.php/t-23.html	t-23.html.20081121183808
20081121153151	http://forum.azzurra.org/archive/index.php/t-25.html	t-25.html.20081121153151
20081202164335	http://forum.azzurra.org/archive/index.php/t-26.html	t-26.html.20081202164335
20081201125705	http://forum.azzurra.org/archive/index.php/t-27.html	t-27.html.20081201125705
20081201174447	http://forum.azzurra.org/archive/index.php/t-28.html	t-28.html.20081201174447
20081201185246	http://forum.azzurra.org/archive/index.php/t-29.html	t-29.html.20081201185246
20070326063202	http://forum.azzurra.org:80/showthread.php?t=29	st-29.html.20070326063202
20070322160950	http://forum.azzurra.org:80/showthread.php?s=9b988f08c4f043686a958ffea4e08970&mode=hybrid&t=29	st-29.html.20070322160950
20070312200548	http://forum.azzurra.org:80/showthread.php?s=12977308032ff9f5f59295718967aaa3&t=29	st-29.html.20070312200548
20081201181612	http://forum.azzurra.org/archive/index.php/t-30.html	t-30.html.20081201181612
20070322155204	http://forum.azzurra.org:80/showthread.php?t=30	st-30.html.20070322155204
20070316052700	http://forum.azzurra.org:80/showthread.php?s=9b988f08c4f043686a958ffea4e08970&mode=hybrid&t=30	st-30.html.20070316052700
20070314091930	http://forum.azzurra.org:80/showthread.php?s=12977308032ff9f5f59295718967aaa3&t=30	st-30.html.20070314091930
20070312213522	http://forum.azzurra.org:80/showthread.php?s=12977308032ff9f5f59295718967aaa3&t=30	st-30.html.20070312213522
20081201192913	http://forum.azzurra.org/archive/index.php/t-31.html	t-31.html.20081201192913
20070322070452	http://forum.azzurra.org:80/showthread.php?t=31	st-31.html.20070322070452
20070316015225	http://forum.azzurra.org:80/showthread.php?s=9b988f08c4f043686a958ffea4e08970&mode=hybrid&t=31	st-31.html.20070316015225
20070312185929	http://forum.azzurra.org:80/showthread.php?s=12977308032ff9f5f59295718967aaa3&t=31	st-31.html.20070312185929
20081202075934	http://forum.azzurra.org/archive/index.php/t-32.html	t-32.html.20081202075934
20070328200005	http://forum.azzurra.org:80/showthread.php?s=78bb79df7e096d54c3202dfeb540857d&mode=hybrid&t=32	st-32.html.20070328200005
20070327003127	http://forum.azzurra.org:80/showthread.php?s=78bb79df7e096d54c3202dfeb540857d&mode=hybrid&t=32	st-32.html.20070327003127
20070322113223	http://forum.azzurra.org:80/showthread.php?t=32	st-32.html.20070322113223
20070312200607	http://forum.azzurra.org:80/showthread.php?s=12977308032ff9f5f59295718967aaa3&t=32	st-32.html.20070312200607
20081202080603	http://forum.azzurra.org/archive/index.php/t-37.html	t-37.html.20081202080603
20081201200834	http://forum.azzurra.org/archive/index.php/t-39.html	t-39.html.20081201200834
20081201204746	http://forum.azzurra.org/archive/index.php/t-41.html	t-41.html.20081201204746
20081201204624	http://forum.azzurra.org/archive/index.php/t-42.html	t-42.html.20081201204624
20081201172501	http://forum.azzurra.org/archive/index.php/t-56.html	t-56.html.20081201172501
20081201164115	http://forum.azzurra.org/archive/index.php/t-58.html	t-58.html.20081201164115
20081201172823	http://forum.azzurra.org/archive/index.php/t-59.html	t-59.html.20081201172823
20081123045759	http://forum.azzurra.org/archive/index.php/t-67.html	t-67.html.20081123045759
20081123043455	http://forum.azzurra.org/archive/index.php/t-70.html	t-70.html.20081123043455
20081205075306	http://forum.azzurra.org/archive/index.php/t-76.html	t-76.html.20081205075306
20081203154550	http://forum.azzurra.org/archive/index.php/t-88.html	t-88.html.20081203154550
20081203181650	http://forum.azzurra.org/archive/index.php/t-91.html	t-91.html.20081203181650
20081120091900	http://forum.azzurra.org/archive/index.php/t-96.html	t-96.html.20081120091900
20081201152036	http://forum.azzurra.org/archive/index.php/t-97.html	t-97.html.20081201152036
20081201152655	http://forum.azzurra.org/archive/index.php/t-98.html	t-98.html.20081201152655
20081201145924	http://forum.azzurra.org/archive/index.php/t-99.html	t-99.html.20081201145924
20090105232318	http://forum.azzurra.org/archive/index.php/t-104.html	t-104.html.20090105232318
20081120195607	http://forum.azzurra.org/archive/index.php/t-105.html	t-105.html.20081120195607
20081120074818	http://forum.azzurra.org/archive/index.php/t-113.html	t-113.html.20081120074818
20110810181118	http://forum.azzurra.org:80/archive/index.php/t-114.html	t-114.html.20110810181118
20110620021300	http://forum.azzurra.org:80/archive/index.php/t-114.html	t-114.html.20110620021300
20081120020430	http://forum.azzurra.org/archive/index.php/t-114.html	t-114.html.20081120020430
20110820214914	http://forum.azzurra.org:80/showthread.php?t=114	st-114.html.20110820214914
20110620210021	http://forum.azzurra.org:80/showthread.php?t=114	st-114.html.20110620210021
20081120082329	http://forum.azzurra.org/archive/index.php/t-116.html	t-116.html.20081120082329
20081120022206	http://forum.azzurra.org/archive/index.php/t-120.html	t-120.html.20081120022206
20081203222932	http://forum.azzurra.org/archive/index.php/t-137.html	t-137.html.20081203222932
20081203235613	http://forum.azzurra.org/archive/index.php/t-141.html	t-141.html.20081203235613
20081201144507	http://forum.azzurra.org/archive/index.php/t-145.html	t-145.html.20081201144507
20081201111502	http://forum.azzurra.org/archive/index.php/t-148.html	t-148.html.20081201111502
20081201125324	http://forum.azzurra.org/archive/index.php/t-152.html	t-152.html.20081201125324
20081121182533	http://forum.azzurra.org/archive/index.php/t-197.html	t-197.html.20081121182533
20070326063039	http://forum.azzurra.org:80/showthread.php?t=197	st-197.html.20070326063039
20070322120646	http://forum.azzurra.org:80/showthread.php?s=b6707cf90e36922bbf7b51c570ef2a52&mode=hybrid&t=197	st-197.html.20070322120646
20070314060530	http://forum.azzurra.org:80/showthread.php?s=12977308032ff9f5f59295718967aaa3&t=197	st-197.html.20070314060530
20070312213624	http://forum.azzurra.org:80/showthread.php?s=12977308032ff9f5f59295718967aaa3&t=197	st-197.html.20070312213624
20081121181728	http://forum.azzurra.org/archive/index.php/t-200.html	t-200.html.20081121181728
20081121181506	http://forum.azzurra.org/archive/index.php/t-203.html	t-203.html.20081121181506
20081121181131	http://forum.azzurra.org/archive/index.php/t-206.html	t-206.html.20081121181131
20070311102013	http://forum.azzurra.org:80/showthread.php?s=12977308032ff9f5f59295718967aaa3&t=206	st-206.html.20070311102013
20081121184339	http://forum.azzurra.org/archive/index.php/t-207.html	t-207.html.20081121184339
20110810181123	http://forum.azzurra.org:80/archive/index.php/t-208.html	t-208.html.20110810181123
20110620021325	http://forum.azzurra.org:80/archive/index.php/t-208.html	t-208.html.20110620021325
20081121183347	http://forum.azzurra.org/archive/index.php/t-208.html	t-208.html.20081121183347
20110820214937	http://forum.azzurra.org:80/showthread.php?t=208	st-208.html.20110820214937
20110620210036	http://forum.azzurra.org:80/showthread.php?t=208	st-208.html.20110620210036
20081121194327	http://forum.azzurra.org/archive/index.php/t-210.html	t-210.html.20081121194327
20081121182011	http://forum.azzurra.org/archive/index.php/t-211.html	t-211.html.20081121182011
20081121192018	http://forum.azzurra.org/archive/index.php/t-213.html	t-213.html.20081121192018
20081121182735	http://forum.azzurra.org/archive/index.php/t-218.html	t-218.html.20081121182735
20081121191302	http://forum.azzurra.org/archive/index.php/t-221.html	t-221.html.20081121191302
20081121193348	http://forum.azzurra.org/archive/index.php/t-227.html	t-227.html.20081121193348
20081121183056	http://forum.azzurra.org/archive/index.php/t-229.html	t-229.html.20081121183056
20081202165846	http://forum.azzurra.org/archive/index.php/t-233.html	t-233.html.20081202165846
20081202171430	http://forum.azzurra.org/archive/index.php/t-246.html	t-246.html.20081202171430
20081121140931	http://forum.azzurra.org/archive/index.php/t-247.html	t-247.html.20081121140931
20081121135510	http://forum.azzurra.org/archive/index.php/t-248.html	t-248.html.20081121135510
20081202165955	http://forum.azzurra.org/archive/index.php/t-249.html	t-249.html.20081202165955
20081121104215	http://forum.azzurra.org/archive/index.php/t-250.html	t-250.html.20081121104215
20081202165001	http://forum.azzurra.org/archive/index.php/t-251.html	t-251.html.20081202165001
20081202164600	http://forum.azzurra.org/archive/index.php/t-252.html	t-252.html.20081202164600
20081121111119	http://forum.azzurra.org/archive/index.php/t-253.html	t-253.html.20081121111119
20081201181414	http://forum.azzurra.org/archive/index.php/t-270.html	t-270.html.20081201181414
20081201193353	http://forum.azzurra.org/archive/index.php/t-271.html	t-271.html.20081201193353
20081201184706	http://forum.azzurra.org/archive/index.php/t-281.html	t-281.html.20081201184706
20081201185650	http://forum.azzurra.org/archive/index.php/t-282.html	t-282.html.20081201185650
20081201182633	http://forum.azzurra.org/archive/index.php/t-288.html	t-288.html.20081201182633
20081201183726	http://forum.azzurra.org/archive/index.php/t-302.html	t-302.html.20081201183726
20081201175520	http://forum.azzurra.org/archive/index.php/t-312.html	t-312.html.20081201175520
20081201190858	http://forum.azzurra.org/archive/index.php/t-316.html	t-316.html.20081201190858
20081202051501	http://forum.azzurra.org/archive/index.php/t-317.html	t-317.html.20081202051501
20081202073919	http://forum.azzurra.org/archive/index.php/t-321.html	t-321.html.20081202073919
20081202074210	http://forum.azzurra.org/archive/index.php/t-322.html	t-322.html.20081202074210
20081202051131	http://forum.azzurra.org/archive/index.php/t-325.html	t-325.html.20081202051131
20090217175429	http://forum.azzurra.org:80/archive/index.php/t-327.html	t-327.html.20090217175429
20081202075342	http://forum.azzurra.org/archive/index.php/t-327.html	t-327.html.20081202075342
20090219043140	http://forum.azzurra.org:80/showthread.php?t=327	st-327.html.20090219043140
20081202080313	http://forum.azzurra.org/archive/index.php/t-328.html	t-328.html.20081202080313
20081202071603	http://forum.azzurra.org/archive/index.php/t-333.html	t-333.html.20081202071603
20081202071149	http://forum.azzurra.org/archive/index.php/t-335.html	t-335.html.20081202071149
20081202062731	http://forum.azzurra.org/archive/index.php/t-336.html	t-336.html.20081202062731
20081202050029	http://forum.azzurra.org/archive/index.php/t-337.html	t-337.html.20081202050029
20081202054249	http://forum.azzurra.org/archive/index.php/t-341.html	t-341.html.20081202054249
20081202084009	http://forum.azzurra.org/archive/index.php/t-345.html	t-345.html.20081202084009
20081202044307	http://forum.azzurra.org/archive/index.php/t-356.html	t-356.html.20081202044307
20081202055721	http://forum.azzurra.org/archive/index.php/t-357.html	t-357.html.20081202055721
20081202045251	http://forum.azzurra.org/archive/index.php/t-359.html	t-359.html.20081202045251
20090201070430	http://forum.azzurra.org:80/archive/index.php/t-361.html	t-361.html.20090201070430
20081202044536	http://forum.azzurra.org/archive/index.php/t-361.html	t-361.html.20081202044536
20090203140733	http://forum.azzurra.org:80/showthread.php?t=361	st-361.html.20090203140733
20081202064758	http://forum.azzurra.org/archive/index.php/t-369.html	t-369.html.20081202064758
20081202053224	http://forum.azzurra.org/archive/index.php/t-370.html	t-370.html.20081202053224
20081202053500	http://forum.azzurra.org/archive/index.php/t-373.html	t-373.html.20081202053500
20081201202432	http://forum.azzurra.org/archive/index.php/t-376.html	t-376.html.20081201202432
20081201210523	http://forum.azzurra.org/archive/index.php/t-377.html	t-377.html.20081201210523
20081201195401	http://forum.azzurra.org/archive/index.php/t-386.html	t-386.html.20081201195401
20070303215916	http://forum.azzurra.org:80/showthread.php?s=9e6c5744eefe9238f6006a59f254e07a&t=386	st-386.html.20070303215916
20081201203520	http://forum.azzurra.org/archive/index.php/t-388.html	t-388.html.20081201203520
20081201205249	http://forum.azzurra.org/archive/index.php/t-390.html	t-390.html.20081201205249
20081201202651	http://forum.azzurra.org/archive/index.php/t-407.html	t-407.html.20081201202651
20081201211315	http://forum.azzurra.org/archive/index.php/t-415.html	t-415.html.20081201211315
20081201211441	http://forum.azzurra.org/archive/index.php/t-422.html	t-422.html.20081201211441
20081201201401	http://forum.azzurra.org/archive/index.php/t-423.html	t-423.html.20081201201401
20070305184553	http://forum.azzurra.org:80/showthread.php?t=423	st-423.html.20070305184553
20081201202528	http://forum.azzurra.org/archive/index.php/t-425.html	t-425.html.20081201202528
20070316041557	http://forum.azzurra.org:80/showthread.php?s=b386d24dfe7e52fa928c31031336e090&t=425	st-425.html.20070316041557
20081201210010	http://forum.azzurra.org/archive/index.php/t-428.html	t-428.html.20081201210010
20081201200111	http://forum.azzurra.org/archive/index.php/t-429.html	t-429.html.20081201200111
20081201202807	http://forum.azzurra.org/archive/index.php/t-430.html	t-430.html.20081201202807
20081120092547	http://forum.azzurra.org/archive/index.php/t-434.html	t-434.html.20081120092547
20081201204005	http://forum.azzurra.org/archive/index.php/t-439.html	t-439.html.20081201204005
20081201194601	http://forum.azzurra.org/archive/index.php/t-455.html	t-455.html.20081201194601
20081201205103	http://forum.azzurra.org/archive/index.php/t-457.html	t-457.html.20081201205103
20081202131849	http://forum.azzurra.org/archive/index.php/t-463.html	t-463.html.20081202131849
20081202123035	http://forum.azzurra.org/archive/index.php/t-464.html	t-464.html.20081202123035
20081202122509	http://forum.azzurra.org/archive/index.php/t-467.html	t-467.html.20081202122509
20081202123502	http://forum.azzurra.org/archive/index.php/t-476.html	t-476.html.20081202123502
20070310005816	http://forum.azzurra.org:80/showthread.php?mode=hybrid&t=476	st-476.html.20070310005816
20070302210933	http://forum.azzurra.org:80/showthread.php?t=476	st-476.html.20070302210933
20070228100116	http://forum.azzurra.org:80/showthread.php?s=88f1c0b5ca7f3b0c060e4e1b941c677a&mode=hybrid&t=476	st-476.html.20070228100116
20070223210743	http://forum.azzurra.org:80/showthread.php?s=f31549aa49846a60e054e20cb590eec2&t=476	st-476.html.20070223210743
20081202125803	http://forum.azzurra.org/archive/index.php/t-482.html	t-482.html.20081202125803
20081202121817	http://forum.azzurra.org/archive/index.php/t-483.html	t-483.html.20081202121817
20081202130317	http://forum.azzurra.org/archive/index.php/t-487.html	t-487.html.20081202130317
20081202134509	http://forum.azzurra.org/archive/index.php/t-490.html	t-490.html.20081202134509
20081202123436	http://forum.azzurra.org/archive/index.php/t-498.html	t-498.html.20081202123436
20081202133146	http://forum.azzurra.org/archive/index.php/t-499.html	t-499.html.20081202133146
20081202130441	http://forum.azzurra.org/archive/index.php/t-501.html	t-501.html.20081202130441
20070322070547	http://forum.azzurra.org:80/showthread.php?t=501	st-501.html.20070322070547
20070316053327	http://forum.azzurra.org:80/showthread.php?s=9b988f08c4f043686a958ffea4e08970&mode=hybrid&t=501	st-501.html.20070316053327
20070312200734	http://forum.azzurra.org:80/showthread.php?s=4df9ff0ef87f55284faee03b2bde9a3d&t=501	st-501.html.20070312200734
20081202134312	http://forum.azzurra.org/archive/index.php/t-510.html	t-510.html.20081202134312
20081202134806	http://forum.azzurra.org/archive/index.php/t-516.html	t-516.html.20081202134806
20081202132333	http://forum.azzurra.org/archive/index.php/t-519.html	t-519.html.20081202132333
20081202134416	http://forum.azzurra.org/archive/index.php/t-522.html	t-522.html.20081202134416
20070315151823	http://forum.azzurra.org:80/showthread.php?s=9b988f08c4f043686a958ffea4e08970&mode=hybrid&t=522	st-522.html.20070315151823
20070314033626	http://forum.azzurra.org:80/showthread.php?s=4df9ff0ef87f55284faee03b2bde9a3d&t=522	st-522.html.20070314033626
20070312213655	http://forum.azzurra.org:80/showthread.php?s=4df9ff0ef87f55284faee03b2bde9a3d&t=522	st-522.html.20070312213655
20081202125232	http://forum.azzurra.org/archive/index.php/t-526.html	t-526.html.20081202125232
20081202133712	http://forum.azzurra.org/archive/index.php/t-528.html	t-528.html.20081202133712
20081202123153	http://forum.azzurra.org/archive/index.php/t-529.html	t-529.html.20081202123153
20081201172138	http://forum.azzurra.org/archive/index.php/t-540.html	t-540.html.20081201172138
20081201161555	http://forum.azzurra.org/archive/index.php/t-541.html	t-541.html.20081201161555
20070326063151	http://forum.azzurra.org:80/showthread.php?t=541	st-541.html.20070326063151
20070322161250	http://forum.azzurra.org:80/showthread.php?s=9b988f08c4f043686a958ffea4e08970&mode=hybrid&t=541	st-541.html.20070322161250
20070312190048	http://forum.azzurra.org:80/showthread.php?s=4df9ff0ef87f55284faee03b2bde9a3d&t=541	st-541.html.20070312190048
20081201171703	http://forum.azzurra.org/archive/index.php/t-545.html	t-545.html.20081201171703
20081201163248	http://forum.azzurra.org/archive/index.php/t-548.html	t-548.html.20081201163248
20081201170529	http://forum.azzurra.org/archive/index.php/t-551.html	t-551.html.20081201170529
20081201170007	http://forum.azzurra.org/archive/index.php/t-552.html	t-552.html.20081201170007
20070227192024	http://forum.azzurra.org:80/showthread.php?s=88f1c0b5ca7f3b0c060e4e1b941c677a&t=552	st-552.html.20070227192024
20090207092015	http://forum.azzurra.org:80/archive/index.php/t-553.html	t-553.html.20090207092015
20081201161029	http://forum.azzurra.org/archive/index.php/t-553.html	t-553.html.20081201161029
20090101162742	http://forum.azzurra.org:80/showthread.php?t=553	st-553.html.20090101162742
20081201171201	http://forum.azzurra.org/archive/index.php/t-554.html	t-554.html.20081201171201
20081201155831	http://forum.azzurra.org/archive/index.php/t-555.html	t-555.html.20081201155831
20081201171130	http://forum.azzurra.org/archive/index.php/t-557.html	t-557.html.20081201171130
20081201170632	http://forum.azzurra.org/archive/index.php/t-563.html	t-563.html.20081201170632
20081201160516	http://forum.azzurra.org/archive/index.php/t-564.html	t-564.html.20081201160516
20081201170351	http://forum.azzurra.org/archive/index.php/t-565.html	t-565.html.20081201170351
20081201160552	http://forum.azzurra.org/archive/index.php/t-567.html	t-567.html.20081201160552
20081201162428	http://forum.azzurra.org/archive/index.php/t-570.html	t-570.html.20081201162428
20081201171926	http://forum.azzurra.org/archive/index.php/t-572.html	t-572.html.20081201171926
20070304064039	http://forum.azzurra.org:80/showthread.php?s=f95ecff6eccf2b2bf3e4cdfd2a817a78&t=572	st-572.html.20070304064039
20081201161519	http://forum.azzurra.org/archive/index.php/t-575.html	t-575.html.20081201161519
20081201155524	http://forum.azzurra.org/archive/index.php/t-580.html	t-580.html.20081201155524
20081201163347	http://forum.azzurra.org/archive/index.php/t-592.html	t-592.html.20081201163347
20081202115754	http://forum.azzurra.org/archive/index.php/t-599.html	t-599.html.20081202115754
20081202112646	http://forum.azzurra.org/archive/index.php/t-601.html	t-601.html.20081202112646
20081202111301	http://forum.azzurra.org/archive/index.php/t-602.html	t-602.html.20081202111301
20081202072440	http://forum.azzurra.org/archive/index.php/t-603.html	t-603.html.20081202072440
20110810182643	http://forum.azzurra.org:80/archive/index.php/t-606.html	t-606.html.20110810182643
20110620021359	http://forum.azzurra.org:80/archive/index.php/t-606.html	t-606.html.20110620021359
20081120155409	http://forum.azzurra.org/archive/index.php/t-606.html	t-606.html.20081120155409
20110820214848	http://forum.azzurra.org:80/showthread.php?t=606	st-606.html.20110820214848
20110620210046	http://forum.azzurra.org:80/showthread.php?t=606	st-606.html.20110620210046
20081202114034	http://forum.azzurra.org/archive/index.php/t-608.html	t-608.html.20081202114034
20081202120659	http://forum.azzurra.org/archive/index.php/t-610.html	t-610.html.20081202120659
20070310011420	http://forum.azzurra.org:80/showthread.php?s=9e6c5744eefe9238f6006a59f254e07a&t=610	st-610.html.20070310011420
20081202120421	http://forum.azzurra.org/archive/index.php/t-616.html	t-616.html.20081202120421
20070304063959	http://forum.azzurra.org:80/showthread.php?s=9e6c5744eefe9238f6006a59f254e07a&t=616	st-616.html.20070304063959
20081202110411	http://forum.azzurra.org/archive/index.php/t-620.html	t-620.html.20081202110411
20081202115853	http://forum.azzurra.org/archive/index.php/t-621.html	t-621.html.20081202115853
20070304064009	http://forum.azzurra.org:80/showthread.php?s=9e6c5744eefe9238f6006a59f254e07a&t=621	st-621.html.20070304064009
20081202105219	http://forum.azzurra.org/archive/index.php/t-623.html	t-623.html.20081202105219
20081202120953	http://forum.azzurra.org/archive/index.php/t-624.html	t-624.html.20081202120953
20081202114704	http://forum.azzurra.org/archive/index.php/t-628.html	t-628.html.20081202114704
20081202113449	http://forum.azzurra.org/archive/index.php/t-630.html	t-630.html.20081202113449
20081120152644	http://forum.azzurra.org/archive/index.php/t-631.html	t-631.html.20081120152644
20070303081142	http://forum.azzurra.org:80/showthread.php?s=f95ecff6eccf2b2bf3e4cdfd2a817a78&t=631	st-631.html.20070303081142
20081120155648	http://forum.azzurra.org/archive/index.php/t-632.html	t-632.html.20081120155648
20081202112933	http://forum.azzurra.org/archive/index.php/t-633.html	t-633.html.20081202112933
20081120163506	http://forum.azzurra.org/archive/index.php/t-634.html	t-634.html.20081120163506
20081202072655	http://forum.azzurra.org/archive/index.php/t-638.html	t-638.html.20081202072655
20081202114534	http://forum.azzurra.org/archive/index.php/t-639.html	t-639.html.20081202114534
20081202115229	http://forum.azzurra.org/archive/index.php/t-640.html	t-640.html.20081202115229
20081202101733	http://forum.azzurra.org/archive/index.php/t-642.html	t-642.html.20081202101733
20081123035922	http://forum.azzurra.org/archive/index.php/t-648.html	t-648.html.20081123035922
20081123045105	http://forum.azzurra.org/archive/index.php/t-652.html	t-652.html.20081123045105
20081123030900	http://forum.azzurra.org/archive/index.php/t-653.html	t-653.html.20081123030900
20081123032203	http://forum.azzurra.org/archive/index.php/t-655.html	t-655.html.20081123032203
20081123042926	http://forum.azzurra.org/archive/index.php/t-660.html	t-660.html.20081123042926
20081123031103	http://forum.azzurra.org/archive/index.php/t-667.html	t-667.html.20081123031103
20070227192034	http://forum.azzurra.org:80/showthread.php?s=88f1c0b5ca7f3b0c060e4e1b941c677a&t=667	st-667.html.20070227192034
20081123050514	http://forum.azzurra.org/archive/index.php/t-671.html	t-671.html.20081123050514
20070307205733	http://forum.azzurra.org:80/showthread.php?t=671	st-671.html.20070307205733
20070307081927	http://forum.azzurra.org:80/showthread.php?s=00f608608331541a22414b4586d7fdcc&mode=hybrid&t=671	st-671.html.20070307081927
20070303043137	http://forum.azzurra.org:80/showthread.php?s=f95ecff6eccf2b2bf3e4cdfd2a817a78&t=671	st-671.html.20070303043137
20081123033211	http://forum.azzurra.org/archive/index.php/t-673.html	t-673.html.20081123033211
20081123033903	http://forum.azzurra.org/archive/index.php/t-675.html	t-675.html.20081123033903
20070305184611	http://forum.azzurra.org:80/showthread.php?t=675	st-675.html.20070305184611
20070303224900	http://forum.azzurra.org:80/showthread.php?s=943d35a0becef6ee9e5fcc98f9c42a0a&mode=hybrid&t=675	st-675.html.20070303224900
20081123045504	http://forum.azzurra.org/archive/index.php/t-677.html	t-677.html.20081123045504
20081123052053	http://forum.azzurra.org/archive/index.php/t-678.html	t-678.html.20081123052053
20081123042443	http://forum.azzurra.org/archive/index.php/t-681.html	t-681.html.20081123042443
20081123050728	http://forum.azzurra.org/archive/index.php/t-690.html	t-690.html.20081123050728
20081123051535	http://forum.azzurra.org/archive/index.php/t-695.html	t-695.html.20081123051535
20081123034337	http://forum.azzurra.org/archive/index.php/t-698.html	t-698.html.20081123034337
20081123045321	http://forum.azzurra.org/archive/index.php/t-699.html	t-699.html.20081123045321
20081123030351	http://forum.azzurra.org/archive/index.php/t-700.html	t-700.html.20081123030351
20081123040936	http://forum.azzurra.org/archive/index.php/t-701.html	t-701.html.20081123040936
20081123035353	http://forum.azzurra.org/archive/index.php/t-712.html	t-712.html.20081123035353
20081205081225	http://forum.azzurra.org/archive/index.php/t-722.html	t-722.html.20081205081225
20081205073111	http://forum.azzurra.org/archive/index.php/t-725.html	t-725.html.20081205073111
20081205073311	http://forum.azzurra.org/archive/index.php/t-726.html	t-726.html.20081205073311
20081205081618	http://forum.azzurra.org/archive/index.php/t-727.html	t-727.html.20081205081618
20081205080402	http://forum.azzurra.org/archive/index.php/t-728.html	t-728.html.20081205080402
20081205074622	http://forum.azzurra.org/archive/index.php/t-730.html	t-730.html.20081205074622
20081120131644	http://forum.azzurra.org/archive/index.php/t-734.html	t-734.html.20081120131644
20081205080244	http://forum.azzurra.org/archive/index.php/t-743.html	t-743.html.20081205080244
20081205081013	http://forum.azzurra.org/archive/index.php/t-749.html	t-749.html.20081205081013
20081120134355	http://forum.azzurra.org/archive/index.php/t-750.html	t-750.html.20081120134355
20081205075624	http://forum.azzurra.org/archive/index.php/t-751.html	t-751.html.20081205075624
20081120120416	http://forum.azzurra.org/archive/index.php/t-759.html	t-759.html.20081120120416
20081205075023	http://forum.azzurra.org/archive/index.php/t-763.html	t-763.html.20081205075023
20081120133734	http://forum.azzurra.org/archive/index.php/t-764.html	t-764.html.20081120133734
20081205075246	http://forum.azzurra.org/archive/index.php/t-766.html	t-766.html.20081205075246
20081120170113	http://forum.azzurra.org/archive/index.php/t-770.html	t-770.html.20081120170113
20081205081750	http://forum.azzurra.org/archive/index.php/t-778.html	t-778.html.20081205081750
20081205073152	http://forum.azzurra.org/archive/index.php/t-779.html	t-779.html.20081205073152
20081120121852	http://forum.azzurra.org/archive/index.php/t-780.html	t-780.html.20081120121852
20081205074701	http://forum.azzurra.org/archive/index.php/t-781.html	t-781.html.20081205074701
20081205074316	http://forum.azzurra.org/archive/index.php/t-787.html	t-787.html.20081205074316
20081205073609	http://forum.azzurra.org/archive/index.php/t-792.html	t-792.html.20081205073609
20081205073051	http://forum.azzurra.org/archive/index.php/t-794.html	t-794.html.20081205073051
20081205082007	http://forum.azzurra.org/archive/index.php/t-795.html	t-795.html.20081205082007
20081205081714	http://forum.azzurra.org/archive/index.php/t-796.html	t-796.html.20081205081714
20081205072755	http://forum.azzurra.org/archive/index.php/t-798.html	t-798.html.20081205072755
20081205081451	http://forum.azzurra.org/archive/index.php/t-801.html	t-801.html.20081205081451
20081205080917	http://forum.azzurra.org/archive/index.php/t-802.html	t-802.html.20081205080917
20081205081824	http://forum.azzurra.org/archive/index.php/t-807.html	t-807.html.20081205081824
20081120090611	http://forum.azzurra.org/archive/index.php/t-811.html	t-811.html.20081120090611
20081202011849	http://forum.azzurra.org/archive/index.php/t-814.html	t-814.html.20081202011849
20081203175022	http://forum.azzurra.org/archive/index.php/t-815.html	t-815.html.20081203175022
20081203180315	http://forum.azzurra.org/archive/index.php/t-816.html	t-816.html.20081203180315
20081202011741	http://forum.azzurra.org/archive/index.php/t-817.html	t-817.html.20081202011741
20081203192649	http://forum.azzurra.org/archive/index.php/t-819.html	t-819.html.20081203192649
20081203163050	http://forum.azzurra.org/archive/index.php/t-831.html	t-831.html.20081203163050
20081203142246	http://forum.azzurra.org/archive/index.php/t-838.html	t-838.html.20081203142246
20081203141306	http://forum.azzurra.org/archive/index.php/t-842.html	t-842.html.20081203141306
20081203131234	http://forum.azzurra.org/archive/index.php/t-844.html	t-844.html.20081203131234
20081202011342	http://forum.azzurra.org/archive/index.php/t-848.html	t-848.html.20081202011342
20081203180838	http://forum.azzurra.org/archive/index.php/t-849.html	t-849.html.20081203180838
20081203145007	http://forum.azzurra.org/archive/index.php/t-864.html	t-864.html.20081203145007
20081203142446	http://forum.azzurra.org/archive/index.php/t-867.html	t-867.html.20081203142446
20081203135701	http://forum.azzurra.org/archive/index.php/t-876.html	t-876.html.20081203135701
20081120084311	http://forum.azzurra.org/archive/index.php/t-879.html	t-879.html.20081120084311
20081203210737	http://forum.azzurra.org/archive/index.php/t-882.html	t-882.html.20081203210737
20081203170530	http://forum.azzurra.org/archive/index.php/t-885.html	t-885.html.20081203170530
20081203204331	http://forum.azzurra.org/archive/index.php/t-887.html	t-887.html.20081203204331
20081202011414	http://forum.azzurra.org/archive/index.php/t-892.html	t-892.html.20081202011414
20081203181914	http://forum.azzurra.org/archive/index.php/t-895.html	t-895.html.20081203181914
20081203183303	http://forum.azzurra.org/archive/index.php/t-896.html	t-896.html.20081203183303
20081120084529	http://forum.azzurra.org/archive/index.php/t-897.html	t-897.html.20081120084529
20081203165901	http://forum.azzurra.org/archive/index.php/t-903.html	t-903.html.20081203165901
20081203210114	http://forum.azzurra.org/archive/index.php/t-904.html	t-904.html.20081203210114
20081203162401	http://forum.azzurra.org/archive/index.php/t-906.html	t-906.html.20081203162401
20081203182749	http://forum.azzurra.org/archive/index.php/t-910.html	t-910.html.20081203182749
20081203181406	http://forum.azzurra.org/archive/index.php/t-913.html	t-913.html.20081203181406
20070304063918	http://forum.azzurra.org:80/showthread.php?s=943d35a0becef6ee9e5fcc98f9c42a0a&t=913	st-913.html.20070304063918
20081120092108	http://forum.azzurra.org/archive/index.php/t-914.html	t-914.html.20081120092108
20081203193159	http://forum.azzurra.org/archive/index.php/t-919.html	t-919.html.20081203193159
20081202011554	http://forum.azzurra.org/archive/index.php/t-920.html	t-920.html.20081202011554
20081203180048	http://forum.azzurra.org/archive/index.php/t-921.html	t-921.html.20081203180048
20081203175215	http://forum.azzurra.org/archive/index.php/t-922.html	t-922.html.20081203175215
20081202011924	http://forum.azzurra.org/archive/index.php/t-923.html	t-923.html.20081202011924
20081203134843	http://forum.azzurra.org/archive/index.php/t-929.html	t-929.html.20081203134843
20081203212813	http://forum.azzurra.org/archive/index.php/t-933.html	t-933.html.20081203212813
20081203205629	http://forum.azzurra.org/archive/index.php/t-936.html	t-936.html.20081203205629
20081203165522	http://forum.azzurra.org/archive/index.php/t-937.html	t-937.html.20081203165522
20081203190526	http://forum.azzurra.org/archive/index.php/t-940.html	t-940.html.20081203190526
20081203175725	http://forum.azzurra.org/archive/index.php/t-949.html	t-949.html.20081203175725
20081203144625	http://forum.azzurra.org/archive/index.php/t-953.html	t-953.html.20081203144625
20081203160545	http://forum.azzurra.org/archive/index.php/t-956.html	t-956.html.20081203160545
20081203195456	http://forum.azzurra.org/archive/index.php/t-963.html	t-963.html.20081203195456
20081201150642	http://forum.azzurra.org/archive/index.php/t-967.html	t-967.html.20081201150642
20081201145622	http://forum.azzurra.org/archive/index.php/t-973.html	t-973.html.20081201145622
20081201150010	http://forum.azzurra.org/archive/index.php/t-976.html	t-976.html.20081201150010
20081201153440	http://forum.azzurra.org/archive/index.php/t-984.html	t-984.html.20081201153440
20081201145407	http://forum.azzurra.org/archive/index.php/t-992.html	t-992.html.20081201145407
20081201151829	http://forum.azzurra.org/archive/index.php/t-993.html	t-993.html.20081201151829
20081201145112	http://forum.azzurra.org/archive/index.php/t-997.html	t-997.html.20081201145112
20090106023305	http://forum.azzurra.org/archive/index.php/t-1003.html	t-1003.html.20090106023305
20090106021030	http://forum.azzurra.org/archive/index.php/t-1005.html	t-1005.html.20090106021030
20090105225701	http://forum.azzurra.org/archive/index.php/t-1018.html	t-1018.html.20090105225701
20090106022403	http://forum.azzurra.org/archive/index.php/t-1031.html	t-1031.html.20090106022403
20081120180119	http://forum.azzurra.org/archive/index.php/t-1049.html	t-1049.html.20081120180119
20081120200828	http://forum.azzurra.org/archive/index.php/t-1057.html	t-1057.html.20081120200828
20070310045513	http://forum.azzurra.org:80/showthread.php?s=9e6c5744eefe9238f6006a59f254e07a&t=1057	st-1057.html.20070310045513
20081120230132	http://forum.azzurra.org/archive/index.php/t-1079.html	t-1079.html.20081120230132
20081120212127	http://forum.azzurra.org/archive/index.php/t-1087.html	t-1087.html.20081120212127
20081120191106	http://forum.azzurra.org/archive/index.php/t-1095.html	t-1095.html.20081120191106
20090106024615	http://forum.azzurra.org/archive/index.php/t-1100.html	t-1100.html.20090106024615
20090106030301	http://forum.azzurra.org/archive/index.php/t-1103.html	t-1103.html.20090106030301
20070315113515	http://forum.azzurra.org:80/showthread.php?t=1103	st-1103.html.20070315113515
20070314094528	http://forum.azzurra.org:80/showthread.php?s=4df9ff0ef87f55284faee03b2bde9a3d&mode=hybrid&t=1103	st-1103.html.20070314094528
20070312223738	http://forum.azzurra.org:80/showthread.php?s=4df9ff0ef87f55284faee03b2bde9a3d&mode=hybrid&t=1103	st-1103.html.20070312223738
20090106022634	http://forum.azzurra.org/archive/index.php/t-1106.html	t-1106.html.20090106022634
20081120224747	http://forum.azzurra.org/archive/index.php/t-1111.html	t-1111.html.20081120224747
20090105222712	http://forum.azzurra.org/archive/index.php/t-1114.html	t-1114.html.20090105222712
20070316011148	http://forum.azzurra.org:80/showthread.php?s=b386d24dfe7e52fa928c31031336e090&t=1114	st-1114.html.20070316011148
20081120181728	http://forum.azzurra.org/archive/index.php/t-1121.html	t-1121.html.20081120181728
20081120054939	http://forum.azzurra.org/archive/index.php/t-1129.html	t-1129.html.20081120054939
20081120031104	http://forum.azzurra.org/archive/index.php/t-1135.html	t-1135.html.20081120031104
20081120025815	http://forum.azzurra.org/archive/index.php/t-1136.html	t-1136.html.20081120025815
20081120071856	http://forum.azzurra.org/archive/index.php/t-1153.html	t-1153.html.20081120071856
20081120015313	http://forum.azzurra.org/archive/index.php/t-1154.html	t-1154.html.20081120015313
20081120040840	http://forum.azzurra.org/archive/index.php/t-1158.html	t-1158.html.20081120040840
20081120081057	http://forum.azzurra.org/archive/index.php/t-1162.html	t-1162.html.20081120081057
20081120074317	http://forum.azzurra.org/archive/index.php/t-1164.html	t-1164.html.20081120074317
20081120100312	http://forum.azzurra.org/archive/index.php/t-1183.html	t-1183.html.20081120100312
20081120031946	http://forum.azzurra.org/archive/index.php/t-1184.html	t-1184.html.20081120031946
20081120030254	http://forum.azzurra.org/archive/index.php/t-1187.html	t-1187.html.20081120030254
20081120072312	http://forum.azzurra.org/archive/index.php/t-1189.html	t-1189.html.20081120072312
20070310012921	http://forum.azzurra.org:80/showthread.php?s=ec9c872bbd81e5113dcc2748ca167e01&t=1189	st-1189.html.20070310012921
20081120053938	http://forum.azzurra.org/archive/index.php/t-1198.html	t-1198.html.20081120053938
20081120004653	http://forum.azzurra.org/archive/index.php/t-1199.html	t-1199.html.20081120004653
20081120003644	http://forum.azzurra.org/archive/index.php/t-1215.html	t-1215.html.20081120003644
20081120012250	http://forum.azzurra.org/archive/index.php/t-1228.html	t-1228.html.20081120012250
20081121011211	http://forum.azzurra.org/archive/index.php/t-1245.html	t-1245.html.20081121011211
20081121010207	http://forum.azzurra.org/archive/index.php/t-1249.html	t-1249.html.20081121010207
20081121021028	http://forum.azzurra.org/archive/index.php/t-1252.html	t-1252.html.20081121021028
20081121031638	http://forum.azzurra.org/archive/index.php/t-1254.html	t-1254.html.20081121031638
20081121060557	http://forum.azzurra.org/archive/index.php/t-1287.html	t-1287.html.20081121060557
20081121021239	http://forum.azzurra.org/archive/index.php/t-1288.html	t-1288.html.20081121021239
20081121042330	http://forum.azzurra.org/archive/index.php/t-1307.html	t-1307.html.20081121042330
20081121034058	http://forum.azzurra.org/archive/index.php/t-1324.html	t-1324.html.20081121034058
20081203224322	http://forum.azzurra.org/archive/index.php/t-1328.html	t-1328.html.20081203224322
20081203233117	http://forum.azzurra.org/archive/index.php/t-1352.html	t-1352.html.20081203233117
20081203231756	http://forum.azzurra.org/archive/index.php/t-1365.html	t-1365.html.20081203231756
20081201103809	http://forum.azzurra.org/archive/index.php/t-1421.html	t-1421.html.20081201103809
20081201122944	http://forum.azzurra.org/archive/index.php/t-1451.html	t-1451.html.20081201122944
20070310065012	http://forum.azzurra.org:80/showthread.php?s=ec9c872bbd81e5113dcc2748ca167e01&t=1451	st-1451.html.20070310065012
20081201121326	http://forum.azzurra.org/archive/index.php/t-1454.html	t-1454.html.20081201121326
20081201120958	http://forum.azzurra.org/archive/index.php/t-1460.html	t-1460.html.20081201120958
20081201124706	http://forum.azzurra.org/archive/index.php/t-1470.html	t-1470.html.20081201124706
20051016185500	http://forum.azzurra.org:80/showthread.php?t=1486	st-1486.html.20051016185500
20081201111949	http://forum.azzurra.org/archive/index.php/t-1487.html	t-1487.html.20081201111949
20070310045342	http://forum.azzurra.org:80/showthread.php?s=943d35a0becef6ee9e5fcc98f9c42a0a&t=1487	st-1487.html.20070310045342
20081201134725	http://forum.azzurra.org/archive/index.php/t-1511.html	t-1511.html.20081201134725
20081201104013	http://forum.azzurra.org/archive/index.php/t-1516.html	t-1516.html.20081201104013
20081201140721	http://forum.azzurra.org/archive/index.php/t-1523.html	t-1523.html.20081201140721
20081201111358	http://forum.azzurra.org/archive/index.php/t-1524.html	t-1524.html.20081201111358
20081201134248	http://forum.azzurra.org/archive/index.php/t-1525.html	t-1525.html.20081201134248
20081201135133	http://forum.azzurra.org/archive/index.php/t-1526.html	t-1526.html.20081201135133
20081201110140	http://forum.azzurra.org/archive/index.php/t-1527.html	t-1527.html.20081201110140
20070316044820	http://forum.azzurra.org:80/showthread.php?s=b386d24dfe7e52fa928c31031336e090&t=1527	st-1527.html.20070316044820
20081201120241	http://forum.azzurra.org/archive/index.php/t-1533.html	t-1533.html.20081201120241
20070316044836	http://forum.azzurra.org:80/showthread.php?s=b386d24dfe7e52fa928c31031336e090&t=1533	st-1533.html.20070316044836
20081201123650	http://forum.azzurra.org/archive/index.php/t-1539.html	t-1539.html.20081201123650
20070316011209	http://forum.azzurra.org:80/showthread.php?s=b386d24dfe7e52fa928c31031336e090&t=1539	st-1539.html.20070316011209
20081121070745	http://forum.azzurra.org/archive/index.php/t-1540.html	t-1540.html.20081121070745
20081201140558	http://forum.azzurra.org/archive/index.php/t-1548.html	t-1548.html.20081201140558
20081201104532	http://forum.azzurra.org/archive/index.php/t-1549.html	t-1549.html.20081201104532
20070317020843	http://forum.azzurra.org:80/showthread.php?s=b386d24dfe7e52fa928c31031336e090&t=1549	st-1549.html.20070317020843
20081201154341	http://forum.azzurra.org/archive/index.php/t-1555.html	t-1555.html.20081201154341
20081120104427	http://forum.azzurra.org/archive/index.php/t-1671.html	t-1671.html.20081120104427
20081120104721	http://forum.azzurra.org/archive/index.php/t-1888.html	t-1888.html.20081120104721
20081120103350	http://forum.azzurra.org/archive/index.php/t-1939.html	t-1939.html.20081120103350
20081121183400	http://forum.azzurra.org/archive/index.php/t-1955.html	t-1955.html.20081121183400
20081121180723	http://forum.azzurra.org/archive/index.php/t-1957.html	t-1957.html.20081121180723
20081121183956	http://forum.azzurra.org/archive/index.php/t-1968.html	t-1968.html.20081121183956
20081121183107	http://forum.azzurra.org/archive/index.php/t-1974.html	t-1974.html.20081121183107
20081121182648	http://forum.azzurra.org/archive/index.php/t-1990.html	t-1990.html.20081121182648
20081121193238	http://forum.azzurra.org/archive/index.php/t-1994.html	t-1994.html.20081121193238
20081121183300	http://forum.azzurra.org/archive/index.php/t-1999.html	t-1999.html.20081121183300
20081121181017	http://forum.azzurra.org/archive/index.php/t-2006.html	t-2006.html.20081121181017
20081121194100	http://forum.azzurra.org/archive/index.php/t-2024.html	t-2024.html.20081121194100
20081121183009	http://forum.azzurra.org/archive/index.php/t-2044.html	t-2044.html.20081121183009
20070322155123	http://forum.azzurra.org:80/showthread.php?t=2044	st-2044.html.20070322155123
20070312190255	http://forum.azzurra.org:80/showthread.php?s=12977308032ff9f5f59295718967aaa3&t=2044	st-2044.html.20070312190255
20081121183820	http://forum.azzurra.org/archive/index.php/t-2051.html	t-2051.html.20081121183820
20081121183235	http://forum.azzurra.org/archive/index.php/t-2142.html	t-2142.html.20081121183235
20081121192908	http://forum.azzurra.org/archive/index.php/t-2216.html	t-2216.html.20081121192908
20070221194803	http://forum.azzurra.org:80/showthread.php?s=97fab5b91c1ed0910a2c21c3c608b657&t=2216	st-2216.html.20070221194803
20081121182310	http://forum.azzurra.org/archive/index.php/t-2225.html	t-2225.html.20081121182310
20081121182558	http://forum.azzurra.org/archive/index.php/t-2226.html	t-2226.html.20081121182558
20081121200403	http://forum.azzurra.org/archive/index.php/t-2228.html	t-2228.html.20081121200403
20081121182823	http://forum.azzurra.org/archive/index.php/t-2276.html	t-2276.html.20081121182823
20081121182622	http://forum.azzurra.org/archive/index.php/t-2279.html	t-2279.html.20081121182622
20081121184327	http://forum.azzurra.org/archive/index.php/t-2284.html	t-2284.html.20081121184327
20081121185722	http://forum.azzurra.org/archive/index.php/t-2296.html	t-2296.html.20081121185722
20081202170251	http://forum.azzurra.org/archive/index.php/t-2313.html	t-2313.html.20081202170251
20081121140612	http://forum.azzurra.org/archive/index.php/t-2341.html	t-2341.html.20081121140612
20081202170814	http://forum.azzurra.org/archive/index.php/t-2346.html	t-2346.html.20081202170814
20081121105612	http://forum.azzurra.org/archive/index.php/t-2361.html	t-2361.html.20081121105612
20081121115111	http://forum.azzurra.org/archive/index.php/t-2364.html	t-2364.html.20081121115111
20070315231944	http://forum.azzurra.org:80/showthread.php?s=1e4a43fa181fc4cdf7626ba07b3520a9&mode=hybrid&t=2374	st-2374.html.20070315231944
20070315222146	http://forum.azzurra.org:80/showthread.php?t=2374	st-2374.html.20070315222146
20070311073022	http://forum.azzurra.org:80/showthread.php?s=12977308032ff9f5f59295718967aaa3&t=2374	st-2374.html.20070311073022
20081202170235	http://forum.azzurra.org/archive/index.php/t-2378.html	t-2378.html.20081202170235
20081202164301	http://forum.azzurra.org/archive/index.php/t-2388.html	t-2388.html.20081202164301
20081202165131	http://forum.azzurra.org/archive/index.php/t-2404.html	t-2404.html.20081202165131
20081202165812	http://forum.azzurra.org/archive/index.php/t-2466.html	t-2466.html.20081202165812
20081121132450	http://forum.azzurra.org/archive/index.php/t-2470.html	t-2470.html.20081121132450
20081202170032	http://forum.azzurra.org/archive/index.php/t-2499.html	t-2499.html.20081202170032
20081121150702	http://forum.azzurra.org/archive/index.php/t-2523.html	t-2523.html.20081121150702
20081121112743	http://forum.azzurra.org/archive/index.php/t-2537.html	t-2537.html.20081121112743
20081202165652	http://forum.azzurra.org/archive/index.php/t-2539.html	t-2539.html.20081202165652
20081202165620	http://forum.azzurra.org/archive/index.php/t-2588.html	t-2588.html.20081202165620
20081121123626	http://forum.azzurra.org/archive/index.php/t-2653.html	t-2653.html.20081121123626
20081201181346	http://forum.azzurra.org/archive/index.php/t-2691.html	t-2691.html.20081201181346
20081201190805	http://forum.azzurra.org/archive/index.php/t-2719.html	t-2719.html.20081201190805
20070911112614	http://forum.azzurra.org:80/showthread.php?s=eee37a900a77995355b38b46b227da72&mode=hybrid&t=2719	st-2719.html.20070911112614
20081201193208	http://forum.azzurra.org/archive/index.php/t-2724.html	t-2724.html.20081201193208
20081201175841	http://forum.azzurra.org/archive/index.php/t-2741.html	t-2741.html.20081201175841
20081201175303	http://forum.azzurra.org/archive/index.php/t-2767.html	t-2767.html.20081201175303
20081201190235	http://forum.azzurra.org/archive/index.php/t-2771.html	t-2771.html.20081201190235
20081201180107	http://forum.azzurra.org/archive/index.php/t-2775.html	t-2775.html.20081201180107
20081201181813	http://forum.azzurra.org/archive/index.php/t-2779.html	t-2779.html.20081201181813
20081119141656	http://forum.azzurra.org/archive/index.php/t-2786.html	t-2786.html.20081119141656
20081201183430	http://forum.azzurra.org/archive/index.php/t-2787.html	t-2787.html.20081201183430
20070223210857	http://forum.azzurra.org:80/showthread.php?s=f31549aa49846a60e054e20cb590eec2&t=2787	st-2787.html.20070223210857
20081201175453	http://forum.azzurra.org/archive/index.php/t-2809.html	t-2809.html.20081201175453
20081201182938	http://forum.azzurra.org/archive/index.php/t-2815.html	t-2815.html.20081201182938
20081201183234	http://forum.azzurra.org/archive/index.php/t-2816.html	t-2816.html.20081201183234
20081119152956	http://forum.azzurra.org/archive/index.php/t-2820.html	t-2820.html.20081119152956
20081201185115	http://forum.azzurra.org/archive/index.php/t-2828.html	t-2828.html.20081201185115
20081201192646	http://forum.azzurra.org/archive/index.php/t-2833.html	t-2833.html.20081201192646
20070305122429	http://forum.azzurra.org:80/showthread.php?s=efd400b3927c68158ee3382a57a126e4&t=2833	st-2833.html.20070305122429
20081201191849	http://forum.azzurra.org/archive/index.php/t-2854.html	t-2854.html.20081201191849
20081201190320	http://forum.azzurra.org/archive/index.php/t-2865.html	t-2865.html.20081201190320
20081201193629	http://forum.azzurra.org/archive/index.php/t-2869.html	t-2869.html.20081201193629
20081201175329	http://forum.azzurra.org/archive/index.php/t-2873.html	t-2873.html.20081201175329
20081201182530	http://forum.azzurra.org/archive/index.php/t-2878.html	t-2878.html.20081201182530
20081201125809	http://forum.azzurra.org/archive/index.php/t-2879.html	t-2879.html.20081201125809
20081201193243	http://forum.azzurra.org/archive/index.php/t-2881.html	t-2881.html.20081201193243
20081201192724	http://forum.azzurra.org/archive/index.php/t-2882.html	t-2882.html.20081201192724
20081201181512	http://forum.azzurra.org/archive/index.php/t-2906.html	t-2906.html.20081201181512
20081201183106	http://forum.azzurra.org/archive/index.php/t-2921.html	t-2921.html.20081201183106
20090108113825	http://forum.azzurra.org/archive/index.php/t-2931.html	t-2931.html.20090108113825
20090108112116	http://forum.azzurra.org/archive/index.php/t-2934.html	t-2934.html.20090108112116
20090108101908	http://forum.azzurra.org/archive/index.php/t-2941.html	t-2941.html.20090108101908
20090108101020	http://forum.azzurra.org/archive/index.php/t-2942.html	t-2942.html.20090108101020
20081201174746	http://forum.azzurra.org/archive/index.php/t-2947.html	t-2947.html.20081201174746
20090108092705	http://forum.azzurra.org/archive/index.php/t-2948.html	t-2948.html.20090108092705
20081201183036	http://forum.azzurra.org/archive/index.php/t-2949.html	t-2949.html.20081201183036
20081201190507	http://forum.azzurra.org/archive/index.php/t-2951.html	t-2951.html.20081201190507
20090108113621	http://forum.azzurra.org/archive/index.php/t-2959.html	t-2959.html.20090108113621
20081201192145	http://forum.azzurra.org/archive/index.php/t-2960.html	t-2960.html.20081201192145
20081201191146	http://forum.azzurra.org/archive/index.php/t-2965.html	t-2965.html.20081201191146
20090108111600	http://forum.azzurra.org/archive/index.php/t-2985.html	t-2985.html.20090108111600
20081119161528	http://forum.azzurra.org/archive/index.php/t-2994.html	t-2994.html.20081119161528
20090108114616	http://forum.azzurra.org/archive/index.php/t-3034.html	t-3034.html.20090108114616
20081201185616	http://forum.azzurra.org/archive/index.php/t-3046.html	t-3046.html.20081201185616
20090108110703	http://forum.azzurra.org/archive/index.php/t-3083.html	t-3083.html.20090108110703
20081201182130	http://forum.azzurra.org/archive/index.php/t-3093.html	t-3093.html.20081201182130
20070307210245	http://forum.azzurra.org:80/showthread.php?mode=hybrid&t=3093	st-3093.html.20070307210245
20070304061147	http://forum.azzurra.org:80/showthread.php?t=3093	st-3093.html.20070304061147
20070303022736	http://forum.azzurra.org:80/showthread.php?s=f95ecff6eccf2b2bf3e4cdfd2a817a78&mode=hybrid&t=3093	st-3093.html.20070303022736
20070228202419	http://forum.azzurra.org:80/showthread.php?s=b6f283006f76983cf1134719530e3dcd&t=3093	st-3093.html.20070228202419
20051016191835	http://forum.azzurra.org:80/showthread.php?t=3123&amp;amp	st-3123.html.20051016191835
20050830144136	http://forum.azzurra.org:80/showthread.php?t=3123&amp	st-3123.html.20050830144136
20050404145834	http://forum.azzurra.org:80/showthread.php?t=3123&amp	st-3123.html.20050404145834
20081201180353	http://forum.azzurra.org/archive/index.php/t-3155.html	t-3155.html.20081201180353
20081202045557	http://forum.azzurra.org/archive/index.php/t-3173.html	t-3173.html.20081202045557
20081202070406	http://forum.azzurra.org/archive/index.php/t-3174.html	t-3174.html.20081202070406
20081202081340	http://forum.azzurra.org/archive/index.php/t-3182.html	t-3182.html.20081202081340
20070312211703	http://forum.azzurra.org:80/showthread.php?s=c6a6420236a3d3fc9514c2932fbda724&mode=hybrid&t=3182	st-3182.html.20070312211703
20070312184911	http://forum.azzurra.org:80/showthread.php?t=3182	st-3182.html.20070312184911
20070308010731	http://forum.azzurra.org:80/showthread.php?s=efd400b3927c68158ee3382a57a126e4&t=3182	st-3182.html.20070308010731
20090108112014	http://forum.azzurra.org/archive/index.php/t-3183.html	t-3183.html.20090108112014
20090108091959	http://forum.azzurra.org/archive/index.php/t-3197.html	t-3197.html.20090108091959
20090108104205	http://forum.azzurra.org/archive/index.php/t-3198.html	t-3198.html.20090108104205
20090108115117	http://forum.azzurra.org/archive/index.php/t-3213.html	t-3213.html.20090108115117
20090108120724	http://forum.azzurra.org/archive/index.php/t-3216.html	t-3216.html.20090108120724
20090108102830	http://forum.azzurra.org/archive/index.php/t-3218.html	t-3218.html.20090108102830
20090108093147	http://forum.azzurra.org/archive/index.php/t-3223.html	t-3223.html.20090108093147
20081202055153	http://forum.azzurra.org/archive/index.php/t-3224.html	t-3224.html.20081202055153
20081202050948	http://forum.azzurra.org/archive/index.php/t-3256.html	t-3256.html.20081202050948
20090108112640	http://forum.azzurra.org/archive/index.php/t-3259.html	t-3259.html.20090108112640
20090108104643	http://forum.azzurra.org/archive/index.php/t-3261.html	t-3261.html.20090108104643
20090108110450	http://forum.azzurra.org/archive/index.php/t-3267.html	t-3267.html.20090108110450
20081202055315	http://forum.azzurra.org/archive/index.php/t-3295.html	t-3295.html.20081202055315
20090108110804	http://forum.azzurra.org/archive/index.php/t-3303.html	t-3303.html.20090108110804
20070307033022	http://forum.azzurra.org:80/showthread.php?s=efd400b3927c68158ee3382a57a126e4&mode=hybrid&t=3303	st-3303.html.20070307033022
20081202063048	http://forum.azzurra.org/archive/index.php/t-3319.html	t-3319.html.20081202063048
20081202050148	http://forum.azzurra.org/archive/index.php/t-3347.html	t-3347.html.20081202050148
20070307074912	http://forum.azzurra.org:80/showthread.php?s=efd400b3927c68158ee3382a57a126e4&t=3347	st-3347.html.20070307074912
20081202071339	http://forum.azzurra.org/archive/index.php/t-3377.html	t-3377.html.20081202071339
20160817213324	http://forum.azzurra.org/showthread.php?s=31ebd4ca207917b256151794a58f4278&t=3377	st-3377.html.20160817213324
20120803052333	http://forum.azzurra.org/showthread.php?t=3377	st-3377.html.20120803052333
20120730062953	http://forum.azzurra.org/showthread.php?t=3377	st-3377.html.20120730062953
20070306163707	http://forum.azzurra.org:80/showthread.php?s=efd400b3927c68158ee3382a57a126e4&mode=hybrid&t=3377	st-3377.html.20070306163707
20070306052119	http://forum.azzurra.org:80/showthread.php?s=efd400b3927c68158ee3382a57a126e4&t=3377	st-3377.html.20070306052119
20090108105200	http://forum.azzurra.org/archive/index.php/t-3431.html	t-3431.html.20090108105200
20070306195142	http://forum.azzurra.org:80/showthread.php?s=efd400b3927c68158ee3382a57a126e4&t=3431	st-3431.html.20070306195142
20081202050702	http://forum.azzurra.org/archive/index.php/t-3432.html	t-3432.html.20081202050702
20090108101256	http://forum.azzurra.org/archive/index.php/t-3479.html	t-3479.html.20090108101256
20081202074956	http://forum.azzurra.org/archive/index.php/t-3504.html	t-3504.html.20081202074956
20090108121246	http://forum.azzurra.org/archive/index.php/t-3545.html	t-3545.html.20090108121246
20081202050403	http://forum.azzurra.org/archive/index.php/t-3559.html	t-3559.html.20081202050403
20090108114207	http://forum.azzurra.org/archive/index.php/t-3562.html	t-3562.html.20090108114207
20081202053015	http://forum.azzurra.org/archive/index.php/t-3564.html	t-3564.html.20081202053015
20081202051022	http://forum.azzurra.org/archive/index.php/t-3580.html	t-3580.html.20081202051022
20090108104540	http://forum.azzurra.org/archive/index.php/t-3583.html	t-3583.html.20090108104540
20090108123150	http://forum.azzurra.org/archive/index.php/t-3615.html	t-3615.html.20090108123150
20081202045118	http://forum.azzurra.org/archive/index.php/t-3617.html	t-3617.html.20081202045118
20090108105056	http://forum.azzurra.org/archive/index.php/t-3634.html	t-3634.html.20090108105056
20090108113103	http://forum.azzurra.org/archive/index.php/t-3638.html	t-3638.html.20090108113103
20090108121904	http://forum.azzurra.org/archive/index.php/t-3640.html	t-3640.html.20090108121904
20081202054049	http://forum.azzurra.org/archive/index.php/t-3653.html	t-3653.html.20081202054049
20090108120408	http://forum.azzurra.org/archive/index.php/t-3699.html	t-3699.html.20090108120408
20090108104853	http://forum.azzurra.org/archive/index.php/t-3703.html	t-3703.html.20090108104853
20081202073529	http://forum.azzurra.org/archive/index.php/t-3704.html	t-3704.html.20081202073529
20081202074341	http://forum.azzurra.org/archive/index.php/t-3707.html	t-3707.html.20081202074341
20081202073441	http://forum.azzurra.org/archive/index.php/t-3715.html	t-3715.html.20081202073441
20090108102348	http://forum.azzurra.org/archive/index.php/t-3717.html	t-3717.html.20090108102348
20081202071743	http://forum.azzurra.org/archive/index.php/t-3722.html	t-3722.html.20081202071743
20081201195859	http://forum.azzurra.org/archive/index.php/t-3737.html	t-3737.html.20081201195859
20060711163404	http://forum.azzurra.org:80/showthread.php?t=3737	st-3737.html.20060711163404
20060706161811	http://forum.azzurra.org:80/showthread.php?t=3737	st-3737.html.20060706161811
20090108121030	http://forum.azzurra.org/archive/index.php/t-3740.html	t-3740.html.20090108121030
20090108095901	http://forum.azzurra.org/archive/index.php/t-3744.html	t-3744.html.20090108095901
20090108101759	http://forum.azzurra.org/archive/index.php/t-3748.html	t-3748.html.20090108101759
20081201204719	http://forum.azzurra.org/archive/index.php/t-3749.html	t-3749.html.20081201204719
20090108113723	http://forum.azzurra.org/archive/index.php/t-3750.html	t-3750.html.20090108113723
20090108094905	http://forum.azzurra.org/archive/index.php/t-3770.html	t-3770.html.20090108094905
20090107143445	http://forum.azzurra.org/archive/index.php/t-3785.html	t-3785.html.20090107143445
20090107141434	http://forum.azzurra.org/archive/index.php/t-3805.html	t-3805.html.20090107141434
20090107141552	http://forum.azzurra.org/archive/index.php/t-3806.html	t-3806.html.20090107141552
20081201203642	http://forum.azzurra.org/archive/index.php/t-3808.html	t-3808.html.20081201203642
20060711163415	http://forum.azzurra.org:80/showthread.php?t=3808	st-3808.html.20060711163415
20060706161838	http://forum.azzurra.org:80/showthread.php?t=3808	st-3808.html.20060706161838
20090107170217	http://forum.azzurra.org/archive/index.php/t-3822.html	t-3822.html.20090107170217
20090107162622	http://forum.azzurra.org/archive/index.php/t-3835.html	t-3835.html.20090107162622
20090107131056	http://forum.azzurra.org/archive/index.php/t-3855.html	t-3855.html.20090107131056
20090107133210	http://forum.azzurra.org/archive/index.php/t-3864.html	t-3864.html.20090107133210
20090107164205	http://forum.azzurra.org/archive/index.php/t-3896.html	t-3896.html.20090107164205
20081201205626	http://forum.azzurra.org/archive/index.php/t-3910.html	t-3910.html.20081201205626
20090107164750	http://forum.azzurra.org/archive/index.php/t-3916.html	t-3916.html.20090107164750
20081201205038	http://forum.azzurra.org/archive/index.php/t-3987.html	t-3987.html.20081201205038
20090107165752	http://forum.azzurra.org/archive/index.php/t-3990.html	t-3990.html.20090107165752
20090107165240	http://forum.azzurra.org/archive/index.php/t-3993.html	t-3993.html.20090107165240
20090107142934	http://forum.azzurra.org/archive/index.php/t-4018.html	t-4018.html.20090107142934
20090107153501	http://forum.azzurra.org/archive/index.php/t-4036.html	t-4036.html.20090107153501
20090107162217	http://forum.azzurra.org/archive/index.php/t-4066.html	t-4066.html.20090107162217
20090107165157	http://forum.azzurra.org/archive/index.php/t-4071.html	t-4071.html.20090107165157
20081201132138	http://forum.azzurra.org/archive/index.php/t-4086.html	t-4086.html.20081201132138
20081201130751	http://forum.azzurra.org/archive/index.php/t-4131.html	t-4131.html.20081201130751
20090107155501	http://forum.azzurra.org/archive/index.php/t-4133.html	t-4133.html.20090107155501
20090107131805	http://forum.azzurra.org/archive/index.php/t-4134.html	t-4134.html.20090107131805
20090107154417	http://forum.azzurra.org/archive/index.php/t-4135.html	t-4135.html.20090107154417
20090107134201	http://forum.azzurra.org/archive/index.php/t-4137.html	t-4137.html.20090107134201
20090107162535	http://forum.azzurra.org/archive/index.php/t-4139.html	t-4139.html.20090107162535
20081201205410	http://forum.azzurra.org/archive/index.php/t-4140.html	t-4140.html.20081201205410
20081201195432	http://forum.azzurra.org/archive/index.php/t-4155.html	t-4155.html.20081201195432
20081201195109	http://forum.azzurra.org/archive/index.php/t-4162.html	t-4162.html.20081201195109
20070223210924	http://forum.azzurra.org:80/showthread.php?s=f31549aa49846a60e054e20cb590eec2&t=4162	st-4162.html.20070223210924
20090107143202	http://forum.azzurra.org/archive/index.php/t-4173.html	t-4173.html.20090107143202
20090107130804	http://forum.azzurra.org/archive/index.php/t-4183.html	t-4183.html.20090107130804
20090107155406	http://forum.azzurra.org/archive/index.php/t-4201.html	t-4201.html.20090107155406
20081201205600	http://forum.azzurra.org/archive/index.php/t-4219.html	t-4219.html.20081201205600
20081201132339	http://forum.azzurra.org/archive/index.php/t-4232.html	t-4232.html.20081201132339
20081201211248	http://forum.azzurra.org/archive/index.php/t-4321.html	t-4321.html.20081201211248
20081201204154	http://forum.azzurra.org/archive/index.php/t-4352.html	t-4352.html.20081201204154
20081120093517	http://forum.azzurra.org/archive/index.php/t-4453.html	t-4453.html.20081120093517
20060711162355	http://forum.azzurra.org:80/showthread.php?t=4453	st-4453.html.20060711162355
20060706161916	http://forum.azzurra.org:80/showthread.php?t=4453	st-4453.html.20060706161916
20081201210647	http://forum.azzurra.org/archive/index.php/t-4477.html	t-4477.html.20081201210647
20081201200452	http://forum.azzurra.org/archive/index.php/t-4492.html	t-4492.html.20081201200452
20081201210620	http://forum.azzurra.org/archive/index.php/t-4499.html	t-4499.html.20081201210620
20090107144141	http://forum.azzurra.org/archive/index.php/t-4612.html	t-4612.html.20090107144141
20081202132439	http://forum.azzurra.org/archive/index.php/t-4615.html	t-4615.html.20081202132439
20090107133053	http://forum.azzurra.org/archive/index.php/t-4638.html	t-4638.html.20090107133053
20050403150834	http://forum.azzurra.org:80/showthread.php?t=4663&amp	st-4663.html.20050403150834
20081202134011	http://forum.azzurra.org/archive/index.php/t-4672.html	t-4672.html.20081202134011
20081202134443	http://forum.azzurra.org/archive/index.php/t-4677.html	t-4677.html.20081202134443
20081202132355	http://forum.azzurra.org/archive/index.php/t-4696.html	t-4696.html.20081202132355
20081202122809	http://forum.azzurra.org/archive/index.php/t-4706.html	t-4706.html.20081202122809
20081202131345	http://forum.azzurra.org/archive/index.php/t-4707.html	t-4707.html.20081202131345
20081202133228	http://forum.azzurra.org/archive/index.php/t-4716.html	t-4716.html.20081202133228
20090107154040	http://forum.azzurra.org/archive/index.php/t-4751.html	t-4751.html.20090107154040
20160818120833	http://forum.azzurra.org/showthread.php?s=95fc12a21ff9bb8aec95d945a762cfca&t=4751	st-4751.html.20160818120833
20160818111306	http://forum.azzurra.org/showthread.php?s=2b0905366121cb3328715eef38f909fb&t=4751	st-4751.html.20160818111306
20160818095623	http://forum.azzurra.org/showthread.php?s=2b0905366121cb3328715eef38f909fb&mode=hybrid&t=4751	st-4751.html.20160818095623
20120803235356	http://forum.azzurra.org/showthread.php?t=4751	st-4751.html.20120803235356
20120731005920	http://forum.azzurra.org/showthread.php?t=4751	st-4751.html.20120731005920
20160819211450	http://forum.azzurra.org/showthread.php?s=95fc12a21ff9bb8aec95d945a762cfca&t=4751&page=2	st-4751-p-2.html.20160819211450
20081202121415	http://forum.azzurra.org/archive/index.php/t-4764.html	t-4764.html.20081202121415
20081202135008	http://forum.azzurra.org/archive/index.php/t-4777.html	t-4777.html.20081202135008
20081202123126	http://forum.azzurra.org/archive/index.php/t-4791.html	t-4791.html.20081202123126
20050117084220	http://forum.azzurra.org:80/showthread.php?t=4791&page=1	st-4791.html.20050117084220
20081202132122	http://forum.azzurra.org/archive/index.php/t-4807.html	t-4807.html.20081202132122
20060711163443	http://forum.azzurra.org:80/showthread.php?t=4807	st-4807.html.20060711163443
20060706161930	http://forum.azzurra.org:80/showthread.php?t=4807	st-4807.html.20060706161930
20081202131323	http://forum.azzurra.org/archive/index.php/t-4813.html	t-4813.html.20081202131323
20081202132228	http://forum.azzurra.org/archive/index.php/t-4833.html	t-4833.html.20081202132228
20050728143912	http://forum.azzurra.org:80/showthread.php?t=4874	st-4874.html.20050728143912
20081202134219	http://forum.azzurra.org/archive/index.php/t-4888.html	t-4888.html.20081202134219
20090107135714	http://forum.azzurra.org/archive/index.php/t-4923.html	t-4923.html.20090107135714
20081202123242	http://forum.azzurra.org/archive/index.php/t-4937.html	t-4937.html.20081202123242
20081202125443	http://forum.azzurra.org/archive/index.php/t-4938.html	t-4938.html.20081202125443
20081202121515	http://forum.azzurra.org/archive/index.php/t-4947.html	t-4947.html.20081202121515
20081202125207	http://forum.azzurra.org/archive/index.php/t-4964.html	t-4964.html.20081202125207
20081202133743	http://forum.azzurra.org/archive/index.php/t-4969.html	t-4969.html.20081202133743
20081202125319	http://forum.azzurra.org/archive/index.php/t-4989.html	t-4989.html.20081202125319
20081202131958	http://forum.azzurra.org/archive/index.php/t-4990.html	t-4990.html.20081202131958
20070526233147	http://forum.azzurra.org:80/showthread.php?t=4995	st-4995.html.20070526233147
20070525202818	http://forum.azzurra.org:80/showthread.php?t=4995	st-4995.html.20070525202818
20060615082029	http://forum.azzurra.org:80/showthread.php?t=4995	st-4995.html.20060615082029
20060515135033	http://forum.azzurra.org:80/showthread.php?t=4995	st-4995.html.20060515135033
20050816090901	http://forum.azzurra.org:80/showthread.php?t=4995	st-4995.html.20050816090901
20050514194149	http://forum.azzurra.org:80/showthread.php?t=4995	st-4995.html.20050514194149
20081120032608	http://forum.azzurra.org/archive/index.php/t-5018.html	t-5018.html.20081120032608
20081202131611	http://forum.azzurra.org/archive/index.php/t-5021.html	t-5021.html.20081202131611
20081202122907	http://forum.azzurra.org/archive/index.php/t-5120.html	t-5120.html.20081202122907
20081202122013	http://forum.azzurra.org/archive/index.php/t-5126.html	t-5126.html.20081202122013
20090107154317	http://forum.azzurra.org/archive/index.php/t-5174.html	t-5174.html.20090107154317
20081202124208	http://forum.azzurra.org/archive/index.php/t-5186.html	t-5186.html.20081202124208
20081202123625	http://forum.azzurra.org/archive/index.php/t-5206.html	t-5206.html.20081202123625
20081202131718	http://forum.azzurra.org/archive/index.php/t-5216.html	t-5216.html.20081202131718
20081202130702	http://forum.azzurra.org/archive/index.php/t-5240.html	t-5240.html.20081202130702
20090107153741	http://forum.azzurra.org/archive/index.php/t-5272.html	t-5272.html.20090107153741
20090107154711	http://forum.azzurra.org/archive/index.php/t-5274.html	t-5274.html.20090107154711
20050901111648	http://forum.azzurra.org:80/showthread.php?t=5331&amp	st-5331.html.20050901111648
20050403153411	http://forum.azzurra.org:80/showthread.php?t=5331&amp	st-5331.html.20050403153411
20081202134541	http://forum.azzurra.org/archive/index.php/t-5354.html	t-5354.html.20081202134541
20081202124534	http://forum.azzurra.org/archive/index.php/t-5355.html	t-5355.html.20081202124534
20130819235620	http://forum.azzurra.org:80/showthread.php?s=e86c291545b4d2cb70ec658efafc6273&t=5355	st-5355.html.20130819235620
20070525182303	http://forum.azzurra.org:80/showthread.php?t=5410	st-5410.html.20070525182303
20060615082215	http://forum.azzurra.org:80/showthread.php?t=5410	st-5410.html.20060615082215
20060515135140	http://forum.azzurra.org:80/showthread.php?t=5410	st-5410.html.20060515135140
20051016190512	http://forum.azzurra.org:80/showthread.php?t=5410	st-5410.html.20051016190512
20050818152137	http://forum.azzurra.org:80/showthread.php?t=5410	st-5410.html.20050818152137
20050514194153	http://forum.azzurra.org:80/showthread.php?t=5410	st-5410.html.20050514194153
20081201165108	http://forum.azzurra.org/archive/index.php/t-5424.html	t-5424.html.20081201165108
20070316045139	http://forum.azzurra.org:80/showthread.php?s=b386d24dfe7e52fa928c31031336e090&t=5424	st-5424.html.20070316045139
20081201162720	http://forum.azzurra.org/archive/index.php/t-5431.html	t-5431.html.20081201162720
20120803131728	http://forum.azzurra.org/showthread.php?t=5431	st-5431.html.20120803131728
20120730142154	http://forum.azzurra.org/showthread.php?t=5431	st-5431.html.20120730142154
20070316011320	http://forum.azzurra.org:80/showthread.php?s=b386d24dfe7e52fa928c31031336e090&t=5431	st-5431.html.20070316011320
20081201161137	http://forum.azzurra.org/archive/index.php/t-5453.html	t-5453.html.20081201161137
20081201162355	http://forum.azzurra.org/archive/index.php/t-5455.html	t-5455.html.20081201162355
20081201171605	http://forum.azzurra.org/archive/index.php/t-5460.html	t-5460.html.20081201171605
20090107161602	http://forum.azzurra.org/archive/index.php/t-5474.html	t-5474.html.20090107161602
20081201160441	http://forum.azzurra.org/archive/index.php/t-5475.html	t-5475.html.20081201160441
20081201172850	http://forum.azzurra.org/archive/index.php/t-5501.html	t-5501.html.20081201172850
20081201173937	http://forum.azzurra.org/archive/index.php/t-5507.html	t-5507.html.20081201173937
20081201164645	http://forum.azzurra.org/archive/index.php/t-5521.html	t-5521.html.20081201164645
20090107153256	http://forum.azzurra.org/archive/index.php/t-5549.html	t-5549.html.20090107153256
20050515035050	http://forum.azzurra.org:80/showthread.php?t=5557&amp	st-5557.html.20050515035050
20081201114116	http://forum.azzurra.org/archive/index.php/t-5591.html	t-5591.html.20081201114116
20081201172432	http://forum.azzurra.org/archive/index.php/t-5608.html	t-5608.html.20081201172432
20120506053956	http://forum.azzurra.org:80/archive/index.php/t-5628.html	t-5628.html.20120506053956
20081201170933	http://forum.azzurra.org/archive/index.php/t-5628.html	t-5628.html.20081201170933
20081201171830	http://forum.azzurra.org/archive/index.php/t-5652.html	t-5652.html.20081201171830
20081201161103	http://forum.azzurra.org/archive/index.php/t-5656.html	t-5656.html.20081201161103
20081201170249	http://forum.azzurra.org/archive/index.php/t-5672.html	t-5672.html.20081201170249
20160818084747	http://forum.azzurra.org/showthread.php?s=2b0905366121cb3328715eef38f909fb&t=5672	st-5672.html.20160818084747
20120803140307	http://forum.azzurra.org/showthread.php?t=5672	st-5672.html.20120803140307
20120730152353	http://forum.azzurra.org/showthread.php?t=5672	st-5672.html.20120730152353
20081201163419	http://forum.azzurra.org/archive/index.php/t-5686.html	t-5686.html.20081201163419
20070526233155	http://forum.azzurra.org:80/showthread.php?t=5720	st-5720.html.20070526233155
20070525202804	http://forum.azzurra.org:80/showthread.php?t=5720	st-5720.html.20070525202804
20061012034623	http://forum.azzurra.org:80/showthread.php?t=5720	st-5720.html.20061012034623
20060615082042	http://forum.azzurra.org:80/showthread.php?t=5720	st-5720.html.20060615082042
20060515135102	http://forum.azzurra.org:80/showthread.php?t=5720	st-5720.html.20060515135102
20051119154038	http://forum.azzurra.org:80/showthread.php?t=5720	st-5720.html.20051119154038
20050514194141	http://forum.azzurra.org:80/showthread.php?t=5720	st-5720.html.20050514194141
20050216095312	http://forum.azzurra.org:80/showthread.php?t=5765&page=1	st-5765.html.20050216095312
20050216093957	http://forum.azzurra.org:80/showthread.php?t=5765	st-5765.html.20050216093957
20081120062824	http://forum.azzurra.org/archive/index.php/t-5791.html	t-5791.html.20081120062824
20070525182309	http://forum.azzurra.org:80/showthread.php?t=5946	st-5946.html.20070525182309
20061011163523	http://forum.azzurra.org:80/showthread.php?t=5946	st-5946.html.20061011163523
20060615082017	http://forum.azzurra.org:80/showthread.php?t=5946	st-5946.html.20060615082017
20060515135114	http://forum.azzurra.org:80/showthread.php?t=5946	st-5946.html.20060515135114
20050816115239	http://forum.azzurra.org:80/showthread.php?t=5946	st-5946.html.20050816115239
20050514194157	http://forum.azzurra.org:80/showthread.php?t=5946	st-5946.html.20050514194157
20090108140305	http://forum.azzurra.org/archive/index.php/t-6043.html	t-6043.html.20090108140305
20050219100530	http://forum.azzurra.org:80/showthread.php?t=6052&page=3	st-6052-p-3.html.20050219100530
20081202100521	http://forum.azzurra.org/archive/index.php/t-6071.html	t-6071.html.20081202100521
20081202111706	http://forum.azzurra.org/archive/index.php/t-6083.html	t-6083.html.20081202111706
20081202084621	http://forum.azzurra.org/archive/index.php/t-6160.html	t-6160.html.20081202084621
20090108151514	http://forum.azzurra.org/archive/index.php/t-6186.html	t-6186.html.20090108151514
20090108142839	http://forum.azzurra.org/archive/index.php/t-6190.html	t-6190.html.20090108142839
20090108162440	http://forum.azzurra.org/archive/index.php/t-6191.html	t-6191.html.20090108162440
20090108160700	http://forum.azzurra.org/archive/index.php/t-6197.html	t-6197.html.20090108160700
20090108153655	http://forum.azzurra.org/archive/index.php/t-6250.html	t-6250.html.20090108153655
20090108132155	http://forum.azzurra.org/archive/index.php/t-6282.html	t-6282.html.20090108132155
20090108160538	http://forum.azzurra.org/archive/index.php/t-6317.html	t-6317.html.20090108160538
20090108155801	http://forum.azzurra.org/archive/index.php/t-6318.html	t-6318.html.20090108155801
20081202120728	http://forum.azzurra.org/archive/index.php/t-6326.html	t-6326.html.20081202120728
20090108141826	http://forum.azzurra.org/archive/index.php/t-6328.html	t-6328.html.20090108141826
20081120161016	http://forum.azzurra.org/archive/index.php/t-6336.html	t-6336.html.20081120161016
20160817232529	http://forum.azzurra.org/showthread.php?s=31ebd4ca207917b256151794a58f4278&t=6336	st-6336.html.20160817232529
20120803133604	http://forum.azzurra.org/showthread.php?t=6336	st-6336.html.20120803133604
20120730145600	http://forum.azzurra.org/showthread.php?t=6336	st-6336.html.20120730145600
20090108132044	http://forum.azzurra.org/archive/index.php/t-6381.html	t-6381.html.20090108132044
20081120160024	http://forum.azzurra.org/archive/index.php/t-6387.html	t-6387.html.20081120160024
20090108153943	http://forum.azzurra.org/archive/index.php/t-6389.html	t-6389.html.20090108153943
20090108152534	http://forum.azzurra.org/archive/index.php/t-6405.html	t-6405.html.20090108152534
20090108131940	http://forum.azzurra.org/archive/index.php/t-6408.html	t-6408.html.20090108131940
20090108151424	http://forum.azzurra.org/archive/index.php/t-6409.html	t-6409.html.20090108151424
20070526233139	http://forum.azzurra.org:80/showthread.php?t=6410	st-6410.html.20070526233139
20070525202707	http://forum.azzurra.org:80/showthread.php?t=6410	st-6410.html.20070525202707
20060615081845	http://forum.azzurra.org:80/showthread.php?t=6410	st-6410.html.20060615081845
20060515135214	http://forum.azzurra.org:80/showthread.php?t=6410	st-6410.html.20060515135214
20051016190537	http://forum.azzurra.org:80/showthread.php?t=6410	st-6410.html.20051016190537
20050514194202	http://forum.azzurra.org:80/showthread.php?t=6410	st-6410.html.20050514194202
20090108143304	http://forum.azzurra.org/archive/index.php/t-6428.html	t-6428.html.20090108143304
20081123045141	http://forum.azzurra.org/archive/index.php/t-6437.html	t-6437.html.20081123045141
20090108142925	http://forum.azzurra.org/archive/index.php/t-6443.html	t-6443.html.20090108142925
20090108161038	http://forum.azzurra.org/archive/index.php/t-6447.html	t-6447.html.20090108161038
20090108155326	http://forum.azzurra.org/archive/index.php/t-6448.html	t-6448.html.20090108155326
20090108132546	http://forum.azzurra.org/archive/index.php/t-6451.html	t-6451.html.20090108132546
20090108151856	http://forum.azzurra.org/archive/index.php/t-6461.html	t-6461.html.20090108151856
20090108144443	http://forum.azzurra.org/archive/index.php/t-6471.html	t-6471.html.20090108144443
20081123045539	http://forum.azzurra.org/archive/index.php/t-6479.html	t-6479.html.20081123045539
20090108140218	http://forum.azzurra.org/archive/index.php/t-6516.html	t-6516.html.20090108140218
20090108160405	http://forum.azzurra.org/archive/index.php/t-6518.html	t-6518.html.20090108160405
20090108154234	http://forum.azzurra.org/archive/index.php/t-6525.html	t-6525.html.20090108154234
20090108133616	http://forum.azzurra.org/archive/index.php/t-6535.html	t-6535.html.20090108133616
20090108150000	http://forum.azzurra.org/archive/index.php/t-6538.html	t-6538.html.20090108150000
20051215204350	http://forum.azzurra.org:80/showthread.php?t=6568	st-6568.html.20051215204350
20051029082626	http://forum.azzurra.org:80/showthread.php?t=6568	st-6568.html.20051029082626
20050421205041	http://forum.azzurra.org:80/showthread.php?t=6568	st-6568.html.20050421205041
20050212002218	http://forum.azzurra.org:80/showthread.php?t=6568	st-6568.html.20050212002218
20050119100313	http://forum.azzurra.org:80/showthread.php?t=6592	st-6592.html.20050119100313
20081123035817	http://forum.azzurra.org/archive/index.php/t-6628.html	t-6628.html.20081123035817
20081123031622	http://forum.azzurra.org/archive/index.php/t-6630.html	t-6630.html.20081123031622
20090108134252	http://forum.azzurra.org/archive/index.php/t-6636.html	t-6636.html.20090108134252
20081123050624	http://forum.azzurra.org/archive/index.php/t-6641.html	t-6641.html.20081123050624
20081123051743	http://forum.azzurra.org/archive/index.php/t-6647.html	t-6647.html.20081123051743
20081123024208	http://forum.azzurra.org/archive/index.php/t-6666.html	t-6666.html.20081123024208
20160817203430	http://forum.azzurra.org/showthread.php?s=2b0905366121cb3328715eef38f909fb&t=6666	st-6666.html.20160817203430
20120803133616	http://forum.azzurra.org/showthread.php?t=6666	st-6666.html.20120803133616
20120730145612	http://forum.azzurra.org/showthread.php?t=6666	st-6666.html.20120730145612
20081123033454	http://forum.azzurra.org/archive/index.php/t-6690.html	t-6690.html.20081123033454
20070527022734	http://forum.azzurra.org:80/showthread.php?t=6728	st-6728.html.20070527022734
20060615082225	http://forum.azzurra.org:80/showthread.php?t=6728	st-6728.html.20060615082225
20060515135050	http://forum.azzurra.org:80/showthread.php?t=6728	st-6728.html.20060515135050
20051215213220	http://forum.azzurra.org:80/showthread.php?t=6728	st-6728.html.20051215213220
20051029082653	http://forum.azzurra.org:80/showthread.php?t=6728	st-6728.html.20051029082653
20050818102611	http://forum.azzurra.org:80/showthread.php?t=6728	st-6728.html.20050818102611
20050514194205	http://forum.azzurra.org:80/showthread.php?t=6728	st-6728.html.20050514194205
20081123040539	http://forum.azzurra.org/archive/index.php/t-6743.html	t-6743.html.20081123040539
20081123035004	http://forum.azzurra.org/archive/index.php/t-6771.html	t-6771.html.20081123035004
20081123050205	http://forum.azzurra.org/archive/index.php/t-6806.html	t-6806.html.20081123050205
20081123051353	http://forum.azzurra.org/archive/index.php/t-6853.html	t-6853.html.20081123051353
20081123045724	http://forum.azzurra.org/archive/index.php/t-6886.html	t-6886.html.20081123045724
20081123025718	http://forum.azzurra.org/archive/index.php/t-6899.html	t-6899.html.20081123025718
20050216100503	http://forum.azzurra.org:80/showthread.php?t=6904	st-6904.html.20050216100503
20081123030052	http://forum.azzurra.org/archive/index.php/t-6928.html	t-6928.html.20081123030052
20081123035106	http://forum.azzurra.org/archive/index.php/t-7008.html	t-7008.html.20081123035106
20050215094916	http://forum.azzurra.org:80/showthread.php?t=7013	st-7013.html.20050215094916
20050403175840	http://forum.azzurra.org:80/showthread.php?t=7038&amp	st-7038.html.20050403175840
20090108144051	http://forum.azzurra.org/archive/index.php/t-7052.html	t-7052.html.20090108144051
20090108134633	http://forum.azzurra.org/archive/index.php/t-7078.html	t-7078.html.20090108134633
20090108154027	http://forum.azzurra.org/archive/index.php/t-7092.html	t-7092.html.20090108154027
20081123031224	http://forum.azzurra.org/archive/index.php/t-7093.html	t-7093.html.20081123031224
20081123050131	http://forum.azzurra.org/archive/index.php/t-7100.html	t-7100.html.20081123050131
20081123045650	http://forum.azzurra.org/archive/index.php/t-7106.html	t-7106.html.20081123045650
20050514194235	http://forum.azzurra.org:80/showthread.php?t=7108	st-7108.html.20050514194235
20090108153237	http://forum.azzurra.org/archive/index.php/t-7111.html	t-7111.html.20090108153237
20090108144958	http://forum.azzurra.org/archive/index.php/t-7152.html	t-7152.html.20090108144958
20090108162331	http://forum.azzurra.org/archive/index.php/t-7155.html	t-7155.html.20090108162331
20090108135627	http://forum.azzurra.org/archive/index.php/t-7169.html	t-7169.html.20090108135627
20090108134335	http://forum.azzurra.org/archive/index.php/t-7216.html	t-7216.html.20090108134335
20090108150445	http://forum.azzurra.org/archive/index.php/t-7218.html	t-7218.html.20090108150445
20081205075525	http://forum.azzurra.org/archive/index.php/t-7225.html	t-7225.html.20081205075525
20070315113555	http://forum.azzurra.org:80/showthread.php?t=7225	st-7225.html.20070315113555
20070314034258	http://forum.azzurra.org:80/showthread.php?s=3ac93d354059b23c9fa5365fca30e7b6&mode=hybrid&t=7225	st-7225.html.20070314034258
20070312223727	http://forum.azzurra.org:80/showthread.php?s=3ac93d354059b23c9fa5365fca30e7b6&mode=hybrid&t=7225	st-7225.html.20070312223727
20090108133104	http://forum.azzurra.org/archive/index.php/t-7228.html	t-7228.html.20090108133104
20090108135412	http://forum.azzurra.org/archive/index.php/t-7230.html	t-7230.html.20090108135412
20081205080304	http://forum.azzurra.org/archive/index.php/t-7234.html	t-7234.html.20081205080304
20090108142303	http://forum.azzurra.org/archive/index.php/t-7236.html	t-7236.html.20090108142303
20090108131913	http://forum.azzurra.org/archive/index.php/t-7245.html	t-7245.html.20090108131913
20090108160901	http://forum.azzurra.org/archive/index.php/t-7256.html	t-7256.html.20090108160901
20090108161851	http://forum.azzurra.org/archive/index.php/t-7264.html	t-7264.html.20090108161851
20070525182237	http://forum.azzurra.org:80/showthread.php?t=7268	st-7268.html.20070525182237
20061012034747	http://forum.azzurra.org:80/showthread.php?t=7268	st-7268.html.20061012034747
20060615081831	http://forum.azzurra.org:80/showthread.php?t=7268	st-7268.html.20060615081831
20060515135233	http://forum.azzurra.org:80/showthread.php?t=7268	st-7268.html.20060515135233
20051101091159	http://forum.azzurra.org:80/showthread.php?t=7268	st-7268.html.20051101091159
20050817073455	http://forum.azzurra.org:80/showthread.php?t=7268	st-7268.html.20050817073455
20050514194209	http://forum.azzurra.org:80/showthread.php?t=7268	st-7268.html.20050514194209
20051215200644	http://forum.azzurra.org:80/showthread.php?t=7269	st-7269.html.20051215200644
20051029082804	http://forum.azzurra.org:80/showthread.php?t=7269	st-7269.html.20051029082804
20050817061731	http://forum.azzurra.org:80/showthread.php?t=7269	st-7269.html.20050817061731
20050404214155	http://forum.azzurra.org:80/showthread.php?t=7269	st-7269.html.20050404214155
20050404110755	http://forum.azzurra.org:80/showthread.php?t=7269&amp	st-7269.html.20050404110755
20050306130832	http://forum.azzurra.org:80/showthread.php?t=7269	st-7269.html.20050306130832
20081205074825	http://forum.azzurra.org/archive/index.php/t-7270.html	t-7270.html.20081205074825
20050224095524	http://forum.azzurra.org:80/showthread.php?t=7311	st-7311.html.20050224095524
20090108152405	http://forum.azzurra.org/archive/index.php/t-7317.html	t-7317.html.20090108152405
20081120165615	http://forum.azzurra.org/archive/index.php/t-7330.html	t-7330.html.20081120165615
20090108160739	http://forum.azzurra.org/archive/index.php/t-7362.html	t-7362.html.20090108160739
20090108142521	http://forum.azzurra.org/archive/index.php/t-7384.html	t-7384.html.20090108142521
20081120172224	http://forum.azzurra.org/archive/index.php/t-7387.html	t-7387.html.20081120172224
20090108153029	http://forum.azzurra.org/archive/index.php/t-7391.html	t-7391.html.20090108153029
20081205074113	http://forum.azzurra.org/archive/index.php/t-7398.html	t-7398.html.20081205074113
20090108131604	http://forum.azzurra.org/archive/index.php/t-7415.html	t-7415.html.20090108131604
20081120121217	http://forum.azzurra.org/archive/index.php/t-7422.html	t-7422.html.20081120121217
20081120130042	http://forum.azzurra.org/archive/index.php/t-7424.html	t-7424.html.20081120130042
20081120134718	http://forum.azzurra.org/archive/index.php/t-7428.html	t-7428.html.20081120134718
20081205073231	http://forum.azzurra.org/archive/index.php/t-7435.html	t-7435.html.20081205073231
20081205072929	http://forum.azzurra.org/archive/index.php/t-7439.html	t-7439.html.20081205072929
20090108152700	http://forum.azzurra.org/archive/index.php/t-7444.html	t-7444.html.20090108152700
20081120143926	http://forum.azzurra.org/archive/index.php/t-7472.html	t-7472.html.20081120143926
20090108153738	http://forum.azzurra.org/archive/index.php/t-7475.html	t-7475.html.20090108153738
20050514081954	http://forum.azzurra.org:80/showthread.php?t=7486	st-7486.html.20050514081954
20050422075158	http://forum.azzurra.org:80/showthread.php?t=7486	st-7486.html.20050422075158
20090108132011	http://forum.azzurra.org/archive/index.php/t-7493.html	t-7493.html.20090108132011
20081205080608	http://forum.azzurra.org/archive/index.php/t-7561.html	t-7561.html.20081205080608
20090108132626	http://forum.azzurra.org/archive/index.php/t-7596.html	t-7596.html.20090108132626
20081205074054	http://forum.azzurra.org/archive/index.php/t-7617.html	t-7617.html.20081205074054
20090108134927	http://forum.azzurra.org/archive/index.php/t-7640.html	t-7640.html.20090108134927
20050521012522	http://forum.azzurra.org:80/showthread.php?t=7668	st-7668.html.20050521012522
20090108145516	http://forum.azzurra.org/archive/index.php/t-7692.html	t-7692.html.20090108145516
20090108143352	http://forum.azzurra.org/archive/index.php/t-7707.html	t-7707.html.20090108143352
20090108151337	http://forum.azzurra.org/archive/index.php/t-7711.html	t-7711.html.20090108151337
20090108132233	http://forum.azzurra.org/archive/index.php/t-7724.html	t-7724.html.20090108132233
20090108155717	http://forum.azzurra.org/archive/index.php/t-7738.html	t-7738.html.20090108155717
20090108133305	http://forum.azzurra.org/archive/index.php/t-7745.html	t-7745.html.20090108133305
20090108141358	http://forum.azzurra.org/archive/index.php/t-7757.html	t-7757.html.20090108141358
20081120144800	http://forum.azzurra.org/archive/index.php/t-7857.html	t-7857.html.20081120144800
20090108135757	http://forum.azzurra.org/archive/index.php/t-7872.html	t-7872.html.20090108135757
20070310045422	http://forum.azzurra.org:80/showthread.php?s=943d35a0becef6ee9e5fcc98f9c42a0a&t=7872	st-7872.html.20070310045422
20090108141954	http://forum.azzurra.org/archive/index.php/t-7874.html	t-7874.html.20090108141954
20090108141534	http://forum.azzurra.org/archive/index.php/t-7877.html	t-7877.html.20090108141534
20070314060610	http://forum.azzurra.org:80/showthread.php?s=4df9ff0ef87f55284faee03b2bde9a3d&t=7877	st-7877.html.20070314060610
20070312213952	http://forum.azzurra.org:80/showthread.php?s=4df9ff0ef87f55284faee03b2bde9a3d&t=7877	st-7877.html.20070312213952
20090108131539	http://forum.azzurra.org/archive/index.php/t-7882.html	t-7882.html.20090108131539
20050514193528	http://forum.azzurra.org:80/showthread.php?t=7882	st-7882.html.20050514193528
20090108154652	http://forum.azzurra.org/archive/index.php/t-7898.html	t-7898.html.20090108154652
20050511080337	http://forum.azzurra.org:80/showthread.php?t=7903	st-7903.html.20050511080337
20081205074536	http://forum.azzurra.org/archive/index.php/t-7906.html	t-7906.html.20081205074536
20160818114641	http://forum.azzurra.org/showthread.php?s=651c2636e9eb8f2c118d862454c6e7c6&t=7906	st-7906.html.20160818114641
20120801141104	http://forum.azzurra.org/showthread.php?t=7906	st-7906.html.20120801141104
20070306052204	http://forum.azzurra.org:80/showthread.php?s=efd400b3927c68158ee3382a57a126e4&t=7906	st-7906.html.20070306052204
20090108134209	http://forum.azzurra.org/archive/index.php/t-7908.html	t-7908.html.20090108134209
20090108161318	http://forum.azzurra.org/archive/index.php/t-7925.html	t-7925.html.20090108161318
20090108132510	http://forum.azzurra.org/archive/index.php/t-7935.html	t-7935.html.20090108132510
20081205080342	http://forum.azzurra.org/archive/index.php/t-7941.html	t-7941.html.20081205080342
20090108204602	http://forum.azzurra.org/archive/index.php/t-7977.html	t-7977.html.20090108204602
20090108204831	http://forum.azzurra.org/archive/index.php/t-7978.html	t-7978.html.20090108204831
20090108213507	http://forum.azzurra.org/archive/index.php/t-7998.html	t-7998.html.20090108213507
20090108215810	http://forum.azzurra.org/archive/index.php/t-8008.html	t-8008.html.20090108215810
20090108195911	http://forum.azzurra.org/archive/index.php/t-8012.html	t-8012.html.20090108195911
20090108195531	http://forum.azzurra.org/archive/index.php/t-8029.html	t-8029.html.20090108195531
20090108214632	http://forum.azzurra.org/archive/index.php/t-8030.html	t-8030.html.20090108214632
20090108210349	http://forum.azzurra.org/archive/index.php/t-8043.html	t-8043.html.20090108210349
20050421204947	http://forum.azzurra.org:80/showthread.php?t=8047	st-8047.html.20050421204947
20050901030902	http://forum.azzurra.org:80/showthread.php?t=8061&amp	st-8061.html.20050901030902
20050404113705	http://forum.azzurra.org:80/showthread.php?t=8061&amp	st-8061.html.20050404113705
20081205073031	http://forum.azzurra.org/archive/index.php/t-8089.html	t-8089.html.20081205073031
20090108205919	http://forum.azzurra.org/archive/index.php/t-8161.html	t-8161.html.20090108205919
20081203202502	http://forum.azzurra.org/archive/index.php/t-8181.html	t-8181.html.20081203202502
20090108204434	http://forum.azzurra.org/archive/index.php/t-8206.html	t-8206.html.20090108204434
20070303200121	http://forum.azzurra.org:80/archive/index.php/t-8245.html	t-8245.html.20070303200121
20060822070918	http://forum.azzurra.org:80/showthread.php?t=8245&page=3	st-8245-p-3.html.20060822070918
20090108214943	http://forum.azzurra.org/archive/index.php/t-8265.html	t-8265.html.20090108214943
20070825202059	http://forum.azzurra.org:80/showthread.php?t=8265	st-8265.html.20070825202059
20081203203905	http://forum.azzurra.org/archive/index.php/t-8339.html	t-8339.html.20081203203905
20081203180610	http://forum.azzurra.org/archive/index.php/t-8346.html	t-8346.html.20081203180610
20081203200710	http://forum.azzurra.org/archive/index.php/t-8358.html	t-8358.html.20081203200710
20081203152405	http://forum.azzurra.org/archive/index.php/t-8359.html	t-8359.html.20081203152405
20081203151414	http://forum.azzurra.org/archive/index.php/t-8383.html	t-8383.html.20081203151414
20090108213331	http://forum.azzurra.org/archive/index.php/t-8408.html	t-8408.html.20090108213331
20090108211649	http://forum.azzurra.org/archive/index.php/t-8440.html	t-8440.html.20090108211649
20090108213143	http://forum.azzurra.org/archive/index.php/t-8472.html	t-8472.html.20090108213143
20050525085545	http://forum.azzurra.org:80/showthread.php?t=8496	st-8496.html.20050525085545
20090108210035	http://forum.azzurra.org/archive/index.php/t-8503.html	t-8503.html.20090108210035
20081120090854	http://forum.azzurra.org/archive/index.php/t-8525.html	t-8525.html.20081120090854
20081203173857	http://forum.azzurra.org/archive/index.php/t-8537.html	t-8537.html.20081203173857
20070306052247	http://forum.azzurra.org:80/showthread.php?s=efd400b3927c68158ee3382a57a126e4&t=8537	st-8537.html.20070306052247
20070307081217	http://forum.azzurra.org:80/showthread.php?s=efd400b3927c68158ee3382a57a126e4&t=8537&page=2	st-8537-p-2.html.20070307081217
20090108204202	http://forum.azzurra.org/archive/index.php/t-8562.html	t-8562.html.20090108204202
20081203202017	http://forum.azzurra.org/archive/index.php/t-8565.html	t-8565.html.20081203202017
20070306052301	http://forum.azzurra.org:80/showthread.php?s=efd400b3927c68158ee3382a57a126e4&t=8565	st-8565.html.20070306052301
20070306201605	http://forum.azzurra.org:80/showthread.php?s=efd400b3927c68158ee3382a57a126e4&t=8565&page=2	st-8565-p-2.html.20070306201605
20070526233221	http://forum.azzurra.org:80/showthread.php?t=8567	st-8567.html.20070526233221
20070525202751	http://forum.azzurra.org:80/showthread.php?t=8567	st-8567.html.20070525202751
20060615081935	http://forum.azzurra.org:80/showthread.php?t=8567	st-8567.html.20060615081935
20060515135304	http://forum.azzurra.org:80/showthread.php?t=8567	st-8567.html.20060515135304
20051101092318	http://forum.azzurra.org:80/showthread.php?t=8567	st-8567.html.20051101092318
20090108205229	http://forum.azzurra.org/archive/index.php/t-8580.html	t-8580.html.20090108205229
20090108220252	http://forum.azzurra.org/archive/index.php/t-8581.html	t-8581.html.20090108220252
20090108210753	http://forum.azzurra.org/archive/index.php/t-8590.html	t-8590.html.20090108210753
20090108214423	http://forum.azzurra.org/archive/index.php/t-8608.html	t-8608.html.20090108214423
20090108203406	http://forum.azzurra.org/archive/index.php/t-8609.html	t-8609.html.20090108203406
20081202011630	http://forum.azzurra.org/archive/index.php/t-8611.html	t-8611.html.20081202011630
20090108212328	http://forum.azzurra.org/archive/index.php/t-8646.html	t-8646.html.20090108212328
20090108214313	http://forum.azzurra.org/archive/index.php/t-8663.html	t-8663.html.20090108214313
20081203162015	http://forum.azzurra.org/archive/index.php/t-8686.html	t-8686.html.20081203162015
20160817221023	http://forum.azzurra.org/showthread.php?s=2b0905366121cb3328715eef38f909fb&t=8686	st-8686.html.20160817221023
20120803134045	http://forum.azzurra.org/showthread.php?t=8686	st-8686.html.20120803134045
20120730150046	http://forum.azzurra.org/showthread.php?t=8686	st-8686.html.20120730150046
20081203174342	http://forum.azzurra.org/archive/index.php/t-8696.html	t-8696.html.20081203174342
20081203145353	http://forum.azzurra.org/archive/index.php/t-8761.html	t-8761.html.20081203145353
20090108213614	http://forum.azzurra.org/archive/index.php/t-8766.html	t-8766.html.20090108213614
20090108211614	http://forum.azzurra.org/archive/index.php/t-8793.html	t-8793.html.20090108211614
20050801080512	http://forum.azzurra.org:80/showthread.php?t=8822	st-8822.html.20050801080512
20051016192130	http://forum.azzurra.org:80/showthread.php?t=8840&amp;page=3	st-8840.html.20051016192130
20050901154421	http://forum.azzurra.org:80/showthread.php?t=8840&page=3	st-8840-p-3.html.20050901154421
20050625085007	http://forum.azzurra.org:80/showthread.php?t=8840&page=3	st-8840-p-3.html.20050625085007
20090108200705	http://forum.azzurra.org/archive/index.php/t-8862.html	t-8862.html.20090108200705
20090108215149	http://forum.azzurra.org/archive/index.php/t-8878.html	t-8878.html.20090108215149
20090108205459	http://forum.azzurra.org/archive/index.php/t-8894.html	t-8894.html.20090108205459
20090108210311	http://forum.azzurra.org/archive/index.php/t-8897.html	t-8897.html.20090108210311
20090108211359	http://forum.azzurra.org/archive/index.php/t-9007.html	t-9007.html.20090108211359
20081203174109	http://forum.azzurra.org/archive/index.php/t-9020.html	t-9020.html.20081203174109
20160818205144	http://forum.azzurra.org/showthread.php?s=2b0905366121cb3328715eef38f909fb&t=9020	st-9020.html.20160818205144
20120803134339	http://forum.azzurra.org/showthread.php?t=9020	st-9020.html.20120803134339
20120730150340	http://forum.azzurra.org/showthread.php?t=9020	st-9020.html.20120730150340
20081203175548	http://forum.azzurra.org/archive/index.php/t-9087.html	t-9087.html.20081203175548
20090108210542	http://forum.azzurra.org/archive/index.php/t-9101.html	t-9101.html.20090108210542
20090108204716	http://forum.azzurra.org/archive/index.php/t-9111.html	t-9111.html.20090108204716
20081203202940	http://forum.azzurra.org/archive/index.php/t-9146.html	t-9146.html.20081203202940
20090108195614	http://forum.azzurra.org/archive/index.php/t-9206.html	t-9206.html.20090108195614
20081203144305	http://forum.azzurra.org/archive/index.php/t-9229.html	t-9229.html.20081203144305
20070305122528	http://forum.azzurra.org:80/showthread.php?s=efd400b3927c68158ee3382a57a126e4&t=9229	st-9229.html.20070305122528
20090108200156	http://forum.azzurra.org/archive/index.php/t-9262.html	t-9262.html.20090108200156
20070312184943	http://forum.azzurra.org:80/showthread.php?t=9268	st-9268.html.20070312184943
20060510122149	http://forum.azzurra.org:80/showthread.php?t=9268	st-9268.html.20060510122149
20051119154058	http://forum.azzurra.org:80/showthread.php?t=9268	st-9268.html.20051119154058
20090108212028	http://forum.azzurra.org/archive/index.php/t-9366.html	t-9366.html.20090108212028
20081203173017	http://forum.azzurra.org/archive/index.php/t-9379.html	t-9379.html.20081203173017
20151029160640	http://forum.azzurra.org/showthread.php?t=9379	st-9379.html.20151029160640
20050815074053	http://forum.azzurra.org:80/showthread.php?t=9386	st-9386.html.20050815074053
20081203172653	http://forum.azzurra.org/archive/index.php/t-9397.html	t-9397.html.20081203172653
20070312190317	http://forum.azzurra.org:80/showthread.php?s=12977308032ff9f5f59295718967aaa3&t=9397	st-9397.html.20070312190317
20070311022428	http://forum.azzurra.org:80/showthread.php?t=9397	st-9397.html.20070311022428
20070308175343	http://forum.azzurra.org:80/showthread.php?s=00f608608331541a22414b4586d7fdcc&mode=hybrid&t=9397	st-9397.html.20070308175343
20070312185222	http://forum.azzurra.org:80/showthread.php?t=9397&page=2	st-9397-p-2.html.20070312185222
20070308091716	http://forum.azzurra.org:80/showthread.php?s=00f608608331541a22414b4586d7fdcc&t=9397&page=2	st-9397-p-2.html.20070308091716
20081203153728	http://forum.azzurra.org/archive/index.php/t-9420.html	t-9420.html.20081203153728
20090108201815	http://forum.azzurra.org/archive/index.php/t-9437.html	t-9437.html.20090108201815
20090108210425	http://forum.azzurra.org/archive/index.php/t-9463.html	t-9463.html.20090108210425
20081203194434	http://forum.azzurra.org/archive/index.php/t-9504.html	t-9504.html.20081203194434
20090108201500	http://forum.azzurra.org/archive/index.php/t-9534.html	t-9534.html.20090108201500
20090108212435	http://forum.azzurra.org/archive/index.php/t-9535.html	t-9535.html.20090108212435
20070307051113	http://forum.azzurra.org:80/showthread.php?s=00f608608331541a22414b4586d7fdcc&t=9535	st-9535.html.20070307051113
20090108211844	http://forum.azzurra.org/archive/index.php/t-9536.html	t-9536.html.20090108211844
20070307074752	http://forum.azzurra.org:80/showthread.php?s=00f608608331541a22414b4586d7fdcc&t=9536	st-9536.html.20070307074752
20090108194712	http://forum.azzurra.org/archive/index.php/t-9538.html	t-9538.html.20090108194712
20081203125319	http://forum.azzurra.org/archive/index.php/t-9555.html	t-9555.html.20081203125319
20090108211057	http://forum.azzurra.org/archive/index.php/t-9557.html	t-9557.html.20090108211057
20090108215046	http://forum.azzurra.org/archive/index.php/t-9577.html	t-9577.html.20090108215046
20070307051457	http://forum.azzurra.org:80/showthread.php?s=efd400b3927c68158ee3382a57a126e4&t=9577	st-9577.html.20070307051457
20081203133041	http://forum.azzurra.org/archive/index.php/t-9634.html	t-9634.html.20081203133041
20070526233207	http://forum.azzurra.org:80/showthread.php?t=9644	st-9644.html.20070526233207
20070525202731	http://forum.azzurra.org:80/showthread.php?t=9644	st-9644.html.20070525202731
20060615081819	http://forum.azzurra.org:80/showthread.php?t=9644	st-9644.html.20060615081819
20060515135318	http://forum.azzurra.org:80/showthread.php?t=9644	st-9644.html.20060515135318
20051101092612	http://forum.azzurra.org:80/showthread.php?t=9644	st-9644.html.20051101092612
20081201150855	http://forum.azzurra.org/archive/index.php/t-9694.html	t-9694.html.20081201150855
20081201151748	http://forum.azzurra.org/archive/index.php/t-9765.html	t-9765.html.20081201151748
20160817204224	http://forum.azzurra.org/showthread.php?s=cb7b140df17435b1094cfa816e75d327&t=9765	st-9765.html.20160817204224
20120803153927	http://forum.azzurra.org/showthread.php?t=9765	st-9765.html.20120803153927
20120730164334	http://forum.azzurra.org/showthread.php?t=9765	st-9765.html.20120730164334
20090108212855	http://forum.azzurra.org/archive/index.php/t-9784.html	t-9784.html.20090108212855
20090108213216	http://forum.azzurra.org/archive/index.php/t-9815.html	t-9815.html.20090108213216
20081201153123	http://forum.azzurra.org/archive/index.php/t-9833.html	t-9833.html.20081201153123
20081201150727	http://forum.azzurra.org/archive/index.php/t-9834.html	t-9834.html.20081201150727
20160818004130	http://forum.azzurra.org/showthread.php?s=cb7b140df17435b1094cfa816e75d327&t=9834	st-9834.html.20160818004130
20120801212732	http://forum.azzurra.org/showthread.php?t=9834	st-9834.html.20120801212732
20090108205955	http://forum.azzurra.org/archive/index.php/t-9850.html	t-9850.html.20090108205955
20090108215531	http://forum.azzurra.org/archive/index.php/t-9851.html	t-9851.html.20090108215531
20081120152307	http://forum.azzurra.org/archive/index.php/t-9875.html	t-9875.html.20081120152307
20090108213541	http://forum.azzurra.org/archive/index.php/t-9907.html	t-9907.html.20090108213541
20090108204640	http://forum.azzurra.org/archive/index.php/t-9909.html	t-9909.html.20090108204640
20090108212541	http://forum.azzurra.org/archive/index.php/t-9921.html	t-9921.html.20090108212541
20081201152934	http://forum.azzurra.org/archive/index.php/t-9933.html	t-9933.html.20081201152934
20160818104638	http://forum.azzurra.org/showthread.php?s=651c2636e9eb8f2c118d862454c6e7c6&t=9933	st-9933.html.20160818104638
20120801063406	http://forum.azzurra.org/showthread.php?t=9933	st-9933.html.20120801063406
20070306052420	http://forum.azzurra.org:80/showthread.php?s=efd400b3927c68158ee3382a57a126e4&t=9933	st-9933.html.20070306052420
20090108214455	http://forum.azzurra.org/archive/index.php/t-9935.html	t-9935.html.20090108214455
20081201153917	http://forum.azzurra.org/archive/index.php/t-9957.html	t-9957.html.20081201153917
20160818090642	http://forum.azzurra.org/showthread.php?s=cb7b140df17435b1094cfa816e75d327&t=9957	st-9957.html.20160818090642
20120803154616	http://forum.azzurra.org/showthread.php?t=9957	st-9957.html.20120803154616
20120730165030	http://forum.azzurra.org/showthread.php?t=9957	st-9957.html.20120730165030
20081201150555	http://forum.azzurra.org/archive/index.php/t-9968.html	t-9968.html.20081201150555
20070307051129	http://forum.azzurra.org:80/showthread.php?s=631dd44fc86e3c7e58a863b7758e6cda&t=9968	st-9968.html.20070307051129
20051016190828	http://forum.azzurra.org:80/showthread.php?t=10004	st-10004.html.20051016190828
20081120220051	http://forum.azzurra.org/archive/index.php/t-10028.html	t-10028.html.20081120220051
20081120194207	http://forum.azzurra.org/archive/index.php/t-10058.html	t-10058.html.20081120194207
20081120230931	http://forum.azzurra.org/archive/index.php/t-10062.html	t-10062.html.20081120230931
20081120182211	http://forum.azzurra.org/archive/index.php/t-10066.html	t-10066.html.20081120182211
20070307075310	http://forum.azzurra.org:80/showthread.php?s=631dd44fc86e3c7e58a863b7758e6cda&t=10066	st-10066.html.20070307075310
20090105183010	http://forum.azzurra.org/archive/index.php/t-10078.html	t-10078.html.20090105183010
20090105171830	http://forum.azzurra.org/archive/index.php/t-10108.html	t-10108.html.20090105171830
20081120202756	http://forum.azzurra.org/archive/index.php/t-10196.html	t-10196.html.20081120202756
20160817222350	http://forum.azzurra.org/showthread.php?s=cb7b140df17435b1094cfa816e75d327&t=10196	st-10196.html.20160817222350
20120730162758	http://forum.azzurra.org/showthread.php?t=10196	st-10196.html.20120730162758
20090105221819	http://forum.azzurra.org/archive/index.php/t-10209.html	t-10209.html.20090105221819
20090105170228	http://forum.azzurra.org/archive/index.php/t-10254.html	t-10254.html.20090105170228
20070222012603	http://forum.azzurra.org:80/showthread.php?s=03eded25aae94c44de36e1cbbdde3399&t=10254	st-10254.html.20070222012603
20090105231442	http://forum.azzurra.org/archive/index.php/t-10259.html	t-10259.html.20090105231442
20070525182147	http://forum.azzurra.org:80/showthread.php?t=10272	st-10272.html.20070525182147
20060615081901	http://forum.azzurra.org:80/showthread.php?t=10272	st-10272.html.20060615081901
20060515135333	http://forum.azzurra.org:80/showthread.php?t=10272	st-10272.html.20060515135333
20051228221823	http://forum.azzurra.org:80/showthread.php?t=10272	st-10272.html.20051228221823
20090105224950	http://forum.azzurra.org/archive/index.php/t-10331.html	t-10331.html.20090105224950
20081120203809	http://forum.azzurra.org/archive/index.php/t-10499.html	t-10499.html.20081120203809
20081120210039	http://forum.azzurra.org/archive/index.php/t-10527.html	t-10527.html.20081120210039
20070222012623	http://forum.azzurra.org:80/showthread.php?s=03eded25aae94c44de36e1cbbdde3399&t=10527	st-10527.html.20070222012623
20090105163248	http://forum.azzurra.org/archive/index.php/t-10581.html	t-10581.html.20090105163248
20090105200501	http://forum.azzurra.org/archive/index.php/t-10649.html	t-10649.html.20090105200501
20090105233648	http://forum.azzurra.org/archive/index.php/t-10664.html	t-10664.html.20090105233648
20070306195746	http://forum.azzurra.org:80/showthread.php?s=631dd44fc86e3c7e58a863b7758e6cda&t=10664	st-10664.html.20070306195746
20090105220314	http://forum.azzurra.org/archive/index.php/t-10668.html	t-10668.html.20090105220314
20070306195756	http://forum.azzurra.org:80/showthread.php?s=631dd44fc86e3c7e58a863b7758e6cda&t=10668	st-10668.html.20070306195756
20090105210645	http://forum.azzurra.org/archive/index.php/t-10705.html	t-10705.html.20090105210645
20070317182831	http://forum.azzurra.org:80/showthread.php?s=b386d24dfe7e52fa928c31031336e090&t=10705	st-10705.html.20070317182831
20070316012225	http://forum.azzurra.org:80/showthread.php?s=b386d24dfe7e52fa928c31031336e090&t=10705	st-10705.html.20070316012225
20090105195128	http://forum.azzurra.org/archive/index.php/t-10716.html	t-10716.html.20090105195128
20090105204457	http://forum.azzurra.org/archive/index.php/t-10724.html	t-10724.html.20090105204457
20090105203212	http://forum.azzurra.org/archive/index.php/t-10796.html	t-10796.html.20090105203212
20090106024331	http://forum.azzurra.org/archive/index.php/t-10800.html	t-10800.html.20090106024331
20060113115627	http://forum.azzurra.org:80/showthread.php?t=10809	st-10809.html.20060113115627
20051228104509	http://forum.azzurra.org:80/showthread.php?t=10809	st-10809.html.20051228104509
20090105172851	http://forum.azzurra.org/archive/index.php/t-10813.html	t-10813.html.20090105172851
20081120191312	http://forum.azzurra.org/archive/index.php/t-10827.html	t-10827.html.20081120191312
20160817220145	http://forum.azzurra.org/showthread.php?s=2b0905366121cb3328715eef38f909fb&t=10827	st-10827.html.20160817220145
20120803134954	http://forum.azzurra.org/showthread.php?t=10827	st-10827.html.20120803134954
20120730151005	http://forum.azzurra.org/showthread.php?t=10827	st-10827.html.20120730151005
20090105212809	http://forum.azzurra.org/archive/index.php/t-10912.html	t-10912.html.20090105212809
20090105183528	http://forum.azzurra.org/archive/index.php/t-10963.html	t-10963.html.20090105183528
20090105202121	http://forum.azzurra.org/archive/index.php/t-10969.html	t-10969.html.20090105202121
20081120211551	http://forum.azzurra.org/archive/index.php/t-11004.html	t-11004.html.20081120211551
20160818103256	http://forum.azzurra.org/showthread.php?s=651c2636e9eb8f2c118d862454c6e7c6&t=11004	st-11004.html.20160818103256
20120731161629	http://forum.azzurra.org/showthread.php?t=11004	st-11004.html.20120731161629
20070307075944	http://forum.azzurra.org:80/showthread.php?s=efd400b3927c68158ee3382a57a126e4&t=11004	st-11004.html.20070307075944
20090105161839	http://forum.azzurra.org/archive/index.php/t-11013.html	t-11013.html.20090105161839
20081120185136	http://forum.azzurra.org/archive/index.php/t-11022.html	t-11022.html.20081120185136
20090105164631	http://forum.azzurra.org/archive/index.php/t-11024.html	t-11024.html.20090105164631
20090105191256	http://forum.azzurra.org/archive/index.php/t-11166.html	t-11166.html.20090105191256
20160817231432	http://forum.azzurra.org/showthread.php?s=b8a861723702b5dae0773e204892fb83&t=11166	st-11166.html.20160817231432
20081120211010	http://forum.azzurra.org/archive/index.php/t-11201.html	t-11201.html.20081120211010
20081120051442	http://forum.azzurra.org/archive/index.php/t-11318.html	t-11318.html.20081120051442
20081120082027	http://forum.azzurra.org/archive/index.php/t-11355.html	t-11355.html.20081120082027
20081120003921	http://forum.azzurra.org/archive/index.php/t-11399.html	t-11399.html.20081120003921
20070222012631	http://forum.azzurra.org:80/showthread.php?s=03eded25aae94c44de36e1cbbdde3399&t=11399	st-11399.html.20070222012631
20081120070912	http://forum.azzurra.org/archive/index.php/t-11400.html	t-11400.html.20081120070912
20160818002951	http://forum.azzurra.org/showthread.php?s=651c2636e9eb8f2c118d862454c6e7c6&t=11400	st-11400.html.20160818002951
20120801135808	http://forum.azzurra.org/showthread.php?t=11400	st-11400.html.20120801135808
20070306053217	http://forum.azzurra.org:80/showthread.php?s=efd400b3927c68158ee3382a57a126e4&t=11400	st-11400.html.20070306053217
20081120021913	http://forum.azzurra.org/archive/index.php/t-11430.html	t-11430.html.20081120021913
20081119233909	http://forum.azzurra.org/archive/index.php/t-11445.html	t-11445.html.20081119233909
20081120013308	http://forum.azzurra.org/archive/index.php/t-11449.html	t-11449.html.20081120013308
20060711163606	http://forum.azzurra.org:80/showthread.php?t=11449	st-11449.html.20060711163606
20060706162101	http://forum.azzurra.org:80/showthread.php?t=11449	st-11449.html.20060706162101
20081120035749	http://forum.azzurra.org/archive/index.php/t-11460.html	t-11460.html.20081120035749
20090108033002	http://forum.azzurra.org/archive/index.php/t-11578.html	t-11578.html.20090108033002
20081120020952	http://forum.azzurra.org/archive/index.php/t-11582.html	t-11582.html.20081120020952
20081120012707	http://forum.azzurra.org/archive/index.php/t-11613.html	t-11613.html.20081120012707
20081120050339	http://forum.azzurra.org/archive/index.php/t-11626.html	t-11626.html.20081120050339
20081120075235	http://forum.azzurra.org/archive/index.php/t-11731.html	t-11731.html.20081120075235
20081120021721	http://forum.azzurra.org/archive/index.php/t-11736.html	t-11736.html.20081120021721
20120723004258	http://forum.azzurra.org/showthread.php?t=11736	st-11736.html.20120723004258
20071013064434	http://forum.azzurra.org/showthread.php?t=11736	st-11736.html.20071013064434
20071011163435	http://forum.azzurra.org:80/showthread.php?t=11736	st-11736.html.20071011163435
20070910202401	http://forum.azzurra.org:80/showthread.php?s=5987e71ee064b0637ae7b6ab66cb61f5&mode=hybrid&t=11736	st-11736.html.20070910202401
20070910133250	http://forum.azzurra.org:80/showthread.php?s=5987e71ee064b0637ae7b6ab66cb61f5&mode=hybrid&t=11736	st-11736.html.20070910133250
20070908194626	http://forum.azzurra.org:80/showthread.php?t=11736	st-11736.html.20070908194626
20070607153849	http://forum.azzurra.org:80/showthread.php?t=11736	st-11736.html.20070607153849
20070404043017	http://forum.azzurra.org:80/showthread.php?t=11736	st-11736.html.20070404043017
20070204101411	http://forum.azzurra.org:80/showthread.php?t=11736	st-11736.html.20070204101411
20070111063149	http://forum.azzurra.org:80/showthread.php?t=11736	st-11736.html.20070111063149
20061004131845	http://forum.azzurra.org:80/showthread.php?t=11736	st-11736.html.20061004131845
20060823061528	http://forum.azzurra.org:80/showthread.php?t=11736	st-11736.html.20060823061528
20060720074632	http://forum.azzurra.org:80/showthread.php?t=11736	st-11736.html.20060720074632
20060719132252	http://forum.azzurra.org:80/showthread.php?t=11736	st-11736.html.20060719132252
20060714160203	http://forum.azzurra.org:80/showthread.php?t=11736	st-11736.html.20060714160203
20060714055150	http://forum.azzurra.org:80/showthread.php?t=11736	st-11736.html.20060714055150
20060709024037	http://forum.azzurra.org:80/showthread.php?t=11736	st-11736.html.20060709024037
20060618005648	http://forum.azzurra.org:80/showthread.php?t=11736	st-11736.html.20060618005648
20060515171607	http://forum.azzurra.org/showthread.php?mode=hybrid&t=11736	st-11736.html.20060515171607
20060507052629	http://forum.azzurra.org/showthread.php?t=11736	st-11736.html.20060507052629
20060207003529	http://forum.azzurra.org:80/showthread.php?t=11736	st-11736.html.20060207003529
20051231020836	http://forum.azzurra.org:80/showthread.php?t=11736	st-11736.html.20051231020836
20081120042919	http://forum.azzurra.org/archive/index.php/t-11773.html	t-11773.html.20081120042919
20051213084936	http://forum.azzurra.org:80/showthread.php?t=11823	st-11823.html.20051213084936
20051213085233	http://forum.azzurra.org:80/showthread.php?t=11823&page=2	st-11823-p-2.html.20051213085233
20111229080929	http://forum.azzurra.org:80/archive/index.php/t-11929.html	t-11929.html.20111229080929
20111126195356	http://forum.azzurra.org:80/archive/index.php/t-11929.html	t-11929.html.20111126195356
20081120101852	http://forum.azzurra.org/archive/index.php/t-11929.html	t-11929.html.20081120101852
20111127161132	http://forum.azzurra.org:80/showthread.php?t=11929	st-11929.html.20111127161132
20111127160111	http://forum.azzurra.org:80/archive/index.php/t-11965.html	t-11965.html.20111127160111
20081120002618	http://forum.azzurra.org/archive/index.php/t-11965.html	t-11965.html.20081120002618
20081120101417	http://forum.azzurra.org/archive/index.php/t-11998.html	t-11998.html.20081120101417
20081120041137	http://forum.azzurra.org/archive/index.php/t-12018.html	t-12018.html.20081120041137
20070310045745	http://forum.azzurra.org:80/showthread.php?s=00f608608331541a22414b4586d7fdcc&t=12018	st-12018.html.20070310045745
20081120010715	http://forum.azzurra.org/archive/index.php/t-12085.html	t-12085.html.20081120010715
20081120014944	http://forum.azzurra.org/archive/index.php/t-12148.html	t-12148.html.20081120014944
20160817214706	http://forum.azzurra.org/showthread.php?s=cb7b140df17435b1094cfa816e75d327&t=12148	st-12148.html.20160817214706
20120730161114	http://forum.azzurra.org/showthread.php?t=12148	st-12148.html.20120730161114
20081120054130	http://forum.azzurra.org/archive/index.php/t-12184.html	t-12184.html.20081120054130
20160818094911	http://forum.azzurra.org/showthread.php?s=cb7b140df17435b1094cfa816e75d327&t=12184	st-12184.html.20160818094911
20120731160309	http://forum.azzurra.org/showthread.php?t=12184	st-12184.html.20120731160309
20081120005349	http://forum.azzurra.org/archive/index.php/t-12186.html	t-12186.html.20081120005349
20090108032749	http://forum.azzurra.org/archive/index.php/t-12232.html	t-12232.html.20090108032749
20070307075244	http://forum.azzurra.org:80/showthread.php?s=00f608608331541a22414b4586d7fdcc&t=12232	st-12232.html.20070307075244
20081120050801	http://forum.azzurra.org/archive/index.php/t-12236.html	t-12236.html.20081120050801
20120801214119	http://forum.azzurra.org/showthread.php?t=12236	st-12236.html.20120801214119
20090108032115	http://forum.azzurra.org/archive/index.php/t-12238.html	t-12238.html.20090108032115
20111229082655	http://forum.azzurra.org:80/archive/index.php/t-12262.html	t-12262.html.20111229082655
20111126212053	http://forum.azzurra.org:80/archive/index.php/t-12262.html	t-12262.html.20111126212053
20081120003331	http://forum.azzurra.org/archive/index.php/t-12262.html	t-12262.html.20081120003331
20160818110804	http://forum.azzurra.org/showthread.php?s=31ebd4ca207917b256151794a58f4278&t=12262	st-12262.html.20160818110804
20120731160439	http://forum.azzurra.org/showthread.php?t=12262	st-12262.html.20120731160439
20111127161208	http://forum.azzurra.org:80/showthread.php?t=12262	st-12262.html.20111127161208
20070518045434	http://forum.azzurra.org:80/showthread.php?s=614574af3c3c3b2a9786a2aed9da01d7&mode=hybrid&t=12262	st-12262.html.20070518045434
20070517210743	http://forum.azzurra.org:80/showthread.php?t=12262	st-12262.html.20070517210743
20070517204612	http://forum.azzurra.org:80/showthread.php?s=e183a62aff7a93cd86be8b5f9295cba2&mode=hybrid&t=12262	st-12262.html.20070517204612
20070515064914	http://forum.azzurra.org:80/showthread.php?s=1a9ecb8fa7339e6cbf4c51bfcdf02b5d&t=12262	st-12262.html.20070515064914
20160817213953	http://forum.azzurra.org/showthread.php?s=31ebd4ca207917b256151794a58f4278&t=12262&page=2	st-12262-p-2.html.20160817213953
20070517205027	http://forum.azzurra.org:80/showthread.php?s=e183a62aff7a93cd86be8b5f9295cba2&t=12262&page=2	st-12262-p-2.html.20070517205027
20090108032834	http://forum.azzurra.org/archive/index.php/t-12283.html	t-12283.html.20090108032834
20111127160156	http://forum.azzurra.org:80/archive/index.php/t-12285.html	t-12285.html.20111127160156
20081120012837	http://forum.azzurra.org/archive/index.php/t-12285.html	t-12285.html.20081120012837
20081121013915	http://forum.azzurra.org/archive/index.php/t-12453.html	t-12453.html.20081121013915
20160817232331	http://forum.azzurra.org/showthread.php?s=2b0905366121cb3328715eef38f909fb&t=12453	st-12453.html.20160817232331
20120803125540	http://forum.azzurra.org/showthread.php?t=12453	st-12453.html.20120803125540
20120730140134	http://forum.azzurra.org/showthread.php?t=12453	st-12453.html.20120730140134
20111127160303	http://forum.azzurra.org:80/archive/index.php/t-12679.html	t-12679.html.20111127160303
20081121032632	http://forum.azzurra.org/archive/index.php/t-12679.html	t-12679.html.20081121032632
20081121055738	http://forum.azzurra.org/archive/index.php/t-12691.html	t-12691.html.20081121055738
20160818003822	http://forum.azzurra.org/showthread.php?s=651c2636e9eb8f2c118d862454c6e7c6&t=12691	st-12691.html.20160818003822
20120801212759	http://forum.azzurra.org/showthread.php?t=12691	st-12691.html.20120801212759
20070306053323	http://forum.azzurra.org:80/showthread.php?s=efd400b3927c68158ee3382a57a126e4&t=12691	st-12691.html.20070306053323
20081121051839	http://forum.azzurra.org/archive/index.php/t-12692.html	t-12692.html.20081121051839
20111127160318	http://forum.azzurra.org:80/archive/index.php/t-12748.html	t-12748.html.20111127160318
20081121054606	http://forum.azzurra.org/archive/index.php/t-12748.html	t-12748.html.20081121054606
20111127160658	http://forum.azzurra.org:80/archive/index.php/t-13241.html	t-13241.html.20111127160658
20081203230954	http://forum.azzurra.org/archive/index.php/t-13241.html	t-13241.html.20081203230954
20081203235708	http://forum.azzurra.org/archive/index.php/t-13259.html	t-13259.html.20081203235708
20081203225730	http://forum.azzurra.org/archive/index.php/t-13275.html	t-13275.html.20081203225730
20160817223557	http://forum.azzurra.org/showthread.php?s=31ebd4ca207917b256151794a58f4278&t=13275	st-13275.html.20160817223557
20120801214333	http://forum.azzurra.org/showthread.php?t=13275	st-13275.html.20120801214333
20081121040138	http://forum.azzurra.org/archive/index.php/t-13325.html	t-13325.html.20081121040138
20160818095815	http://forum.azzurra.org/showthread.php?s=a592ea1baeed91912adea4da88d5ea29&t=13325	st-13325.html.20160818095815
20120801213620	http://forum.azzurra.org/showthread.php?t=13325	st-13325.html.20120801213620
20081204001218	http://forum.azzurra.org/archive/index.php/t-13332.html	t-13332.html.20081204001218
20081203215739	http://forum.azzurra.org/archive/index.php/t-13473.html	t-13473.html.20081203215739
20160818015425	http://forum.azzurra.org/showthread.php?s=cb7b140df17435b1094cfa816e75d327&t=13473	st-13473.html.20160818015425
20120801135310	http://forum.azzurra.org/showthread.php?t=13473	st-13473.html.20120801135310
20081203223137	http://forum.azzurra.org/archive/index.php/t-13517.html	t-13517.html.20081203223137
20081203231555	http://forum.azzurra.org/archive/index.php/t-13537.html	t-13537.html.20081203231555
20160818014302	http://forum.azzurra.org/showthread.php?s=cb7b140df17435b1094cfa816e75d327&t=13537	st-13537.html.20160818014302
20120801134913	http://forum.azzurra.org/showthread.php?t=13537	st-13537.html.20120801134913
20081203224553	http://forum.azzurra.org/archive/index.php/t-13648.html	t-13648.html.20081203224553
20160818121701	http://forum.azzurra.org/showthread.php?s=a592ea1baeed91912adea4da88d5ea29&t=13648	st-13648.html.20160818121701
20120801214735	http://forum.azzurra.org/showthread.php?t=13648	st-13648.html.20120801214735
20081203235411	http://forum.azzurra.org/archive/index.php/t-13668.html	t-13668.html.20081203235411
20081203214359	http://forum.azzurra.org/archive/index.php/t-13675.html	t-13675.html.20081203214359
20160818003725	http://forum.azzurra.org/showthread.php?s=cb7b140df17435b1094cfa816e75d327&t=13675	st-13675.html.20160818003725
20120731162530	http://forum.azzurra.org/showthread.php?t=13675	st-13675.html.20120731162530
20081203233512	http://forum.azzurra.org/archive/index.php/t-13737.html	t-13737.html.20081203233512
20081204001853	http://forum.azzurra.org/archive/index.php/t-13738.html	t-13738.html.20081204001853
20081121040433	http://forum.azzurra.org/archive/index.php/t-13744.html	t-13744.html.20081121040433
20160818003920	http://forum.azzurra.org/showthread.php?s=7604e9c717e4f2324ffebe02572655f5&t=13744	st-13744.html.20160818003920
20160818000407	http://forum.azzurra.org/showthread.php?s=7604e9c717e4f2324ffebe02572655f5&mode=hybrid&t=13744	st-13744.html.20160818000407
20160817205653	http://forum.azzurra.org/showthread.php?s=31ebd4ca207917b256151794a58f4278&t=13744	st-13744.html.20160817205653
20120801215716	http://forum.azzurra.org/showthread.php?t=13744	st-13744.html.20120801215716
20070306195646	http://forum.azzurra.org:80/showthread.php?s=00f608608331541a22414b4586d7fdcc&t=13744	st-13744.html.20070306195646
20160818095337	http://forum.azzurra.org/showthread.php?s=7604e9c717e4f2324ffebe02572655f5&t=13744&page=2	st-13744-p-2.html.20160818095337
20160817223822	http://forum.azzurra.org/showthread.php?s=31ebd4ca207917b256151794a58f4278&t=13744&page=3	st-13744-p-3.html.20160817223822
20081121034650	http://forum.azzurra.org/archive/index.php/t-13770.html	t-13770.html.20081121034650
20160818084415	http://forum.azzurra.org/showthread.php?s=2b0905366121cb3328715eef38f909fb&t=13770	st-13770.html.20160818084415
20120802220243	http://forum.azzurra.org/showthread.php?t=13770	st-13770.html.20120802220243
20120729231006	http://forum.azzurra.org/showthread.php?t=13770	st-13770.html.20120729231006
20081203225147	http://forum.azzurra.org/archive/index.php/t-13791.html	t-13791.html.20081203225147
20081203214600	http://forum.azzurra.org/archive/index.php/t-13798.html	t-13798.html.20081203214600
20081203234107	http://forum.azzurra.org/archive/index.php/t-13814.html	t-13814.html.20081203234107
20081204000817	http://forum.azzurra.org/archive/index.php/t-13844.html	t-13844.html.20081204000817
20160817232714	http://forum.azzurra.org/showthread.php?s=cb7b140df17435b1094cfa816e75d327&t=13844	st-13844.html.20160817232714
20120731154108	http://forum.azzurra.org/showthread.php?t=13844	st-13844.html.20120731154108
20081203221658	http://forum.azzurra.org/archive/index.php/t-13959.html	t-13959.html.20081203221658
20160817222324	http://forum.azzurra.org/showthread.php?s=2b0905366121cb3328715eef38f909fb&t=13959	st-13959.html.20160817222324
20120802203813	http://forum.azzurra.org/showthread.php?t=13959	st-13959.html.20120802203813
20120729220316	http://forum.azzurra.org/showthread.php?t=13959	st-13959.html.20120729220316
20081203215945	http://forum.azzurra.org/archive/index.php/t-14031.html	t-14031.html.20081203215945
20160817221820	http://forum.azzurra.org/showthread.php?s=31ebd4ca207917b256151794a58f4278&t=14031	st-14031.html.20160817221820
20120801214157	http://forum.azzurra.org/showthread.php?t=14031	st-14031.html.20120801214157
20070830022552	http://forum.azzurra.org:80/showthread.php?s=8bffeb281d65c66ca9f58c1450c27edd&t=14031	st-14031.html.20070830022552
20081121035823	http://forum.azzurra.org/archive/index.php/t-14103.html	t-14103.html.20081121035823
20160817221555	http://forum.azzurra.org/showthread.php?s=2b0905366121cb3328715eef38f909fb&t=14103	st-14103.html.20160817221555
20120802204041	http://forum.azzurra.org/showthread.php?t=14103	st-14103.html.20120802204041
20120729220543	http://forum.azzurra.org/showthread.php?t=14103	st-14103.html.20120729220543
20081203221216	http://forum.azzurra.org/archive/index.php/t-14156.html	t-14156.html.20081203221216
20160817235235	http://forum.azzurra.org/showthread.php?s=651c2636e9eb8f2c118d862454c6e7c6&t=14156	st-14156.html.20160817235235
20120801141525	http://forum.azzurra.org/showthread.php?t=14156	st-14156.html.20120801141525
20070306053358	http://forum.azzurra.org:80/showthread.php?s=efd400b3927c68158ee3382a57a126e4&t=14156	st-14156.html.20070306053358
20081203235136	http://forum.azzurra.org/archive/index.php/t-14173.html	t-14173.html.20081203235136
20160818085509	http://forum.azzurra.org/showthread.php?s=a592ea1baeed91912adea4da88d5ea29&t=14173	st-14173.html.20160818085509
20160817230820	http://forum.azzurra.org/showthread.php?s=651c2636e9eb8f2c118d862454c6e7c6&mode=hybrid&t=14173	st-14173.html.20160817230820
20120801213050	http://forum.azzurra.org/showthread.php?t=14173	st-14173.html.20120801213050
20081201123541	http://forum.azzurra.org/archive/index.php/t-14179.html	t-14179.html.20081201123541
20160818110516	http://forum.azzurra.org/showthread.php?s=31ebd4ca207917b256151794a58f4278&t=14179	st-14179.html.20160818110516
20120803233100	http://forum.azzurra.org/showthread.php?t=14179	st-14179.html.20120803233100
20120731003447	http://forum.azzurra.org/showthread.php?t=14179	st-14179.html.20120731003447
20070221221822	http://forum.azzurra.org:80/showthread.php?s=ec99156c0c66edd1701b5db659d8bd84&t=14179	st-14179.html.20070221221822
20081201154532	http://forum.azzurra.org/archive/index.php/t-14190.html	t-14190.html.20081201154532
20081201104432	http://forum.azzurra.org/archive/index.php/t-14250.html	t-14250.html.20081201104432
20120731153700	http://forum.azzurra.org/showthread.php?t=14250	st-14250.html.20120731153700
20081201133735	http://forum.azzurra.org/archive/index.php/t-14258.html	t-14258.html.20081201133735
20160818085329	http://forum.azzurra.org/showthread.php?s=31ebd4ca207917b256151794a58f4278&t=14258	st-14258.html.20160818085329
20120801215030	http://forum.azzurra.org/showthread.php?t=14258	st-14258.html.20120801215030
20081201140813	http://forum.azzurra.org/archive/index.php/t-14265.html	t-14265.html.20081201140813
20160818210248	http://forum.azzurra.org/showthread.php?s=31ebd4ca207917b256151794a58f4278&t=14265	st-14265.html.20160818210248
20120803233839	http://forum.azzurra.org/showthread.php?t=14265	st-14265.html.20120803233839
20120731004238	http://forum.azzurra.org/showthread.php?t=14265	st-14265.html.20120731004238
20081201122018	http://forum.azzurra.org/archive/index.php/t-14279.html	t-14279.html.20081201122018
20081201103305	http://forum.azzurra.org/archive/index.php/t-14285.html	t-14285.html.20081201103305
20160817230348	http://forum.azzurra.org/showthread.php?s=31ebd4ca207917b256151794a58f4278&t=14285	st-14285.html.20160817230348
20120801213918	http://forum.azzurra.org/showthread.php?t=14285	st-14285.html.20120801213918
20081201104230	http://forum.azzurra.org/archive/index.php/t-14389.html	t-14389.html.20081201104230
20160817233334	http://forum.azzurra.org/showthread.php?s=31ebd4ca207917b256151794a58f4278&t=14389	st-14389.html.20160817233334
20120801213152	http://forum.azzurra.org/showthread.php?t=14389	st-14389.html.20120801213152
20081201134818	http://forum.azzurra.org/archive/index.php/t-14404.html	t-14404.html.20081201134818
20160817220753	http://forum.azzurra.org/showthread.php?s=651c2636e9eb8f2c118d862454c6e7c6&t=14404	st-14404.html.20160817220753
20120803154855	http://forum.azzurra.org/showthread.php?t=14404	st-14404.html.20120803154855
20120730165317	http://forum.azzurra.org/showthread.php?t=14404	st-14404.html.20120730165317
20070519012943	http://forum.azzurra.org:80/showthread.php?s=f4ffe6c54ee581e54a986a26fb3b6e88&mode=hybrid&t=14404	st-14404.html.20070519012943
20070515091302	http://forum.azzurra.org:80/showthread.php?s=19051de7746a5dad7df1e5c2a787a843&t=14404	st-14404.html.20070515091302
20081201140255	http://forum.azzurra.org/archive/index.php/t-14436.html	t-14436.html.20081201140255
20081201142424	http://forum.azzurra.org/archive/index.php/t-14490.html	t-14490.html.20081201142424
20160817222434	http://forum.azzurra.org/showthread.php?s=31ebd4ca207917b256151794a58f4278&t=14490	st-14490.html.20160817222434
20120804070910	http://forum.azzurra.org/showthread.php?t=14490	st-14490.html.20120804070910
20120731081413	http://forum.azzurra.org/showthread.php?t=14490	st-14490.html.20120731081413
20070519045041	http://forum.azzurra.org:80/showthread.php?s=f4ffe6c54ee581e54a986a26fb3b6e88&mode=hybrid&t=14490	st-14490.html.20070519045041
20070518045627	http://forum.azzurra.org:80/showthread.php?s=e2e0932c3ad9b04c992478ae5b77099e&mode=hybrid&t=14490	st-14490.html.20070518045627
20081201134341	http://forum.azzurra.org/archive/index.php/t-14504.html	t-14504.html.20081201134341
20081201141926	http://forum.azzurra.org/archive/index.php/t-14510.html	t-14510.html.20081201141926
20081201111724	http://forum.azzurra.org/archive/index.php/t-14520.html	t-14520.html.20081201111724
20081201143849	http://forum.azzurra.org/archive/index.php/t-14545.html	t-14545.html.20081201143849
20081201102855	http://forum.azzurra.org/archive/index.php/t-14553.html	t-14553.html.20081201102855
20081201133831	http://forum.azzurra.org/archive/index.php/t-14554.html	t-14554.html.20081201133831
20081201144112	http://forum.azzurra.org/archive/index.php/t-14571.html	t-14571.html.20081201144112
20081201144246	http://forum.azzurra.org/archive/index.php/t-14628.html	t-14628.html.20081201144246
20160818083328	http://forum.azzurra.org/showthread.php?s=31ebd4ca207917b256151794a58f4278&t=14628	st-14628.html.20160818083328
20120803133952	http://forum.azzurra.org/showthread.php?t=14628	st-14628.html.20120803133952
20120730145952	http://forum.azzurra.org/showthread.php?t=14628	st-14628.html.20120730145952
20081201105923	http://forum.azzurra.org/archive/index.php/t-14634.html	t-14634.html.20081201105923
20081201110405	http://forum.azzurra.org/archive/index.php/t-14685.html	t-14685.html.20081201110405
20160817225205	http://forum.azzurra.org/showthread.php?s=2b0905366121cb3328715eef38f909fb&t=14685	st-14685.html.20160817225205
20120803141736	http://forum.azzurra.org/showthread.php?t=14685	st-14685.html.20120803141736
20120730155423	http://forum.azzurra.org/showthread.php?t=14685	st-14685.html.20120730155423
20081201111040	http://forum.azzurra.org/archive/index.php/t-14700.html	t-14700.html.20081201111040
20081201114918	http://forum.azzurra.org/archive/index.php/t-14712.html	t-14712.html.20081201114918
20160818083849	http://forum.azzurra.org/showthread.php?s=2b0905366121cb3328715eef38f909fb&t=14712	st-14712.html.20160818083849
20120803161823	http://forum.azzurra.org/showthread.php?t=14712	st-14712.html.20120803161823
20120730172236	http://forum.azzurra.org/showthread.php?t=14712	st-14712.html.20120730172236
20160817204440	http://forum.azzurra.org/showthread.php?s=2b0905366121cb3328715eef38f909fb&t=14712&page=2	st-14712-p-2.html.20160817204440
20081201154300	http://forum.azzurra.org/archive/index.php/t-14799.html	t-14799.html.20081201154300
20081201140201	http://forum.azzurra.org/archive/index.php/t-14810.html	t-14810.html.20081201140201
20081201104936	http://forum.azzurra.org/archive/index.php/t-14811.html	t-14811.html.20081201104936
20081201115248	http://forum.azzurra.org/archive/index.php/t-14903.html	t-14903.html.20081201115248
20081201114811	http://forum.azzurra.org/archive/index.php/t-14931.html	t-14931.html.20081201114811
20081201122618	http://forum.azzurra.org/archive/index.php/t-14938.html	t-14938.html.20081201122618
20081201155108	http://forum.azzurra.org/archive/index.php/t-14951.html	t-14951.html.20081201155108
20160817225312	http://forum.azzurra.org/showthread.php?s=31ebd4ca207917b256151794a58f4278&t=14951	st-14951.html.20160817225312
20120802124700	http://forum.azzurra.org/showthread.php?t=14951	st-14951.html.20120802124700
20120728211155	http://forum.azzurra.org/showthread.php?t=14951	st-14951.html.20120728211155
20081201154801	http://forum.azzurra.org/archive/index.php/t-14965.html	t-14965.html.20081201154801
20160817225341	http://forum.azzurra.org/showthread.php?s=31ebd4ca207917b256151794a58f4278&t=14965	st-14965.html.20160817225341
20160817222003	http://forum.azzurra.org/showthread.php?s=b8a861723702b5dae0773e204892fb83&mode=hybrid&t=14965	st-14965.html.20160817222003
20120802124316	http://forum.azzurra.org/showthread.php?t=14965	st-14965.html.20120802124316
20120728210819	http://forum.azzurra.org/showthread.php?t=14965	st-14965.html.20120728210819
