20030119144813	http://www.azzurra.org:80/forum/viewtopic.php?t=12&amp	topic12_s0.html
20020504102036	http://www.azzurra.org:80/forum/viewtopic.php?topic=12&forum=1&start=10&19	topic12_s10.html
20020504102234	http://www.azzurra.org:80/forum/viewtopic.php?topic=12&forum=1&start=20&27	topic12_s20.html
20030121154950	http://www.azzurra.org:80/forum/viewtopic.php?t=13&amp	topic13_s0.html
20020627042511	http://www.azzurra.org:80/forum/viewtopic.php?topic=16&forum=10&9	topic16_s0.html
20020627043020	http://www.azzurra.org:80/forum/viewtopic.php?topic=16&forum=10&start=10&10	topic16_s10.html
20020718034606	http://www.azzurra.org:80/forum/viewtopic.php?topic=17&forum=6&8	topic17_s0.html
20020726170051	http://www.azzurra.org:80/forum/viewtopic.php?topic=20&forum=9&9	topic20_s0.html
20020506005317	http://www.azzurra.org:80/forum/viewtopic.php?topic=20&forum=9&start=10&17	topic20_s10.html
20020711171432	http://www.azzurra.org:80/forum/viewtopic.php?topic=21&forum=7&9	topic21_s0.html
20020507005238	http://www.azzurra.org:80/forum/viewtopic.php?topic=21&forum=7&start=10&19	topic21_s10.html
20020711172107	http://www.azzurra.org:80/forum/viewtopic.php?topic=21&forum=7&start=40&40	topic21_s40.html
20020701194629	http://www.azzurra.org:80/forum/viewtopic.php?topic=23&forum=11&0	topic23_s0.html
20020627043149	http://www.azzurra.org:80/forum/viewtopic.php?topic=24&forum=10&9	topic24_s0.html
20020701194406	http://www.azzurra.org:80/forum/viewtopic.php?topic=27&forum=11&8	topic27_s0.html
20020508013340	http://www.azzurra.org:80/forum/viewtopic.php?topic=28&forum=7&start=10&19	topic28_s10.html
20020718034529	http://www.azzurra.org:80/forum/viewtopic.php?topic=29&forum=6&2	topic29_s0.html
20020627043059	http://www.azzurra.org:80/forum/viewtopic.php?topic=33&forum=10&9	topic33_s0.html
20020629062422	http://www.azzurra.org:80/forum/viewtopic.php?10&forum=10&start=10&topic=33	topic33_s10.html
20020702101744	http://www.azzurra.org:80/forum/viewtopic.php?topic=35&forum=1&9	topic35_s0.html
20020702102012	http://www.azzurra.org:80/forum/viewtopic.php?topic=35&forum=1&start=10&13	topic35_s10.html
20020509164630	http://www.azzurra.org:80/forum/viewtopic.php?topic=36&forum=6&2	topic36_s0.html
20020509165549	http://www.azzurra.org:80/forum/viewtopic.php?topic=37&forum=6&1	topic37_s0.html
20020510084726	http://www.azzurra.org:80/forum/viewtopic.php?4&forum=10&topic=38	topic38_s0.html
20020702100038	http://www.azzurra.org:80/forum/viewtopic.php?topic=39&forum=2&14	topic39_s0.html
20020510193057	http://www.azzurra.org:80/forum/viewtopic.php?topic=39&forum=2&start=10&14	topic39_s10.html
20020702100434	http://www.azzurra.org:80/forum/viewtopic.php?topic=40&forum=11&2	topic40_s0.html
20020711172729	http://www.azzurra.org:80/forum/viewtopic.php?topic=44&forum=1	topic44_s0.html
20020514153349	http://www.azzurra.org:80/forum/viewtopic.php?topic=54&forum=6&0	topic54_s0.html
20020515181140	http://www.azzurra.org:80/forum/viewtopic.php?topic=60&forum=9&0	topic60_s0.html
20020726165335	http://www.azzurra.org:80/forum/viewtopic.php?topic=61&forum=9&2	topic61_s0.html
20020718033503	http://www.azzurra.org:80/forum/viewtopic.php?topic=63&forum=6&1	topic63_s0.html
20020727032552	http://www.azzurra.org:80/forum/viewtopic.php?topic=64&forum=9&5	topic64_s0.html
20020711171911	http://www.azzurra.org:80/forum/viewtopic.php?topic=65&forum=7&9	topic65_s0.html
20020711172249	http://www.azzurra.org:80/forum/viewtopic.php?topic=65&forum=7&start=10&16	topic65_s10.html
20020704111333	http://www.azzurra.org:80/forum/viewtopic.php?topic=67&forum=2&7	topic67_s0.html
20020326135410	http://www.azzurra.org:80/forum/viewtopic.php?topic=68&forum=2&2	topic68_s0.html
20020718033708	http://www.azzurra.org:80/forum/viewtopic.php?topic=69&forum=6&4	topic69_s0.html
20020517085054	http://www.azzurra.org:80/forum/viewtopic.php?topic=70&forum=6&0	topic70_s0.html
20020817072645	http://www.azzurra.org:80/forum/viewtopic.php?topic=77&forum=12&1	topic77_s0.html
20020518012830	http://www.azzurra.org:80/forum/viewtopic.php?topic=78&forum=10&13	topic78_s0.html
20020718033751	http://www.azzurra.org:80/forum/viewtopic.php?topic=81&forum=6&0	topic81_s0.html
20020518012724	http://www.azzurra.org:80/forum/viewtopic.php?topic=83&forum=13&start=20&24	topic83_s20.html
20020723045710	http://www.azzurra.org:80/forum/viewtopic.php?topic=86&forum=4&5	topic86_s0.html
20020718220723	http://www.azzurra.org:80/forum/viewtopic.php?topic=87&forum=6&0	topic87_s0.html
20020518083647	http://www.azzurra.org:80/forum/viewtopic.php?topic=90&forum=10&0	topic90_s0.html
20020518083346	http://www.azzurra.org:80/forum/viewtopic.php?topic=91&forum=7&14	topic91_s0.html
20020727103943	http://www.azzurra.org:80/forum/viewtopic.php?topic=93&forum=9&0	topic93_s0.html
20020518084245	http://www.azzurra.org:80/forum/viewtopic.php?topic=95&forum=10&6	topic95_s0.html
20040122113456	http://www.azzurra.org:80/forum/viewtopic.php?t=97&amp	topic97_s0.html
20020727105703	http://www.azzurra.org:80/forum/viewtopic.php?topic=99&forum=9&0	topic99_s0.html
20030116154155	http://www.azzurra.org:80/forum/viewtopic.php?t=104&amp	topic104_s0.html
20020503173741	http://www.azzurra.org:80/forum/viewtopic.php?topic=109&forum=7&5	topic109_s0.html
20030116153001	http://www.azzurra.org:80/forum/viewtopic.php?t=110&amp	topic110_s0.html
20020503174331	http://www.azzurra.org:80/forum/viewtopic.php?topic=115&forum=3&5	topic115_s0.html
20020504102207	http://www.azzurra.org:80/forum/viewtopic.php?topic=121&forum=7&5	topic121_s0.html
20020627042533	http://www.azzurra.org:80/forum/viewtopic.php?topic=122&forum=13&8	topic122_s0.html
20020721063807	http://www.azzurra.org:80/forum/viewtopic.php?topic=124&forum=3&start=10&11	topic124_s10.html
20020504102630	http://www.azzurra.org:80/forum/viewtopic.php?topic=125&forum=28&28	topic125_s0.html
20020725161031	http://www.azzurra.org:80/forum/viewtopic.php?topic=125&forum=28&start=10&19	topic125_s10.html
20020504101523	http://www.azzurra.org:80/forum/viewtopic.php?topic=125&forum=28&start=20&28	topic125_s20.html
20030121154908	http://www.azzurra.org:80/forum/viewtopic.php?t=126&amp	topic126_s0.html
20020504102351	http://www.azzurra.org:80/forum/viewtopic.php?topic=127&forum=7&3	topic127_s0.html
20020504102101	http://www.azzurra.org:80/forum/viewtopic.php?topic=128&forum=2&4	topic128_s0.html
20020726164827	http://www.azzurra.org:80/forum/viewtopic.php?topic=130&forum=8&5	topic130_s0.html
20020504102705	http://www.azzurra.org:80/forum/viewtopic.php?topic=131&forum=9&0	topic131_s0.html
20020504102813	http://www.azzurra.org:80/forum/viewtopic.php?topic=132&forum=6&2	topic132_s0.html
20020309221220	http://www.azzurra.org:80/forum/viewtopic.php?topic=135&forum=2&3	topic135_s0.html
20020726165556	http://www.azzurra.org:80/forum/viewtopic.php?topic=136&forum=8&9	topic136_s0.html
20020711170715	http://www.azzurra.org:80/forum/viewtopic.php?topic=138&forum=3	topic138_s0.html
20020531125209	http://www.azzurra.org:80/forum/viewtopic.php?topic=139&forum=3	topic139_s0.html
20020504101734	http://www.azzurra.org:80/forum/viewtopic.php?1&forum=2&topic=140	topic140_s0.html
20020504102052	http://www.azzurra.org:80/forum/viewtopic.php?topic=141&forum=6&3	topic141_s0.html
20020504102154	http://www.azzurra.org:80/forum/viewtopic.php?topic=142&forum=3&17	topic142_s0.html
20020313170918	http://www.azzurra.org:80/forum/viewtopic.php?topic=146&forum=2&3	topic146_s0.html
20020711170539	http://www.azzurra.org:80/forum/viewtopic.php?topic=148&forum=7&7	topic148_s0.html
20020313161815	http://www.azzurra.org:80/forum/viewtopic.php?topic=152&forum=19&9	topic152_s0.html
20020313164658	http://www.azzurra.org:80/forum/viewtopic.php?topic=152&forum=19&start=20&29	topic152_s20.html
20020313165002	http://www.azzurra.org:80/forum/viewtopic.php?topic=152&forum=19&start=120&127	topic152_s120.html
20020313165404	http://www.azzurra.org:80/forum/viewtopic.php?topic=157&forum=2&3	topic157_s0.html
20030127023707	http://www.azzurra.org:80/forum/viewtopic.php?t=159&amp	topic159_s0.html
20020317212956	http://www.azzurra.org:80/forum/viewtopic.php?topic=161&forum=2&2	topic161_s0.html
20030128085506	http://www.azzurra.org:80/forum/viewtopic.php?t=162&amp	topic162_s0.html
20020317213318	http://www.azzurra.org:80/forum/viewtopic.php?topic=162&forum=19&start=10&14	topic162_s10.html
20030128090618	http://www.azzurra.org:80/forum/viewtopic.php?t=168&amp	topic168_s0.html
20020506004949	http://www.azzurra.org:80/forum/viewtopic.php?topic=184&forum=3&6	topic184_s0.html
20020627042923	http://www.azzurra.org:80/forum/viewtopic.php?topic=187&forum=13&3	topic187_s0.html
20020318094029	http://www.azzurra.org:80/forum/viewtopic.php?topic=190&forum=2&1	topic190_s0.html
20020817072319	http://www.azzurra.org:80/forum/viewtopic.php?topic=192&forum=12&3	topic192_s0.html
20020627043430	http://www.azzurra.org:80/forum/viewtopic.php?topic=193&forum=13&0	topic193_s0.html
20020627041709	http://www.azzurra.org:80/forum/viewtopic.php?topic=194&forum=13&0	topic194_s0.html
20020506005728	http://www.azzurra.org:80/forum/viewtopic.php?topic=195&forum=11&5	topic195_s0.html
20020531185143	http://www.azzurra.org:80/forum/viewtopic.php?topic=198&forum=1	topic198_s0.html
20020506005148	http://www.azzurra.org:80/forum/viewtopic.php?topic=199&forum=11&0	topic199_s0.html
20020506010030	http://www.azzurra.org:80/forum/viewtopic.php?topic=200&forum=7&2	topic200_s0.html
20020718033045	http://www.azzurra.org:80/forum/viewtopic.php?topic=201&forum=6&0	topic201_s0.html
20020811170527	http://www.azzurra.org:80/forum/viewtopic.php?topic=205&forum=12&0	topic205_s0.html
20020331194747	http://www.azzurra.org:80/forum/viewtopic.php?topic=208&forum=10&0	topic208_s0.html
20020318094131	http://www.azzurra.org:80/forum/viewtopic.php?topic=214&forum=2&2	topic214_s0.html
20020507005818	http://www.azzurra.org:80/forum/viewtopic.php?topic=215&forum=2&2	topic215_s0.html
20020811171650	http://www.azzurra.org:80/forum/viewtopic.php?topic=216&forum=12&0	topic216_s0.html
20020811172354	http://www.azzurra.org:80/forum/viewtopic.php?topic=217&forum=12&0	topic217_s0.html
20020718033237	http://www.azzurra.org:80/forum/viewtopic.php?topic=218&forum=6&28	topic218_s0.html
20020718033456	http://www.azzurra.org:80/forum/viewtopic.php?topic=218&forum=6&start=10&19	topic218_s10.html
20020718033650	http://www.azzurra.org:80/forum/viewtopic.php?topic=218&forum=6&start=20&28	topic218_s20.html
20020711172445	http://www.azzurra.org:80/forum/viewtopic.php?topic=219&forum=7&6	topic219_s0.html
20020507010238	http://www.azzurra.org:80/forum/viewtopic.php?topic=220&forum=7&0	topic220_s0.html
20020507005445	http://www.azzurra.org:80/forum/viewtopic.php?topic=221&forum=3&5	topic221_s0.html
20020507005918	http://www.azzurra.org:80/forum/viewtopic.php?topic=230&forum=11&4	topic230_s0.html
20020507010123	http://www.azzurra.org:80/forum/viewtopic.php?topic=236&forum=2&2	topic236_s0.html
20020811171453	http://www.azzurra.org:80/forum/viewtopic.php?topic=237&forum=12&0	topic237_s0.html
20020701195016	http://www.azzurra.org:80/forum/viewtopic.php?topic=241&forum=2&5	topic241_s0.html
20020711172501	http://www.azzurra.org:80/forum/viewtopic.php?6&forum=7&topic=243	topic243_s0.html
20020811172156	http://www.azzurra.org:80/forum/viewtopic.php?topic=246&forum=12&0	topic246_s0.html
20020318095046	http://www.azzurra.org:80/forum/viewtopic.php?topic=249&forum=2&4	topic249_s0.html
20020718034231	http://www.azzurra.org:80/forum/viewtopic.php?topic=251&forum=6&9	topic251_s0.html
20020718034501	http://www.azzurra.org:80/forum/viewtopic.php?topic=251&forum=6&start=10&11	topic251_s10.html
20020531011502	http://www.azzurra.org:80/forum/viewtopic.php?4&forum=2&topic=252	topic252_s0.html
20020507131907	http://www.azzurra.org:80/forum/viewtopic.php?topic=253&forum=2&9	topic253_s0.html
20020318234819	http://www.azzurra.org:80/forum/viewtopic.php?topic=254&forum=2&1	topic254_s0.html
20020701194933	http://www.azzurra.org:80/forum/viewtopic.php?topic=255&forum=19&9	topic255_s0.html
20020701194847	http://www.azzurra.org:80/forum/viewtopic.php?topic=255&forum=19&start=10&19	topic255_s10.html
20020701195349	http://www.azzurra.org:80/forum/viewtopic.php?topic=255&forum=19&start=70&71	topic255_s70.html
20020319103423	http://www.azzurra.org:80/forum/viewtopic.php?topic=260&forum=2&4	topic260_s0.html
20020507131703	http://www.azzurra.org:80/forum/viewtopic.php?topic=262&forum=7&0	topic262_s0.html
20020319103638	http://www.azzurra.org:80/forum/viewtopic.php?topic=263&forum=2&2	topic263_s0.html
20020811172810	http://www.azzurra.org:80/forum/viewtopic.php?topic=264&forum=12&0	topic264_s0.html
20020811172225	http://www.azzurra.org:80/forum/viewtopic.php?topic=265&forum=12&0	topic265_s0.html
20020811173219	http://www.azzurra.org:80/forum/viewtopic.php?topic=267&forum=12&0	topic267_s0.html
20020507131556	http://www.azzurra.org:80/forum/viewtopic.php?topic=268&forum=7&8	topic268_s0.html
20020531185235	http://www.azzurra.org:80/forum/viewtopic.php?topic=270&forum=19	topic270_s0.html
20020319212114	http://www.azzurra.org:80/forum/viewtopic.php?topic=270&forum=19&start=10&19	topic270_s10.html
20020701194706	http://www.azzurra.org:80/forum/viewtopic.php?topic=270&forum=19&start=20&20	topic270_s20.html
20020701194548	http://www.azzurra.org:80/forum/viewtopic.php?topic=271&forum=1&2	topic271_s0.html
20020627041744	http://www.azzurra.org:80/forum/viewtopic.php?topic=273&forum=13&3	topic273_s0.html
20020627042221	http://www.azzurra.org:80/forum/viewtopic.php?topic=275&forum=10&5	topic275_s0.html
20040126110513	http://www.azzurra.org:80/forum/viewtopic.php?t=276&amp	topic276_s0.html
20020721063027	http://www.azzurra.org:80/forum/viewtopic.php?topic=277&forum=3&2	topic277_s0.html
20020701195321	http://www.azzurra.org:80/forum/viewtopic.php?topic=278&forum=2&4	topic278_s0.html
20020508013119	http://www.azzurra.org:80/forum/viewtopic.php?topic=280&forum=3&0	topic280_s0.html
20020701193842	http://www.azzurra.org:80/forum/viewtopic.php?topic=281&forum=19&9	topic281_s0.html
20020319211642	http://www.azzurra.org:80/forum/viewtopic.php?topic=281&forum=19&start=10&19	topic281_s10.html
20020508013858	http://www.azzurra.org:80/forum/viewtopic.php?topic=281&forum=19&start=20&29	topic281_s20.html
20020701194212	http://www.azzurra.org:80/forum/viewtopic.php?topic=281&forum=19&start=130&134	topic281_s130.html
20020627042255	http://www.azzurra.org:80/forum/viewtopic.php?topic=282&forum=12&0	topic282_s0.html
20020321083813	http://www.azzurra.org:80/forum/viewtopic.php?topic=283&forum=2&1	topic283_s0.html
20020627042418	http://www.azzurra.org:80/forum/viewtopic.php?topic=284&forum=13&33	topic284_s0.html
20020627042744	http://www.azzurra.org:80/forum/viewtopic.php?topic=284&forum=13&start=10&19	topic284_s10.html
20020627043059	http://www.azzurra.org:80/forum/viewtopic.php?topic=284&forum=13&start=20&29	topic284_s20.html
20020627043130	http://www.azzurra.org:80/forum/viewtopic.php?topic=284&forum=13&start=30&33	topic284_s30.html
20020627043407	http://www.azzurra.org:80/forum/viewtopic.php?topic=285&forum=12&0	topic285_s0.html
20020627042014	http://www.azzurra.org:80/forum/viewtopic.php?topic=286&forum=13&3	topic286_s0.html
20020701194821	http://www.azzurra.org:80/forum/viewtopic.php?topic=287&forum=2&1	topic287_s0.html
20020701194816	http://www.azzurra.org:80/forum/viewtopic.php?topic=288&forum=2&3	topic288_s0.html
20020701194501	http://www.azzurra.org:80/forum/viewtopic.php?topic=295&forum=2&1	topic295_s0.html
20020701195218	http://www.azzurra.org:80/forum/viewtopic.php?topic=297&forum=19&9	topic297_s0.html
20020321193542	http://www.azzurra.org:80/forum/viewtopic.php?topic=297&forum=19&start=10&19	topic297_s10.html
20020702095947	http://www.azzurra.org:80/forum/viewtopic.php?topic=297&forum=19&start=20&29	topic297_s20.html
20020331195558	http://www.azzurra.org:80/forum/viewtopic.php?topic=300&forum=10&0	topic300_s0.html
20020627042047	http://www.azzurra.org:80/forum/viewtopic.php?topic=302&forum=10&2	topic302_s0.html
20020721062836	http://www.azzurra.org:80/forum/viewtopic.php?topic=303&forum=3&7	topic303_s0.html
20020721063056	http://www.azzurra.org:80/forum/viewtopic.php?topic=304&forum=3&7	topic304_s0.html
20020811173740	http://www.azzurra.org:80/forum/viewtopic.php?topic=305&forum=12&0	topic305_s0.html
20020702100350	http://www.azzurra.org:80/forum/viewtopic.php?topic=307&forum=1&4	topic307_s0.html
20020508144937	http://www.azzurra.org:80/forum/viewtopic.php?topic=310&forum=8&3	topic310_s0.html
20020702100259	http://www.azzurra.org:80/forum/viewtopic.php?topic=311&forum=2&3	topic311_s0.html
20020321193600	http://www.azzurra.org:80/forum/viewtopic.php?topic=312&forum=2&1	topic312_s0.html
20040930034305	http://www.azzurra.org:80/forum/viewtopic.php?t=313&amp	topic313_s0.html
20040930034353	http://www.azzurra.org:80/forum/viewtopic.php?t=314&amp	topic314_s0.html
20020322060009	http://www.azzurra.org:80/forum/viewtopic.php?topic=317&forum=2&5	topic317_s0.html
20020702101222	http://www.azzurra.org:80/forum/viewtopic.php?topic=318&forum=11&5	topic318_s0.html
20020718033433	http://www.azzurra.org:80/forum/viewtopic.php?topic=320&forum=6&0	topic320_s0.html
20020702101527	http://www.azzurra.org:80/forum/viewtopic.php?topic=322&forum=2&3	topic322_s0.html
20040930034325	http://www.azzurra.org:80/forum/viewtopic.php?t=323&amp	topic323_s0.html
20020811173939	http://www.azzurra.org:80/forum/viewtopic.php?topic=325&forum=12&0	topic325_s0.html
20020718032921	http://www.azzurra.org:80/forum/viewtopic.php?topic=326&forum=6&3	topic326_s0.html
20020722201921	http://www.azzurra.org:80/forum/viewtopic.php?topic=333&forum=4&2	topic333_s0.html
20020629063442	http://www.azzurra.org:80/forum/viewtopic.php?topic=334&forum=12&0	topic334_s0.html
20020702101634	http://www.azzurra.org:80/forum/viewtopic.php?topic=335&forum=19&2	topic335_s0.html
20020721063256	http://www.azzurra.org:80/forum/viewtopic.php?topic=337&forum=3&0	topic337_s0.html
20020811175405	http://www.azzurra.org:80/forum/viewtopic.php?topic=341&forum=12&0	topic341_s0.html
20020811180020	http://www.azzurra.org:80/forum/viewtopic.php?topic=344&forum=12&0	topic344_s0.html
20020726170320	http://www.azzurra.org:80/forum/viewtopic.php?topic=346&forum=8&5	topic346_s0.html
20020811175257	http://www.azzurra.org:80/forum/viewtopic.php?topic=348&forum=12&0	topic348_s0.html
20020811180853	http://www.azzurra.org:80/forum/viewtopic.php?topic=350&forum=12&0	topic350_s0.html
20020629063941	http://www.azzurra.org:80/forum/viewtopic.php?topic=351&forum=10&0	topic351_s0.html
20020629064617	http://www.azzurra.org:80/forum/viewtopic.php?topic=352&forum=10&0	topic352_s0.html
20020401082106	http://www.azzurra.org:80/forum/viewtopic.php?topic=353&forum=10&0	topic353_s0.html
20020629061427	http://www.azzurra.org:80/forum/viewtopic.php?topic=354&forum=10&0	topic354_s0.html
20020401082233	http://www.azzurra.org:80/forum/viewtopic.php?topic=355&forum=10&0	topic355_s0.html
20020629062850	http://www.azzurra.org:80/forum/viewtopic.php?topic=356&forum=10&0	topic356_s0.html
20020509165346	http://www.azzurra.org:80/forum/viewtopic.php?topic=357&forum=10&0	topic357_s0.html
20020629062359	http://www.azzurra.org:80/forum/viewtopic.php?1&forum=10&topic=358	topic358_s0.html
20020629063510	http://www.azzurra.org:80/forum/viewtopic.php?1&forum=10&topic=359	topic359_s0.html
20020509163954	http://www.azzurra.org:80/forum/viewtopic.php?topic=360&forum=10&0	topic360_s0.html
20020716152601	http://www.azzurra.org:80/forum/viewtopic.php?topic=363&forum=24&9	topic363_s0.html
20020716152445	http://www.azzurra.org:80/forum/viewtopic.php?topic=363&forum=24&start=10&19	topic363_s10.html
20020327020806	http://www.azzurra.org:80/forum/viewtopic.php?topic=363&forum=24&start=20&24	topic363_s20.html
20020811180552	http://www.azzurra.org:80/forum/viewtopic.php?topic=366&forum=12&0	topic366_s0.html
20020715115721	http://www.azzurra.org:80/forum/viewtopic.php?topic=368&forum=25&5	topic368_s0.html
20020921132204	http://www.azzurra.org:80/forum/viewtopic.php?topic=372&forum=24&5	topic372_s0.html
20020715115822	http://www.azzurra.org:80/forum/viewtopic.php?topic=376&forum=25&0	topic376_s0.html
20020921133358	http://www.azzurra.org:80/forum/viewtopic.php?topic=377&forum=24&4	topic377_s0.html
20020715120711	http://www.azzurra.org:80/forum/viewtopic.php?topic=378&forum=25&6	topic378_s0.html
20020921135604	http://www.azzurra.org:80/forum/viewtopic.php?topic=379&forum=24&1	topic379_s0.html
20020531185300	http://www.azzurra.org:80/forum/viewtopic.php?topic=380&forum=6	topic380_s0.html
20020702095527	http://www.azzurra.org:80/forum/viewtopic.php?topic=381&forum=2&0	topic381_s0.html
20020717031306	http://www.azzurra.org:80/forum/viewtopic.php?topic=382&forum=26&start=10&19	topic382_s10.html
20020717025723	http://www.azzurra.org:80/forum/viewtopic.php?topic=382&forum=26&start=20&29	topic382_s20.html
20020717030426	http://www.azzurra.org:80/forum/viewtopic.php?topic=382&forum=26&start=50&50	topic382_s50.html
20020717030244	http://www.azzurra.org:80/forum/viewtopic.php?topic=384&forum=24&0	topic384_s0.html
20020531185801	http://www.azzurra.org:80/forum/viewtopic.php?topic=386&forum=26	topic386_s0.html
20020717030425	http://www.azzurra.org:80/forum/viewtopic.php?topic=386&forum=26&start=10&19	topic386_s10.html
20020717031154	http://www.azzurra.org:80/forum/viewtopic.php?topic=386&forum=26&start=20&29	topic386_s20.html
20020717031103	http://www.azzurra.org:80/forum/viewtopic.php?topic=387&forum=26&18	topic387_s0.html
20020717031430	http://www.azzurra.org:80/forum/viewtopic.php?topic=388&forum=26&82	topic388_s0.html
20020717025943	http://www.azzurra.org:80/forum/viewtopic.php?topic=388&forum=26&start=10&19	topic388_s10.html
20020717030054	http://www.azzurra.org:80/forum/viewtopic.php?topic=388&forum=26&start=20&29	topic388_s20.html
20020717030212	http://www.azzurra.org:80/forum/viewtopic.php?topic=389&forum=26&9	topic389_s0.html
20020717031036	http://www.azzurra.org:80/forum/viewtopic.php?topic=389&forum=26&start=10&19	topic389_s10.html
20020717031055	http://www.azzurra.org:80/forum/viewtopic.php?topic=389&forum=26&start=20&24	topic389_s20.html
20020510193444	http://www.azzurra.org:80/forum/viewtopic.php?topic=390&forum=3&4	topic390_s0.html
20020702100215	http://www.azzurra.org:80/forum/viewtopic.php?topic=391&forum=1&3	topic391_s0.html
20020921140834	http://www.azzurra.org:80/forum/viewtopic.php?topic=392&forum=24&9	topic392_s0.html
20020717030818	http://www.azzurra.org:80/forum/viewtopic.php?topic=392&forum=24&start=10&15	topic392_s10.html
20020717031755	http://www.azzurra.org:80/forum/viewtopic.php?topic=397&forum=26&0	topic397_s0.html
20020717030510	http://www.azzurra.org:80/forum/viewtopic.php?topic=400&forum=26&9	topic400_s0.html
20020717025907	http://www.azzurra.org:80/forum/viewtopic.php?topic=400&forum=26&start=10&10	topic400_s10.html
20020721063735	http://www.azzurra.org:80/forum/viewtopic.php?topic=401&forum=3&9	topic401_s0.html
20020510194417	http://www.azzurra.org:80/forum/viewtopic.php?topic=401&forum=3&start=20&21	topic401_s20.html
20020717030550	http://www.azzurra.org:80/forum/viewtopic.php?topic=403&forum=26&9	topic403_s0.html
20020717030108	http://www.azzurra.org:80/forum/viewtopic.php?topic=403&forum=26&start=10&19	topic403_s10.html
20020717030753	http://www.azzurra.org:80/forum/viewtopic.php?topic=403&forum=26&start=20&29	topic403_s20.html
20020717030515	http://www.azzurra.org:80/forum/viewtopic.php?topic=403&forum=26&start=30&32	topic403_s30.html
20020717030608	http://www.azzurra.org:80/forum/viewtopic.php?topic=404&forum=24&4	topic404_s0.html
20020921141453	http://www.azzurra.org:80/forum/viewtopic.php?topic=406&forum=24&1	topic406_s0.html
20020717031650	http://www.azzurra.org:80/forum/viewtopic.php?topic=407&forum=26&9	topic407_s0.html
20020717132042	http://www.azzurra.org:80/forum/viewtopic.php?topic=407&forum=26&start=10&10	topic407_s10.html
20020717132612	http://www.azzurra.org:80/forum/viewtopic.php?topic=408&forum=26&9	topic408_s0.html
20020717132802	http://www.azzurra.org:80/forum/viewtopic.php?topic=408&forum=26&start=10&19	topic408_s10.html
20020717133102	http://www.azzurra.org:80/forum/viewtopic.php?topic=408&forum=26&start=20&29	topic408_s20.html
20020717132757	http://www.azzurra.org:80/forum/viewtopic.php?topic=408&forum=26&start=120&128	topic408_s120.html
20020717141011	http://www.azzurra.org:80/forum/viewtopic.php?9&forum=26&topic=410	topic410_s0.html
20020717131627	http://www.azzurra.org:80/forum/viewtopic.php?topic=413&forum=24&3	topic413_s0.html
20020721062705	http://www.azzurra.org:80/forum/viewtopic.php?topic=417&forum=3&3	topic417_s0.html
20020721063149	http://www.azzurra.org:80/forum/viewtopic.php?topic=418&forum=3&1	topic418_s0.html
20020721063329	http://www.azzurra.org:80/forum/viewtopic.php?topic=421&forum=3&2	topic421_s0.html
20020721063154	http://www.azzurra.org:80/forum/viewtopic.php?topic=422&forum=3&1	topic422_s0.html
20020531185640	http://www.azzurra.org:80/forum/viewtopic.php?topic=424&forum=3	topic424_s0.html
20020702100945	http://www.azzurra.org:80/forum/viewtopic.php?topic=427&forum=1&9	topic427_s0.html
20020512001438	http://www.azzurra.org:80/forum/viewtopic.php?topic=427&forum=1&start=10&15	topic427_s10.html
20020702101338	http://www.azzurra.org:80/forum/viewtopic.php?topic=427&forum=1&start=20&27	topic427_s20.html
20020725161420	http://www.azzurra.org:80/forum/viewtopic.php?topic=428&forum=28&1	topic428_s0.html
20040930034440	http://www.azzurra.org:80/forum/viewtopic.php?t=430&amp	topic430_s0.html
20020721153021	http://www.azzurra.org:80/forum/viewtopic.php?topic=432&forum=3&15	topic432_s0.html
20020721150538	http://www.azzurra.org:80/forum/viewtopic.php?topic=433&forum=3&4	topic433_s0.html
20020323030912	http://www.azzurra.org:80/forum/viewtopic.php?topic=434&forum=22&0	topic434_s0.html
20020702101636	http://www.azzurra.org:80/forum/viewtopic.php?topic=437&forum=2&2	topic437_s0.html
20020512001451	http://www.azzurra.org:80/forum/viewtopic.php?topic=438&forum=4&1	topic438_s0.html
20020921131627	http://www.azzurra.org:80/forum/viewtopic.php?topic=439&forum=24&9	topic439_s0.html
20020717132435	http://www.azzurra.org:80/forum/viewtopic.php?topic=439&forum=24&start=10&10	topic439_s10.html
20020726170812	http://www.azzurra.org:80/forum/viewtopic.php?20&forum=8&topic=440	topic440_s0.html
20020726165229	http://www.azzurra.org:80/forum/viewtopic.php?topic=440&forum=8&start=10&19	topic440_s10.html
20020726165657	http://www.azzurra.org:80/forum/viewtopic.php?topic=440&forum=8&start=20&20	topic440_s20.html
20020512001647	http://www.azzurra.org:80/forum/viewtopic.php?topic=441&forum=28&0	topic441_s0.html
20020512001507	http://www.azzurra.org:80/forum/viewtopic.php?topic=443&forum=26&3	topic443_s0.html
20020512001354	http://www.azzurra.org:80/forum/viewtopic.php?topic=444&forum=8&0	topic444_s0.html
20020512175047	http://www.azzurra.org:80/forum/viewtopic.php?topic=447&forum=19&9	topic447_s0.html
20020702102201	http://www.azzurra.org:80/forum/viewtopic.php?topic=447&forum=19&start=10&19	topic447_s10.html
20020512175150	http://www.azzurra.org:80/forum/viewtopic.php?topic=447&forum=19&start=20&25	topic447_s20.html
20020702100113	http://www.azzurra.org:80/forum/viewtopic.php?topic=450&forum=1&2	topic450_s0.html
20020512174424	http://www.azzurra.org:80/forum/viewtopic.php?topic=451&forum=7&6	topic451_s0.html
20020601005041	http://www.azzurra.org:80/forum/viewtopic.php?topic=452&forum=4	topic452_s0.html
20020717132830	http://www.azzurra.org:80/forum/viewtopic.php?topic=454&forum=26&9	topic454_s0.html
20020717132903	http://www.azzurra.org:80/forum/viewtopic.php?topic=454&forum=26&start=10&18	topic454_s10.html
20020512175503	http://www.azzurra.org:80/forum/viewtopic.php?topic=455&forum=4&1	topic455_s0.html
20020601004242	http://www.azzurra.org:80/forum/viewtopic.php?topic=456&forum=2	topic456_s0.html
20020726165527	http://www.azzurra.org:80/forum/viewtopic.php?topic=458&forum=8&9	topic458_s0.html
20020921133037	http://www.azzurra.org:80/forum/viewtopic.php?topic=459&forum=24&0	topic459_s0.html
20020512174535	http://www.azzurra.org:80/forum/viewtopic.php?topic=462&forum=26&8	topic462_s0.html
20020921132827	http://www.azzurra.org:80/forum/viewtopic.php?topic=463&forum=24&3	topic463_s0.html
20020601004045	http://www.azzurra.org:80/forum/viewtopic.php?topic=464&forum=2	topic464_s0.html
20020601004114	http://www.azzurra.org:80/forum/viewtopic.php?forum=13&topic=465	topic465_s0.html
20020717131919	http://www.azzurra.org:80/forum/viewtopic.php?topic=467&forum=26&22	topic467_s0.html
20020717131851	http://www.azzurra.org:80/forum/viewtopic.php?topic=467&forum=26&start=10&19	topic467_s10.html
20020717132117	http://www.azzurra.org:80/forum/viewtopic.php?topic=467&forum=26&start=20&22	topic467_s20.html
20020512175122	http://www.azzurra.org:80/forum/viewtopic.php?topic=469&forum=4&5	topic469_s0.html
20020725161925	http://www.azzurra.org:80/forum/viewtopic.php?topic=470&forum=28&7	topic470_s0.html
20020702100738	http://www.azzurra.org:80/forum/viewtopic.php?topic=472&forum=1&15	topic472_s0.html
20020702100633	http://www.azzurra.org:80/forum/viewtopic.php?topic=473&forum=1&2	topic473_s0.html
20020513073029	http://www.azzurra.org:80/forum/viewtopic.php?2&forum=24&topic=474	topic474_s0.html
20020513073039	http://www.azzurra.org:80/forum/viewtopic.php?topic=475&forum=8&0	topic475_s0.html
20020513071207	http://www.azzurra.org:80/forum/viewtopic.php?topic=476&forum=4&2	topic476_s0.html
20020726170147	http://www.azzurra.org:80/forum/viewtopic.php?topic=479&forum=8&12	topic479_s0.html
20020726170322	http://www.azzurra.org:80/forum/viewtopic.php?topic=479&forum=8&start=10&12	topic479_s10.html
20020601005005	http://www.azzurra.org:80/forum/viewtopic.php?topic=481&forum=3	topic481_s0.html
20020513073026	http://www.azzurra.org:80/forum/viewtopic.php?topic=485&forum=19&13	topic485_s0.html
20020703090011	http://www.azzurra.org:80/forum/viewtopic.php?topic=485&forum=19&start=10&13	topic485_s10.html
20020601004204	http://www.azzurra.org:80/forum/viewtopic.php?topic=486&forum=1	topic486_s0.html
20020703084033	http://www.azzurra.org:80/forum/viewtopic.php?topic=487&forum=1&4	topic487_s0.html
20020811181331	http://www.azzurra.org:80/forum/viewtopic.php?topic=488&forum=12&0	topic488_s0.html
20020717132332	http://www.azzurra.org:80/forum/viewtopic.php?topic=489&forum=26&6	topic489_s0.html
20020921133719	http://www.azzurra.org:80/forum/viewtopic.php?topic=490&forum=24&3	topic490_s0.html
20020513072616	http://www.azzurra.org:80/forum/viewtopic.php?topic=492&forum=1&1	topic492_s0.html
20020811180845	http://www.azzurra.org:80/forum/viewtopic.php?topic=493&forum=12&0	topic493_s0.html
20020811181259	http://www.azzurra.org:80/forum/viewtopic.php?topic=496&forum=12&0	topic496_s0.html
20020703084416	http://www.azzurra.org:80/forum/viewtopic.php?topic=497&forum=19&51	topic497_s0.html
20020513185727	http://www.azzurra.org:80/forum/viewtopic.php?topic=497&forum=19&start=10&19	topic497_s10.html
20020324000250	http://www.azzurra.org:80/forum/viewtopic.php?topic=497&forum=19&start=20&29	topic497_s20.html
20020323235744	http://www.azzurra.org:80/forum/viewtopic.php?topic=497&forum=19&start=30&39	topic497_s30.html
20020703085052	http://www.azzurra.org:80/forum/viewtopic.php?topic=497&forum=19&start=50&51	topic497_s50.html
20020718033824	http://www.azzurra.org:80/forum/viewtopic.php?topic=500&forum=6&0	topic500_s0.html
20020718034406	http://www.azzurra.org:80/forum/viewtopic.php?topic=505&forum=6&0	topic505_s0.html
20020717133109	http://www.azzurra.org:80/forum/viewtopic.php?topic=506&forum=24&4	topic506_s0.html
20020601004504	http://www.azzurra.org:80/forum/viewtopic.php?topic=508&forum=8	topic508_s0.html
20020324000933	http://www.azzurra.org:80/forum/viewtopic.php?topic=509&forum=2&1	topic509_s0.html
20020513184258	http://www.azzurra.org:80/forum/viewtopic.php?topic=510&forum=28&10	topic510_s0.html
20020726170408	http://www.azzurra.org:80/forum/viewtopic.php?topic=511&forum=8&3	topic511_s0.html
20020513185740	http://www.azzurra.org:80/forum/viewtopic.php?topic=514&forum=8&1	topic514_s0.html
20020703090314	http://www.azzurra.org:80/forum/viewtopic.php?topic=517&forum=19&62	topic517_s0.html
20020703084320	http://www.azzurra.org:80/forum/viewtopic.php?topic=517&forum=19&start=10&19	topic517_s10.html
20020324115424	http://www.azzurra.org:80/forum/viewtopic.php?topic=517&forum=19&start=20&29	topic517_s20.html
20020324115915	http://www.azzurra.org:80/forum/viewtopic.php?topic=517&forum=19&start=30&39	topic517_s30.html
20020703225413	http://www.azzurra.org:80/forum/viewtopic.php?62&forum=19&start=60&topic=517	topic517_s60.html
20020703085325	http://www.azzurra.org:80/forum/viewtopic.php?topic=518&forum=19&9	topic518_s0.html
20020514041217	http://www.azzurra.org:80/forum/viewtopic.php?topic=518&forum=19&start=10&19	topic518_s10.html
20020703085513	http://www.azzurra.org:80/forum/viewtopic.php?topic=518&forum=19&start=20&29	topic518_s20.html
20020325235407	http://www.azzurra.org:80/forum/viewtopic.php?topic=518&forum=19&start=40&47	topic518_s40.html
20020703085704	http://www.azzurra.org:80/forum/viewtopic.php?topic=520&forum=1&0	topic520_s0.html
20020514040936	http://www.azzurra.org:80/forum/viewtopic.php?topic=522&forum=4&0	topic522_s0.html
20020811182919	http://www.azzurra.org:80/forum/viewtopic.php?topic=523&forum=12&0	topic523_s0.html
20020711173045	http://www.azzurra.org:80/forum/viewtopic.php?topic=526&forum=7&2	topic526_s0.html
20020715121342	http://www.azzurra.org:80/forum/viewtopic.php?topic=527&forum=25&9	topic527_s0.html
20020726170547	http://www.azzurra.org:80/forum/viewtopic.php?topic=529&forum=8&1	topic529_s0.html
20020514041547	http://www.azzurra.org:80/forum/viewtopic.php?topic=531&forum=10&0	topic531_s0.html
20020715121240	http://www.azzurra.org:80/forum/viewtopic.php?topic=535&forum=25&6	topic535_s0.html
20020703084200	http://www.azzurra.org:80/forum/viewtopic.php?topic=536&forum=19&9	topic536_s0.html
20020514153933	http://www.azzurra.org:80/forum/viewtopic.php?topic=536&forum=19&start=10&11	topic536_s10.html
20020703084652	http://www.azzurra.org:80/forum/viewtopic.php?topic=538&forum=19&9	topic538_s0.html
20020703085120	http://www.azzurra.org:80/forum/viewtopic.php?topic=538&forum=19&start=10&19	topic538_s10.html
20020514154554	http://www.azzurra.org:80/forum/viewtopic.php?topic=538&forum=19&start=20&24	topic538_s20.html
20020811182738	http://www.azzurra.org:80/forum/viewtopic.php?topic=539&forum=12&2	topic539_s0.html
20020717132900	http://www.azzurra.org:80/forum/viewtopic.php?topic=540&forum=26&3	topic540_s0.html
20020629064027	http://www.azzurra.org:80/forum/viewtopic.php?topic=542&forum=13&1	topic542_s0.html
20020726164932	http://www.azzurra.org:80/forum/viewtopic.php?topic=543&forum=8&7	topic543_s0.html
20020514153827	http://www.azzurra.org:80/forum/viewtopic.php?topic=544&forum=13&1	topic544_s0.html
20020811182929	http://www.azzurra.org:80/forum/viewtopic.php?topic=545&forum=12&0	topic545_s0.html
20020514154016	http://www.azzurra.org:80/forum/viewtopic.php?topic=546&forum=3&4	topic546_s0.html
20020721152437	http://www.azzurra.org:80/forum/viewtopic.php?topic=548&forum=3&9	topic548_s0.html
20020721152601	http://www.azzurra.org:80/forum/viewtopic.php?topic=548&forum=3&start=20&28	topic548_s20.html
20020703085826	http://www.azzurra.org:80/forum/viewtopic.php?topic=549&forum=19&9	topic549_s0.html
20020514153824	http://www.azzurra.org:80/forum/viewtopic.php?topic=549&forum=19&start=10&19	topic549_s10.html
20020703144215	http://www.azzurra.org:80/forum/viewtopic.php?29&forum=19&start=20&topic=549	topic549_s20.html
20020514154107	http://www.azzurra.org:80/forum/viewtopic.php?topic=549&forum=19&start=40&48	topic549_s40.html
20020601004858	http://www.azzurra.org:80/forum/viewtopic.php?topic=550&forum=19	topic550_s0.html
20020726165426	http://www.azzurra.org:80/forum/viewtopic.php?topic=551&forum=8&2	topic551_s0.html
20020703085506	http://www.azzurra.org:80/forum/viewtopic.php?9&forum=19&topic=552	topic552_s0.html
20020703224136	http://www.azzurra.org:80/forum/viewtopic.php?topic=552&forum=19&start=30&39	topic552_s30.html
20020726165247	http://www.azzurra.org:80/forum/viewtopic.php?topic=554&forum=8&2	topic554_s0.html
20020514233259	http://www.azzurra.org:80/forum/viewtopic.php?topic=555&forum=7&0	topic555_s0.html
20020715121408	http://www.azzurra.org:80/forum/viewtopic.php?topic=556&forum=4&1	topic556_s0.html
20020726165435	http://www.azzurra.org:80/forum/viewtopic.php?topic=559&forum=8&0	topic559_s0.html
20020811183840	http://www.azzurra.org:80/forum/viewtopic.php?topic=561&forum=12&0	topic561_s0.html
20020703225028	http://www.azzurra.org:80/forum/viewtopic.php?topic=563&forum=19&9	topic563_s0.html
20020703221835	http://www.azzurra.org:80/forum/viewtopic.php?topic=566&forum=19&25	topic566_s0.html
20020703224001	http://www.azzurra.org:80/forum/viewtopic.php?topic=566&forum=19&start=10&19	topic566_s10.html
20020717131240	http://www.azzurra.org:80/forum/viewtopic.php?topic=568&forum=26&9	topic568_s0.html
20020811182916	http://www.azzurra.org:80/forum/viewtopic.php?topic=569&forum=12&0	topic569_s0.html
20020703223742	http://www.azzurra.org:80/forum/viewtopic.php?topic=570&forum=1&9	topic570_s0.html
20020515065339	http://www.azzurra.org:80/forum/viewtopic.php?topic=571&forum=19&19	topic571_s0.html
20020515065658	http://www.azzurra.org:80/forum/viewtopic.php?topic=572&forum=19&9	topic572_s0.html
20020703222103	http://www.azzurra.org:80/forum/viewtopic.php?topic=572&forum=19&start=10&12	topic572_s10.html
20020715121540	http://www.azzurra.org:80/forum/viewtopic.php?topic=573&forum=25&1	topic573_s0.html
20020721062750	http://www.azzurra.org:80/forum/viewtopic.php?topic=574&forum=29&19	topic574_s0.html
20020721063229	http://www.azzurra.org:80/forum/viewtopic.php?topic=574&forum=29&start=10&19	topic574_s10.html
20020515065524	http://www.azzurra.org:80/forum/viewtopic.php?topic=575&forum=19&8	topic575_s0.html
20020726170102	http://www.azzurra.org:80/forum/viewtopic.php?topic=577&forum=8&9	topic577_s0.html
20020726170004	http://www.azzurra.org:80/forum/viewtopic.php?topic=577&forum=8&start=10&19	topic577_s10.html
20020726170158	http://www.azzurra.org:80/forum/viewtopic.php?topic=577&forum=8&start=20&20	topic577_s20.html
20020719090022	http://www.azzurra.org:80/forum/viewtopic.php?topic=578&forum=30&9	topic578_s0.html
20020515065625	http://www.azzurra.org:80/forum/viewtopic.php?topic=578&forum=30&start=10&19	topic578_s10.html
20020719084350	http://www.azzurra.org:80/forum/viewtopic.php?topic=578&forum=30&start=20&29	topic578_s20.html
20020719084833	http://www.azzurra.org:80/forum/viewtopic.php?topic=578&forum=30&start=80&85	topic578_s80.html
20020715122202	http://www.azzurra.org:80/forum/viewtopic.php?topic=579&forum=25&11	topic579_s0.html
20020515065346	http://www.azzurra.org:80/forum/viewtopic.php?topic=580&forum=10&0	topic580_s0.html
20020711171012	http://www.azzurra.org:80/forum/viewtopic.php?topic=581&forum=7&1	topic581_s0.html
20020515065548	http://www.azzurra.org:80/forum/viewtopic.php?5&forum=3&topic=582	topic582_s0.html
20020719213500	http://www.azzurra.org:80/forum/viewtopic.php?topic=584&forum=30&26	topic584_s0.html
20020719212211	http://www.azzurra.org:80/forum/viewtopic.php?topic=584&forum=30&start=10&19	topic584_s10.html
20020703224345	http://www.azzurra.org:80/forum/viewtopic.php?topic=585&forum=2&4	topic585_s0.html
20020629062653	http://www.azzurra.org:80/forum/viewtopic.php?topic=586&forum=12&0	topic586_s0.html
20020718034651	http://www.azzurra.org:80/forum/viewtopic.php?topic=587&forum=6&4	topic587_s0.html
20020726170144	http://www.azzurra.org:80/forum/viewtopic.php?topic=590&forum=8&2	topic590_s0.html
20020722202027	http://www.azzurra.org:80/forum/viewtopic.php?topic=593&forum=4&2	topic593_s0.html
20020726170750	http://www.azzurra.org:80/forum/viewtopic.php?topic=594&forum=8&4	topic594_s0.html
20020703224021	http://www.azzurra.org:80/forum/viewtopic.php?topic=596&forum=11&1	topic596_s0.html
20020719212743	http://www.azzurra.org:80/forum/viewtopic.php?topic=598&forum=30&9	topic598_s0.html
20020719212546	http://www.azzurra.org:80/forum/viewtopic.php?topic=598&forum=30&start=10&14	topic598_s10.html
20020726165444	http://www.azzurra.org:80/forum/viewtopic.php?topic=600&forum=8&2	topic600_s0.html
20020629062447	http://www.azzurra.org:80/forum/viewtopic.php?3&forum=13&topic=601	topic601_s0.html
20020703225224	http://www.azzurra.org:80/forum/viewtopic.php?topic=602&forum=1&9	topic602_s0.html
20020703222146	http://www.azzurra.org:80/forum/viewtopic.php?topic=603&forum=19&9	topic603_s0.html
20020703224047	http://www.azzurra.org:80/forum/viewtopic.php?topic=604&forum=19&15	topic604_s0.html
20020516012419	http://www.azzurra.org:80/forum/viewtopic.php?topic=604&forum=19&start=10&15	topic604_s10.html
20020703224601	http://www.azzurra.org:80/forum/viewtopic.php?topic=605&forum=19&start=10&19	topic605_s10.html
20020516011931	http://www.azzurra.org:80/forum/viewtopic.php?topic=605&forum=19&start=20&22	topic605_s20.html
20020703222442	http://www.azzurra.org:80/forum/viewtopic.php?topic=606&forum=19&9	topic606_s0.html
20020703224159	http://www.azzurra.org:80/forum/viewtopic.php?topic=606&forum=19&start=20&29	topic606_s20.html
20020727032859	http://www.azzurra.org:80/forum/viewtopic.php?topic=610&forum=8&42	topic610_s0.html
20020727033108	http://www.azzurra.org:80/forum/viewtopic.php?topic=610&forum=8&start=10&19	topic610_s10.html
20020727033428	http://www.azzurra.org:80/forum/viewtopic.php?topic=610&forum=8&start=20&29	topic610_s20.html
20020727033746	http://www.azzurra.org:80/forum/viewtopic.php?topic=611&forum=8&5	topic611_s0.html
20020719212848	http://www.azzurra.org:80/forum/viewtopic.php?topic=613&forum=30&9	topic613_s0.html
20020719213242	http://www.azzurra.org:80/forum/viewtopic.php?topic=613&forum=30&start=10&19	topic613_s10.html
20020719213429	http://www.azzurra.org:80/forum/viewtopic.php?topic=613&forum=30&start=20&27	topic613_s20.html
20020727031613	http://www.azzurra.org:80/forum/viewtopic.php?2&forum=9&topic=614	topic614_s0.html
20020725161820	http://www.azzurra.org:80/forum/viewtopic.php?topic=617&forum=28&9	topic617_s0.html
20020725161655	http://www.azzurra.org:80/forum/viewtopic.php?topic=617&forum=28&start=10&19	topic617_s10.html
20020725162236	http://www.azzurra.org:80/forum/viewtopic.php?topic=617&forum=28&start=20&24	topic617_s20.html
20020704110707	http://www.azzurra.org:80/forum/viewtopic.php?topic=618&forum=1&9	topic618_s0.html
20020704110612	http://www.azzurra.org:80/forum/viewtopic.php?topic=618&forum=1&start=10&19	topic618_s10.html
20020725160808	http://www.azzurra.org:80/forum/viewtopic.php?topic=620&forum=28&6	topic620_s0.html
20020725160610	http://www.azzurra.org:80/forum/viewtopic.php?topic=625&forum=28&12	topic625_s0.html
20020516082055	http://www.azzurra.org:80/forum/viewtopic.php?topic=628&forum=7&0	topic628_s0.html
20020719213423	http://www.azzurra.org:80/forum/viewtopic.php?topic=629&forum=30&9	topic629_s0.html
20020719211458	http://www.azzurra.org:80/forum/viewtopic.php?topic=629&forum=30&start=10&15	topic629_s10.html
20020704111424	http://www.azzurra.org:80/forum/viewtopic.php?topic=630&forum=2&3	topic630_s0.html
20020711171126	http://www.azzurra.org:80/forum/viewtopic.php?topic=631&forum=7&5	topic631_s0.html
20020516083936	http://www.azzurra.org:80/forum/viewtopic.php?topic=633&forum=19&9	topic633_s0.html
20020704110417	http://www.azzurra.org:80/forum/viewtopic.php?topic=633&forum=19&start=10&13	topic633_s10.html
20020711171259	http://www.azzurra.org:80/forum/viewtopic.php?topic=635&forum=7&0	topic635_s0.html
20020721153104	http://www.azzurra.org:80/forum/viewtopic.php?topic=636&forum=3&16	topic636_s0.html
20020516083206	http://www.azzurra.org:80/forum/viewtopic.php?topic=636&forum=3&start=10&16	topic636_s10.html
20020721151028	http://www.azzurra.org:80/forum/viewtopic.php?topic=637&forum=3&2	topic637_s0.html
20020811184832	http://www.azzurra.org:80/forum/viewtopic.php?topic=648&forum=12&0	topic648_s0.html
20020725160733	http://www.azzurra.org:80/forum/viewtopic.php?topic=649&forum=28&22	topic649_s0.html
20020725161735	http://www.azzurra.org:80/forum/viewtopic.php?topic=649&forum=28&start=20&22	topic649_s20.html
20020721151650	http://www.azzurra.org:80/forum/viewtopic.php?topic=656&forum=3&9	topic656_s0.html
20020721151847	http://www.azzurra.org:80/forum/viewtopic.php?topic=656&forum=3&start=10&13	topic656_s10.html
20020721152104	http://www.azzurra.org:80/forum/viewtopic.php?topic=658&forum=3&1	topic658_s0.html
20020704110611	http://www.azzurra.org:80/forum/viewtopic.php?topic=661&forum=2&2	topic661_s0.html
20040930034309	http://www.azzurra.org:80/forum/viewtopic.php?t=662&amp	topic662_s0.html
20040128034154	http://www.azzurra.org:80/forum/viewtopic.php?t=663&amp	topic663_s0.html
20020517004203	http://www.azzurra.org:80/forum/viewtopic.php?topic=663&forum=31&start=10&19	topic663_s10.html
20020517003731	http://www.azzurra.org:80/forum/viewtopic.php?topic=663&forum=31&start=20&24	topic663_s20.html
20020721153500	http://www.azzurra.org:80/forum/viewtopic.php?topic=665&forum=31&7	topic665_s0.html
20020811164534	http://www.azzurra.org:80/forum/viewtopic.php?topic=666&forum=12&0	topic666_s0.html
20040128035037	http://www.azzurra.org:80/forum/viewtopic.php?t=667&amp	topic667_s0.html
20020721151452	http://www.azzurra.org:80/forum/viewtopic.php?topic=667&forum=31&start=10&19	topic667_s10.html
20020721151623	http://www.azzurra.org:80/forum/viewtopic.php?topic=667&forum=31&start=60&61	topic667_s60.html
20020721151939	http://www.azzurra.org:80/forum/viewtopic.php?topic=669&forum=3&9	topic669_s0.html
20020721152300	http://www.azzurra.org:80/forum/viewtopic.php?topic=669&forum=3&start=20&29	topic669_s20.html
20020721152414	http://www.azzurra.org:80/forum/viewtopic.php?topic=669&forum=3&start=30&33	topic669_s30.html
20020921201559	http://www.azzurra.org:80/forum/viewtopic.php?topic=671&forum=24&1	topic671_s0.html
20020601063423	http://www.azzurra.org:80/forum/viewtopic.php?topic=672&forum=3	topic672_s0.html
20020721234653	http://www.azzurra.org:80/forum/viewtopic.php?topic=672&forum=3&start=10&19	topic672_s10.html
20020721235004	http://www.azzurra.org:80/forum/viewtopic.php?topic=672&forum=3&start=20&22	topic672_s20.html
20020719212138	http://www.azzurra.org:80/forum/viewtopic.php?topic=674&forum=30&9	topic674_s0.html
20020719212020	http://www.azzurra.org:80/forum/viewtopic.php?topic=674&forum=30&start=10&19	topic674_s10.html
20020719212656	http://www.azzurra.org:80/forum/viewtopic.php?topic=674&forum=30&start=20&29	topic674_s20.html
20020711172441	http://www.azzurra.org:80/forum/viewtopic.php?topic=677&forum=7&0	topic677_s0.html
20020517004054	http://www.azzurra.org:80/forum/viewtopic.php?topic=678&forum=6&0	topic678_s0.html
20040128040826	http://www.azzurra.org:80/forum/viewtopic.php?t=679&amp	topic679_s0.html
20020721233643	http://www.azzurra.org:80/forum/viewtopic.php?topic=679&forum=31&start=20&29	topic679_s20.html
20020721233603	http://www.azzurra.org:80/forum/viewtopic.php?topic=679&forum=31&start=30&39	topic679_s30.html
20020811165757	http://www.azzurra.org:80/forum/viewtopic.php?topic=680&forum=12&0	topic680_s0.html
20020704110236	http://www.azzurra.org:80/forum/viewtopic.php?topic=682&forum=1&9	topic682_s0.html
20020718033556	http://www.azzurra.org:80/forum/viewtopic.php?topic=683&forum=6&3	topic683_s0.html
20020704110329	http://www.azzurra.org:80/forum/viewtopic.php?topic=684&forum=1&6	topic684_s0.html
20020727033915	http://www.azzurra.org:80/forum/viewtopic.php?8&forum=8&topic=685	topic685_s0.html
20020517084913	http://www.azzurra.org:80/forum/viewtopic.php?topic=688&forum=4&1	topic688_s0.html
20020517085508	http://www.azzurra.org:80/forum/viewtopic.php?topic=690&forum=2&1	topic690_s0.html
20020711172057	http://www.azzurra.org:80/forum/viewtopic.php?topic=691&forum=7&0	topic691_s0.html
20020725161748	http://www.azzurra.org:80/forum/viewtopic.php?topic=695&forum=28&9	topic695_s0.html
20020721234126	http://www.azzurra.org:80/forum/viewtopic.php?topic=698&forum=3&5	topic698_s0.html
20020727032350	http://www.azzurra.org:80/forum/viewtopic.php?topic=699&forum=8&9	topic699_s0.html
20020727032734	http://www.azzurra.org:80/forum/viewtopic.php?19&forum=8&start=10&topic=699	topic699_s10.html
20020721234415	http://www.azzurra.org:80/forum/viewtopic.php?topic=700&forum=3&3	topic700_s0.html
20020721234657	http://www.azzurra.org:80/forum/viewtopic.php?topic=705&forum=3&2	topic705_s0.html
20020721234525	http://www.azzurra.org:80/forum/viewtopic.php?topic=709&forum=3&5	topic709_s0.html
20020811165450	http://www.azzurra.org:80/forum/viewtopic.php?topic=712&forum=12&0	topic712_s0.html
20020715120153	http://www.azzurra.org:80/forum/viewtopic.php?topic=713&forum=25&2	topic713_s0.html
20020715120350	http://www.azzurra.org:80/forum/viewtopic.php?topic=714&forum=25&8	topic714_s0.html
20020719213132	http://www.azzurra.org:80/forum/viewtopic.php?topic=715&forum=30&9	topic715_s0.html
20020719213406	http://www.azzurra.org:80/forum/viewtopic.php?topic=715&forum=30&start=10&13	topic715_s10.html
20020711172957	http://www.azzurra.org:80/forum/viewtopic.php?topic=721&forum=7&0	topic721_s0.html
20040930034332	http://www.azzurra.org:80/forum/viewtopic.php?t=722&amp	topic722_s0.html
20020721235208	http://www.azzurra.org:80/forum/viewtopic.php?topic=724&forum=3&9	topic724_s0.html
20020704111140	http://www.azzurra.org:80/forum/viewtopic.php?topic=725&forum=2&2	topic725_s0.html
20020727033011	http://www.azzurra.org:80/forum/viewtopic.php?topic=727&forum=8&6	topic727_s0.html
20020711170859	http://www.azzurra.org:80/forum/viewtopic.php?topic=730&forum=7&0	topic730_s0.html
20020715120201	http://www.azzurra.org:80/forum/viewtopic.php?topic=738&forum=33&19	topic738_s0.html
20020715121105	http://www.azzurra.org:80/forum/viewtopic.php?topic=738&forum=33&start=10&19	topic738_s10.html
20020723045619	http://www.azzurra.org:80/forum/viewtopic.php?topic=746&forum=4&0	topic746_s0.html
20020718033307	http://www.azzurra.org:80/forum/viewtopic.php?topic=755&forum=6&2	topic755_s0.html
20020712071254	http://www.azzurra.org:80/forum/viewtopic.php?topic=766&forum=7&5	topic766_s0.html
20020727032908	http://www.azzurra.org:80/forum/viewtopic.php?topic=780&forum=8&0	topic780_s0.html
20020719213217	http://www.azzurra.org:80/forum/viewtopic.php?topic=782&forum=30&1	topic782_s0.html
20020717132209	http://www.azzurra.org:80/forum/viewtopic.php?topic=787&forum=26&9	topic787_s0.html
20020704105637	http://www.azzurra.org:80/forum/viewtopic.php?topic=789&forum=2&6	topic789_s0.html
20020811170239	http://www.azzurra.org:80/forum/viewtopic.php?topic=790&forum=12&0	topic790_s0.html
20020712072442	http://www.azzurra.org:80/forum/viewtopic.php?topic=791&forum=7&9	topic791_s0.html
20020712072202	http://www.azzurra.org:80/forum/viewtopic.php?topic=795&forum=7&0	topic795_s0.html
20020704110104	http://www.azzurra.org:80/forum/viewtopic.php?topic=799&forum=1&0	topic799_s0.html
20020715121049	http://www.azzurra.org:80/forum/viewtopic.php?topic=800&forum=33&9	topic800_s0.html
20020715121338	http://www.azzurra.org:80/forum/viewtopic.php?topic=800&forum=33&start=10&10	topic800_s10.html
20020712072235	http://www.azzurra.org:80/forum/viewtopic.php?topic=811&forum=7&0	topic811_s0.html
20040128004016	http://www.azzurra.org:80/forum/viewtopic.php?t=813&amp	topic813_s0.html
20020704110925	http://www.azzurra.org:80/forum/viewtopic.php?topic=818&forum=11&1	topic818_s0.html
20020718033432	http://www.azzurra.org:80/forum/viewtopic.php?topic=821&forum=6&8	topic821_s0.html
20020727033512	http://www.azzurra.org:80/forum/viewtopic.php?topic=822&forum=8&2	topic822_s0.html
20020727033418	http://www.azzurra.org:80/forum/viewtopic.php?topic=825&forum=8&5	topic825_s0.html
20020712072847	http://www.azzurra.org:80/forum/viewtopic.php?topic=827&forum=7&0	topic827_s0.html
20020721234152	http://www.azzurra.org:80/forum/viewtopic.php?topic=830&forum=3&3	topic830_s0.html
20020704111039	http://www.azzurra.org:80/forum/viewtopic.php?topic=832&forum=11&4	topic832_s0.html
20020713230001	http://www.azzurra.org:80/forum/viewtopic.php?topic=836&forum=34&5	topic836_s0.html
20020713230039	http://www.azzurra.org:80/forum/viewtopic.php?topic=837&forum=34&2	topic837_s0.html
20020725161024	http://www.azzurra.org:80/forum/viewtopic.php?topic=842&forum=28&18	topic842_s0.html
20020725224018	http://www.azzurra.org:80/forum/viewtopic.php?topic=842&forum=28&start=10&18	topic842_s10.html
20040930034313	http://www.azzurra.org:80/forum/viewtopic.php?t=845&amp	topic845_s0.html
20020727033851	http://www.azzurra.org:80/forum/viewtopic.php?topic=848&forum=8&5	topic848_s0.html
20020725222434	http://www.azzurra.org:80/forum/viewtopic.php?topic=849&forum=32&0	topic849_s0.html
20020713231213	http://www.azzurra.org:80/forum/viewtopic.php?topic=851&forum=34&0	topic851_s0.html
20020712071919	http://www.azzurra.org:80/forum/viewtopic.php?topic=854&forum=7&9	topic854_s0.html
20020725222907	http://www.azzurra.org:80/forum/viewtopic.php?topic=855&forum=28&1	topic855_s0.html
20040930034424	http://www.azzurra.org:80/forum/viewtopic.php?t=856&amp	topic856_s0.html
20020727032420	http://www.azzurra.org:80/forum/viewtopic.php?topic=860&forum=8&9	topic860_s0.html
20020727032711	http://www.azzurra.org:80/forum/viewtopic.php?topic=860&forum=8&start=10&19	topic860_s10.html
20020727032812	http://www.azzurra.org:80/forum/viewtopic.php?topic=866&forum=8&1	topic866_s0.html
20020719213313	http://www.azzurra.org:80/forum/viewtopic.php?topic=867&forum=30&0	topic867_s0.html
20020715122057	http://www.azzurra.org:80/forum/viewtopic.php?topic=868&forum=33&16	topic868_s0.html
20020727032821	http://www.azzurra.org:80/forum/viewtopic.php?topic=869&forum=8&6	topic869_s0.html
20020721234003	http://www.azzurra.org:80/forum/viewtopic.php?topic=870&forum=3&4	topic870_s0.html
20020712071551	http://www.azzurra.org:80/forum/viewtopic.php?topic=871&forum=7&0	topic871_s0.html
20020727032956	http://www.azzurra.org:80/forum/viewtopic.php?topic=873&forum=8&4	topic873_s0.html
20040128041617	http://www.azzurra.org:80/forum/viewtopic.php?t=876&amp	topic876_s0.html
20020718220822	http://www.azzurra.org:80/forum/viewtopic.php?topic=881&forum=6&0	topic881_s0.html
20020727032522	http://www.azzurra.org:80/forum/viewtopic.php?topic=887&forum=8&10	topic887_s0.html
20020718215045	http://www.azzurra.org:80/forum/viewtopic.php?topic=888&forum=6&0	topic888_s0.html
20020718215518	http://www.azzurra.org:80/forum/viewtopic.php?topic=889&forum=6&5	topic889_s0.html
20020704110453	http://www.azzurra.org:80/forum/viewtopic.php?topic=891&forum=1&9	topic891_s0.html
20020706013340	http://www.azzurra.org:80/forum/viewtopic.php?topic=893&forum=18&9	topic893_s0.html
20020705121553	http://www.azzurra.org:80/forum/viewtopic.php?topic=893&forum=18&start=20&25	topic893_s20.html
20020705122634	http://www.azzurra.org:80/forum/viewtopic.php?topic=895&forum=2&3	topic895_s0.html
20020712072456	http://www.azzurra.org:80/forum/viewtopic.php?topic=896&forum=7&0	topic896_s0.html
20020705122931	http://www.azzurra.org:80/forum/viewtopic.php?topic=897&forum=1&4	topic897_s0.html
20020712072739	http://www.azzurra.org:80/forum/viewtopic.php?topic=898&forum=7&0	topic898_s0.html
20020705123108	http://www.azzurra.org:80/forum/viewtopic.php?topic=899&forum=1&4	topic899_s0.html
20020712073140	http://www.azzurra.org:80/forum/viewtopic.php?topic=900&forum=7&0	topic900_s0.html
20020727103851	http://www.azzurra.org:80/forum/viewtopic.php?topic=901&forum=8&1	topic901_s0.html
20020718220015	http://www.azzurra.org:80/forum/viewtopic.php?topic=902&forum=6&1	topic902_s0.html
20040930034445	http://www.azzurra.org:80/forum/viewtopic.php?t=904&amp	topic904_s0.html
20020727103745	http://www.azzurra.org:80/forum/viewtopic.php?topic=905&forum=8&2	topic905_s0.html
20020721234415	http://www.azzurra.org:80/forum/viewtopic.php?topic=906&forum=3&10	topic906_s0.html
20020705123237	http://www.azzurra.org:80/forum/viewtopic.php?topic=907&forum=1&9	topic907_s0.html
20020705123849	http://www.azzurra.org:80/forum/viewtopic.php?topic=907&forum=1&start=10&10	topic907_s10.html
20020705124050	http://www.azzurra.org:80/forum/viewtopic.php?topic=909&forum=1&3	topic909_s0.html
20020705123428	http://www.azzurra.org:80/forum/viewtopic.php?topic=910&forum=1&2	topic910_s0.html
20020717132314	http://www.azzurra.org:80/forum/viewtopic.php?topic=912&forum=26&2	topic912_s0.html
20020725223705	http://www.azzurra.org:80/forum/viewtopic.php?topic=924&forum=28&6	topic924_s0.html
20020726105510	http://www.azzurra.org:80/forum/viewtopic.php?topic=925&forum=36&9	topic925_s0.html
20020705121401	http://www.azzurra.org:80/forum/viewtopic.php?topic=926&forum=2&7	topic926_s0.html
20020705122401	http://www.azzurra.org:80/forum/viewtopic.php?topic=927&forum=2&2	topic927_s0.html
20040128004924	http://www.azzurra.org:80/forum/viewtopic.php?t=928&amp	topic928_s0.html
20020712071115	http://www.azzurra.org:80/forum/viewtopic.php?topic=930&forum=18	topic930_s0.html
20020725223900	http://www.azzurra.org:80/forum/viewtopic.php?topic=933&forum=37&22	topic933_s0.html
20020725222525	http://www.azzurra.org:80/forum/viewtopic.php?topic=933&forum=37&start=10&19	topic933_s10.html
20020725223221	http://www.azzurra.org:80/forum/viewtopic.php?topic=933&forum=37&start=20&22	topic933_s20.html
20020705122729	http://www.azzurra.org:80/forum/viewtopic.php?topic=937&forum=2&1	topic937_s0.html
20020726165849	http://www.azzurra.org:80/forum/viewtopic.php?topic=938&forum=36&8	topic938_s0.html
20020718220216	http://www.azzurra.org:80/forum/viewtopic.php?topic=942&forum=6&1	topic942_s0.html
20020712071252	http://www.azzurra.org:80/forum/viewtopic.php?topic=946&forum=18	topic946_s0.html
20040128042024	http://www.azzurra.org:80/forum/viewtopic.php?t=949&amp	topic949_s0.html
20020716011421	http://www.azzurra.org:80/forum/viewtopic.php?topic=949&forum=39&start=10&19	topic949_s10.html
20040128042909	http://www.azzurra.org:80/forum/viewtopic.php?t=950&amp	topic950_s0.html
20020716011608	http://www.azzurra.org:80/forum/viewtopic.php?topic=950&forum=39&start=10&15	topic950_s10.html
20040128043607	http://www.azzurra.org:80/forum/viewtopic.php?t=952&amp	topic952_s0.html
20020721235028	http://www.azzurra.org:80/forum/viewtopic.php?14&forum=3&topic=954	topic954_s0.html
20020721232726	http://www.azzurra.org:80/forum/viewtopic.php?topic=954&forum=3&start=10&14	topic954_s10.html
20020727104712	http://www.azzurra.org:80/forum/viewtopic.php?topic=955&forum=8&5	topic955_s0.html
20020723050445	http://www.azzurra.org:80/forum/viewtopic.php?topic=957&forum=4&2	topic957_s0.html
20020725223334	http://www.azzurra.org:80/forum/viewtopic.php?topic=958&forum=37&29	topic958_s0.html
20020725223351	http://www.azzurra.org:80/forum/viewtopic.php?topic=958&forum=37&start=10&19	topic958_s10.html
20020725223625	http://www.azzurra.org:80/forum/viewtopic.php?topic=958&forum=37&start=20&29	topic958_s20.html
20020727104458	http://www.azzurra.org:80/forum/viewtopic.php?topic=960&forum=8&6	topic960_s0.html
20020712071533	http://www.azzurra.org:80/forum/viewtopic.php?topic=961&forum=7&0	topic961_s0.html
20020722201320	http://www.azzurra.org:80/forum/viewtopic.php?topic=964&forum=38&9	topic964_s0.html
20020705123829	http://www.azzurra.org:80/forum/viewtopic.php?topic=966&forum=2&3	topic966_s0.html
20020718220604	http://www.azzurra.org:80/forum/viewtopic.php?topic=968&forum=6&3	topic968_s0.html
20020727105250	http://www.azzurra.org:80/forum/viewtopic.php?topic=969&forum=8&3	topic969_s0.html
20020718220633	http://www.azzurra.org:80/forum/viewtopic.php?topic=970&forum=6&9	topic970_s0.html
20020712072001	http://www.azzurra.org:80/forum/viewtopic.php?topic=971&forum=7&0	topic971_s0.html
20040128034458	http://www.azzurra.org:80/forum/viewtopic.php?t=972&amp	topic972_s0.html
20020727105044	http://www.azzurra.org:80/forum/viewtopic.php?topic=973&forum=8&4	topic973_s0.html
20020705123723	http://www.azzurra.org:80/forum/viewtopic.php?topic=974&forum=11&1	topic974_s0.html
20020727105305	http://www.azzurra.org:80/forum/viewtopic.php?topic=976&forum=8&9	topic976_s0.html
20040712152058	http://www.azzurra.org:80/forum/viewtopic.php?t=977&amp	topic977_s0.html
20020712071946	http://www.azzurra.org:80/forum/viewtopic.php?topic=978&forum=18	topic978_s0.html
20020712072330	http://www.azzurra.org:80/forum/viewtopic.php?topic=982&forum=7&0	topic982_s0.html
20040128005404	http://www.azzurra.org:80/forum/viewtopic.php?t=984&amp	topic984_s0.html
20020811170346	http://www.azzurra.org:80/forum/viewtopic.php?topic=985&forum=12&0	topic985_s0.html
20040128035412	http://www.azzurra.org:80/forum/viewtopic.php?t=986&amp	topic986_s0.html
20020719213646	http://www.azzurra.org:80/forum/viewtopic.php?topic=987&forum=30&2	topic987_s0.html
20020712072828	http://www.azzurra.org:80/forum/viewtopic.php?topic=988&forum=18	topic988_s0.html
20020722201805	http://www.azzurra.org:80/forum/viewtopic.php?topic=989&forum=38&12	topic989_s0.html
20040128040927	http://www.azzurra.org:80/forum/viewtopic.php?t=991&amp	topic991_s0.html
20020705122730	http://www.azzurra.org:80/forum/viewtopic.php?topic=994&forum=18&3	topic994_s0.html
20020727102605	http://www.azzurra.org:80/forum/viewtopic.php?topic=995&forum=8&1	topic995_s0.html
20040128041625	http://www.azzurra.org:80/forum/viewtopic.php?t=996&amp	topic996_s0.html
20020727103040	http://www.azzurra.org:80/forum/viewtopic.php?topic=999&forum=8&4	topic999_s0.html
20030114030923	http://www.azzurra.org:80/forum/viewtopic.php?t=1000&amp	topic1000_s0.html
20030114032006	http://www.azzurra.org:80/forum/viewtopic.php?t=1003&amp	topic1003_s0.html
20020711172659	http://www.azzurra.org:80/forum/viewtopic.php?topic=1004&forum=7&0	topic1004_s0.html
20020711172226	http://www.azzurra.org:80/forum/viewtopic.php?topic=1005&forum=7&0	topic1005_s0.html
20030114032916	http://www.azzurra.org:80/forum/viewtopic.php?t=1006&amp	topic1006_s0.html
20030114032809	http://www.azzurra.org:80/forum/viewtopic.php?t=1007&amp	topic1007_s0.html
20020711172450	http://www.azzurra.org:80/forum/viewtopic.php?topic=1008&forum=7&0	topic1008_s0.html
20020711173027	http://www.azzurra.org:80/forum/viewtopic.php?topic=1011&forum=7&1	topic1011_s0.html
20030114033117	http://www.azzurra.org:80/forum/viewtopic.php?t=1012&amp	topic1012_s0.html
20030114033108	http://www.azzurra.org:80/forum/viewtopic.php?t=1014&amp	topic1014_s0.html
20020725162324	http://www.azzurra.org:80/forum/viewtopic.php?topic=1014&forum=28&start=20&29	topic1014_s20.html
20030114033933	http://www.azzurra.org:80/forum/viewtopic.php?t=1016&amp	topic1016_s0.html
20030116155252	http://www.azzurra.org:80/forum/viewtopic.php?t=1018&amp	topic1018_s0.html
20030116153905	http://www.azzurra.org:80/forum/viewtopic.php?t=1020&amp	topic1020_s0.html
20020711172537	http://www.azzurra.org:80/forum/viewtopic.php?topic=1022&forum=7&0	topic1022_s0.html
20020717131938	http://www.azzurra.org:80/forum/viewtopic.php?topic=1023&forum=6&5	topic1023_s0.html
20030116155037	http://www.azzurra.org:80/forum/viewtopic.php?t=1024&amp	topic1024_s0.html
20020718033932	http://www.azzurra.org:80/forum/viewtopic.php?topic=1026&forum=6&0	topic1026_s0.html
20030116155650	http://www.azzurra.org:80/forum/viewtopic.php?t=1027&amp	topic1027_s0.html
20040126180100	http://www.azzurra.org:80/forum/viewtopic.php?t=1029&amp	topic1029_s0.html
20030116160155	http://www.azzurra.org:80/forum/viewtopic.php?t=1030&amp	topic1030_s0.html
20030116153412	http://www.azzurra.org:80/forum/viewtopic.php?t=1031&amp	topic1031_s0.html
20030116153012	http://www.azzurra.org:80/forum/viewtopic.php?t=1032&amp	topic1032_s0.html
20030116153229	http://www.azzurra.org:80/forum/viewtopic.php?t=1033&amp	topic1033_s0.html
20030116153612	http://www.azzurra.org:80/forum/viewtopic.php?t=1037&amp	topic1037_s0.html
20030116155009	http://www.azzurra.org:80/forum/viewtopic.php?t=1038&amp	topic1038_s0.html
20030116154735	http://www.azzurra.org:80/forum/viewtopic.php?t=1042&amp	topic1042_s0.html
20030116155457	http://www.azzurra.org:80/forum/viewtopic.php?t=1043&amp	topic1043_s0.html
20030116155633	http://www.azzurra.org:80/forum/viewtopic.php?t=1047&amp	topic1047_s0.html
20040126181535	http://www.azzurra.org:80/forum/viewtopic.php?t=1049&amp	topic1049_s0.html
20040126182353	http://www.azzurra.org:80/forum/viewtopic.php?t=1053&amp	topic1053_s0.html
20040126183229	http://www.azzurra.org:80/forum/viewtopic.php?t=1055&amp	topic1055_s0.html
20040126183931	http://www.azzurra.org:80/forum/viewtopic.php?t=1056&amp	topic1056_s0.html
20030116153642	http://www.azzurra.org:80/forum/viewtopic.php?t=1063&amp	topic1063_s0.html
20040126185505	http://www.azzurra.org:80/forum/viewtopic.php?t=1065&amp	topic1065_s0.html
20030116154610	http://www.azzurra.org:80/forum/viewtopic.php?t=1069&amp	topic1069_s0.html
20030116154435	http://www.azzurra.org:80/forum/viewtopic.php?t=1072&amp	topic1072_s0.html
20030116155114	http://www.azzurra.org:80/forum/viewtopic.php?t=1075&amp	topic1075_s0.html
20030116154804	http://www.azzurra.org:80/forum/viewtopic.php?t=1076&amp	topic1076_s0.html
20040126190329	http://www.azzurra.org:80/forum/viewtopic.php?t=1078&amp	topic1078_s0.html
20030116154233	http://www.azzurra.org:80/forum/viewtopic.php?t=1080&amp	topic1080_s0.html
20030116153645	http://www.azzurra.org:80/forum/viewtopic.php?t=1083&amp	topic1083_s0.html
20030116154735	http://www.azzurra.org:80/forum/viewtopic.php?t=1084&amp	topic1084_s0.html
20030116153731	http://www.azzurra.org:80/forum/viewtopic.php?t=1086&amp	topic1086_s0.html
20030116154031	http://www.azzurra.org:80/forum/viewtopic.php?t=1087&amp	topic1087_s0.html
20040126191206	http://www.azzurra.org:80/forum/viewtopic.php?t=1089&amp	topic1089_s0.html
20040126191716	http://www.azzurra.org:80/forum/viewtopic.php?t=1092&amp	topic1092_s0.html
20030116160440	http://www.azzurra.org:80/forum/viewtopic.php?t=1093&amp	topic1093_s0.html
20030116160214	http://www.azzurra.org:80/forum/viewtopic.php?t=1094&amp	topic1094_s0.html
20030116154936	http://www.azzurra.org:80/forum/viewtopic.php?t=1095&amp	topic1095_s0.html
20030116152832	http://www.azzurra.org:80/forum/viewtopic.php?t=1101&amp	topic1101_s0.html
20030116154022	http://www.azzurra.org:80/forum/viewtopic.php?t=1102&amp	topic1102_s0.html
20030116153318	http://www.azzurra.org:80/forum/viewtopic.php?t=1103&amp	topic1103_s0.html
20030116154346	http://www.azzurra.org:80/forum/viewtopic.php?t=1105&amp	topic1105_s0.html
20030116154345	http://www.azzurra.org:80/forum/viewtopic.php?t=1108&amp	topic1108_s0.html
20030116154659	http://www.azzurra.org:80/forum/viewtopic.php?t=1109&amp	topic1109_s0.html
20030116155152	http://www.azzurra.org:80/forum/viewtopic.php?t=1111&amp	topic1111_s0.html
20040126181612	http://www.azzurra.org:80/forum/viewtopic.php?t=1115&amp	topic1115_s0.html
20030116153430	http://www.azzurra.org:80/forum/viewtopic.php?t=1116&amp	topic1116_s0.html
20030116153800	http://www.azzurra.org:80/forum/viewtopic.php?t=1119&amp	topic1119_s0.html
20030116154538	http://www.azzurra.org:80/forum/viewtopic.php?t=1120&amp	topic1120_s0.html
20030116153549	http://www.azzurra.org:80/forum/viewtopic.php?t=1122&amp	topic1122_s0.html
20030116154957	http://www.azzurra.org:80/forum/viewtopic.php?t=1124&amp	topic1124_s0.html
20020922070121	http://www.azzurra.org:80/forum/viewtopic.php?topic=1126&forum=12	topic1126_s0.html
20030116155422	http://www.azzurra.org:80/forum/viewtopic.php?t=1128&amp	topic1128_s0.html
20030116154703	http://www.azzurra.org:80/forum/viewtopic.php?t=1129&amp	topic1129_s0.html
20040126182711	http://www.azzurra.org:80/forum/viewtopic.php?t=1131&amp	topic1131_s0.html
20030116153747	http://www.azzurra.org:80/forum/viewtopic.php?t=1132&amp	topic1132_s0.html
20020920012015	http://www.azzurra.org:80/forum/viewtopic.php?topic=1135&forum=12	topic1135_s0.html
20030119145500	http://www.azzurra.org:80/forum/viewtopic.php?t=1136&amp	topic1136_s0.html
20030119145300	http://www.azzurra.org:80/forum/viewtopic.php?t=1137&amp	topic1137_s0.html
20030119150459	http://www.azzurra.org:80/forum/viewtopic.php?t=1138&amp	topic1138_s0.html
20020806012601	http://www.azzurra.org:80/forum/viewtopic.php?topic=1140&forum=12&0	topic1140_s0.html
20030119140920	http://www.azzurra.org:80/forum/viewtopic.php?t=1142&amp	topic1142_s0.html
20030119140213	http://www.azzurra.org:80/forum/viewtopic.php?t=1143&amp	topic1143_s0.html
20030119141928	http://www.azzurra.org:80/forum/viewtopic.php?t=1146&amp	topic1146_s0.html
20030119145147	http://www.azzurra.org:80/forum/viewtopic.php?t=1148&amp	topic1148_s0.html
20030119145750	http://www.azzurra.org:80/forum/viewtopic.php?t=1150&amp	topic1150_s0.html
20030119150429	http://www.azzurra.org:80/forum/viewtopic.php?t=1151&amp	topic1151_s0.html
20030119140051	http://www.azzurra.org:80/forum/viewtopic.php?t=1154&amp	topic1154_s0.html
20030119140409	http://www.azzurra.org:80/forum/viewtopic.php?t=1156&amp	topic1156_s0.html
20040126183836	http://www.azzurra.org:80/forum/viewtopic.php?t=1158&amp	topic1158_s0.html
20030119145624	http://www.azzurra.org:80/forum/viewtopic.php?t=1167&amp	topic1167_s0.html
20030119144420	http://www.azzurra.org:80/forum/viewtopic.php?t=1168&amp	topic1168_s0.html
20030119150820	http://www.azzurra.org:80/forum/viewtopic.php?t=1169&amp	topic1169_s0.html
20040126184638	http://www.azzurra.org:80/forum/viewtopic.php?t=1170&amp	topic1170_s0.html
20030119140408	http://www.azzurra.org:80/forum/viewtopic.php?t=1173&amp	topic1173_s0.html
20030119140300	http://www.azzurra.org:80/forum/viewtopic.php?t=1174&amp	topic1174_s0.html
20040126185341	http://www.azzurra.org:80/forum/viewtopic.php?t=1178&amp	topic1178_s0.html
20020921141247	http://www.azzurra.org:80/forum/viewtopic.php?topic=1179&forum=12	topic1179_s0.html
20030119145428	http://www.azzurra.org:80/forum/viewtopic.php?t=1182&amp	topic1182_s0.html
20030119144846	http://www.azzurra.org:80/forum/viewtopic.php?t=1184&amp	topic1184_s0.html
20030119150913	http://www.azzurra.org:80/forum/viewtopic.php?t=1188&amp	topic1188_s0.html
20030119140749	http://www.azzurra.org:80/forum/viewtopic.php?t=1191&amp	topic1191_s0.html
20030119141209	http://www.azzurra.org:80/forum/viewtopic.php?t=1192&amp	topic1192_s0.html
20030119141257	http://www.azzurra.org:80/forum/viewtopic.php?t=1197&amp	topic1197_s0.html
20030119144317	http://www.azzurra.org:80/forum/viewtopic.php?t=1199&amp	topic1199_s0.html
20030119150945	http://www.azzurra.org:80/forum/viewtopic.php?t=1200&amp	topic1200_s0.html
20030119141536	http://www.azzurra.org:80/forum/viewtopic.php?t=1215&amp	topic1215_s0.html
20030119144439	http://www.azzurra.org:80/forum/viewtopic.php?t=1220&amp	topic1220_s0.html
20030119144723	http://www.azzurra.org:80/forum/viewtopic.php?t=1221&amp	topic1221_s0.html
20030119145906	http://www.azzurra.org:80/forum/viewtopic.php?t=1222&amp	topic1222_s0.html
20040613085707	http://www.azzurra.org:80/forum/viewtopic.php?topic=1227&forum=12&0	topic1227_s0.html
20030121155631	http://www.azzurra.org:80/forum/viewtopic.php?t=1231&amp	topic1231_s0.html
20030121160046	http://www.azzurra.org:80/forum/viewtopic.php?t=1233&amp	topic1233_s0.html
20030121155503	http://www.azzurra.org:80/forum/viewtopic.php?t=1235&amp	topic1235_s0.html
20040126101445	http://www.azzurra.org:80/forum/viewtopic.php?t=1236&amp	topic1236_s0.html
20030121153651	http://www.azzurra.org:80/forum/viewtopic.php?t=1237&amp	topic1237_s0.html
20040126190228	http://www.azzurra.org:80/forum/viewtopic.php?t=1239&amp	topic1239_s0.html
20030121155112	http://www.azzurra.org:80/forum/viewtopic.php?t=1240&amp	topic1240_s0.html
20040126191549	http://www.azzurra.org:80/forum/viewtopic.php?t=1243&amp	topic1243_s0.html
20030121154854	http://www.azzurra.org:80/forum/viewtopic.php?t=1246&amp	topic1246_s0.html
20030121155742	http://www.azzurra.org:80/forum/viewtopic.php?t=1247&amp	topic1247_s0.html
20030121160346	http://www.azzurra.org:80/forum/viewtopic.php?t=1250&amp	topic1250_s0.html
20040107112436	http://www.azzurra.org:80/forum/viewtopic.php?t=1251&amp	topic1251_s0.html
20040107112222	http://www.azzurra.org:80/forum/viewtopic.php?t=1252&amp	topic1252_s0.html
20030121153829	http://www.azzurra.org:80/forum/viewtopic.php?t=1254&amp	topic1254_s0.html
20030121154118	http://www.azzurra.org:80/forum/viewtopic.php?t=1256&amp	topic1256_s0.html
20030121154030	http://www.azzurra.org:80/forum/viewtopic.php?t=1258&amp	topic1258_s0.html
20030121153720	http://www.azzurra.org:80/forum/viewtopic.php?t=1269&amp	topic1269_s0.html
20030121155144	http://www.azzurra.org:80/forum/viewtopic.php?t=1272&amp	topic1272_s0.html
20030121160149	http://www.azzurra.org:80/forum/viewtopic.php?t=1274&amp	topic1274_s0.html
20030121155431	http://www.azzurra.org:80/forum/viewtopic.php?t=1275&amp	topic1275_s0.html
20030121160051	http://www.azzurra.org:80/forum/viewtopic.php?t=1277&amp	topic1277_s0.html
20030121153500	http://www.azzurra.org:80/forum/viewtopic.php?t=1279&amp	topic1279_s0.html
20030121154007	http://www.azzurra.org:80/forum/viewtopic.php?t=1282&amp	topic1282_s0.html
20030121153720	http://www.azzurra.org:80/forum/viewtopic.php?t=1283&amp	topic1283_s0.html
20030121153424	http://www.azzurra.org:80/forum/viewtopic.php?t=1285&amp	topic1285_s0.html
20030121155331	http://www.azzurra.org:80/forum/viewtopic.php?t=1286&amp	topic1286_s0.html
20040713030403	http://www.azzurra.org:80/forum/viewtopic.php?t=1287&amp	topic1287_s0.html
20040713032311	http://www.azzurra.org:80/forum/viewtopic.php?t=1288&amp	topic1288_s0.html
20040107113250	http://www.azzurra.org:80/forum/viewtopic.php?t=1289&amp	topic1289_s0.html
20030121160117	http://www.azzurra.org:80/forum/viewtopic.php?t=1290&amp	topic1290_s0.html
20040713030700	http://www.azzurra.org:80/forum/viewtopic.php?t=1291&amp	topic1291_s0.html
20030121155654	http://www.azzurra.org:80/forum/viewtopic.php?t=1292&amp	topic1292_s0.html
20030121153005	http://www.azzurra.org:80/forum/viewtopic.php?t=1293&amp	topic1293_s0.html
20030121154743	http://www.azzurra.org:80/forum/viewtopic.php?t=1294&amp	topic1294_s0.html
20030121153751	http://www.azzurra.org:80/forum/viewtopic.php?t=1295&amp	topic1295_s0.html
20030121153807	http://www.azzurra.org:80/forum/viewtopic.php?t=1298&amp	topic1298_s0.html
20040628013030	http://www.azzurra.org:80/forum/viewtopic.php?t=1299&amp	topic1299_s0.html
20030121154835	http://www.azzurra.org:80/forum/viewtopic.php?t=1301&amp	topic1301_s0.html
20030121155101	http://www.azzurra.org:80/forum/viewtopic.php?t=1302&amp	topic1302_s0.html
20040713031215	http://www.azzurra.org:80/forum/viewtopic.php?t=1303&amp	topic1303_s0.html
20040126192136	http://www.azzurra.org:80/forum/viewtopic.php?t=1305&amp	topic1305_s0.html
20030121154310	http://www.azzurra.org:80/forum/viewtopic.php?t=1306&amp	topic1306_s0.html
20030121154605	http://www.azzurra.org:80/forum/viewtopic.php?t=1309&amp	topic1309_s0.html
20030121154318	http://www.azzurra.org:80/forum/viewtopic.php?t=1310&amp	topic1310_s0.html
20030121154112	http://www.azzurra.org:80/forum/viewtopic.php?t=1313&amp	topic1313_s0.html
20030121154925	http://www.azzurra.org:80/forum/viewtopic.php?t=1314&amp	topic1314_s0.html
20030121154759	http://www.azzurra.org:80/forum/viewtopic.php?t=1315&amp	topic1315_s0.html
20030123180954	http://www.azzurra.org:80/forum/viewtopic.php?t=1317&amp	topic1317_s0.html
20030123181245	http://www.azzurra.org:80/forum/viewtopic.php?t=1319&amp	topic1319_s0.html
20030123180126	http://www.azzurra.org:80/forum/viewtopic.php?t=1321&amp	topic1321_s0.html
20030123181441	http://www.azzurra.org:80/forum/viewtopic.php?t=1326&amp	topic1326_s0.html
20030123182114	http://www.azzurra.org:80/forum/viewtopic.php?t=1327&amp	topic1327_s0.html
20030123182121	http://www.azzurra.org:80/forum/viewtopic.php?t=1329&amp	topic1329_s0.html
20030123175833	http://www.azzurra.org:80/forum/viewtopic.php?t=1335&amp	topic1335_s0.html
20021028112123	http://www.azzurra.org:80/forum/viewtopic.php?t=1341	topic1341_s0.html
20030123175843	http://www.azzurra.org:80/forum/viewtopic.php?t=1342&amp	topic1342_s0.html
20030123175547	http://www.azzurra.org:80/forum/viewtopic.php?t=1343&amp	topic1343_s0.html
20030123180702	http://www.azzurra.org:80/forum/viewtopic.php?t=1345&amp	topic1345_s0.html
20040719100346	http://www.azzurra.org:80/forum/viewtopic.php?t=1348&amp	topic1348_s0.html
20030123181121	http://www.azzurra.org:80/forum/viewtopic.php?t=1352&amp	topic1352_s0.html
20030123182556	http://www.azzurra.org:80/forum/viewtopic.php?t=1354&amp	topic1354_s0.html
20030123181509	http://www.azzurra.org:80/forum/viewtopic.php?t=1357&amp	topic1357_s0.html
20040126175504	http://www.azzurra.org:80/forum/viewtopic.php?t=1358&amp	topic1358_s0.html
20030123175758	http://www.azzurra.org:80/forum/viewtopic.php?t=1359&amp	topic1359_s0.html
20030123180046	http://www.azzurra.org:80/forum/viewtopic.php?t=1362&amp	topic1362_s0.html
20030123181028	http://www.azzurra.org:80/forum/viewtopic.php?t=1363&amp	topic1363_s0.html
20030123180943	http://www.azzurra.org:80/forum/viewtopic.php?t=1367&amp	topic1367_s0.html
20030123181429	http://www.azzurra.org:80/forum/viewtopic.php?t=1370&amp	topic1370_s0.html
20030123180914	http://www.azzurra.org:80/forum/viewtopic.php?t=1371&amp	topic1371_s0.html
20030123182235	http://www.azzurra.org:80/forum/viewtopic.php?t=1373&amp	topic1373_s0.html
20030123182251	http://www.azzurra.org:80/forum/viewtopic.php?t=1374&amp	topic1374_s0.html
20030123182208	http://www.azzurra.org:80/forum/viewtopic.php?t=1377&amp	topic1377_s0.html
20030123174701	http://www.azzurra.org:80/forum/viewtopic.php?t=1378&amp	topic1378_s0.html
20030123180631	http://www.azzurra.org:80/forum/viewtopic.php?t=1382&amp	topic1382_s0.html
20040713032830	http://www.azzurra.org:80/forum/viewtopic.php?t=1384&amp	topic1384_s0.html
20030123180628	http://www.azzurra.org:80/forum/viewtopic.php?t=1388&amp	topic1388_s0.html
20030123181438	http://www.azzurra.org:80/forum/viewtopic.php?t=1389&amp	topic1389_s0.html
20030123182413	http://www.azzurra.org:80/forum/viewtopic.php?t=1390&amp	topic1390_s0.html
20030123180831	http://www.azzurra.org:80/forum/viewtopic.php?t=1391&amp	topic1391_s0.html
20030123180650	http://www.azzurra.org:80/forum/viewtopic.php?t=1392&amp	topic1392_s0.html
20030123182837	http://www.azzurra.org:80/forum/viewtopic.php?t=1393&amp	topic1393_s0.html
20040126181132	http://www.azzurra.org:80/forum/viewtopic.php?t=1394&amp	topic1394_s0.html
20030123175250	http://www.azzurra.org:80/forum/viewtopic.php?t=1395&amp	topic1395_s0.html
20030123180253	http://www.azzurra.org:80/forum/viewtopic.php?t=1399&amp	topic1399_s0.html
20040126182450	http://www.azzurra.org:80/forum/viewtopic.php?t=1401&amp	topic1401_s0.html
20030123180202	http://www.azzurra.org:80/forum/viewtopic.php?t=1404&amp	topic1404_s0.html
20030123182320	http://www.azzurra.org:80/forum/viewtopic.php?t=1406&amp	topic1406_s0.html
20030123182059	http://www.azzurra.org:80/forum/viewtopic.php?t=1408&amp	topic1408_s0.html
20030123181249	http://www.azzurra.org:80/forum/viewtopic.php?t=1409&amp	topic1409_s0.html
20030123182912	http://www.azzurra.org:80/forum/viewtopic.php?t=1416&amp	topic1416_s0.html
20040930034253	http://www.azzurra.org:80/forum/viewtopic.php?t=1418&amp	topic1418_s0.html
20030123175910	http://www.azzurra.org:80/forum/viewtopic.php?t=1420&amp	topic1420_s0.html
20030123180822	http://www.azzurra.org:80/forum/viewtopic.php?t=1422&amp	topic1422_s0.html
20030123180435	http://www.azzurra.org:80/forum/viewtopic.php?t=1423&amp	topic1423_s0.html
20030123180723	http://www.azzurra.org:80/forum/viewtopic.php?t=1424&amp	topic1424_s0.html
20030125180821	http://www.azzurra.org:80/forum/viewtopic.php?t=1436&amp	topic1436_s0.html
20030125175655	http://www.azzurra.org:80/forum/viewtopic.php?t=1441&amp	topic1441_s0.html
20040107113713	http://www.azzurra.org:80/forum/viewtopic.php?t=1442&amp	topic1442_s0.html
20030125175136	http://www.azzurra.org:80/forum/viewtopic.php?t=1443&amp	topic1443_s0.html
20040713031735	http://www.azzurra.org:80/forum/viewtopic.php?t=1445&amp	topic1445_s0.html
20030125180246	http://www.azzurra.org:80/forum/viewtopic.php?t=1453&amp	topic1453_s0.html
20040107113720	http://www.azzurra.org:80/forum/viewtopic.php?t=1455&amp	topic1455_s0.html
20030125175623	http://www.azzurra.org:80/forum/viewtopic.php?t=1459&amp	topic1459_s0.html
20030125174855	http://www.azzurra.org:80/forum/viewtopic.php?t=1462&amp	topic1462_s0.html
20030125174639	http://www.azzurra.org:80/forum/viewtopic.php?t=1465&amp	topic1465_s0.html
20030125181002	http://www.azzurra.org:80/forum/viewtopic.php?t=1468&amp	topic1468_s0.html
20030125180028	http://www.azzurra.org:80/forum/viewtopic.php?t=1470&amp	topic1470_s0.html
20030125175316	http://www.azzurra.org:80/forum/viewtopic.php?t=1480&amp	topic1480_s0.html
20040122130333	http://www.azzurra.org:80/forum/viewtopic.php?t=1486&amp	topic1486_s0.html
20040126103249	http://www.azzurra.org:80/forum/viewtopic.php?t=1488&amp	topic1488_s0.html
20030125175528	http://www.azzurra.org:80/forum/viewtopic.php?t=1493&amp	topic1493_s0.html
20030125174837	http://www.azzurra.org:80/forum/viewtopic.php?t=1497&amp	topic1497_s0.html
20040107114403	http://www.azzurra.org:80/forum/viewtopic.php?t=1504&amp	topic1504_s0.html
20040126103823	http://www.azzurra.org:80/forum/viewtopic.php?t=1505&amp	topic1505_s0.html
20030125180855	http://www.azzurra.org:80/forum/viewtopic.php?t=1508&amp	topic1508_s0.html
20040126104302	http://www.azzurra.org:80/forum/viewtopic.php?t=1509&amp	topic1509_s0.html
20030125175922	http://www.azzurra.org:80/forum/viewtopic.php?t=1515&amp	topic1515_s0.html
20040126183818	http://www.azzurra.org:80/forum/viewtopic.php?t=1518&amp	topic1518_s0.html
20030125175745	http://www.azzurra.org:80/forum/viewtopic.php?t=1519&amp	topic1519_s0.html
20040107114831	http://www.azzurra.org:80/forum/viewtopic.php?t=1532&amp	topic1532_s0.html
20030127025416	http://www.azzurra.org:80/forum/viewtopic.php?t=1535&amp	topic1535_s0.html
20030127024919	http://www.azzurra.org:80/forum/viewtopic.php?t=1536&amp	topic1536_s0.html
20030127024435	http://www.azzurra.org:80/forum/viewtopic.php?t=1537&amp	topic1537_s0.html
20040930034356	http://www.azzurra.org:80/forum/viewtopic.php?t=1540&amp	topic1540_s0.html
20030127025700	http://www.azzurra.org:80/forum/viewtopic.php?t=1542&amp	topic1542_s0.html
20040107120132	http://www.azzurra.org:80/forum/viewtopic.php?t=1544&amp	topic1544_s0.html
20030127024520	http://www.azzurra.org:80/forum/viewtopic.php?t=1546&amp	topic1546_s0.html
20040122140347	http://www.azzurra.org:80/forum/viewtopic.php?t=1547&amp	topic1547_s0.html
20030127024415	http://www.azzurra.org:80/forum/viewtopic.php?t=1548&amp	topic1548_s0.html
20030127024558	http://www.azzurra.org:80/forum/viewtopic.php?t=1549&amp	topic1549_s0.html
20040930034453	http://www.azzurra.org:80/forum/viewtopic.php?t=1557&amp	topic1557_s0.html
20040107115258	http://www.azzurra.org:80/forum/viewtopic.php?t=1561&amp	topic1561_s0.html
20030127025719	http://www.azzurra.org:80/forum/viewtopic.php?t=1562&amp	topic1562_s0.html
20030127024646	http://www.azzurra.org:80/forum/viewtopic.php?t=1570&amp	topic1570_s0.html
20041024212240	http://www.azzurra.org:80/forum/viewtopic.php?t=1577	topic1577_s0.html
20030127024824	http://www.azzurra.org:80/forum/viewtopic.php?t=1578&amp	topic1578_s0.html
20030127025732	http://www.azzurra.org:80/forum/viewtopic.php?t=1588&amp	topic1588_s0.html
20030127024614	http://www.azzurra.org:80/forum/viewtopic.php?t=1591&amp	topic1591_s0.html
20030127025006	http://www.azzurra.org:80/forum/viewtopic.php?t=1592&amp	topic1592_s0.html
20030127025222	http://www.azzurra.org:80/forum/viewtopic.php?t=1593&amp	topic1593_s0.html
20030127025308	http://www.azzurra.org:80/forum/viewtopic.php?t=1599&amp	topic1599_s0.html
20030127030218	http://www.azzurra.org:80/forum/viewtopic.php?t=1604&amp	topic1604_s0.html
20030128084952	http://www.azzurra.org:80/forum/viewtopic.php?t=1606&amp	topic1606_s0.html
20030128085852	http://www.azzurra.org:80/forum/viewtopic.php?t=1608&amp	topic1608_s0.html
20030128091044	http://www.azzurra.org:80/forum/viewtopic.php?t=1610&amp	topic1610_s0.html
20030128091410	http://www.azzurra.org:80/forum/viewtopic.php?t=1611&amp	topic1611_s0.html
20030128090651	http://www.azzurra.org:80/forum/viewtopic.php?t=1612&amp	topic1612_s0.html
20030128090623	http://www.azzurra.org:80/forum/viewtopic.php?t=1613&amp	topic1613_s0.html
20030128085127	http://www.azzurra.org:80/forum/viewtopic.php?t=1614&amp	topic1614_s0.html
20030128085050	http://www.azzurra.org:80/forum/viewtopic.php?t=1616&amp	topic1616_s0.html
20041024032704	http://www.azzurra.org:80/forum/viewtopic.php?t=1619	topic1619_s0.html
20030128090141	http://www.azzurra.org:80/forum/viewtopic.php?t=1622&amp	topic1622_s0.html
20030128090910	http://www.azzurra.org:80/forum/viewtopic.php?t=1623&amp	topic1623_s0.html
20030128091008	http://www.azzurra.org:80/forum/viewtopic.php?t=1626&amp	topic1626_s0.html
20030128091008	http://www.azzurra.org:80/forum/viewtopic.php?t=1627&amp	topic1627_s0.html
20030128085003	http://www.azzurra.org:80/forum/viewtopic.php?t=1629&amp	topic1629_s0.html
20030128085635	http://www.azzurra.org:80/forum/viewtopic.php?t=1630&amp	topic1630_s0.html
20030128084552	http://www.azzurra.org:80/forum/viewtopic.php?t=1631&amp	topic1631_s0.html
20030128085024	http://www.azzurra.org:80/forum/viewtopic.php?t=1636&amp	topic1636_s0.html
20040107120233	http://www.azzurra.org:80/forum/viewtopic.php?t=1637&amp	topic1637_s0.html
20030128085806	http://www.azzurra.org:80/forum/viewtopic.php?t=1638&amp	topic1638_s0.html
20030128091323	http://www.azzurra.org:80/forum/viewtopic.php?t=1639&amp	topic1639_s0.html
20030128091105	http://www.azzurra.org:80/forum/viewtopic.php?t=1641&amp	topic1641_s0.html
20030128090839	http://www.azzurra.org:80/forum/viewtopic.php?t=1642&amp	topic1642_s0.html
20030128084825	http://www.azzurra.org:80/forum/viewtopic.php?t=1645&amp	topic1645_s0.html
20030128085433	http://www.azzurra.org:80/forum/viewtopic.php?t=1649&amp	topic1649_s0.html
20040126104643	http://www.azzurra.org:80/forum/viewtopic.php?t=1650&amp	topic1650_s0.html
20030128085040	http://www.azzurra.org:80/forum/viewtopic.php?t=1653&amp	topic1653_s0.html
20030128091355	http://www.azzurra.org:80/forum/viewtopic.php?t=1654&amp	topic1654_s0.html
20030128090112	http://www.azzurra.org:80/forum/viewtopic.php?t=1655&amp	topic1655_s0.html
20030128091513	http://www.azzurra.org:80/forum/viewtopic.php?t=1657&amp	topic1657_s0.html
20030128084932	http://www.azzurra.org:80/forum/viewtopic.php?t=1665&amp	topic1665_s0.html
20030128084754	http://www.azzurra.org:80/forum/viewtopic.php?t=1668&amp	topic1668_s0.html
20040107115927	http://www.azzurra.org:80/forum/viewtopic.php?t=1671&amp	topic1671_s0.html
20040517105224	http://www.azzurra.org:80/forum/viewtopic.php?t=1673&amp	topic1673_s0.html
20040517105406	http://www.azzurra.org:80/forum/viewtopic.php?t=1674&amp	topic1674_s0.html
20030128084844	http://www.azzurra.org:80/forum/viewtopic.php?t=1676&amp	topic1676_s0.html
20030128085423	http://www.azzurra.org:80/forum/viewtopic.php?t=1677&amp	topic1677_s0.html
20030128085549	http://www.azzurra.org:80/forum/viewtopic.php?t=1679&amp	topic1679_s0.html
20030128090159	http://www.azzurra.org:80/forum/viewtopic.php?t=1683&amp	topic1683_s0.html
20030128091544	http://www.azzurra.org:80/forum/viewtopic.php?t=1684&amp	topic1684_s0.html
20040126105110	http://www.azzurra.org:80/forum/viewtopic.php?t=1686&amp	topic1686_s0.html
20030128084530	http://www.azzurra.org:80/forum/viewtopic.php?t=1687&amp	topic1687_s0.html
20030128085018	http://www.azzurra.org:80/forum/viewtopic.php?t=1688&amp	topic1688_s0.html
20030128084521	http://www.azzurra.org:80/forum/viewtopic.php?t=1689&amp	topic1689_s0.html
20030128085257	http://www.azzurra.org:80/forum/viewtopic.php?t=1691&amp	topic1691_s0.html
20040930034404	http://www.azzurra.org:80/forum/viewtopic.php?t=1692&amp	topic1692_s0.html
20040107115828	http://www.azzurra.org:80/forum/viewtopic.php?t=1702&amp	topic1702_s0.html
20030129121259	http://www.azzurra.org:80/forum/viewtopic.php?t=1710&amp	topic1710_s0.html
20040126110001	http://www.azzurra.org:80/forum/viewtopic.php?t=1714&amp	topic1714_s0.html
20021225033411	http://www.azzurra.org:80/forum/viewtopic.php?t=1716&amp	topic1716_s0.html
20030129121228	http://www.azzurra.org:80/forum/viewtopic.php?t=1722&amp	topic1722_s0.html
20021225033154	http://www.azzurra.org:80/forum/viewtopic.php?t=1724&amp	topic1724_s0.html
20040126110639	http://www.azzurra.org:80/forum/viewtopic.php?t=1729&amp	topic1729_s0.html
20030129120359	http://www.azzurra.org:80/forum/viewtopic.php?t=1733&amp	topic1733_s0.html
20040126110921	http://www.azzurra.org:80/forum/viewtopic.php?t=1736&amp	topic1736_s0.html
20030131004012	http://www.azzurra.org:80/forum/viewtopic.php?t=1779&amp	topic1779_s0.html
20030131010225	http://www.azzurra.org:80/forum/viewtopic.php?t=1780&amp	topic1780_s0.html
20030131005644	http://www.azzurra.org:80/forum/viewtopic.php?t=1782&amp	topic1782_s0.html
20030131010746	http://www.azzurra.org:80/forum/viewtopic.php?t=1783&amp	topic1783_s0.html
20030131011246	http://www.azzurra.org:80/forum/viewtopic.php?t=1784&amp	topic1784_s0.html
20030131012126	http://www.azzurra.org:80/forum/viewtopic.php?t=1785&amp	topic1785_s0.html
20030131011847	http://www.azzurra.org:80/forum/viewtopic.php?t=1786&amp	topic1786_s0.html
20030131012916	http://www.azzurra.org:80/forum/viewtopic.php?t=1787&amp	topic1787_s0.html
20030131004818	http://www.azzurra.org:80/forum/viewtopic.php?t=1788&amp	topic1788_s0.html
20030131004007	http://www.azzurra.org:80/forum/viewtopic.php?t=1789&amp	topic1789_s0.html
20030131004058	http://www.azzurra.org:80/forum/viewtopic.php?t=1790&amp	topic1790_s0.html
20030131010141	http://www.azzurra.org:80/forum/viewtopic.php?t=1791&amp	topic1791_s0.html
20030131005726	http://www.azzurra.org:80/forum/viewtopic.php?t=1792&amp	topic1792_s0.html
20030131005945	http://www.azzurra.org:80/forum/viewtopic.php?t=1794&amp	topic1794_s0.html
20030131011614	http://www.azzurra.org:80/forum/viewtopic.php?t=1795&amp	topic1795_s0.html
20030131012049	http://www.azzurra.org:80/forum/viewtopic.php?t=1797&amp	topic1797_s0.html
20021225025140	http://www.azzurra.org:80/forum/viewtopic.php?t=1798&amp	topic1798_s0.html
20030131012059	http://www.azzurra.org:80/forum/viewtopic.php?t=1799&amp	topic1799_s0.html
20030131003434	http://www.azzurra.org:80/forum/viewtopic.php?t=1800&amp	topic1800_s0.html
20030131004804	http://www.azzurra.org:80/forum/viewtopic.php?t=1801&amp	topic1801_s0.html
20030131004147	http://www.azzurra.org:80/forum/viewtopic.php?t=1802&amp	topic1802_s0.html
20040930034448	http://www.azzurra.org:80/forum/viewtopic.php?t=1803&amp	topic1803_s0.html
20030131010725	http://www.azzurra.org:80/forum/viewtopic.php?t=1804&amp	topic1804_s0.html
20030131005914	http://www.azzurra.org:80/forum/viewtopic.php?t=1805&amp	topic1805_s0.html
20040126184326	http://www.azzurra.org:80/forum/viewtopic.php?t=1806&amp	topic1806_s0.html
20040203062748	http://www.azzurra.org:80/forum/viewtopic.php?t=1807&amp	topic1807_s0.html
20030131011051	http://www.azzurra.org:80/forum/viewtopic.php?t=1808&amp	topic1808_s0.html
20030131012026	http://www.azzurra.org:80/forum/viewtopic.php?t=1809&amp	topic1809_s0.html
20030131004607	http://www.azzurra.org:80/forum/viewtopic.php?t=1813&amp	topic1813_s0.html
20030131004258	http://www.azzurra.org:80/forum/viewtopic.php?t=1814&amp	topic1814_s0.html
20030131005124	http://www.azzurra.org:80/forum/viewtopic.php?t=1816&amp	topic1816_s0.html
20030131005655	http://www.azzurra.org:80/forum/viewtopic.php?t=1817&amp	topic1817_s0.html
20030131010405	http://www.azzurra.org:80/forum/viewtopic.php?t=1818&amp	topic1818_s0.html
20030131010020	http://www.azzurra.org:80/forum/viewtopic.php?t=1819&amp	topic1819_s0.html
20030131011352	http://www.azzurra.org:80/forum/viewtopic.php?t=1820&amp	topic1820_s0.html
20030131011059	http://www.azzurra.org:80/forum/viewtopic.php?t=1821&amp	topic1821_s0.html
20030131011949	http://www.azzurra.org:80/forum/viewtopic.php?t=1822&amp	topic1822_s0.html
20030131012357	http://www.azzurra.org:80/forum/viewtopic.php?t=1823&amp	topic1823_s0.html
20030131004056	http://www.azzurra.org:80/forum/viewtopic.php?t=1824&amp	topic1824_s0.html
20030131004649	http://www.azzurra.org:80/forum/viewtopic.php?t=1827&amp	topic1827_s0.html
20030131005053	http://www.azzurra.org:80/forum/viewtopic.php?t=1828&amp	topic1828_s0.html
20030131005614	http://www.azzurra.org:80/forum/viewtopic.php?t=1829&amp	topic1829_s0.html
20030131010757	http://www.azzurra.org:80/forum/viewtopic.php?t=1830&amp	topic1830_s0.html
20030131005558	http://www.azzurra.org:80/forum/viewtopic.php?t=1831&amp	topic1831_s0.html
20030131011705	http://www.azzurra.org:80/forum/viewtopic.php?t=1832&amp	topic1832_s0.html
20040713030746	http://www.azzurra.org:80/forum/viewtopic.php?t=1833&amp	topic1833_s0.html
20030131011127	http://www.azzurra.org:80/forum/viewtopic.php?t=1834&amp	topic1834_s0.html
20030131013114	http://www.azzurra.org:80/forum/viewtopic.php?t=1835&amp	topic1835_s0.html
20030131004448	http://www.azzurra.org:80/forum/viewtopic.php?t=1836&amp	topic1836_s0.html
20030131004417	http://www.azzurra.org:80/forum/viewtopic.php?t=1837&amp	topic1837_s0.html
20030131004235	http://www.azzurra.org:80/forum/viewtopic.php?t=1838&amp	topic1838_s0.html
20030131005413	http://www.azzurra.org:80/forum/viewtopic.php?t=1840&amp	topic1840_s0.html
20040531153327	http://www.azzurra.org:80/forum/viewtopic.php?t=1841	topic1841_s0.html
20021225024317	http://www.azzurra.org:80/forum/viewtopic.php?t=1842&amp	topic1842_s0.html
20030131011215	http://www.azzurra.org:80/forum/viewtopic.php?t=1843&amp	topic1843_s0.html
20030131011728	http://www.azzurra.org:80/forum/viewtopic.php?t=1844&amp	topic1844_s0.html
20030131011816	http://www.azzurra.org:80/forum/viewtopic.php?t=1845&amp	topic1845_s0.html
20040122141230	http://www.azzurra.org:80/forum/viewtopic.php?t=1876&amp	topic1876_s0.html
20021225031030	http://www.azzurra.org:80/forum/viewtopic.php?t=1880&amp	topic1880_s0.html
20040930034157	http://www.azzurra.org:80/forum/viewtopic.php?t=1883&amp	topic1883_s0.html
20040713033557	http://www.azzurra.org:80/forum/viewtopic.php?t=1890&amp	topic1890_s0.html
20040126111937	http://www.azzurra.org:80/forum/viewtopic.php?t=1895&amp	topic1895_s0.html
20040126190148	http://www.azzurra.org:80/forum/viewtopic.php?t=1900&amp	topic1900_s0.html
20040126190640	http://www.azzurra.org:80/forum/viewtopic.php?t=1901&amp	topic1901_s0.html
20040126112735	http://www.azzurra.org:80/forum/viewtopic.php?t=1909&amp	topic1909_s0.html
20040126113350	http://www.azzurra.org:80/forum/viewtopic.php?t=1912&amp	topic1912_s0.html
20040930034258	http://www.azzurra.org:80/forum/viewtopic.php?t=1913&amp	topic1913_s0.html
20040126113857	http://www.azzurra.org:80/forum/viewtopic.php?t=1915&amp	topic1915_s0.html
20040126191551	http://www.azzurra.org:80/forum/viewtopic.php?t=1917&amp	topic1917_s0.html
20021225031546	http://www.azzurra.org:80/forum/viewtopic.php?t=1919&amp	topic1919_s0.html
20040713031633	http://www.azzurra.org:80/forum/viewtopic.php?t=1929&amp	topic1929_s0.html
20021225030516	http://www.azzurra.org:80/forum/viewtopic.php?t=1951&amp	topic1951_s0.html
20040126114225	http://www.azzurra.org:80/forum/viewtopic.php?t=1952&amp	topic1952_s0.html
20040126114753	http://www.azzurra.org:80/forum/viewtopic.php?t=1960&amp	topic1960_s0.html
20040517105631	http://www.azzurra.org:80/forum/viewtopic.php?t=1963&amp	topic1963_s0.html
20040126192058	http://www.azzurra.org:80/forum/viewtopic.php?t=1965&amp	topic1965_s0.html
20040126175845	http://www.azzurra.org:80/forum/viewtopic.php?t=1974&amp	topic1974_s0.html
20040126181615	http://www.azzurra.org:80/forum/viewtopic.php?t=1978&amp	topic1978_s0.html
20040126115434	http://www.azzurra.org:80/forum/viewtopic.php?t=1987&amp	topic1987_s0.html
20040930034432	http://www.azzurra.org:80/forum/viewtopic.php?t=2001&amp	topic2001_s0.html
20040517104647	http://www.azzurra.org:80/forum/viewtopic.php?t=2012&amp	topic2012_s0.html
20040126120019	http://www.azzurra.org:80/forum/viewtopic.php?t=2016&amp	topic2016_s0.html
20040126120645	http://www.azzurra.org:80/forum/viewtopic.php?t=2034&amp	topic2034_s0.html
20040126121016	http://www.azzurra.org:80/forum/viewtopic.php?t=2036&amp	topic2036_s0.html
20040517105802	http://www.azzurra.org:80/forum/viewtopic.php?t=2043&amp	topic2043_s0.html
20040126183443	http://www.azzurra.org:80/forum/viewtopic.php?t=2045&amp	topic2045_s0.html
20040713025835	http://www.azzurra.org:80/forum/viewtopic.php?t=2066&amp	topic2066_s0.html
20040930034301	http://www.azzurra.org:80/forum/viewtopic.php?t=2073&amp	topic2073_s0.html
20040713032659	http://www.azzurra.org:80/forum/viewtopic.php?t=2075&amp	topic2075_s0.html
20040126184729	http://www.azzurra.org:80/forum/viewtopic.php?t=2076&amp	topic2076_s0.html
20040713030208	http://www.azzurra.org:80/forum/viewtopic.php?t=2077&amp	topic2077_s0.html
20040930034340	http://www.azzurra.org:80/forum/viewtopic.php?t=2089&amp	topic2089_s0.html
20040713033412	http://www.azzurra.org:80/forum/viewtopic.php?t=2094&amp	topic2094_s0.html
20040126185405	http://www.azzurra.org:80/forum/viewtopic.php?t=2104&amp	topic2104_s0.html
20040203063126	http://www.azzurra.org:80/forum/viewtopic.php?t=2110&amp	topic2110_s0.html
20040930034344	http://www.azzurra.org:80/forum/viewtopic.php?t=2120&amp	topic2120_s0.html
20040107120355	http://www.azzurra.org:80/forum/viewtopic.php?t=2122&amp	topic2122_s0.html
20040713031229	http://www.azzurra.org:80/forum/viewtopic.php?t=2123&amp	topic2123_s0.html
20040713033313	http://www.azzurra.org:80/forum/viewtopic.php?t=2129&amp	topic2129_s0.html
20040126190126	http://www.azzurra.org:80/forum/viewtopic.php?t=2132&amp	topic2132_s0.html
20040519104723	http://www.azzurra.org:80/forum/viewtopic.php?t=2147	topic2147_s0.html
20040713030530	http://www.azzurra.org:80/forum/viewtopic.php?t=2166&amp	topic2166_s0.html
20040126190456	http://www.azzurra.org:80/forum/viewtopic.php?t=2167&amp	topic2167_s0.html
20041011020234	http://www.azzurra.org:80/forum/viewtopic.php?t=2174	topic2174_s0.html
20040713032244	http://www.azzurra.org:80/forum/viewtopic.php?t=2199&amp	topic2199_s0.html
20040126191101	http://www.azzurra.org:80/forum/viewtopic.php?t=2236&amp	topic2236_s0.html
20040627175625	http://www.azzurra.org:80/forum/viewtopic.php?t=2243&amp	topic2243_s0.html
20041024212131	http://www.azzurra.org:80/forum/viewtopic.php?t=2244	topic2244_s0.html
20040713033643	http://www.azzurra.org:80/forum/viewtopic.php?t=2246&amp	topic2246_s0.html
20040126084730	http://www.azzurra.org:80/forum/viewtopic.php?t=2251&amp	topic2251_s0.html
20040126085158	http://www.azzurra.org:80/forum/viewtopic.php?t=2252&amp	topic2252_s0.html
20040930034409	http://www.azzurra.org:80/forum/viewtopic.php?t=2259&amp	topic2259_s0.html
20040126192106	http://www.azzurra.org:80/forum/viewtopic.php?t=2261&amp	topic2261_s0.html
20040126085744	http://www.azzurra.org:80/forum/viewtopic.php?t=2272&amp	topic2272_s0.html
20040126090619	http://www.azzurra.org:80/forum/viewtopic.php?t=2280&amp	topic2280_s0.html
20041024212235	http://www.azzurra.org:80/forum/viewtopic.php?t=2281	topic2281_s0.html
20040713032342	http://www.azzurra.org:80/forum/viewtopic.php?t=2290&amp	topic2290_s0.html
20040126090925	http://www.azzurra.org:80/forum/viewtopic.php?t=2292&amp	topic2292_s0.html
20040126091637	http://www.azzurra.org:80/forum/viewtopic.php?t=2294&amp	topic2294_s0.html
20040517105707	http://www.azzurra.org:80/forum/viewtopic.php?t=2306&amp	topic2306_s0.html
20040517105010	http://www.azzurra.org:80/forum/viewtopic.php?t=2322&amp	topic2322_s0.html
20040930034436	http://www.azzurra.org:80/forum/viewtopic.php?t=2337&amp	topic2337_s0.html
20040126180001	http://www.azzurra.org:80/forum/viewtopic.php?t=2346&amp	topic2346_s0.html
20040713030609	http://www.azzurra.org:80/forum/viewtopic.php?t=2361&amp	topic2361_s0.html
20040713031645	http://www.azzurra.org:80/forum/viewtopic.php?t=2364&amp	topic2364_s0.html
20040126093356	http://www.azzurra.org:80/forum/viewtopic.php?t=2375&amp	topic2375_s0.html
20041024212227	http://www.azzurra.org:80/forum/viewtopic.php?t=2404	topic2404_s0.html
20040126094025	http://www.azzurra.org:80/forum/viewtopic.php?t=2405&amp	topic2405_s0.html
20040126094557	http://www.azzurra.org:80/forum/viewtopic.php?t=2417&amp	topic2417_s0.html
20040107121531	http://www.azzurra.org:80/forum/viewtopic.php?t=2428&amp	topic2428_s0.html
20040126095255	http://www.azzurra.org:80/forum/viewtopic.php?t=2431&amp	topic2431_s0.html
20040126181658	http://www.azzurra.org:80/forum/viewtopic.php?t=2434&amp	topic2434_s0.html
20041024212215	http://www.azzurra.org:80/forum/viewtopic.php?t=2435	topic2435_s0.html
20040126095551	http://www.azzurra.org:80/forum/viewtopic.php?t=2437&amp	topic2437_s0.html
20040126100645	http://www.azzurra.org:80/forum/viewtopic.php?t=2448&amp	topic2448_s0.html
20040713033325	http://www.azzurra.org:80/forum/viewtopic.php?t=2457&amp	topic2457_s0.html
20040713031001	http://www.azzurra.org:80/forum/viewtopic.php?t=2458&amp	topic2458_s0.html
20040713032039	http://www.azzurra.org:80/forum/viewtopic.php?t=2464&amp	topic2464_s0.html
20040122141722	http://www.azzurra.org:80/forum/viewtopic.php?t=2465&amp	topic2465_s0.html
20040713033701	http://www.azzurra.org:80/forum/viewtopic.php?t=2469&amp	topic2469_s0.html
20040713030835	http://www.azzurra.org:80/forum/viewtopic.php?t=2483&amp	topic2483_s0.html
20040713031225	http://www.azzurra.org:80/forum/viewtopic.php?t=2491&amp	topic2491_s0.html
20040126182617	http://www.azzurra.org:80/forum/viewtopic.php?t=2521&amp	topic2521_s0.html
20040122142932	http://www.azzurra.org:80/forum/viewtopic.php?t=2526&amp	topic2526_s0.html
20040122143516	http://www.azzurra.org:80/forum/viewtopic.php?t=2527&amp	topic2527_s0.html
20040930034239	http://www.azzurra.org:80/forum/viewtopic.php?t=2556&amp	topic2556_s0.html
20040122143736	http://www.azzurra.org:80/forum/viewtopic.php?t=2560&amp	topic2560_s0.html
20040126183409	http://www.azzurra.org:80/forum/viewtopic.php?t=2561&amp	topic2561_s0.html
20041024212153	http://www.azzurra.org:80/forum/viewtopic.php?t=2574	topic2574_s0.html
20040126102529	http://www.azzurra.org:80/forum/viewtopic.php?t=2583&amp	topic2583_s0.html
20041024212049	http://www.azzurra.org:80/forum/viewtopic.php?t=2593	topic2593_s0.html
20040122110505	http://www.azzurra.org:80/forum/viewtopic.php?t=2597&amp	topic2597_s0.html
20040122111603	http://www.azzurra.org:80/forum/viewtopic.php?t=2607&amp	topic2607_s0.html
20040122111956	http://www.azzurra.org:80/forum/viewtopic.php?t=2616&amp	topic2616_s0.html
20040126102934	http://www.azzurra.org:80/forum/viewtopic.php?t=2619&amp	topic2619_s0.html
20040519104357	http://www.azzurra.org:80/forum/viewtopic.php?t=2621	topic2621_s0.html
20040126103659	http://www.azzurra.org:80/forum/viewtopic.php?t=2622&amp	topic2622_s0.html
20040717115705	http://www.azzurra.org:80/forum/viewtopic.php?t=2674&amp	topic2674_s0.html
20040126105056	http://www.azzurra.org:80/forum/viewtopic.php?t=2686&amp	topic2686_s0.html
20040713030544	http://www.azzurra.org:80/forum/viewtopic.php?t=2690&amp	topic2690_s0.html
20040721125038	http://www.azzurra.org:80/forum/viewtopic.php?t=2692	topic2692_s0.html
20040122112900	http://www.azzurra.org:80/forum/viewtopic.php?t=2697&amp	topic2697_s0.html
20040122112923	http://www.azzurra.org:80/forum/viewtopic.php?t=2702&amp	topic2702_s0.html
20040126105526	http://www.azzurra.org:80/forum/viewtopic.php?t=2703&amp	topic2703_s0.html
20040117043720	http://www.azzurra.org:80/forum/viewtopic.php?t=2704&amp	topic2704_s0.html
20040713032341	http://www.azzurra.org:80/forum/viewtopic.php?t=2710&amp	topic2710_s0.html
20040122113654	http://www.azzurra.org:80/forum/viewtopic.php?t=2715&amp	topic2715_s0.html
20040420025201	http://www.azzurra.org:80/forum/viewtopic.php?t=2717&amp	topic2717_s0.html
20040126105956	http://www.azzurra.org:80/forum/viewtopic.php?t=2736&amp	topic2736_s0.html
20040122113943	http://www.azzurra.org:80/forum/viewtopic.php?t=2743&amp	topic2743_s0.html
20040716182927	http://www.azzurra.org:80/forum/viewtopic.php?t=2758&amp	topic2758_s0.html
20040126111038	http://www.azzurra.org:80/forum/viewtopic.php?t=2766&amp	topic2766_s0.html
20040930044011	http://www.azzurra.org:80/forum/viewtopic.php?t=2807	topic2807_s0.html
20040930034457	http://www.azzurra.org:80/forum/viewtopic.php?t=2815&amp	topic2815_s0.html
20040713030320	http://www.azzurra.org:80/forum/viewtopic.php?t=2830&amp	topic2830_s0.html
20040117044729	http://www.azzurra.org:80/forum/viewtopic.php?t=2850&amp	topic2850_s0.html
20040126184605	http://www.azzurra.org:80/forum/viewtopic.php?t=2853&amp	topic2853_s0.html
20040122114557	http://www.azzurra.org:80/forum/viewtopic.php?t=2866&amp	topic2866_s0.html
20040531141027	http://www.azzurra.org:80/forum/viewtopic.php?t=2891	topic2891_s0.html
20040126112055	http://www.azzurra.org:80/forum/viewtopic.php?t=2892&amp	topic2892_s0.html
20031231202518	http://www.azzurra.org:80/forum/viewtopic.php?t=2916&amp	topic2916_s0.html
20040126112956	http://www.azzurra.org:80/forum/viewtopic.php?t=2925&amp	topic2925_s0.html
20040126114121	http://www.azzurra.org:80/forum/viewtopic.php?t=2952&amp	topic2952_s0.html
20040126114712	http://www.azzurra.org:80/forum/viewtopic.php?t=3002&amp	topic3002_s0.html
20040713031938	http://www.azzurra.org:80/forum/viewtopic.php?t=3024&amp	topic3024_s0.html
20040301145231	http://www.azzurra.org:80/forum/viewtopic.php?t=3065&amp	topic3065_s0.html
20040122115446	http://www.azzurra.org:80/forum/viewtopic.php?t=3073&amp	topic3073_s0.html
20040516064734	http://www.azzurra.org:80/forum/viewtopic.php?t=3086&amp	topic3086_s0.html
20040122121006	http://www.azzurra.org:80/forum/viewtopic.php?t=3171&amp	topic3171_s0.html
20040122121451	http://www.azzurra.org:80/forum/viewtopic.php?t=3172&amp	topic3172_s0.html
20040126115004	http://www.azzurra.org:80/forum/viewtopic.php?t=3176&amp	topic3176_s0.html
20031231184645	http://www.azzurra.org:80/forum/viewtopic.php?t=3186&amp	topic3186_s0.html
20040910165439	http://www.azzurra.org:80/forum/viewtopic.php?t=3192&amp	topic3192_s0.html
20040517105110	http://www.azzurra.org:80/forum/viewtopic.php?t=3218&amp	topic3218_s0.html
20040519104308	http://www.azzurra.org:80/forum/viewtopic.php?t=3250	topic3250_s0.html
20040301150109	http://www.azzurra.org:80/forum/viewtopic.php?t=3254&amp	topic3254_s0.html
20031231184728	http://www.azzurra.org:80/forum/viewtopic.php?t=3255&amp	topic3255_s0.html
20040126115612	http://www.azzurra.org:80/forum/viewtopic.php?t=3275&amp	topic3275_s0.html
20040713030151	http://www.azzurra.org:80/forum/viewtopic.php?t=3277&amp	topic3277_s0.html
20040126120033	http://www.azzurra.org:80/forum/viewtopic.php?t=3288&amp	topic3288_s0.html
20040713031805	http://www.azzurra.org:80/forum/viewtopic.php?t=3292&amp	topic3292_s0.html
20040126120848	http://www.azzurra.org:80/forum/viewtopic.php?t=3310&amp	topic3310_s0.html
20040930034245	http://www.azzurra.org:80/forum/viewtopic.php?t=3320&amp	topic3320_s0.html
20040713030302	http://www.azzurra.org:80/forum/viewtopic.php?t=3331&amp	topic3331_s0.html
20040713032300	http://www.azzurra.org:80/forum/viewtopic.php?t=3341&amp	topic3341_s0.html
20040713033430	http://www.azzurra.org:80/forum/viewtopic.php?t=3362&amp	topic3362_s0.html
20040713030119	http://www.azzurra.org:80/forum/viewtopic.php?t=3363&amp	topic3363_s0.html
20040713032326	http://www.azzurra.org:80/forum/viewtopic.php?t=3366&amp	topic3366_s0.html
20030920054412	http://www.azzurra.org:80/forum/viewtopic.php?t=3375	topic3375_s0.html
20040713030425	http://www.azzurra.org:80/forum/viewtopic.php?t=3377&amp	topic3377_s0.html
20040718062304	http://www.azzurra.org:80/forum/viewtopic.php?t=3382&amp	topic3382_s0.html
20040713031831	http://www.azzurra.org:80/forum/viewtopic.php?t=3405&amp	topic3405_s0.html
20040713033706	http://www.azzurra.org:80/forum/viewtopic.php?t=3407&amp	topic3407_s0.html
20040126084224	http://www.azzurra.org:80/forum/viewtopic.php?t=3409&amp	topic3409_s0.html
20040713030259	http://www.azzurra.org:80/forum/viewtopic.php?t=3417&amp	topic3417_s0.html
20031231185005	http://www.azzurra.org:80/forum/viewtopic.php?t=3430&amp	topic3430_s0.html
20040713032051	http://www.azzurra.org:80/forum/viewtopic.php?t=3482&amp	topic3482_s0.html
20040122121944	http://www.azzurra.org:80/forum/viewtopic.php?t=3487&amp	topic3487_s0.html
20040628020656	http://www.azzurra.org:80/forum/viewtopic.php?t=3497&amp	topic3497_s0.html
20040126085547	http://www.azzurra.org:80/forum/viewtopic.php?t=3500&amp	topic3500_s0.html
20040126090258	http://www.azzurra.org:80/forum/viewtopic.php?t=3503&amp	topic3503_s0.html
20040713033203	http://www.azzurra.org:80/forum/viewtopic.php?t=3512&amp	topic3512_s0.html
20040713030233	http://www.azzurra.org:80/forum/viewtopic.php?t=3513&amp	topic3513_s0.html
20040713032314	http://www.azzurra.org:80/forum/viewtopic.php?t=3520&amp	topic3520_s0.html
20040126090411	http://www.azzurra.org:80/forum/viewtopic.php?t=3523&amp	topic3523_s0.html
20040713033520	http://www.azzurra.org:80/forum/viewtopic.php?t=3534&amp	topic3534_s0.html
20040517104915	http://www.azzurra.org:80/forum/viewtopic.php?t=3548&amp	topic3548_s0.html
20040713030729	http://www.azzurra.org:80/forum/viewtopic.php?t=3558&amp	topic3558_s0.html
20040713031839	http://www.azzurra.org:80/forum/viewtopic.php?t=3559&amp	topic3559_s0.html
20040126091351	http://www.azzurra.org:80/forum/viewtopic.php?t=3562&amp	topic3562_s0.html
20040516020700	http://www.azzurra.org:80/forum/viewtopic.php?t=3569&amp	topic3569_s0.html
20040713032735	http://www.azzurra.org:80/forum/viewtopic.php?t=3574&amp	topic3574_s0.html
20040713030606	http://www.azzurra.org:80/forum/viewtopic.php?t=3578&amp	topic3578_s0.html
20040516021144	http://www.azzurra.org:80/forum/viewtopic.php?t=3584&amp	topic3584_s0.html
20040713031622	http://www.azzurra.org:80/forum/viewtopic.php?t=3585&amp	topic3585_s0.html
20040516021550	http://www.azzurra.org:80/forum/viewtopic.php?t=3593&amp	topic3593_s0.html
20040126092032	http://www.azzurra.org:80/forum/viewtopic.php?t=3600&amp	topic3600_s0.html
20040126092332	http://www.azzurra.org:80/forum/viewtopic.php?t=3604&amp	topic3604_s0.html
20040516012909	http://www.azzurra.org:80/forum/viewtopic.php?t=3624&amp	topic3624_s0.html
20040126190622	http://www.azzurra.org:80/forum/viewtopic.php?t=3647&amp	topic3647_s0.html
20040713030918	http://www.azzurra.org:80/forum/viewtopic.php?t=3651&amp	topic3651_s0.html
20040122122754	http://www.azzurra.org:80/forum/viewtopic.php?t=3652&amp	topic3652_s0.html
20040713032346	http://www.azzurra.org:80/forum/viewtopic.php?t=3655&amp	topic3655_s0.html
20040122122946	http://www.azzurra.org:80/forum/viewtopic.php?t=3662&amp	topic3662_s0.html
20040516012655	http://www.azzurra.org:80/forum/viewtopic.php?t=3682&amp	topic3682_s0.html
20040713033745	http://www.azzurra.org:80/forum/viewtopic.php?t=3686&amp	topic3686_s0.html
20040713025858	http://www.azzurra.org:80/forum/viewtopic.php?t=3688&amp	topic3688_s0.html
20040122123723	http://www.azzurra.org:80/forum/viewtopic.php?t=3691&amp	topic3691_s0.html
20040126092922	http://www.azzurra.org:80/forum/viewtopic.php?t=3710&amp	topic3710_s0.html
20040301145216	http://www.azzurra.org:80/forum/viewtopic.php?t=3722&amp	topic3722_s0.html
20031231185558	http://www.azzurra.org:80/forum/viewtopic.php?t=3730&amp	topic3730_s0.html
20031231185737	http://www.azzurra.org:80/forum/viewtopic.php?t=3737&amp	topic3737_s0.html
20040420025256	http://www.azzurra.org:80/forum/viewtopic.php?t=3738&amp	topic3738_s0.html
20040713031702	http://www.azzurra.org:80/forum/viewtopic.php?t=3751&amp	topic3751_s0.html
20040910170325	http://www.azzurra.org:80/forum/viewtopic.php?t=3758&amp	topic3758_s0.html
20040910165805	http://www.azzurra.org:80/forum/viewtopic.php?t=3759&amp	topic3759_s0.html
20040910170150	http://www.azzurra.org:80/forum/viewtopic.php?t=3765&amp	topic3765_s0.html
20040516012439	http://www.azzurra.org:80/forum/viewtopic.php?t=3766&amp	topic3766_s0.html
20040126093203	http://www.azzurra.org:80/forum/viewtopic.php?t=3780&amp	topic3780_s0.html
20040910165848	http://www.azzurra.org:80/forum/viewtopic.php?t=3785&amp	topic3785_s0.html
20040910165952	http://www.azzurra.org:80/forum/viewtopic.php?t=3787&amp	topic3787_s0.html
20040713032702	http://www.azzurra.org:80/forum/viewtopic.php?t=3797&amp	topic3797_s0.html
20040910165423	http://www.azzurra.org:80/forum/viewtopic.php?t=3819&amp	topic3819_s0.html
20040910170024	http://www.azzurra.org:80/forum/viewtopic.php?t=3821&amp	topic3821_s0.html
20040420024306	http://www.azzurra.org:80/forum/viewtopic.php?t=3828&amp	topic3828_s0.html
20040126191403	http://www.azzurra.org:80/forum/viewtopic.php?t=3830&amp	topic3830_s0.html
20040420030136	http://www.azzurra.org:80/forum/viewtopic.php?t=3832&amp	topic3832_s0.html
20040126191828	http://www.azzurra.org:80/forum/viewtopic.php?t=3840&amp	topic3840_s0.html
20040713030749	http://www.azzurra.org:80/forum/viewtopic.php?t=3844&amp	topic3844_s0.html
20040713031239	http://www.azzurra.org:80/forum/viewtopic.php?t=3845&amp	topic3845_s0.html
20040126094250	http://www.azzurra.org:80/forum/viewtopic.php?t=3849&amp	topic3849_s0.html
20040910165639	http://www.azzurra.org:80/forum/viewtopic.php?t=3861&amp	topic3861_s0.html
20040420023231	http://www.azzurra.org:80/forum/viewtopic.php?t=3867&amp	topic3867_s0.html
20040910165948	http://www.azzurra.org:80/forum/viewtopic.php?t=3878&amp	topic3878_s0.html
20040713033736	http://www.azzurra.org:80/forum/viewtopic.php?t=3882&amp	topic3882_s0.html
20040910165451	http://www.azzurra.org:80/forum/viewtopic.php?t=3883&amp	topic3883_s0.html
20031231190201	http://www.azzurra.org:80/forum/viewtopic.php?t=3888&amp	topic3888_s0.html
20040930034420	http://www.azzurra.org:80/forum/viewtopic.php?t=3904&amp	topic3904_s0.html
20040126175602	http://www.azzurra.org:80/forum/viewtopic.php?t=3912&amp	topic3912_s0.html
20040122125515	http://www.azzurra.org:80/forum/viewtopic.php?t=3922&amp	topic3922_s0.html
20040713031310	http://www.azzurra.org:80/forum/viewtopic.php?t=3925&amp	topic3925_s0.html
20040910170036	http://www.azzurra.org:80/forum/viewtopic.php?t=3926&amp	topic3926_s0.html
20040713033200	http://www.azzurra.org:80/forum/viewtopic.php?t=3934&amp	topic3934_s0.html
20040713030724	http://www.azzurra.org:80/forum/viewtopic.php?t=3942&amp	topic3942_s0.html
20040713031313	http://www.azzurra.org:80/forum/viewtopic.php?t=3947&amp	topic3947_s0.html
20040122130859	http://www.azzurra.org:80/forum/viewtopic.php?t=3960&amp	topic3960_s0.html
20040420024945	http://www.azzurra.org:80/forum/viewtopic.php?t=3961&amp	topic3961_s0.html
20040930034412	http://www.azzurra.org:80/forum/viewtopic.php?t=3962&amp	topic3962_s0.html
20040910165624	http://www.azzurra.org:80/forum/viewtopic.php?t=3978&amp	topic3978_s0.html
20040126181646	http://www.azzurra.org:80/forum/viewtopic.php?t=3982&amp	topic3982_s0.html
20040126182429	http://www.azzurra.org:80/forum/viewtopic.php?t=3990&amp	topic3990_s0.html
20040126094337	http://www.azzurra.org:80/forum/viewtopic.php?t=3991&amp	topic3991_s0.html
20040126183425	http://www.azzurra.org:80/forum/viewtopic.php?t=3994&amp	topic3994_s0.html
20040122131455	http://www.azzurra.org:80/forum/viewtopic.php?t=3998&amp	topic3998_s0.html
20040126184725	http://www.azzurra.org:80/forum/viewtopic.php?t=4000&amp	topic4000_s0.html
20040304163202	http://www.azzurra.org:80/forum/viewtopic.php?t=4009&amp	topic4009_s0.html
20031231190554	http://www.azzurra.org:80/forum/viewtopic.php?t=4010&amp	topic4010_s0.html
20040910170310	http://www.azzurra.org:80/forum/viewtopic.php?t=4012&amp	topic4012_s0.html
20041024212316	http://www.azzurra.org:80/forum/viewtopic.php?t=4033	topic4033_s0.html
20040122133928	http://www.azzurra.org:80/forum/viewtopic.php?t=4038&amp	topic4038_s0.html
20040126095309	http://www.azzurra.org:80/forum/viewtopic.php?t=4049&amp	topic4049_s0.html
20040126095813	http://www.azzurra.org:80/forum/viewtopic.php?t=4051&amp	topic4051_s0.html
20040126100424	http://www.azzurra.org:80/forum/viewtopic.php?t=4062&amp	topic4062_s0.html
20040126101343	http://www.azzurra.org:80/forum/viewtopic.php?t=4065&amp	topic4065_s0.html
20040128042739	http://www.azzurra.org:80/forum/viewtopic.php?t=4067&amp	topic4067_s0.html
20040910165628	http://www.azzurra.org:80/forum/viewtopic.php?t=4088&amp	topic4088_s0.html
20040128043540	http://www.azzurra.org:80/forum/viewtopic.php?t=4091&amp	topic4091_s0.html
20040910170224	http://www.azzurra.org:80/forum/viewtopic.php?t=4098&amp	topic4098_s0.html
20031231190947	http://www.azzurra.org:80/forum/viewtopic.php?t=4104&amp	topic4104_s0.html
20040713074813	http://www.azzurra.org:80/forum/viewtopic.php?t=4105&amp	topic4105_s0.html
20040713080043	http://www.azzurra.org:80/forum/viewtopic.php?t=4107&amp	topic4107_s0.html
20040910165929	http://www.azzurra.org:80/forum/viewtopic.php?t=4114&amp	topic4114_s0.html
20040516013034	http://www.azzurra.org:80/forum/viewtopic.php?t=4116&amp	topic4116_s0.html
20040420024530	http://www.azzurra.org:80/forum/viewtopic.php?t=4119&amp	topic4119_s0.html
20040915092112	http://www.azzurra.org:80/forum/viewtopic.php?t=4120&amp	topic4120_s0.html
20040930034500	http://www.azzurra.org:80/forum/viewtopic.php?t=4131&amp	topic4131_s0.html
20040128034935	http://www.azzurra.org:80/forum/viewtopic.php?t=4160&amp	topic4160_s0.html
20040713072915	http://www.azzurra.org:80/forum/viewtopic.php?t=4162&amp	topic4162_s0.html
20040122134541	http://www.azzurra.org:80/forum/viewtopic.php?t=4163&amp	topic4163_s0.html
20040122135028	http://www.azzurra.org:80/forum/viewtopic.php?t=4167&amp	topic4167_s0.html
20040713075841	http://www.azzurra.org:80/forum/viewtopic.php?t=4170&amp	topic4170_s0.html
20040128020928	http://www.azzurra.org:80/forum/viewtopic.php?t=4172&amp	topic4172_s0.html
20040420030222	http://www.azzurra.org:80/forum/viewtopic.php?t=4180&amp	topic4180_s0.html
20040713082136	http://www.azzurra.org:80/forum/viewtopic.php?t=4182&amp	topic4182_s0.html
20040128035042	http://www.azzurra.org:80/forum/viewtopic.php?t=4196&amp	topic4196_s0.html
20031231191041	http://www.azzurra.org:80/forum/viewtopic.php?t=4199&amp	topic4199_s0.html
20040128041249	http://www.azzurra.org:80/forum/viewtopic.php?t=4209&amp	topic4209_s0.html
20040128041916	http://www.azzurra.org:80/forum/viewtopic.php?t=4210&amp	topic4210_s0.html
20040128023648	http://www.azzurra.org:80/forum/viewtopic.php?t=4211&amp	topic4211_s0.html
20040128042220	http://www.azzurra.org:80/forum/viewtopic.php?t=4215&amp	topic4215_s0.html
20040128042735	http://www.azzurra.org:80/forum/viewtopic.php?t=4221&amp	topic4221_s0.html
20040128043314	http://www.azzurra.org:80/forum/viewtopic.php?t=4222&amp	topic4222_s0.html
20040128035702	http://www.azzurra.org:80/forum/viewtopic.php?t=4235&amp	topic4235_s0.html
20040128040636	http://www.azzurra.org:80/forum/viewtopic.php?t=4236&amp	topic4236_s0.html
20040915092435	http://www.azzurra.org:80/forum/viewtopic.php?t=4238&amp	topic4238_s0.html
20040420030233	http://www.azzurra.org:80/forum/viewtopic.php?t=4243&amp	topic4243_s0.html
20040930034504	http://www.azzurra.org:80/forum/viewtopic.php?t=4247&amp	topic4247_s0.html
20040516014257	http://www.azzurra.org:80/forum/viewtopic.php?t=4248&amp	topic4248_s0.html
20040128042015	http://www.azzurra.org:80/forum/viewtopic.php?t=4251&amp	topic4251_s0.html
20040713075832	http://www.azzurra.org:80/forum/viewtopic.php?t=4254&amp	topic4254_s0.html
20040915092137	http://www.azzurra.org:80/forum/viewtopic.php?t=4259&amp	topic4259_s0.html
20040128024204	http://www.azzurra.org:80/forum/viewtopic.php?t=4265&amp	topic4265_s0.html
20040128025020	http://www.azzurra.org:80/forum/viewtopic.php?t=4277&amp	topic4277_s0.html
20040915092443	http://www.azzurra.org:80/forum/viewtopic.php?t=4279&amp	topic4279_s0.html
20040128042836	http://www.azzurra.org:80/forum/viewtopic.php?t=4282&amp	topic4282_s0.html
20040128043647	http://www.azzurra.org:80/forum/viewtopic.php?t=4283&amp	topic4283_s0.html
20040128034433	http://www.azzurra.org:80/forum/viewtopic.php?t=4306&amp	topic4306_s0.html
20040128025146	http://www.azzurra.org:80/forum/viewtopic.php?t=4314&amp	topic4314_s0.html
20040420024552	http://www.azzurra.org:80/forum/viewtopic.php?t=4345&amp	topic4345_s0.html
20040128035556	http://www.azzurra.org:80/forum/viewtopic.php?t=4350&amp	topic4350_s0.html
20040713074540	http://www.azzurra.org:80/forum/viewtopic.php?t=4365&amp	topic4365_s0.html
20040128040755	http://www.azzurra.org:80/forum/viewtopic.php?t=4368&amp	topic4368_s0.html
20040128025729	http://www.azzurra.org:80/forum/viewtopic.php?t=4375&amp	topic4375_s0.html
20040420030123	http://www.azzurra.org:80/forum/viewtopic.php?t=4400&amp	topic4400_s0.html
20040128041945	http://www.azzurra.org:80/forum/viewtopic.php?t=4403&amp	topic4403_s0.html
20040713080459	http://www.azzurra.org:80/forum/viewtopic.php?t=4412&amp	topic4412_s0.html
20040128042027	http://www.azzurra.org:80/forum/viewtopic.php?t=4424&amp	topic4424_s0.html
20040915091353	http://www.azzurra.org:80/forum/viewtopic.php?t=4432&amp	topic4432_s0.html
20041024212111	http://www.azzurra.org:80/forum/viewtopic.php?t=4434	topic4434_s0.html
20040427020822	http://www.azzurra.org:80/forum/viewtopic.php?t=4449&amp	topic4449_s0.html
20040128030617	http://www.azzurra.org:80/forum/viewtopic.php?t=4459&amp	topic4459_s0.html
20040128042657	http://www.azzurra.org:80/forum/viewtopic.php?t=4466&amp	topic4466_s0.html
20040713082500	http://www.azzurra.org:80/forum/viewtopic.php?t=4475&amp	topic4475_s0.html
20040915092720	http://www.azzurra.org:80/forum/viewtopic.php?t=4484&amp	topic4484_s0.html
20040128043804	http://www.azzurra.org:80/forum/viewtopic.php?t=4486&amp	topic4486_s0.html
20040122105626	http://www.azzurra.org:80/forum/viewtopic.php?t=4491&amp	topic4491_s0.html
20040516014100	http://www.azzurra.org:80/forum/viewtopic.php?t=4496&amp	topic4496_s0.html
20040427021922	http://www.azzurra.org:80/forum/viewtopic.php?t=4499&amp	topic4499_s0.html
20040122105846	http://www.azzurra.org:80/forum/viewtopic.php?t=4500&amp	topic4500_s0.html
20040128030928	http://www.azzurra.org:80/forum/viewtopic.php?t=4507&amp	topic4507_s0.html
20040122120703	http://www.azzurra.org:80/forum/viewtopic.php?t=4519&amp	topic4519_s0.html
20040915091537	http://www.azzurra.org:80/forum/viewtopic.php?t=4521&amp	topic4521_s0.html
20040128035439	http://www.azzurra.org:80/forum/viewtopic.php?t=4524&amp	topic4524_s0.html
20040915092325	http://www.azzurra.org:80/forum/viewtopic.php?t=4541&amp	topic4541_s0.html
20040128041148	http://www.azzurra.org:80/forum/viewtopic.php?t=4548&amp	topic4548_s0.html
20040301145200	http://www.azzurra.org:80/forum/viewtopic.php?t=4550&amp	topic4550_s0.html
20040128041834	http://www.azzurra.org:80/forum/viewtopic.php?t=4554&amp	topic4554_s0.html
20040627140724	http://www.azzurra.org:80/forum/viewtopic.php?t=4565&amp	topic4565_s0.html
20040304155045	http://www.azzurra.org:80/forum/viewtopic.php?t=4568&amp	topic4568_s0.html
20040517104729	http://www.azzurra.org:80/forum/viewtopic.php?t=4571&amp	topic4571_s0.html
20031231191515	http://www.azzurra.org:80/forum/viewtopic.php?t=4577&amp	topic4577_s0.html
20040713073339	http://www.azzurra.org:80/forum/viewtopic.php?t=4599&amp	topic4599_s0.html
20040128043053	http://www.azzurra.org:80/forum/viewtopic.php?t=4603&amp	topic4603_s0.html
20040915091942	http://www.azzurra.org:80/forum/viewtopic.php?t=4604&amp	topic4604_s0.html
20040628061757	http://www.azzurra.org:80/forum/viewtopic.php?t=4624&amp	topic4624_s0.html
20040122130537	http://www.azzurra.org:80/forum/viewtopic.php?t=4625&amp	topic4625_s0.html
20040713081357	http://www.azzurra.org:80/forum/viewtopic.php?t=4629&amp	topic4629_s0.html
20040122140427	http://www.azzurra.org:80/forum/viewtopic.php?t=4631&amp	topic4631_s0.html
20040122141437	http://www.azzurra.org:80/forum/viewtopic.php?t=4636&amp	topic4636_s0.html
20040128033613	http://www.azzurra.org:80/forum/viewtopic.php?t=4637&amp	topic4637_s0.html
20031231191409	http://www.azzurra.org:80/forum/viewtopic.php?t=4641&amp	topic4641_s0.html
20040128034034	http://www.azzurra.org:80/forum/viewtopic.php?t=4643&amp	topic4643_s0.html
20040128043636	http://www.azzurra.org:80/forum/viewtopic.php?t=4653&amp	topic4653_s0.html
20031231192946	http://www.azzurra.org:80/forum/viewtopic.php?t=4654&amp	topic4654_s0.html
20040301145954	http://www.azzurra.org:80/forum/viewtopic.php?t=4662&amp	topic4662_s0.html
20040301145012	http://www.azzurra.org:80/forum/viewtopic.php?t=4676&amp	topic4676_s0.html
20031231192944	http://www.azzurra.org:80/forum/viewtopic.php?t=4679&amp	topic4679_s0.html
20031231193006	http://www.azzurra.org:80/forum/viewtopic.php?t=4681&amp	topic4681_s0.html
20040915092423	http://www.azzurra.org:80/forum/viewtopic.php?t=4684&amp	topic4684_s0.html
20040915091426	http://www.azzurra.org:80/forum/viewtopic.php?t=4685&amp	topic4685_s0.html
20040128034000	http://www.azzurra.org:80/forum/viewtopic.php?t=4686&amp	topic4686_s0.html
20040122141711	http://www.azzurra.org:80/forum/viewtopic.php?t=4690&amp	topic4690_s0.html
20040719140422	http://www.azzurra.org:80/forum/viewtopic.php?t=4705&amp	topic4705_s0.html
20040627181058	http://www.azzurra.org:80/forum/viewtopic.php?t=4720&amp	topic4720_s0.html
20031231192919	http://www.azzurra.org:80/forum/viewtopic.php?t=4723&amp	topic4723_s0.html
20031231194029	http://www.azzurra.org:80/forum/viewtopic.php?t=4725&amp	topic4725_s0.html
20031231193537	http://www.azzurra.org:80/forum/viewtopic.php?t=4727&amp	topic4727_s0.html
20040122143335	http://www.azzurra.org:80/forum/viewtopic.php?t=4735&amp	topic4735_s0.html
20031231193338	http://www.azzurra.org:80/forum/viewtopic.php?t=4737&amp	topic4737_s0.html
20040122144043	http://www.azzurra.org:80/forum/viewtopic.php?t=4739&amp	topic4739_s0.html
20031231193829	http://www.azzurra.org:80/forum/viewtopic.php?t=4743&amp	topic4743_s0.html
20040627142547	http://www.azzurra.org:80/forum/viewtopic.php?t=4751&amp	topic4751_s0.html
20031231194229	http://www.azzurra.org:80/forum/viewtopic.php?t=4755&amp	topic4755_s0.html
20031231194314	http://www.azzurra.org:80/forum/viewtopic.php?t=4759&amp	topic4759_s0.html
20031231194334	http://www.azzurra.org:80/forum/viewtopic.php?t=4761&amp	topic4761_s0.html
20040915092408	http://www.azzurra.org:80/forum/viewtopic.php?t=4765&amp	topic4765_s0.html
20040628063140	http://www.azzurra.org:80/forum/viewtopic.php?t=4774&amp	topic4774_s0.html
20031231194926	http://www.azzurra.org:80/forum/viewtopic.php?t=4776&amp	topic4776_s0.html
20031231194944	http://www.azzurra.org:80/forum/viewtopic.php?t=4777&amp	topic4777_s0.html
20031231200218	http://www.azzurra.org:80/forum/viewtopic.php?t=4787&amp	topic4787_s0.html
20040915091705	http://www.azzurra.org:80/forum/viewtopic.php?t=4788&amp	topic4788_s0.html
20031231195138	http://www.azzurra.org:80/forum/viewtopic.php?t=4789&amp	topic4789_s0.html
20040122111037	http://www.azzurra.org:80/forum/viewtopic.php?t=4790&amp	topic4790_s0.html
20031231194958	http://www.azzurra.org:80/forum/viewtopic.php?t=4791&amp	topic4791_s0.html
20040122111349	http://www.azzurra.org:80/forum/viewtopic.php?t=4797&amp	topic4797_s0.html
20031231195143	http://www.azzurra.org:80/forum/viewtopic.php?t=4801&amp	topic4801_s0.html
20031231195707	http://www.azzurra.org:80/forum/viewtopic.php?t=4803&amp	topic4803_s0.html
20031231195626	http://www.azzurra.org:80/forum/viewtopic.php?t=4805&amp	topic4805_s0.html
20031231195721	http://www.azzurra.org:80/forum/viewtopic.php?t=4806&amp	topic4806_s0.html
20040122112338	http://www.azzurra.org:80/forum/viewtopic.php?t=4808&amp	topic4808_s0.html
20040628033008	http://www.azzurra.org:80/forum/viewtopic.php?t=4809&amp	topic4809_s0.html
20040128035653	http://www.azzurra.org:80/forum/viewtopic.php?t=4810&amp	topic4810_s0.html
20040915092352	http://www.azzurra.org:80/forum/viewtopic.php?t=4823&amp	topic4823_s0.html
20031231200702	http://www.azzurra.org:80/forum/viewtopic.php?t=4829&amp	topic4829_s0.html
20031231201600	http://www.azzurra.org:80/forum/viewtopic.php?t=4831&amp	topic4831_s0.html
20031231200356	http://www.azzurra.org:80/forum/viewtopic.php?t=4835&amp	topic4835_s0.html
20031231200933	http://www.azzurra.org:80/forum/viewtopic.php?t=4836&amp	topic4836_s0.html
20040128000042	http://www.azzurra.org:80/forum/viewtopic.php?t=4839&amp	topic4839_s0.html
20031231201128	http://www.azzurra.org:80/forum/viewtopic.php?t=4840&amp	topic4840_s0.html
20031231202557	http://www.azzurra.org:80/forum/viewtopic.php?t=4841&amp	topic4841_s0.html
20031231201542	http://www.azzurra.org:80/forum/viewtopic.php?t=4842&amp	topic4842_s0.html
20040128001524	http://www.azzurra.org:80/forum/viewtopic.php?t=4844&amp	topic4844_s0.html
20040627183402	http://www.azzurra.org:80/forum/viewtopic.php?t=4856&amp	topic4856_s0.html
20040304162730	http://www.azzurra.org:80/forum/viewtopic.php?t=4861&amp	topic4861_s0.html
20040128002026	http://www.azzurra.org:80/forum/viewtopic.php?t=4874&amp	topic4874_s0.html
20040128041000	http://www.azzurra.org:80/forum/viewtopic.php?t=4886&amp	topic4886_s0.html
20040718104511	http://www.azzurra.org:80/forum/viewtopic.php?t=4894&amp	topic4894_s0.html
20040627143148	http://www.azzurra.org:80/forum/viewtopic.php?t=4901&amp	topic4901_s0.html
20040128002850	http://www.azzurra.org:80/forum/viewtopic.php?t=4902&amp	topic4902_s0.html
20040915092026	http://www.azzurra.org:80/forum/viewtopic.php?t=4903&amp	topic4903_s0.html
20040122112953	http://www.azzurra.org:80/forum/viewtopic.php?t=4919&amp	topic4919_s0.html
20040128041521	http://www.azzurra.org:80/forum/viewtopic.php?t=4922&amp	topic4922_s0.html
20040930034508	http://www.azzurra.org:80/forum/viewtopic.php?t=4931&amp	topic4931_s0.html
20040915092419	http://www.azzurra.org:80/forum/viewtopic.php?t=4950&amp	topic4950_s0.html
20040128042021	http://www.azzurra.org:80/forum/viewtopic.php?t=4951&amp	topic4951_s0.html
20040128042728	http://www.azzurra.org:80/forum/viewtopic.php?t=4952&amp	topic4952_s0.html
20040628065552	http://www.azzurra.org:80/forum/viewtopic.php?t=4963&amp	topic4963_s0.html
20040915091737	http://www.azzurra.org:80/forum/viewtopic.php?t=5007&amp	topic5007_s0.html
20040628034005	http://www.azzurra.org:80/forum/viewtopic.php?t=5011&amp	topic5011_s0.html
20040915092519	http://www.azzurra.org:80/forum/viewtopic.php?t=5012&amp	topic5012_s0.html
20040128043600	http://www.azzurra.org:80/forum/viewtopic.php?t=5015&amp	topic5015_s0.html
20040713074930	http://www.azzurra.org:80/forum/viewtopic.php?t=5021&amp	topic5021_s0.html
20040721040931	http://www.azzurra.org:80/forum/viewtopic.php?t=5036&amp	topic5036_s0.html
20040225091508	http://www.azzurra.org:80/forum/viewtopic.php?t=5042	topic5042_s0.html
20040301145925	http://www.azzurra.org:80/forum/viewtopic.php?t=5044&amp	topic5044_s0.html
20040915091945	http://www.azzurra.org:80/forum/viewtopic.php?t=5070&amp	topic5070_s0.html
20040915092403	http://www.azzurra.org:80/forum/viewtopic.php?t=5075&amp	topic5075_s0.html
20040915091322	http://www.azzurra.org:80/forum/viewtopic.php?t=5079&amp	topic5079_s0.html
20040915092516	http://www.azzurra.org:80/forum/viewtopic.php?t=5087&amp	topic5087_s0.html
20040301145938	http://www.azzurra.org:80/forum/viewtopic.php?t=5112&amp	topic5112_s0.html
20040301145117	http://www.azzurra.org:80/forum/viewtopic.php?t=5119&amp	topic5119_s0.html
20040713080035	http://www.azzurra.org:80/forum/viewtopic.php?t=5134&amp	topic5134_s0.html
20040301150009	http://www.azzurra.org:80/forum/viewtopic.php?t=5137&amp	topic5137_s0.html
20040301144956	http://www.azzurra.org:80/forum/viewtopic.php?t=5138&amp	topic5138_s0.html
20040915092022	http://www.azzurra.org:80/forum/viewtopic.php?t=5148&amp	topic5148_s0.html
20040301150220	http://www.azzurra.org:80/forum/viewtopic.php?t=5154&amp	topic5154_s0.html
20040915092552	http://www.azzurra.org:80/forum/viewtopic.php?t=5185&amp	topic5185_s0.html
20040301150040	http://www.azzurra.org:80/forum/viewtopic.php?t=5198&amp	topic5198_s0.html
20040915091416	http://www.azzurra.org:80/forum/viewtopic.php?t=5201&amp	topic5201_s0.html
20040516013904	http://www.azzurra.org:80/forum/viewtopic.php?t=5205&amp	topic5205_s0.html
20040713073521	http://www.azzurra.org:80/forum/viewtopic.php?t=5217&amp	topic5217_s0.html
20040301150122	http://www.azzurra.org:80/forum/viewtopic.php?t=5220&amp	topic5220_s0.html
20040713075939	http://www.azzurra.org:80/forum/viewtopic.php?t=5222&amp	topic5222_s0.html
20040301145044	http://www.azzurra.org:80/forum/viewtopic.php?t=5229&amp	topic5229_s0.html
20040301150139	http://www.azzurra.org:80/forum/viewtopic.php?t=5230&amp	topic5230_s0.html
20040713081544	http://www.azzurra.org:80/forum/viewtopic.php?t=5240&amp	topic5240_s0.html
20040301150205	http://www.azzurra.org:80/forum/viewtopic.php?t=5248&amp	topic5248_s0.html
20040301145143	http://www.azzurra.org:80/forum/viewtopic.php?t=5251&amp	topic5251_s0.html
20040713075221	http://www.azzurra.org:80/forum/viewtopic.php?t=5253&amp	topic5253_s0.html
20040915092309	http://www.azzurra.org:80/forum/viewtopic.php?t=5261&amp	topic5261_s0.html
20040717001556	http://www.azzurra.org:80/forum/viewtopic.php?t=5270&amp	topic5270_s0.html
20040713081144	http://www.azzurra.org:80/forum/viewtopic.php?t=5301&amp	topic5301_s0.html
20040301144941	http://www.azzurra.org:80/forum/viewtopic.php?t=5322&amp	topic5322_s0.html
20040301145100	http://www.azzurra.org:80/forum/viewtopic.php?t=5327&amp	topic5327_s0.html
20040915092134	http://www.azzurra.org:80/forum/viewtopic.php?t=5337&amp	topic5337_s0.html
20040225102029	http://www.azzurra.org:80/forum/viewtopic.php?t=5344	topic5344_s0.html
20040304144242	http://www.azzurra.org:80/forum/viewtopic.php?t=5351&amp	topic5351_s0.html
20040713074403	http://www.azzurra.org:80/forum/viewtopic.php?t=5358&amp	topic5358_s0.html
20040713080919	http://www.azzurra.org:80/forum/viewtopic.php?t=5368&amp	topic5368_s0.html
20040915092528	http://www.azzurra.org:80/forum/viewtopic.php?t=5383&amp	topic5383_s0.html
20040713081640	http://www.azzurra.org:80/forum/viewtopic.php?t=5385&amp	topic5385_s0.html
20040915092015	http://www.azzurra.org:80/forum/viewtopic.php?t=5393&amp	topic5393_s0.html
20040713074336	http://www.azzurra.org:80/forum/viewtopic.php?t=5399&amp	topic5399_s0.html
20040713075910	http://www.azzurra.org:80/forum/viewtopic.php?t=5401&amp	topic5401_s0.html
20040713082432	http://www.azzurra.org:80/forum/viewtopic.php?t=5412&amp	topic5412_s0.html
20040915092532	http://www.azzurra.org:80/forum/viewtopic.php?t=5417&amp	topic5417_s0.html
20040930034512	http://www.azzurra.org:80/forum/viewtopic.php?t=5437&amp	topic5437_s0.html
20040713080144	http://www.azzurra.org:80/forum/viewtopic.php?t=5438&amp	topic5438_s0.html
20040915091656	http://www.azzurra.org:80/forum/viewtopic.php?t=5440&amp	topic5440_s0.html
20040915092541	http://www.azzurra.org:80/forum/viewtopic.php?t=5447&amp	topic5447_s0.html
20040713073147	http://www.azzurra.org:80/forum/viewtopic.php?t=5468&amp	topic5468_s0.html
20040713080705	http://www.azzurra.org:80/forum/viewtopic.php?t=5471&amp	topic5471_s0.html
20040713083121	http://www.azzurra.org:80/forum/viewtopic.php?t=5480&amp	topic5480_s0.html
20040915092035	http://www.azzurra.org:80/forum/viewtopic.php?t=5489&amp	topic5489_s0.html
20040915092245	http://www.azzurra.org:80/forum/viewtopic.php?t=5493&amp	topic5493_s0.html
20040713075256	http://www.azzurra.org:80/forum/viewtopic.php?t=5550&amp	topic5550_s0.html
20040713080854	http://www.azzurra.org:80/forum/viewtopic.php?t=5560&amp	topic5560_s0.html
20040915091356	http://www.azzurra.org:80/forum/viewtopic.php?t=5564&amp	topic5564_s0.html
20040915092250	http://www.azzurra.org:80/forum/viewtopic.php?t=5568&amp	topic5568_s0.html
20040915091402	http://www.azzurra.org:80/forum/viewtopic.php?t=5569&amp	topic5569_s0.html
20040713082628	http://www.azzurra.org:80/forum/viewtopic.php?t=5612&amp	topic5612_s0.html
20040915092319	http://www.azzurra.org:80/forum/viewtopic.php?t=5618&amp	topic5618_s0.html
20040915091952	http://www.azzurra.org:80/forum/viewtopic.php?t=5626&amp	topic5626_s0.html
20040915092204	http://www.azzurra.org:80/forum/viewtopic.php?t=5628&amp	topic5628_s0.html
20040915091724	http://www.azzurra.org:80/forum/viewtopic.php?t=5629&amp	topic5629_s0.html
20040915092415	http://www.azzurra.org:80/forum/viewtopic.php?t=5654&amp	topic5654_s0.html
20040915091518	http://www.azzurra.org:80/forum/viewtopic.php?t=5689&amp	topic5689_s0.html
20040915092655	http://www.azzurra.org:80/forum/viewtopic.php?t=5707&amp	topic5707_s0.html
20040713073658	http://www.azzurra.org:80/forum/viewtopic.php?t=5714&amp	topic5714_s0.html
20040915091717	http://www.azzurra.org:80/forum/viewtopic.php?t=5723&amp	topic5723_s0.html
20040713081413	http://www.azzurra.org:80/forum/viewtopic.php?t=5725&amp	topic5725_s0.html
20040915092412	http://www.azzurra.org:80/forum/viewtopic.php?t=5737&amp	topic5737_s0.html
20040915091344	http://www.azzurra.org:80/forum/viewtopic.php?t=5758&amp	topic5758_s0.html
20040713081449	http://www.azzurra.org:80/forum/viewtopic.php?t=5759&amp	topic5759_s0.html
20040713073406	http://www.azzurra.org:80/forum/viewtopic.php?t=5760&amp	topic5760_s0.html
20040713080825	http://www.azzurra.org:80/forum/viewtopic.php?t=5762&amp	topic5762_s0.html
20040915092624	http://www.azzurra.org:80/forum/viewtopic.php?t=5763&amp	topic5763_s0.html
20040713081556	http://www.azzurra.org:80/forum/viewtopic.php?t=5786&amp	topic5786_s0.html
20040915092044	http://www.azzurra.org:80/forum/viewtopic.php?t=5787&amp	topic5787_s0.html
20040713074047	http://www.azzurra.org:80/forum/viewtopic.php?t=5808&amp	topic5808_s0.html
20040713075544	http://www.azzurra.org:80/forum/viewtopic.php?t=5811&amp	topic5811_s0.html
20040915092348	http://www.azzurra.org:80/forum/viewtopic.php?t=5824&amp	topic5824_s0.html
20040713081709	http://www.azzurra.org:80/forum/viewtopic.php?t=5825&amp	topic5825_s0.html
20040713074629	http://www.azzurra.org:80/forum/viewtopic.php?t=5827&amp	topic5827_s0.html
20040713080405	http://www.azzurra.org:80/forum/viewtopic.php?t=5849&amp	topic5849_s0.html
20040516014452	http://www.azzurra.org:80/forum/viewtopic.php?t=5863	topic5863_s0.html
20040915092009	http://www.azzurra.org:80/forum/viewtopic.php?t=5896&amp	topic5896_s0.html
20040815141328	http://www.azzurra.org:80/forum/viewtopic.php?t=5897&amp	topic5897_s0.html
20040815142051	http://www.azzurra.org:80/forum/viewtopic.php?t=5902&amp	topic5902_s0.html
20040815143622	http://www.azzurra.org:80/forum/viewtopic.php?t=5910&amp	topic5910_s0.html
20040803090258	http://www.azzurra.org:80/forum/viewtopic.php?t=5921&amp	topic5921_s0.html
20040915092605	http://www.azzurra.org:80/forum/viewtopic.php?t=5944&amp	topic5944_s0.html
20040915091808	http://www.azzurra.org:80/forum/viewtopic.php?t=5959&amp	topic5959_s0.html
20040915092313	http://www.azzurra.org:80/forum/viewtopic.php?t=5972&amp	topic5972_s0.html
20040713082005	http://www.azzurra.org:80/forum/viewtopic.php?t=5975&amp	topic5975_s0.html
20040915091811	http://www.azzurra.org:80/forum/viewtopic.php?t=6012&amp	topic6012_s0.html
20040915092152	http://www.azzurra.org:80/forum/viewtopic.php?t=6014&amp	topic6014_s0.html
20040713074425	http://www.azzurra.org:80/forum/viewtopic.php?t=6037&amp	topic6037_s0.html
20040713080248	http://www.azzurra.org:80/forum/viewtopic.php?t=6071&amp	topic6071_s0.html
20040915091623	http://www.azzurra.org:80/forum/viewtopic.php?t=6077&amp	topic6077_s0.html
20040915092257	http://www.azzurra.org:80/forum/viewtopic.php?t=6083&amp	topic6083_s0.html
20040915091727	http://www.azzurra.org:80/forum/viewtopic.php?t=6084&amp	topic6084_s0.html
20040713074825	http://www.azzurra.org:80/forum/viewtopic.php?t=6086&amp	topic6086_s0.html
20040915092548	http://www.azzurra.org:80/forum/viewtopic.php?t=6087&amp	topic6087_s0.html
20040930034516	http://www.azzurra.org:80/forum/viewtopic.php?t=6131&amp	topic6131_s0.html
20040915091432	http://www.azzurra.org:80/forum/viewtopic.php?t=6138&amp	topic6138_s0.html
20040915092427	http://www.azzurra.org:80/forum/viewtopic.php?t=6142&amp	topic6142_s0.html
20040915091406	http://www.azzurra.org:80/forum/viewtopic.php?t=6153&amp	topic6153_s0.html
20040713080031	http://www.azzurra.org:80/forum/viewtopic.php?t=6165&amp	topic6165_s0.html
20040915092433	http://www.azzurra.org:80/forum/viewtopic.php?t=6170&amp	topic6170_s0.html
20041013181825	http://www.azzurra.org:80/forum/viewtopic.php?t=6193&amp	topic6193_s0.html
20041013182214	http://www.azzurra.org:80/forum/viewtopic.php?t=6198&amp	topic6198_s0.html
20040803091221	http://www.azzurra.org:80/forum/viewtopic.php?t=6199&amp	topic6199_s0.html
20040915091756	http://www.azzurra.org:80/forum/viewtopic.php?t=6217&amp	topic6217_s0.html
20041013181946	http://www.azzurra.org:80/forum/viewtopic.php?t=6220&amp	topic6220_s0.html
20040713082715	http://www.azzurra.org:80/forum/viewtopic.php?t=6225&amp	topic6225_s0.html
20041013182148	http://www.azzurra.org:80/forum/viewtopic.php?t=6230&amp	topic6230_s0.html
20041013194906	http://www.azzurra.org:80/forum/viewtopic.php?t=6231&amp	topic6231_s0.html
20040803091811	http://www.azzurra.org:80/forum/viewtopic.php?t=6256&amp	topic6256_s0.html
20040915092558	http://www.azzurra.org:80/forum/viewtopic.php?t=6271&amp	topic6271_s0.html
20041013194537	http://www.azzurra.org:80/forum/viewtopic.php?t=6273&amp	topic6273_s0.html
20040718142623	http://www.azzurra.org:80/forum/viewtopic.php?t=6290&amp	topic6290_s0.html
20040713073006	http://www.azzurra.org:80/forum/viewtopic.php?t=6294&amp	topic6294_s0.html
20040915091457	http://www.azzurra.org:80/forum/viewtopic.php?t=6296&amp	topic6296_s0.html
20040915092512	http://www.azzurra.org:80/forum/viewtopic.php?t=6300&amp	topic6300_s0.html
20040718222647	http://www.azzurra.org:80/forum/viewtopic.php?t=6305&amp	topic6305_s0.html
20040713080243	http://www.azzurra.org:80/forum/viewtopic.php?t=6310&amp	topic6310_s0.html
20041013194640	http://www.azzurra.org:80/forum/viewtopic.php?t=6315&amp	topic6315_s0.html
20040719172525	http://www.azzurra.org:80/forum/viewtopic.php?t=6319&amp	topic6319_s0.html
20040915091920	http://www.azzurra.org:80/forum/viewtopic.php?t=6327&amp	topic6327_s0.html
20041013194744	http://www.azzurra.org:80/forum/viewtopic.php?t=6331&amp	topic6331_s0.html
20040915092440	http://www.azzurra.org:80/forum/viewtopic.php?t=6348&amp	topic6348_s0.html
20041013194704	http://www.azzurra.org:80/forum/viewtopic.php?t=6356&amp	topic6356_s0.html
20040915092032	http://www.azzurra.org:80/forum/viewtopic.php?t=6378&amp	topic6378_s0.html
20040915092704	http://www.azzurra.org:80/forum/viewtopic.php?t=6385&amp	topic6385_s0.html
20040915091454	http://www.azzurra.org:80/forum/viewtopic.php?t=6392&amp	topic6392_s0.html
20040915092609	http://www.azzurra.org:80/forum/viewtopic.php?t=6404&amp	topic6404_s0.html
20040713081438	http://www.azzurra.org:80/forum/viewtopic.php?t=6407&amp	topic6407_s0.html
20040915091410	http://www.azzurra.org:80/forum/viewtopic.php?t=6435&amp	topic6435_s0.html
20040915092627	http://www.azzurra.org:80/forum/viewtopic.php?t=6440&amp	topic6440_s0.html
20040915091959	http://www.azzurra.org:80/forum/viewtopic.php?t=6446&amp	topic6446_s0.html
20040712153454	http://www.azzurra.org:80/forum/viewtopic.php?t=6469&amp	topic6469_s0.html
20040915092148	http://www.azzurra.org:80/forum/viewtopic.php?t=6471&amp	topic6471_s0.html
20041013194540	http://www.azzurra.org:80/forum/viewtopic.php?t=6480&amp	topic6480_s0.html
20040712150629	http://www.azzurra.org:80/forum/viewtopic.php?t=6487&amp	topic6487_s0.html
20040712152414	http://www.azzurra.org:80/forum/viewtopic.php?t=6493&amp	topic6493_s0.html
20040712153941	http://www.azzurra.org:80/forum/viewtopic.php?t=6494&amp	topic6494_s0.html
20041013194858	http://www.azzurra.org:80/forum/viewtopic.php?t=6496&amp	topic6496_s0.html
20041013194757	http://www.azzurra.org:80/forum/viewtopic.php?t=6497&amp	topic6497_s0.html
20040712150638	http://www.azzurra.org:80/forum/viewtopic.php?t=6499&amp	topic6499_s0.html
20040915091902	http://www.azzurra.org:80/forum/viewtopic.php?t=6505&amp	topic6505_s0.html
20040712151459	http://www.azzurra.org:80/forum/viewtopic.php?t=6508&amp	topic6508_s0.html
20040915092448	http://www.azzurra.org:80/forum/viewtopic.php?t=6512&amp	topic6512_s0.html
20040713072957	http://www.azzurra.org:80/forum/viewtopic.php?t=6526&amp	topic6526_s0.html
20040712150940	http://www.azzurra.org:80/forum/viewtopic.php?t=6529&amp	topic6529_s0.html
20040915092018	http://www.azzurra.org:80/forum/viewtopic.php?t=6546&amp	topic6546_s0.html
20040712151507	http://www.azzurra.org:80/forum/viewtopic.php?t=6553&amp	topic6553_s0.html
20040712153833	http://www.azzurra.org:80/forum/viewtopic.php?t=6554&amp	topic6554_s0.html
20041013194930	http://www.azzurra.org:80/forum/viewtopic.php?t=6556&amp	topic6556_s0.html
20040712150302	http://www.azzurra.org:80/forum/viewtopic.php?t=6559&amp	topic6559_s0.html
20040712151802	http://www.azzurra.org:80/forum/viewtopic.php?t=6566&amp	topic6566_s0.html
20040712153600	http://www.azzurra.org:80/forum/viewtopic.php?t=6573&amp	topic6573_s0.html
20040712150339	http://www.azzurra.org:80/forum/viewtopic.php?t=6579&amp	topic6579_s0.html
20041013194620	http://www.azzurra.org:80/forum/viewtopic.php?t=6594&amp	topic6594_s0.html
20040915092508	http://www.azzurra.org:80/forum/viewtopic.php?t=6602&amp	topic6602_s0.html
20040817223719	http://www.azzurra.org:80/forum/viewtopic.php?t=6603	topic6603_s0.html
20041013194533	http://www.azzurra.org:80/forum/viewtopic.php?t=6611&amp	topic6611_s0.html
20040915091450	http://www.azzurra.org:80/forum/viewtopic.php?t=6612&amp	topic6612_s0.html
20040915092650	http://www.azzurra.org:80/forum/viewtopic.php?t=6613&amp	topic6613_s0.html
20040721102352	http://www.azzurra.org:80/forum/viewtopic.php?t=6619	topic6619_s0.html
20040915091955	http://www.azzurra.org:80/forum/viewtopic.php?t=6640&amp	topic6640_s0.html
20040921164305	http://www.azzurra.org:80/forum/viewtopic.php?t=6645&amp	topic6645_s0.html
20040921164621	http://www.azzurra.org:80/forum/viewtopic.php?t=6658&amp	topic6658_s0.html
20040921164343	http://www.azzurra.org:80/forum/viewtopic.php?t=6662&amp	topic6662_s0.html
20040921165334	http://www.azzurra.org:80/forum/viewtopic.php?t=6666&amp	topic6666_s0.html
20040921163453	http://www.azzurra.org:80/forum/viewtopic.php?t=6667&amp	topic6667_s0.html
20040921165048	http://www.azzurra.org:80/forum/viewtopic.php?t=6671&amp	topic6671_s0.html
20040921163132	http://www.azzurra.org:80/forum/viewtopic.php?t=6672&amp	topic6672_s0.html
20040921164928	http://www.azzurra.org:80/forum/viewtopic.php?t=6681&amp	topic6681_s0.html
20040921163347	http://www.azzurra.org:80/forum/viewtopic.php?t=6682&amp	topic6682_s0.html
20040921165052	http://www.azzurra.org:80/forum/viewtopic.php?t=6684&amp	topic6684_s0.html
20040921164516	http://www.azzurra.org:80/forum/viewtopic.php?t=6685&amp	topic6685_s0.html
20040921165418	http://www.azzurra.org:80/forum/viewtopic.php?t=6688&amp	topic6688_s0.html
20041013194600	http://www.azzurra.org:80/forum/viewtopic.php?t=6703&amp	topic6703_s0.html
20040921164416	http://www.azzurra.org:80/forum/viewtopic.php?t=6705&amp	topic6705_s0.html
20040921164924	http://www.azzurra.org:80/forum/viewtopic.php?t=6708&amp	topic6708_s0.html
20040921164028	http://www.azzurra.org:80/forum/viewtopic.php?t=6710&amp	topic6710_s0.html
20040921164710	http://www.azzurra.org:80/forum/viewtopic.php?t=6711&amp	topic6711_s0.html
20040921163850	http://www.azzurra.org:80/forum/viewtopic.php?t=6714&amp	topic6714_s0.html
20040921164819	http://www.azzurra.org:80/forum/viewtopic.php?t=6718&amp	topic6718_s0.html
20040921163837	http://www.azzurra.org:80/forum/viewtopic.php?t=6720&amp	topic6720_s0.html
20040921165246	http://www.azzurra.org:80/forum/viewtopic.php?t=6729&amp	topic6729_s0.html
20040921163847	http://www.azzurra.org:80/forum/viewtopic.php?t=6731&amp	topic6731_s0.html
20040921165645	http://www.azzurra.org:80/forum/viewtopic.php?t=6735&amp	topic6735_s0.html
20040921163340	http://www.azzurra.org:80/forum/viewtopic.php?t=6740&amp	topic6740_s0.html
20040923081241	http://www.azzurra.org:80/forum/viewtopic.php?t=6750&	topic6750_s0.html
20040921164129	http://www.azzurra.org:80/forum/viewtopic.php?t=6754&amp	topic6754_s0.html
20040921164904	http://www.azzurra.org:80/forum/viewtopic.php?t=6755&amp	topic6755_s0.html
20040921164058	http://www.azzurra.org:80/forum/viewtopic.php?t=6765&amp	topic6765_s0.html
20040921164850	http://www.azzurra.org:80/forum/viewtopic.php?t=6767&amp	topic6767_s0.html
20040921164358	http://www.azzurra.org:80/forum/viewtopic.php?t=6770&amp	topic6770_s0.html
20041013194921	http://www.azzurra.org:80/forum/viewtopic.php?t=6771&amp	topic6771_s0.html
20041013194617	http://www.azzurra.org:80/forum/viewtopic.php?t=6785&amp	topic6785_s0.html
20040921164354	http://www.azzurra.org:80/forum/viewtopic.php?t=6786&amp	topic6786_s0.html
20040921165413	http://www.azzurra.org:80/forum/viewtopic.php?t=6820&amp	topic6820_s0.html
20040921164122	http://www.azzurra.org:80/forum/viewtopic.php?t=6824&amp	topic6824_s0.html
20041013194925	http://www.azzurra.org:80/forum/viewtopic.php?t=6829&amp	topic6829_s0.html
20041013194544	http://www.azzurra.org:80/forum/viewtopic.php?t=6834&amp	topic6834_s0.html
20041013194736	http://www.azzurra.org:80/forum/viewtopic.php?t=6835&amp	topic6835_s0.html
20040921164545	http://www.azzurra.org:80/forum/viewtopic.php?t=6841&amp	topic6841_s0.html
20041013194801	http://www.azzurra.org:80/forum/viewtopic.php?t=6843&amp	topic6843_s0.html
20041024154521	http://www.azzurra.org:80/forum/viewtopic.php?t=6850	topic6850_s0.html
20040921165532	http://www.azzurra.org:80/forum/viewtopic.php?t=6851&amp	topic6851_s0.html
20040921163221	http://www.azzurra.org:80/forum/viewtopic.php?t=6852&amp	topic6852_s0.html
20040921165636	http://www.azzurra.org:80/forum/viewtopic.php?t=6861&amp	topic6861_s0.html
20040921164455	http://www.azzurra.org:80/forum/viewtopic.php?t=6873&amp	topic6873_s0.html
20040921164836	http://www.azzurra.org:80/forum/viewtopic.php?t=6876&amp	topic6876_s0.html
20040921163254	http://www.azzurra.org:80/forum/viewtopic.php?t=6878&amp	topic6878_s0.html
20040921165507	http://www.azzurra.org:80/forum/viewtopic.php?t=6880&amp	topic6880_s0.html
20040921164105	http://www.azzurra.org:80/forum/viewtopic.php?t=6890&amp	topic6890_s0.html
20041024033444	http://www.azzurra.org:80/forum/viewtopic.php?t=6896	topic6896_s0.html
20040921163904	http://www.azzurra.org:80/forum/viewtopic.php?t=6900&amp	topic6900_s0.html
20040921165029	http://www.azzurra.org:80/forum/viewtopic.php?t=6903&amp	topic6903_s0.html
20040921164012	http://www.azzurra.org:80/forum/viewtopic.php?t=6905&amp	topic6905_s0.html
20040921164754	http://www.azzurra.org:80/forum/viewtopic.php?t=6908&amp	topic6908_s0.html
20040921164406	http://www.azzurra.org:80/forum/viewtopic.php?t=6911&amp	topic6911_s0.html
20040930060516	http://www.azzurra.org:80/forum/viewtopic.php?t=6966	topic6966_s0.html
20041013194624	http://www.azzurra.org:80/forum/viewtopic.php?t=7026&amp	topic7026_s0.html
20041024034655	http://www.azzurra.org:80/forum/viewtopic.php?t=7246	topic7246_s0.html
20041011021817	http://www.azzurra.org:80/forum/viewtopic.php?t=7277	topic7277_s0.html
20041013194628	http://www.azzurra.org:80/forum/viewtopic.php?t=7280&amp	topic7280_s0.html
20041013194550	http://www.azzurra.org:80/forum/viewtopic.php?t=7399&amp	topic7399_s0.html
20041024035419	http://www.azzurra.org:80/forum/viewtopic.php?t=7415	topic7415_s0.html
20041011022435	http://www.azzurra.org:80/forum/viewtopic.php?t=7442	topic7442_s0.html
20041024154654	http://www.azzurra.org:80/forum/viewtopic.php?t=7553	topic7553_s0.html
